82	89.69999694824219	43.62640380859375	8.49224853515625	9.323524475097656	0	ArialMT
Berichte zur deutschen Landeskunde	184.35000610351562	42.570068359375	8.5006103515625	148.07723999023438	1	ArialMT
Schwarzbach, M. (1968): Das Klima des rheinischen Tertiärs. - Zeitschr.	91.6500015258789	66.75830078125	8.51605224609375	320.12792205810547	2	ArialMT
dt. geol. Ges., 118, S. 33—68.	104.0999984741211	80.81781005859375	8.5035400390625	120.6076889038086	2	ArialMT
Tobien, H. (1969): Die alttertiäre (mitteleozäne) Fossilfundstelle Messel bei	93.0	102.7694091796875	8.50146484375	319.0594787597656	3	ArialMT
Darmstadt (Hessen). - Mainzer Naturwissenschaftliches Archiv, 8, S.	106.19999694824219	114.74481201171875	8.53375244140625	306.29737854003906	3	ArialMT
149-180.	106.94999694824219	129.11895751953125	8.5020751953125	39.77684020996094	4	ArialMT
Ze u n e r, F. (1932): Die Nervatur der Blätter von Oehningen und ihre me­	95.0999984741211	151.51605224609375	8.505859375	319.63050079345703	5	ArialMT
thodische Auswertung für das Klimaproblem. — Cbl. Min. etc., Abt. B, S.	107.0999984741211	162.76605224609375	8.505859375	306.57935333251953	5	ArialMT
260-264.	107.55000305175781	176.82046508789062	8.500091552734375	40.450225830078125	5	ArialMT
Ber. z. dt. Landeskunde	36.599998474121094	47.8177490234375	8.503662109375	94.2278823852539	6	ArialMT
Bd. 55, H. 1, 1981, S. 83-101	148.9499969482422	47.96734619140625	8.50421142578125	120.11109924316406	7	ArialMT
Trier	298.5	47.51995849609375	8.50079345703125	19.110015869140625	8	ArialMT
Das Naturschutzgebiet „Laacher See" als Objekt von Landespflege	27.299999237060547	88.9671630859375	10.01312255859375	307.9632759094238	9	ArialMT
und wirtschaftlicher Nutzung	112.80000305175781	102.0169677734375	10.01336669921875	135.8908233642578	9	ArialMT
Von Heinz Fischer, Koblenz	107.4000015258789	129.2711181640625	8.499267578125	145.70697784423828	10	ArialMT
Mit zwei Abbildungen	136.1999969482422	152.80523681640625	9.002899169921875	87.73023986816406	11	Arial-ItalicMT
Vor dem Anstieg zur Östlichen Hocheifel, an der Nordwestflanke des Mittel­	34.04999923706055	182.71493530273438	8.50738525390625	305.5305061340332	12	ArialMT
rheinischen Beckens sowie zwischen 15 und 25 km westlich der beiden Städte	22.799999237060547	194.71609497070312	8.505859375	315.4344367980957	12	ArialMT
Koblenz und Neuwied liegt das Naturschutzgebiet „Laacher See". Es hat	23.100000381469727	206.71676635742188	8.504974365234375	315.16010093688965	12	ArialMT
eine Fläche von etwa 17,5 qkm und umfaßt neben dem nur 3,3 qkm großen	22.200000762939453	218.56698608398438	8.50469970703125	315.8163261413574	12	ArialMT
Laacher See vor allem die rückenartige bis hügelige bewaldete See-Umran­	22.950000762939453	230.56484985351562	8.50750732421875	316.4805107116699	12	ArialMT
dung, die im Veitskopf (427 m), im Heidekopf (428 m), im Krufter Ofen	21.899999618530273	242.56747436523438	8.504058837890625	315.95549964904785	12	ArialMT
(462 m), im Thelenberg (400 m) und im Laacher Kopf (442 m) ihre höchsten	22.5	254.26638793945312	8.505462646484375	315.1802978515625	12	ArialMT
Erhebungen hat; die mittlere Seespiegel höhe beträgt 274 m, die größte See­	22.5	266.26788330078125	8.50347900390625	316.6304931640625	12	ArialMT
tiefe 54 m.	21.75	277.31744384765625	8.50408935546875	41.869361877441406	12	ArialMT
Bezüglich der Seetiefe gibt es einige Widersprüche. So weist das Blatt 5509,	33.45000076293945	289.9667663574219	8.504974365234375	304.2880973815918	12	ArialMT
Burgbrohl, der Topographischen Karte 1:25 000 eine Differenz zwischen	22.049999237060547	301.66864013671875	8.502532958984375	315.3927192687988	12	ArialMT
dem Seetiefsten und der Spiegelhöhe von nur 51,1 m aus; l/V. Halbfass (1907)	21.299999237060547	313.5148010253906	8.569732666015625	315.8200569152832	12	Arial-ItalicMT
gibt 53 m an; eine Lotung des Landesamtes für Gewässerkunde vom Septem­	21.450000762939453	325.2160949707031	8.505859375	317.2305107116699	12	ArialMT
ber 1973 erbrachte 54 m. Die Unterschiede in den Tiefenangaben dürften	21.450000762939453	336.9183349609375	8.5029296875	315.82294845581055	12	ArialMT
sich durch unterschiedliche Meßmethoden ebenso erklären lassen wie durch	21.149999618530273	348.7672119140625	8.504364013671875	315.9212894439697	12	ArialMT
die wechselhafte Beschaffenheit des Seegrundes; insgesamt sind sie für die	21.149999618530273	360.615234375	8.506988525390625	315.9260196685791	12	ArialMT
geographische Betrachtung und für die Gesamtstruktur des Sees und des gan­	21.149999618530273	372.7162170410156	8.505706787109375	317.2305545806885	12	ArialMT
zen Naturschutzgebietes unerheblich.	21.149999618530273	384.11749267578125	8.503997802734375	146.9891300201416	12	ArialMT
Aufgrund des Reichsnaturschutzgesetzes von 1935 wurde das Gebiet durch	32.25	396.16864013671875	8.502532958984375	304.2213134765625	12	ArialMT
Rechtsverordnung vom 31. Oktober 1940 unter Naturschutz gestellt; im	21.450000762939453	407.86883544921875	8.502273559570312	315.01594161987305	12	ArialMT
Landschaftsplan „Vulkaneifel" von 1968 ist es wie folgt beschrieben: „ ...	21.450000762939453	419.85601806640625	8.51904296875	315.1544609069824	12	ArialMT
Geologisch interessantes Vulkangebiet mit Lava-, Tuff- und Bimsvorkom­	20.549999237060547	431.718505859375	8.502685546875	317.08049392700195	12	ArialMT
men, bestes Beispiel für postglazialen Vulkanismus in der Eifel, Landschaft	20.399999618530273	443.81488037109375	8.507461547851562	315.9268436431885	12	ArialMT
mit bedeutendem Erholungswert: Gebiet enthält vielfältige Biozönosen (oli­	20.25	455.7174377441406	8.50408935546875	317.08050537109375	12	ArialMT
gotrophes Gewässer, Verlandungsufer, Wiesen und Wald), Brut- und Rast­	19.950000762939453	467.51617431640625	8.505752563476562	317.08051681518555	12	ArialMT
platz für Wassergeflügel, besonders Enten und Taucher. Vorkommen seltener	19.950000762939453	479.36676025390625	8.504959106445312	315.9979362487793	12	ArialMT
Pflanzen (folgt Aufzählung) . Als Bemerkung ist angefügt: „ ... Ausbau	19.799999237060547	491.0560302734375	8.51904296875	315.7426338195801	12	ArialMT
100	86.4000015258789	38.070556640625	8.5	14.125991821289062	13	ArialMT
Berichte zur deutschen Landeskunde	176.85000610351562	38.36773681640625	8.503662109375	146.87789916992188	14	ArialMT
Literatur	228.3000030517578	61.92327880859375	8.4964599609375	34.66606140136719	15	ArialMT
Ahrens, W. (1932): Die Basaltvulkane des südöstlichen Laacher-See-Gebiets	87.44999694824219	85.3167724609375	8.50494384765625	316.68663024902344	16	ArialMT
und ihre Lavaströme. — In: Jb. preuß. Geol. L.A. 53, S. 851—878.	99.89999389648438	97.46783447265625	8.5035400390625	263.275390625	16	ArialMT
Bosselmann, J. u. K. - H. Christmann (1974): Die Vogelwelt im	88.19999694824219	121.00634765625	8.51861572265625	316.3659210205078	17	ArialMT
Raum Andernach—Mayen—Cochem. — Beiträge zur Avifauna des Rhein­	100.94999694824219	132.867431640625	8.5040283203125	304.78050231933594	17	ArialMT
landes, H. 3.	100.5	144.5682373046875	8.50299072265625	48.30522155761719	17	ArialMT
Fischer, H. (1979): Grenzen der Belastung der Laacher Landschaft. — In:	89.25	168.40231323242188	8.523895263671875	315.4759521484375	18	ArialMT
Die Laacher Vulkaneifel — Erholungslandschaft oder Rohstofflieferant?	101.25	180.26608276367188	8.505859375	304.00225830078125	18	ArialMT
Tagungsbericht d. Schutzgemeinschaft Deutscher Wald über die Herbst­	100.80000305175781	192.41717529296875	8.50439453125	305.8304901123047	18	ArialMT
tagung in Maria Laach vom 26.-29. Oktober 1978, S. 48—62.	100.94999694824219	204.41683959960938	8.504852294921875	246.47288513183594	18	ArialMT
Fischer, H. u. R. Graafen (1974): Die naturräumlichen Einheiten auf	90.0	228.24111938476562	8.538604736328125	316.530517578125	19	ArialMT
Blatt 136/137 Cochem. — Bonn-Bad Godesberg. = Geographische Landes­	102.0	240.11654663085938	8.5052490234375	305.3804931640625	19	ArialMT
aufnahme 1:200 000, Naturräumliche Gliederung Deutschlands.	101.69999694824219	251.96865844726562	8.502471923828125	254.9848175048828	19	ArialMT
Frechen, J., M. Hopmann u. G. Knetsch (1976): Die vulka­	90.5999984741211	275.6428527832031	8.53631591796875	317.0805130004883	20	ArialMT
nische Eifel. — Bonn (= Geologische Reihe, Bd. 2.)	102.44999694824219	287.5160827636719	8.505859375	200.00294494628906	20	ArialMT
H a l b f a s s, W. (1907): Der heutige Stand der Seichesforschung. — In:	91.19999694824219	311.36468505859375	8.5076904296875	315.16786193847656	21	ArialMT
Ztschr. d. Ges. f. Erdkunde zu Berlin, S. 5—24.	102.9000015258789	323.0672607421875	8.504302978515625	186.13408660888672	21	ArialMT
Henning, I. (1965): Das Laacher-See-Gebiet. Eine Stunde zur Hydrologie	91.94999694824219	346.9027099609375	8.52337646484375	315.56138610839844	22	ArialMT
und Klimatologie. — Bonn. (= Arbeiten zur Rheinischen Landeskunde, 22.)	103.94999694824219	358.6178283691406	8.503570556640625	302.8899383544922	22	ArialMT
Mattem e, M. u. B. W. Scharf (1977): Zur Eutrophierung und Restau­	92.55000305175781	382.31396484375	8.50860595703125	316.4805145263672	23	ArialMT
rierung des Laacher Sees. — In: Arch. Hydrobiol, 80, 4, S. 506—518.	104.8499984741211	393.86468505859375	8.5076904296875	270.5691909790039	23	ArialMT
Meyer, E. (1979): Geologie des Laacher Vulkangebietes. — In: Die Laacher	93.44999694824219	417.40521240234375	8.520065307617188	315.2712860107422	24	ArialMT
Vulkaneifel - Erholungslandschaft oder Rohstofflieferant? Tagungsbe­	105.5999984741211	429.5447998046875	8.53375244140625	304.0304946899414	24	ArialMT
richt d. Schutzgemeinschaft Deutscher Wald über die Herbsttagung in Maria	105.9000015258789	441.1178894042969	8.503509521484375	303.0286178588867	24	ArialMT
Laach vom 26.-29. Oktober 1978, S. 40-47.	106.80000305175781	452.06610107421875	8.505874633789062	179.5403289794922	24	ArialMT
Fischer: Naturschutzgebiet,Laacher See'	104.4000015258789	37.60272216796875	8.5234375	163.54290008544922	25	ArialMT
101	330.1499938964844	39.71771240234375	8.50372314453125	12.323760986328125	26	ArialMT
Müller-Miny, H. (1959): Die naturräumliche Gliederung am Mittelrhein. —	26.25	64.344482421875	8.53424072265625	310.9498291015625	27	ArialMT
Remagen, 74 Seiten. = Zusammendruck einer Beitragsfolge in den Ber. z.	38.400001525878906	76.6680908203125	8.50323486328125	304.3338851928711	27	ArialMT
dt. Landeskunde Bd. 21,2.	36.900001525878906	88.017578125	8.50390625	108.1872787475586	27	ArialMT
Nüchel, G. (1972): Vegetationskundliche Untersuchungen im Naturschutz­	25.649999618530273	112.6671142578125	8.5045166015625	317.83049964904785	28	ArialMT
gebiet des Laacher Sees. — Masch. Ms. Prüfungsarbeit f. d. Lehramt an	36.75	124.81488037109375	8.50738525390625	305.6006164550781	28	ArialMT
Realschulen.	37.650001525878906	136.1676025390625	8.50390625	48.385986328125	28	ArialMT
Wilhelmy, H. (1977): Geomorphologie. — Kiel (= Hirts Stichwortbücher,	24.899999618530273	160.510498046875	8.51318359375	316.8475589752197	29	ArialMT
H.2.)	37.20000076293945	171.5673828125	8.504180908203125	21.044754028320312	29	ArialMT
