k	70.6500015258789	736.53662109375	8.496349334716797	2.69818115234375	0	TimesNewRomanPSMT
182	119.25	58.6678466796875	8.5057373046875	12.004989624023438	1	Sylfaen
Erdkunde	322.5	58.10845947265625	8.4981689453125	35.26654052734375	2	TimesNewRomanPS-ItalicMT
Band XII	530.8499755859375	57.50433349609375	8.50360107421875	35.60015869140625	3	TimesNewRomanPS-ItalicMT
56. Smeds, H.: Är Finlands landsbygd överbefolkad?	119.0999984741211	84.33087158203125	8.5257568359375	215.5618667602539	4	TimesNewRomanPS-ItalicMT
Ekon. samf. tidskr. 1951 (= Publ. inst, geogr. univ.	133.35000610351562	92.8804931640625	8.50433349609375	201.36590576171875	4	TimesNewRomanPSMT
Hels. 14, Helsingfors 1951).	133.5	101.5809326171875	8.50372314453125	104.5726318359375	4	TimesNewRomanPSMT
57. Smeds, H.: Svenska ’Österbotten. Vasatraktens kust-	119.25	111.92578125	8.53179931640625	215.91006469726562	4	TimesNewRomanPS-ItalicMT
och skärgardskommuner. Helsingfors (1953).	133.64999389648438	120.47894287109375	8.50628662109375	167.4261474609375	4	TimesNewRomanPSMT
58. Smeds, H. u. Mattila, J.: Om utvecklingen av tätorter	119.4000015258789	131.1307373046875	8.52630615234375	215.89339447021484	5	TimesNewRomanPS-ItalicMT
och landsbygd i Finland 1880—1930. Geogr. Ann. 1941.	133.64999389648438	139.6785888671875	8.50677490234375	201.52145385742188	5	TimesNewRomanPSMT
59. Sommerschield, F. (Hsg.): Den Svenska folkstammen i	119.4000015258789	150.33135986328125	8.52587890625	216.15251922607422	6	TimesNewRomanPS-ItalicMT
Finland. Helsingfors 1940.	134.25	159.1837158203125	8.5001220703125	98.01828002929688	6	TimesNewRomanPSMT
60. Statistisk Ärsbok för Helsingfors stad, jährlich.	119.69999694824219	169.6806640625	8.50408935546875	190.76686096191406	7	TimesNewRomanPSMT
61. Statistisk Ärsbok för Finland, jährlich.	119.69999694824219	179.281494140625	8.50299072265625	156.5879364013672	7	TimesNewRomanPSMT
62. Statistiska undersökningar av spräkförhällendena i	120.30000305175781	188.5804443359375	8.50433349609375	216.0025177001953	7	TimesNewRomanPSMT
Sydvästra Finland. In: Album utgivet av Äbo avdel-	134.39999389648438	196.98114013671875	8.50347900390625	202.03585815429688	7	TimesNewRomanPSMT
ning II, Helsingfors 1911.	134.25	205.68109130859375	8.5035400390625	95.6185302734375	7	TimesNewRomanPSMT
63. Svensk Bygd i Finland. Helsingfors 1949.	120.0	216.32952880859375	8.50555419921875	171.67144775390625	8	TimesNewRomanPSMT
64. Svensk i Finland. Ställning och strävanden. Helsing­	120.1500015258789	225.62896728515625	8.50628662109375	217.03050994873047	8	TimesNewRomanPSMT
fors 1914.	135.0	234.4808349609375	8.50384521484375	36.53631591796875	8	TimesNewRomanPSMT
65. Svensk-Finland. Bilder frän Svenskbygden i Nyland,	120.44999694824219	243.78076171875	8.50390625	217.1243133544922	8	TimesNewRomanPSMT
Äboland, österbotten och Aland. Stockholm 1944.	135.0	252.33050537109375	8.5042724609375	189.30105590820312	8	TimesNewRomanPSMT
66. Tunkelo, A.: Yrke och sprak. Statistiska översikter	120.75	261.780517578125	8.52587890625	216.96932983398438	8	TimesNewRomanPS-ItalicMT
1933.	135.75	270.63458251953125	8.4990234375	17.768524169921875	8	TimesNewRomanPSMT
67. Tuominen, O.: Das Einflußgebiet der Stadt Turku im	120.9000015258789	279.930908203125	8.52734375	216.9109115600586	8	TimesNewRomanPS-ItalicMT
System der Einflußgebiete SW-Finnlands. Fennia 1949.	135.4499969482422	288.481689453125	8.50274658203125	202.35105895996094	8	TimesNewRomanPSMT
68. Tuominen, O.; Suomen menekkialueet. Summary: Mar­	121.19999694824219	297.93182373046875	8.52642822265625	217.1804962158203	8	TimesNewRomanPS-ItalicMT
keting Areas in Finland. Sininen kirja 1952/53. Hel­	135.75	306.33209228515625	8.50225830078125	202.6304931640625	8	TimesNewRomanPSMT
sinki 1953.	135.89999389648438	315.1826171875	8.501556396484375	38.855316162109375	8	TimesNewRomanPSMT
69. Tuominen, O.: Toiminnallisista alueista. Referat: Uber	121.5	324.4822692871094	8.524139404296875	216.937744140625	8	TimesNewRomanPS-ItalicMT
funktionale Gebiete. Terra 1954.	136.35000610351562	333.4795227050781	8.50555419921875	121.42144775390625	8	TimesNewRomanPSMT
70. Tuominen, O.: Zur Geographie der Erwerbe in Finn­	348.45001220703125	83.43023681640625	8.5277099609375	218.68048095703125	9	TimesNewRomanPS-ItalicMT
land. Fennia 1954.	363.29998779296875	92.28387451171875	8.4998779296875	69.536376953125	9	TimesNewRomanPSMT
71. Wahlbeck, L.: Om inkomstniväns geografi i Finland är	348.6000061035156	101.430908203125	8.52618408203125	218.57272338867188	9	TimesNewRomanPS-ItalicMT
1950. 2 Bde. (= Ekonomi och samhälle, Skrifter utg.	364.79998779296875	109.82855224609375	8.50677490234375	202.4102783203125	9	TimesNewRomanPSMT
av Svenska Handelshögskolan Nr. 2). Helsingfors	363.75	118.3819580078125	8.50244140625	203.74395751953125	9	TimesNewRomanPSMT
1955.	364.5	127.5345458984375	8.4990234375	17.768524169921875	9	TimesNewRomanPSMT
72. Wallen, H.: Spräkgränsen och minoriteterna i Finlands	348.8999938964844	136.38079833984375	8.527099609375	218.67941284179688	9	TimesNewRomanPS-ItalicMT
svenskbygder omkr. 1600—1865. Akad. Avhandl., Äbo	363.8999938964844	145.08038330078125	8.50439453125	203.84939575195312	9	TimesNewRomanPSMT
1932.	364.6499938964844	153.93572998046875	8.49755859375	18.001068115234375	9	TimesNewRomanPSMT
73. Waris, H.: Työlaisyhteiskunnan syntimen Helsingin	349.20001220703125	162.930908203125	8.52734375	218.64703369140625	9	TimesNewRomanPS-ItalicMT
pitkäsillan pohjoispuolle, I. Summary: The Rise of a	364.6499938964844	171.6300048828125	8.50494384765625	203.26565551757812	9	TimesNewRomanPSMT
Workingman’s Community on the North Side of the	364.79998779296875	180.1802978515625	8.50457763671875	203.29107666015625	9	TimesNewRomanPSMT
Long Bridge of Helsinki. Historiallisia Tutkimuksia	364.6499938964844	188.43060302734375	8.504150390625	203.49649047851562	9	TimesNewRomanPSMT
1932.	365.3999938964844	197.2845458984375	8.4990234375	17.768524169921875	9	TimesNewRomanPSMT
74. Waris, H.: Huvudstadsamhället. In: Helsingfors stads	350.25	206.284423828125	8.5238037109375	218.1185302734375	9	TimesNewRomanPS-ItalicMT
historia III (1809—1875), Bd. 2, Helsingfors 1950.	365.1000061035156	214.97955322265625	8.50555419921875	189.97140502929688	9	TimesNewRomanPSMT
75. Waris, H.: Suomalaisen yhteiskunnan rakenne (Die so­	350.3999938964844	224.28106689453125	8.52716064453125	218.23049926757812	9	TimesNewRomanPS-ItalicMT
ziale Struktur Finnlands). Helsinki, 2. Aufl. 1952.	365.3999938964844	232.98004150390625	8.5048828125	185.63638305664062	9	TimesNewRomanPSMT
76. Westermarck, N.: Svenska österbottens jordbruk och	350.54998779296875	242.43218994140625	8.524658203125	218.11102294921875	9	TimesNewRomanPS-ItalicMT
befolkningsförhällanden i socialekonomisk belysning.	365.70001220703125	250.83074951171875	8.50390625	203.11663818359375	9	TimesNewRomanPSMT
Acta Agralia Fennica 1953.	365.8500061035156	259.9814453125	8.5030517578125	103.13693237304688	9	TimesNewRomanPSMT
77. Wiklund, K.B.: Spraken i Finland 1880—1900. Ymer	351.75	269.12860107421875	8.529296875	217.80706787109375	9	TimesNewRomanPS-ItalicMT
1905.	366.6000061035156	277.83453369140625	8.4990234375	17.768524169921875	9	TimesNewRomanPSMT
78. Wuorinen, J. H.: Nationalism in Modern Finland. Diss.	351.29998779296875	286.9810791015625	8.52642822265625	217.857666015625	9	TimesNewRomanPS-ItalicMT
New York 1931.	366.29998779296875	295.98455810546875	8.499053955078125	63.30108642578125	9	TimesNewRomanPSMT
79. Var svenska stam pä utländsk mark. Svenska öden och	351.6000061035156	305.28033447265625	8.504486083984375	217.81100463867188	9	TimesNewRomanPSMT
insatser i främmande land. Bd. II. Stockholm 1952.	366.6000061035156	313.8289489746094	8.506317138671875	191.32144165039062	9	TimesNewRomanPSMT
80. Smeds, H.: The Distribution of Urban and Rural	352.04998779296875	323.4306945800781	8.525970458984375	217.35693359375	9	TimesNewRomanPS-ItalicMT
Population in Southern Finland 1950. Fennia 1957.	366.45001220703125	331.9795227050781	8.50555419921875	190.42144775390625	9	TimesNewRomanPSMT
DER EINFLUSS DES BRANDRODUNGSBAUS AUF DAS GEFÜGE DES TROPENWALDES	127.3499984741211	379.544921875	10.039031982421875	436.2045669555664	10	TimesNewRomanPSMT
UND DIE WASSERFÜHRUNG DER STRÖME, UNTERSUCHT AM BEISPIEL	157.0500030517578	392.4408264160156	10.044342041015625	377.96739196777344	11	TimesNewRomanPSMT
NORDTHAILANDS	295.3500061035156	405.3922424316406	9.977752685546875	98.19427490234375	12	TimesNewRomanPSMT
Von Fritz Loetsch	308.25	422.4796447753906	10.0296630859375	76.47982788085938	13	TimesNewRomanPS-ItalicMT
Mit 13 Bildern, 3 Karten und 3 Diagrammen	261.8999938964844	445.8309020996094	8.5037841796875	168.64309692382812	14	TimesNewRomanPSMT
The Effects of Shifting Cultivation on the Composition	132.89999389648438	471.6551818847656	8.502471923828125	207.4210205078125	15	TimesNewRomanPS-ItalicMT
of Tropical Forest and the Regimes of Rivers: A Study	124.3499984741211	480.35577392578125	8.501739501953125	215.73319244384766	15	TimesNewRomanPS-ItalicMT
of Northern Thailand.	124.5	488.75384521484375	8.504241943359375	81.38236999511719	15	TimesNewRomanPS-ItalicMT
Summary: This paper deals with the effects of shifting	133.0500030517578	501.9284362792969	8.527557373046875	207.3310089111328	16	TimesNewRomanPS-ItalicMT
cultivation on the composition of the tropical forest in the	124.94999694824219	510.48187255859375	8.50250244140625	215.51930236816406	16	TimesNewRomanPSMT
northern provinces of Thailand seen from the aspect of	125.0999984741211	519.0303955078125	8.504425048828125	215.8592300415039	16	TimesNewRomanPSMT
forestry. The evaluation of the data of the 1956/57 forest	125.4000015258789	527.5818481445312	8.50250244140625	215.38961029052734	16	TimesNewRomanPSMT
census leads to the following conclusions.	125.4000015258789	536.2801513671875	8.504684448242188	153.1330795288086	16	TimesNewRomanPSMT
1. Of the areas coveredby the two types of forest, “mixed	132.60000610351562	546.9288330078125	8.506500244140625	208.31143188476562	17	TimesNewRomanPSMT
deciduous monsoon forest” and “semi-evergreen broadleaf	126.44999694824219	555.47998046875	8.504928588867188	215.1502227783203	17	TimesNewRomanPSMT
forest”, 55°/o is at present unproductive land as regards	126.0	564.0311279296875	8.503448486328125	215.08560180664062	17	TimesNewRomanPSMT
forestry as a result of shifting cultivation by burning.	126.0	572.5813598632812	8.503250122070312	199.31930541992188	17	TimesNewRomanPSMT
2. Tectona grandis (teak), economically the most im­	134.25	583.3802490234375	8.504669189453125	207.280517578125	18	TimesNewRomanPSMT
portant tree species for export, is unable, or at best only	126.1500015258789	591.9304809570312	8.504318237304688	214.96446990966797	18	TimesNewRomanPSMT
very slowly able, to rccolonize the sites lost through	126.30000305175781	600.030517578125	8.504257202148438	214.8461456298828	18	TimesNewRomanPSMT
shifting cultivation by burning. The secondary forest of	127.19999694824219	608.5804443359375	8.504409790039062	214.70066833496094	18	TimesNewRomanPSMT
the type “mixed deciduous monsoon forest” which estab-	126.44999694824219	617.1307373046875	8.50396728515625	214.9359893798828	18	TimesNewRomanPSMT
lishes itself ontheburnt land is for decades, if not centuries,	126.9000015258789	625.830322265625	8.504486083984375	214.9673080444336	18	TimesNewRomanPSMT
void of teak. The phenomenon of island-like occurence of	126.75	634.380615234375	8.504119873046875	215.3006591796875	18	TimesNewRomanPSMT
teak within its appropriate type of forest is a result of	127.05000305175781	643.0800170898438	8.504928588867188	215.1092071533203	18	TimesNewRomanPSMT
earlier Clearing by fire. Tectonia grandis may be taken as	126.9000015258789	651.630859375	8.527542114257812	215.12508392333984	18	TimesNewRomanPS-ItalicMT
an example to show that shifting cultivation not merely	127.3499984741211	660.33056640625	8.504196166992188	214.7006607055664	18	TimesNewRomanPSMT
reduces the quantity of timber production for a long time,	127.5	669.0304565429688	8.504310607910156	214.71768188476562	18	TimesNewRomanPSMT
but that a most valuable type of timber is gradually ob-	127.6500015258789	677.731201171875	8.503349304199219	214.7014389038086	18	TimesNewRomanPSMT
literated from its natural habitat. The present area oft the	127.94999694824219	686.4305419921875	8.504302978515625	214.36720275878906	18	TimesNewRomanPSMT
mixed deciduous monsoon forest which contains teak com-	353.54998779296875	470.8807067871094	8.5040283203125	218.0057373046875	19	TimesNewRomanPSMT
prises merely 45 % of the original.	353.8500061035156	479.5796203613281	8.50543212890625	128.7020263671875	19	TimesNewRomanPSMT
3. Of the areas above 1,000 m of altitude which originally	354.1499938964844	489.32952880859375	8.50555419921875	218.58450317382812	19	TimesNewRomanPSMT
were certainly almost completely wooded, only a third can	353.54998779296875	497.7303771972656	8.50445556640625	217.54974365234375	19	TimesNewRomanPSMT
now be considered as unimpaired mountain broadleaf or	354.29998779296875	506.43109130859375	8.5035400390625	217.69366455078125	19	TimesNewRomanPSMT
coniferous forests; two-fifths are Clearings at present used	354.1499938964844	515.1299438476562	8.5050048828125	217.34060668945312	19	TimesNewRomanPSMT
agriculturally or old Clearings of nomadic mountain tribes,	354.45001220703125	523.6810913085938	8.5035400390625	217.5537109375	19	TimesNewRomanPSMT
and a quarter are savannas whose origin is probably largely	354.1499938964844	532.3800048828125	8.504913330078125	217.32241821289062	19	TimesNewRomanPSMT
a result of earlier shifting cultivation. Shifting cultivation	354.29998779296875	540.9299926757812	8.504974365234375	217.2550048828125	19	TimesNewRomanPSMT
by burning, which at these altitudes has been greatly on	354.1499938964844	549.6294555664062	8.505691528320312	217.35379028320312	19	TimesNewRomanPSMT
the increase over the past 25 years, has already had its	354.29998779296875	558.0313720703125	8.503189086914062	217.47442626953125	19	TimesNewRomanPSMT
effects on the regimes of the rivers. Even if the damage	354.75	566.7320556640625	8.502304077148438	217.4923095703125	19	TimesNewRomanPSMT
resulting therefrom is as yet not directly tangible, since	354.6000061035156	575.2802734375	8.504669189453125	217.39559936523438	19	TimesNewRomanPSMT
rice cultivation could be adjusted to the changed regimes	354.8999938964844	583.9820556640625	8.502273559570312	217.18380737304688	19	TimesNewRomanPSMT
of the rivers, the evident increase of floods already shows	355.04998779296875	592.531005859375	8.503646850585938	217.19183349609375	19	TimesNewRomanPSMT
that an extremely dangerous Situation will develop in the	354.6000061035156	600.9344482421875	8.499176025390625	217.34671020507812	19	TimesNewRomanPSMT
future.	355.5	609.3359985351562	8.497207641601562	23.7593994140625	19	TimesNewRomanPSMT
From the aspect of forestry the judgement on shifting	363.29998779296875	618.1807250976562	8.50396728515625	208.9632568359375	19	TimesNewRomanPSMT
cultivation by fire is thus as follows: the damage of	355.04998779296875	626.7310791015625	8.5035400390625	217.54364013671875	19	TimesNewRomanPSMT
shifting cultivation on the composition of the forest has	354.8999938964844	635.280517578125	8.5042724609375	217.36544799804688	19	TimesNewRomanPSMT
already reached a disastrous degree ,as far as Thailand is	355.79998779296875	643.8300170898438	8.504928588867188	217.05963134765625	19	TimesNewRomanPSMT
concemed, and from a hydrological point of view future	355.95001220703125	652.22998046875	8.504928588867188	216.82940673828125	19	TimesNewRomanPSMT
danger is also clearly discernible.	355.3500061035156	660.9321899414062	8.502120971679688	122.5008544921875	19	TimesNewRomanPSMT
At the North Pacific Congress of Science in Bangkok in	363.8999938964844	669.4795532226562	8.505561828613281	208.34640502929688	19	TimesNewRomanPSMT
1957, the subject under consideration was shifting cultiva­	355.95001220703125	677.880859375	8.503814697265625	216.58050537109375	19	TimesNewRomanPSMT
tion and the damage it causes. Two points of view emerged	355.5	686.5780639648438	8.507461547851562	216.7540283203125	19	TimesNewRomanPSMT
Fritz Loetsch: Der Einfluß des Brandrodungsbaus auf das Gefüge des Tropenwaldes	105.1500015258789	54.95257568359375	8.505859375	301.1622543334961	20	TimesNewRomanPS-ItalicMT
183	466.95001220703125	54.77288818359375	8.49920654296875	12.1536865234375	21	Sylfaen
quite clearly. On the one side it was said that shifting	31.799999237060547	80.4307861328125	8.50396728515625	214.9466896057129	22	TimesNewRomanPSMT
cultivation would certainly not give rise to the unfavour-	31.649999618530273	88.82843017578125	8.5069580078125	214.87478065490723	22	TimesNewRomanPSMT
able consequences attributed to it, on the other side the	31.799999237060547	97.53094482421875	8.50372314453125	214.7692756652832	22	TimesNewRomanPSMT
detrimental changes it causes in soil and climate were	31.799999237060547	106.0814208984375	8.5030517578125	214.95405960083008	22	TimesNewRomanPSMT
emphasized.	31.950000762939453	114.63592529296875	8.497314453125	41.015071868896484	22	TimesNewRomanPSMT
In view of this clash of opinions it seems important	39.45000076293945	125.43255615234375	8.50164794921875	207.09655380249023	23	TimesNewRomanPSMT
to draw attention to two points in particular.	31.649999618530273	133.8331298828125	8.5008544921875	170.13269996643066	23	TimesNewRomanPSMT
1. When speaking of shifting cultivation by burning a	39.75	144.6307373046875	8.5040283203125	206.71315002441406	24	TimesNewRomanPSMT
distinction should always be made between that with an	31.950000762939453	153.1807861328125	8.50396728515625	214.49155807495117	24	TimesNewRomanPSMT
established rotation cycle and only a one year utilization	31.799999237060547	161.7305908203125	8.50421142578125	214.85736465454102	24	TimesNewRomanPSMT
for agriculture, and another one without an esta.blished	31.799999237060547	170.42962646484375	8.50543212890625	214.84070205688477	24	TimesNewRomanPSMT
cycle and an agricultural utilization of possibly more years.	31.649999618530273	179.1280517578125	8.50750732421875	214.69516944885254	24	TimesNewRomanPSMT
As far as shifting cultivation is practised reasonably,	31.799999237060547	187.83050537109375	8.5042724609375	214.88603591918945	24	TimesNewRomanPSMT
systematically and with protection of the soil in mind, as	31.5	196.07891845703125	8.50628662109375	215.10662841796875	24	TimesNewRomanPSMT
for instance in the Philippines (5), the islands of Melanesia	31.950000762939453	204.92962646484375	8.50543212890625	214.74602890014648	24	TimesNewRomanPSMT
(1), the Ivory Coast (3), in Sarawak (7) and the Belgian	31.799999237060547	213.6280517578125	8.50750732421875	214.78833389282227	24	TimesNewRomanPSMT
Congo (24), a long-term damage of the soil cannot be dis-	31.5	222.02801513671875	8.50750732421875	215.1427764892578	24	TimesNewRomanPSMT
cerned directly and such shifting cultivation can possibly	31.5	230.731201171875	8.50335693359375	215.33299255371094	24	TimesNewRomanPSMT
be pursued for centuries without causing serious damage	31.200000762939453	239.4317626953125	8.502685546875	215.34995651245117	24	TimesNewRomanPSMT
to agriculture. If, however, an unsystematical shifting	31.200000762939453	247.9794921875	8.505615234375	215.37420272827148	24	TimesNewRomanPSMT
cultivation, merely governed by momentary considerations,	31.049999237060547	256.53369140625	8.50018310546875	215.43329238891602	24	TimesNewRomanPSMT
is practised, allowing only short recovery periods of the	31.200000762939453	265.07733154296875	8.50836181640625	215.41718673706055	24	TimesNewRomanPSMT
areas between the periods of agricultural utilization, which	31.5	273.77996826171875	8.50494384765625	215.24325561523438	24	TimesNewRomanPSMT
in turn sometimes even last for a number of years without	31.350000381469727	282.47802734375	8.50750732421875	215.3808193206787	24	TimesNewRomanPSMT
interruption, then anirreparable damage of the soil is the	31.350000381469727	291.18218994140625	8.50213623046875	215.56717491149902	24	TimesNewRomanPSMT
result.	31.5	299.5785827636719	8.50677490234375	20.09454345703125	24	TimesNewRomanPSMT
2. Seen from the aspect of forestry, shifting cultivation	38.70000076293945	309.6310729980469	8.5035400390625	208.0440330505371	24	TimesNewRomanPSMT
is always seriously criticised since it involves the burning	31.350000381469727	318.32928466796875	8.505859375	215.3167018890381	24	TimesNewRomanPSMT
and wasting of valuable timber. This may not be important	31.200000762939453	326.7322082519531	8.5020751953125	215.49656295776367	24	TimesNewRomanPSMT
as long as wood is plentiful and the potentiality or neces-	31.200000762939453	335.2811584472656	8.50341796875	215.5315055847168	24	TimesNewRomanPSMT
sity of a regulated uitilisation of the forests does not yet	31.049999237060547	343.82940673828125	8.505706787109375	215.86108779907227	24	TimesNewRomanPSMT
exist. As far as the mixed deciduous monsoon forest of	31.200000762939453	352.52935791015625	8.505767822265625	215.85918807983398	24	TimesNewRomanPSMT
northern Thailand is concemed, the author hopes to have	31.649999618530273	361.07745361328125	8.50823974609375	215.74878883361816	24	TimesNewRomanPSMT
shown that in this case shifting cultivation must be seen	30.899999618530273	369.6303405761719	8.504486083984375	215.8238010406494	24	TimesNewRomanPSMT
from the aspect of its damage to forestry because of the	31.350000381469727	378.1809997558594	8.503662109375	215.36928367614746	24	TimesNewRomanPSMT
importance of the timber resources for the further economic	31.049999237060547	386.7284240722656	8.506988525390625	215.65556716918945	24	TimesNewRomanPSMT
development of the country.	30.899999618530273	395.28302001953125	8.501007080078125	104.24135780334473	24	TimesNewRomanPSMT
To act according to the principles of forestry means to	38.849998474121094	406.0799255371094	8.505035400390625	207.75000762939453	25	TimesNewRomanPSMT
plan the utilization of woodlands on the basis of a long-	31.200000762939453	414.7780456542969	8.5074462890625	215.3478660583496	25	TimesNewRomanPSMT
term Programme of lasting maximum production of usable	30.899999618530273	423.3311767578125	8.50341796875	215.60605812072754	25	TimesNewRomanPSMT
timber. But the thinking and acting according to the prin­	31.049999237060547	432.180908203125	8.5037841796875	215.5305061340332	25	TimesNewRomanPSMT
ciples of forestry have made their appearance only fairly	31.049999237060547	440.73138427734375	8.503143310546875	215.36044692993164	25	TimesNewRomanPSMT
recently.	30.899999618530273	449.134521484375	8.49908447265625	28.94581413269043	25	TimesNewRomanPSMT
It is true that forestry authorities do exist in the	39.0	459.48077392578125	8.503936767578125	207.16717529296875	26	TimesNewRomanPSMT
developing countries of the Far East, but principles of	30.899999618530273	468.0812683105469	8.5032958984375	215.30066871643066	26	TimesNewRomanPSMT
forestry have not yet become an integral part of the	30.899999618530273	476.5780029296875	8.507537841796875	215.0692844390869	26	TimesNewRomanPSMT
national life of Thailand. Amongst the city dwellers as	30.899999618530273	485.2789306640625	8.506317138671875	214.95662879943848	26	TimesNewRomanPSMT
well as the country people the prevailing attitude still is,	30.899999618530273	493.83056640625	8.50421142578125	215.2833957672119	26	TimesNewRomanPSMT
one hostile to the woodlands. Even in parliament it is	30.75	502.5309753417969	8.503662109375	214.97044372558594	26	TimesNewRomanPSMT
difficult for the forestry authorities to find sympathy for	30.75	511.13067626953125	8.50408935546875	215.1354217529297	26	TimesNewRomanPSMT
their memoranda to set aside forest reserves, to restrict the	30.75	519.7784423828125	8.506988525390625	214.96551513671875	26	TimesNewRomanPSMT
completely unregulated shifting cultivation and unlicensed	30.600000381469727	528.4812622070312	8.50335693359375	215.0032558441162	26	TimesNewRomanPSMT
tiee felling. There is a resistance to forestry as there has	30.75	536.8800048828125	8.504928588867188	214.80990600585938	26	TimesNewRomanPSMT
been to the introduction of technical advances of any kind,	30.75	545.5810546875	8.5035400390625	215.0283966064453	26	TimesNewRomanPSMT
and only a general rise in the level of education will, after	30.75	554.4309692382812	8.503738403320312	215.11534118652344	26	TimesNewRomanPSMT
a time, be a remedy for that.	30.899999618530273	562.97998046875	8.504928588867188	108.29856300354004	26	TimesNewRomanPSMT
The author is quite aware that particularly in Thailand	38.54999923706055	574.1307983398438	8.503921508789062	207.19536209106445	27	TimesNewRomanPSMT
shifting cultivation will continue and cannot be stopped	30.600000381469727	582.6809692382812	8.503677368164062	214.9892177581787	27	TimesNewRomanPSMT
during the next few decades. It might, however, still be	30.600000381469727	591.37841796875	8.506973266601562	215.12958335876465	27	TimesNewRomanPSMT
possible to prevent the danger of a complete extermination	30.600000381469727	599.7304077148438	8.50445556640625	214.90147972106934	27	TimesNewRomanPSMT
of teak if means and ways are found to limit shifting	30.450000762939453	608.4306640625	8.504104614257812	215.0441551208496	27	TimesNewRomanPSMT
cultivation to the mixed deciduous monsoon forest without	30.600000381469727	617.0302734375	8.504669189453125	215.0808162689209	27	TimesNewRomanPSMT
teak trees and to urge the people to plant young teak trees	30.599990844726562	625.5810546875	8.503555297851562	215.23715209960938	27	TimesNewRomanPSMT
in the Clearings which could be made obtainable from yet	30.899999618530273	634.28076171875	8.503875732421875	214.93601417541504	27	TimesNewRomanPSMT
to be established nurseries of the Ranger Stations; that is	30.75	643.081298828125	8.503326416015625	215.25746154785156	27	TimesNewRomanPSMT
the so-called Taungya Plantation System which was	30.600000381469727	651.929443359375	8.505691528320312	215.10672569274902	27	TimesNewRomanPSMT
developed in Burma. Only the future can teil whether it	30.75	660.379638671875	8.505447387695312	215.1067352294922	27	TimesNewRomanPSMT
will be possible to apply such measures in Thailand success-	31.200000762939453	669.0826416015625	8.501556396484375	214.87797164916992	27	TimesNewRomanPSMT
fully, or whether the haphazard shifting cultivation will	31.049999237060547	677.7808227539062	8.503883361816406	214.98727798461914	27	TimesNewRomanPSMT
reduce the teak production of Thailand more and more.	30.899999618530273	686.1807861328125	8.503883361816406	214.95769691467285	27	TimesNewRomanPSMT
Inhalt	356.25	80.959716796875	9.99053955078125	27.37469482421875	28	TimesNewRomanPS-ItalicMT
Einführung in die Problemstellung und einige allgemeine	260.70001220703125	93.3541259765625	8.50384521484375	218.17837524414062	29	TimesNewRomanPS-ItalicMT
Daten über Thailands Waldformationen.	293.3999938964844	101.90374755859375	8.50439453125	152.098876953125	29	TimesNewRomanPS-ItalicMT
I. Das Ausmaß des Brandrodungsbaus und der durch ihn	267.6000061035156	112.7037353515625	8.50439453125	210.8934326171875	30	TimesNewRomanPS-ItalicMT
nachweislich hervorgerufenen Waldstrukturänderungen	276.8999938964844	121.2535400390625	8.504638671875	201.78903198242188	30	TimesNewRomanPS-ItalicMT
im Areal unter 1000 m von fünf Provinzen im Norden	277.04998779296875	129.80523681640625	8.50238037109375	201.33853149414062	30	TimesNewRomanPS-ItalicMT
Thailands.	277.04998779296875	138.2049560546875	8.5028076171875	36.9927978515625	30	TimesNewRomanPS-ItalicMT
II.Untersuchungen über den Einfluß des Brandrodungs­	264.1499938964844	149.3035888671875	8.5045166015625	210.48049926757812	31	TimesNewRomanPS-ItalicMT
baus auf das Vorkommen von TECTONA GRANDIS	277.5	157.8546142578125	8.503173828125	201.46206665039062	31	TimesNewRomanPS-ItalicMT
im gemischten, laubabwerfenden Monsunwald Nord­	277.3500061035156	166.40447998046875	8.50341796875	201.43051147460938	31	TimesNewRomanPS-ItalicMT
thailands.	276.8999938964844	174.80755615234375	8.4993896484375	34.530426025390625	31	TimesNewRomanPS-ItalicMT
a) Die Eigentümlichkeit des inselartigen Vorkommens	276.6000061035156	185.87860107421875	8.50677490234375	201.32943725585938	32	TimesNewRomanPSMT
von TECTONA GRANDIS.	287.25	193.8338623046875	8.52423095703125	107.47640991210938	32	TimesNewRomanPS-ItalicMT
b) Ist das inselartige Vorkommen von TECTONA	276.75	203.58172607421875	8.52459716796875	201.0167236328125	32	TimesNewRomanPS-ItalicMT
GRANDIS als naturgegeben anzusehen?	287.25	212.27801513671875	8.5294189453125	150.62350463867188	32	TimesNewRomanPS-ItalicMT
1) TECTONA GRANDIS als tolerante Holzart	287.70001220703125	221.88037109375	8.52716064453125	180.4287109375	32	TimesNewRomanPS-ItalicMT
2) Die Vorratsstruktur des gemischten, laubabwer­	287.1000061035156	231.48077392578125	8.50390625	191.23049926757812	32	TimesNewRomanPSMT
fenden Monsunwaldes Thailands führt zu einer	298.20001220703125	240.18035888671875	8.50445556640625	180.3861083984375	32	TimesNewRomanPSMT
Arbeitshypothese	297.6000061035156	248.43206787109375	8.50225830078125	61.97998046875	32	TimesNewRomanPSMT
c) Versuch einer Erklärung des inselartigen Vorkom­	276.8999938964844	259.22802734375	8.50750732421875	201.280517578125	33	TimesNewRomanPSMT
mens von TECTONA GRANDIS durch früheren	287.25	267.78253173828125	8.52496337890625	190.5936279296875	33	TimesNewRomanPS-ItalicMT
Brandrodungsbau	287.1000061035156	276.18255615234375	8.50164794921875	63.176361083984375	33	TimesNewRomanPSMT
1) Der biologische Verjüngungsradius von TEC­	287.54998779296875	285.930419921875	8.52703857421875	190.48052978515625	33	TimesNewRomanPS-ItalicMT
TONA GRANDIS und der übrigen Holzarten	297.75	294.4828796386719	8.523956298828125	179.97726440429688	33	TimesNewRomanPS-ItalicMT
des gemischten, laubabwerfenden Monsunwaldes	298.3500061035156	303.03076171875	8.503936767578125	179.71307373046875	33	TimesNewRomanPSMT
2) Die Bambusen als pflanzensoziologische Weiser	287.25	311.5806884765625	8.504058837890625	184.05227661132812	33	TimesNewRomanPSMT
3) Die Verteilung des teaktragenden und nichtteak­	287.25	321.181884765625	8.50250244140625	190.48049926757812	33	TimesNewRomanPSMT
tragenden gemischten, laubabwerfenden Monsun­	297.75	329.7305603027344	8.50421142578125	180.280517578125	33	TimesNewRomanPSMT
waldes auf die einzelnen Provinzen	297.6000061035156	338.2819519042969	8.502410888671875	131.75167846679688	33	TimesNewRomanPSMT
d) Zusammenfassung und Auswertung der Untersu­	277.20001220703125	348.9313049316406	8.503265380859375	200.68048095703125	34	TimesNewRomanPSMT
chungen über die Erklärung des inselartigen Vor­	287.54998779296875	357.4829406738281	8.501129150390625	190.030517578125	34	TimesNewRomanPSMT
kommens von TECTONA GRANDIS	287.3999938964844	366.1828918457031	8.524566650390625	142.21206665039062	34	TimesNewRomanPS-ItalicMT
III. Der Brandrodungsbau im Gebiet des immergrünen	260.70001220703125	376.7049560546875	8.5028076171875	216.443603515625	35	TimesNewRomanPS-ItalicMT
Berglaubwaldes Thailands (Höhen über 1000 m)	277.3500061035156	385.4033508300781	8.504852294921875	177.00607299804688	35	TimesNewRomanPS-ItalicMT
IV. Der Einfluß des Brandrodungsbaues im Einzugsgebiet	261.75	396.0537414550781	8.504364013671875	215.69488525390625	36	TimesNewRomanPS-ItalicMT
des Mae Nam Chao Praya auf die Wasserregulierung	277.04998779296875	404.6062927246094	8.50103759765625	199.84512329101562	36	TimesNewRomanPS-ItalicMT
des Stromes.	277.04998779296875	413.3052673339844	8.50238037109375	44.889923095703125	36	TimesNewRomanPS-ItalicMT
V. Schlußzusammenfassung.	265.5	423.9557189941406	8.501800537109375	99.77676391601562	37	TimesNewRomanPS-ItalicMT
Einführung	344.25	446.7789001464844	10.0306396484375	49.905303955078125	38	TimesNewRomanPS-ItalicMT
Von März 1955 bis Juli 1957 war ich insgesamt 21 Mo­	268.5	459.332763671875	8.501373291015625	208.93051147460938	39	TimesNewRomanPSMT
nate als Experte für Waldinventur der ‘Food and Agricul­	260.3999938964844	467.8807678222656	8.503936767578125	217.18051147460938	39	TimesNewRomanPSMT
ture Organization of the United Nations’ (FAO) in Thai­	259.79998779296875	476.5810852050781	8.5035400390625	217.48052978515625	39	TimesNewRomanPSMT
land. Ich habe während vieler Reisen und Expeditionen fast	259.6499938964844	485.1306457519531	8.50408935546875	217.32937622070312	39	TimesNewRomanPSMT
das ganze Land kennengelernt und mir auch Einblicke in	259.79998779296875	493.6809997558594	8.503662109375	217.1964111328125	39	TimesNewRomanPSMT
verschiedene Nachbarländer verschaffen können. Da mir	259.5	502.2304992675781	8.504302978515625	217.5455322265625	39	TimesNewRomanPSMT
die thailändische Regierung einen Mitarbeiterstab von 35	259.5	510.780029296875	8.5048828125	217.04559326171875	39	TimesNewRomanPSMT
siamesischen Forstleuten und Offizieren zur Verfügung	259.3500061035156	519.330078125	8.504913330078125	217.5455322265625	39	TimesNewRomanPSMT
stellte, das im Jahre 1953 geflogene Luftbildmaterial zur	259.5	527.8802490234375	8.504638671875	217.25396728515625	39	TimesNewRomanPSMT
Bearbeitung greifbar war und die Hollerithmaschinen des	259.3500061035156	536.1302490234375	8.504562377929688	217.22195434570312	39	TimesNewRomanPSMT
Thai Economical Council die Auswertung des statistischen	259.20001220703125	544.9820556640625	8.502304077148438	217.00576782226562	39	TimesNewRomanPSMT
Großzahlmaterials ermöglichten, wurde ich in den Stand	259.5	553.6805419921875	8.504180908203125	216.88894653320312	39	TimesNewRomanPSMT
gesetzt, im Norden Thailands auf einem Gebiet von	259.3500061035156	562.0811767578125	8.503402709960938	217.19998168945312	39	TimesNewRomanPSMT
62 000 km2 in den Provinzen Lampang, Lampoon,	259.3500061035156	570.6316528320312	8.5028076171875	217.24301147460938	39	TimesNewRomanPSMT
Chiengmai, Chiengrai und Prae, dem Herzen des teaktra­	259.3500061035156	579.0284423828125	8.506973266601562	217.48049926757812	39	TimesNewRomanPSMT
genden Areals Thailands, eine Waldinventur durchzufüh­	259.3500061035156	587.7301635742188	8.504684448242188	217.48049926757812	39	TimesNewRomanPSMT
ren (s. Karte 3).	259.5	595.6795043945312	8.505538940429688	58.370819091796875	39	TimesNewRomanPSMT
Der Ausgangspunkt meiner Arbeiten zur Wald­	270.0	609.065185546875	10.012802124023438	207.02999877929688	40	TimesNewRomanPSMT
inventur in Nordthailand war die Sorge des Thai	259.79998779296875	619.550048828125	10.032318115234375	216.94583129882812	40	TimesNewRomanPSMT
Royal Forest Departments um das rapide Dahin­	259.6499938964844	630.1954345703125	10.03839111328125	217.07998657226562	40	TimesNewRomanPSMT
schwinden der Holzvorräte, wobei ganz besonders	259.79998779296875	640.8504638671875	10.031829833984375	216.4134521484375	40	TimesNewRomanPSMT
TECTONA GRANDIS (Teak) als wertvollste und	260.25	651.3660888671875	10.0115966796875	215.78250122070312	40	TimesNewRomanPS-ItalicMT
auch bedeutendste Exportholzart Thailands im	259.95001220703125	662.1480712890625	10.034957885742188	215.734375	40	TimesNewRomanPSMT
Vordergrund stand. Die Waldinventur sollte Klar­	259.5	672.7916870117188	10.043281555175781	216.32998657226562	40	TimesNewRomanPSMT
heit über den vorhandenen Stand des Holzvor-	259.95001220703125	683.6006469726562	10.031700134277344	215.43106079101562	40	TimesNewRomanPSMT
204	118.94999694824219	58.22198486328125	8.50042724609375	12.901947021484375	41	Sylfaen
Erdkunde	325.04998779296875	59.3092041015625	8.49725341796875	35.204681396484375	42	TimesNewRomanPS-ItalicMT
Band XII	532.9500122070312	59.3043212890625	8.50360107421875	35.7501220703125	43	TimesNewRomanPS-ItalicMT
selben Fläche), stellen sich die irreversiblen	130.0500030517578	84.9481201171875	10.034912109375	207.23573303222656	44	TimesNewRomanPSMT
Schädigungen des Bodens ein.	130.0500030517578	95.47515869140625	9.99993896484375	130.45640563964844	44	TimesNewRomanPSMT
2) Eine Beurteilung des Brandrodungsbaus von	120.1500015258789	110.60369873046875	10.02764892578125	217.20598602294922	45	TimesNewRomanPSMT
der forstwirtschaftlichen Seite her führt zu­	130.8000030517578	121.70050048828125	10.0318603515625	206.87998962402344	45	TimesNewRomanPSMT
nächst immer zu einer schlechten Kritik, da	130.8000030517578	132.79388427734375	10.0404052734375	206.8679656982422	45	TimesNewRomanPSMT
wertvolle Bäume verbrannt und verschwendet	130.64999389648438	144.04351806640625	10.0408935546875	207.01617431640625	45	TimesNewRomanPSMT
werden. Dies mag dann nicht ins Gewicht fal­	130.9499969482422	154.85418701171875	10.02703857421875	206.87998962402344	45	TimesNewRomanPSMT
len, solange Wald noch im Überfluß vorhanden	131.10000610351562	165.950927734375	10.03131103515625	206.37539672851562	45	TimesNewRomanPSMT
ist und noch keine Möglichkeit und Notwendig­	131.10000610351562	177.2012939453125	10.03082275390625	206.87997436523438	45	TimesNewRomanPSMT
keit für eine forstliche Holznutzung gegeben ist.	130.64999389648438	188.2943115234375	10.03985595703125	206.96902465820312	45	TimesNewRomanPSMT
Am Beispiel des gemischten, laubabwerfenden	131.10000610351562	199.5443115234375	10.03985595703125	206.73687744140625	45	TimesNewRomanPSMT
Monsunwaldes Nordthailands habe ich zeigen	131.10000610351562	210.809326171875	10.0203857421875	206.951416015625	45	TimesNewRomanPSMT
können, daß hier die forstwirtschaftliche Be­	131.25	221.74395751953125	10.040283203125	207.02999877929688	45	TimesNewRomanPSMT
urteilung des Brandrodungsbaus von einschnei­	131.39999389648438	232.98919677734375	10.04644775390625	206.8800048828125	45	TimesNewRomanPSMT
dender Bedeutung für die wirtschaftliche	131.85000610351562	244.11846923828125	10.008544921875	206.52102661132812	45	TimesNewRomanPSMT
Weiterentwicklung des Landes ist.	131.39999389648438	255.35772705078125	10.0224609375	151.20001220703125	45	TimesNewRomanPSMT
Forstwirtschaftliches Handeln schlechthin stellt	131.6999969482422	272.4512939453125	10.03082275390625	206.90513610839844	46	TimesNewRomanPSMT
ein geplantes Bewirtschaften von bewaldetem	121.49998474121094	283.09967041015625	10.03289794921875	216.6919403076172	46	TimesNewRomanPSMT
Land auf der Basis eines langfristigen Programms	121.3499984741211	293.902099609375	10.029754638671875	217.20075225830078	46	TimesNewRomanPSMT
nachhaltiger Höchsterzeugung von nutzbarem	121.5	304.53924560546875	10.04638671875	216.947021484375	46	TimesNewRomanPSMT
Holz dar. Forstwirtschaftliches Denken und Han­	121.5	315.3448791503906	10.03912353515625	217.37997436523438	46	TimesNewRomanPSMT
deln ist noch verhältnismäßig jung in der Welt.	121.80000305175781	325.994873046875	10.03912353515625	216.5160675048828	46	TimesNewRomanPSMT
In den Entwicklungsländern des Fernen Ostens	132.3000030517578	341.313720703125	10.01470947265625	206.31886291503906	47	TimesNewRomanPSMT
gibt es bereits eine forstwirtschaftliche Organisa­	121.80000305175781	351.9400634765625	10.04534912109375	216.9299774169922	47	TimesNewRomanPSMT
tion, doch ist das forstwirtschaftliche Denken in	121.94999694824219	362.5989074707031	10.033905029296875	216.5666046142578	47	TimesNewRomanPSMT
Thailand noch kein integrierender Bestandteil am	121.80000305175781	373.3892517089844	10.04638671875	216.64430236816406	47	TimesNewRomanPSMT
nationalen Leben geworden. Noch herrscht sowohl	121.6500015258789	384.0408630371094	10.0443115234375	216.7826156616211	47	TimesNewRomanPSMT
bei der Stadt- als auch bei der Landbevölkerung	121.94999694824219	394.8454284667969	10.03839111328125	216.4347686767578	47	TimesNewRomanPSMT
eine waldfeindliche Einstellung vor. Die forst­	122.4000015258789	405.4932556152344	10.04119873046875	216.3299789428711	47	TimesNewRomanPSMT
wirtschaftlichen Behörden finden selbst beim	122.4000015258789	416.14544677734375	10.038360595703125	216.07198333740234	47	TimesNewRomanPSMT
Parlament äußerst schwer Verständnis für ihre	122.4000015258789	426.93927001953125	10.04638671875	216.19808197021484	47	TimesNewRomanPSMT
Eingaben um Bewilligung von Waldreservaten,	122.55000305175781	437.5970458984375	10.03631591796875	215.88612365722656	47	TimesNewRomanPSMT
um Einschränkung des völlig ungeregelten Brand­	122.55000305175781	448.0908508300781	10.044342041015625	216.1799774169922	47	TimesNewRomanPSMT
rodungsbaus oder des illegalen Holzeinschlages.	122.69999694824219	459.0700988769531	10.006439208984375	215.50779724121094	47	TimesNewRomanPSMT
Mit der Forstwirtschaft verhält es sich ähnlich wie	122.55000305175781	469.8504943847656	10.0318603515625	216.32591247558594	47	TimesNewRomanPSMT
mit der Einführung technischer Errungenschaften	122.55000305175781	480.508544921875	10.02142333984375	216.2669219970703	47	TimesNewRomanPSMT
aller Art: Es ist einfach bei all diesen Entwick­	123.0	491.1393737792969	10.046234130859375	216.02999877929688	47	TimesNewRomanPSMT
lungsländern eine gewisse Reifezeit notwendig,	123.1500015258789	501.944091796875	10.0401611328125	215.49944305419922	47	TimesNewRomanPSMT
verbunden mit einer „Basic Education“ der breite­	122.55000305175781	512.60009765625	10.032318115234375	216.9299774169922	47	TimesNewRomanPSMT
sten Volksschichten, ehe der forstwirtschaftliche	123.1500015258789	523.2462158203125	10.037384033203125	216.3474349975586	47	TimesNewRomanPSMT
Gedanke wirklich ein anerkanntes Allgemeingut	123.1500015258789	534.03759765625	10.048492431640625	216.28038787841797	47	TimesNewRomanPSMT
einer Nation werden kann.	123.44999694824219	544.5372314453125	10.049041748046875	118.29568481445312	47	TimesNewRomanPSMT
Ich bin mir völlig klar darüber, daß speziell in	134.10000610351562	559.6939086914062	10.040328979492188	205.4642333984375	48	TimesNewRomanPSMT
Thailand in den nächsten Jahren und Jahrzehnten	123.44999694824219	570.3689575195312	10.007919311523438	216.10926818847656	48	TimesNewRomanPSMT
der Brandrodungsbau nach wie vor betrieben wer­	123.5999984741211	581.1488647460938	10.033920288085938	216.32999420166016	48	TimesNewRomanPSMT
den wird und auch nicht abzustellen sein dürfte.	123.5999984741211	591.6458740234375	10.037811279296875	215.83728790283203	48	TimesNewRomanPSMT
Wenn man jedoch in Thailand Mittel und Wege	123.30000305175781	602.4398193359375	10.045623779296875	216.6414031982422	48	TimesNewRomanPSMT
dazu finden könnte, den Brandrodungsbau ledig­	123.5999984741211	612.941162109375	10.0439453125	216.47998809814453	48	TimesNewRomanPSMT
lich auf den gemischten, laubabwerfenden Mon­	123.5999984741211	623.58837890625	10.047470092773438	216.47998809814453	48	TimesNewRomanPSMT
sunwald ohne Teak zu beschränken und gleich­	123.44999694824219	634.253662109375	10.027679443359375	216.7799835205078	48	TimesNewRomanPSMT
zeitig den Landleuten die Auflage erteilt, in die	123.5999984741211	644.890869140625	10.044296264648438	216.4999771118164	48	TimesNewRomanPSMT
Brandrodungsflächen junge Teakpflanzen, erhal­	123.44999694824219	655.697998046875	10.035018920898438	216.9299774169922	48	TimesNewRomanPSMT
ten von den neuanzulegenden Pflanzgärten der	123.9000015258789	666.229736328125	9.993965148925781	216.3369369506836	48	TimesNewRomanPSMT
,Ranger Stations' mit einzupflanzen, so dürfte	124.05000305175781	676.8529052734375	10.028717041015625	216.27357482910156	48	TimesNewRomanPSMT
durch diese in Birma entwickelte Technik der	124.3499984741211	687.339599609375	10.045982360839844	215.85681915283203	48	TimesNewRomanPSMT
„Taungya Plantation“ heute noch immer die	351.45001220703125	85.542236328125	10.04254150390625	217.6982421875	49	TimesNewRomanPSMT
Möglichkeit gegeben sein, die Gefahr des völligen	351.1499938964844	96.19464111328125	10.0394287109375	218.10641479492188	49	TimesNewRomanPSMT
Verdrängens von Teak einzudämmen. Ob der­	351.29998779296875	106.9908447265625	10.0443115234375	217.83001708984375	49	TimesNewRomanPSMT
artige Wege in Thailand auf breiter Basis und	351.45001220703125	117.66766357421875	10.0096435546875	217.60174560546875	49	TimesNewRomanPSMT
durchgreifend beschritten werden können oder ob	351.45001220703125	128.4425048828125	10.04217529296875	217.8055419921875	49	TimesNewRomanPSMT
der regellose Brandrodungsbau dazu beitragen	351.45001220703125	138.95050048828125	10.0318603515625	217.621826171875	49	TimesNewRomanPSMT
wird, die Teakwirtschaft Thailands immer mehr	351.45001220703125	149.46844482421875	10.00860595703125	217.981201171875	49	TimesNewRomanPSMT
zurückgehen zu lassen, wird erst die Zukunft	351.45001220703125	160.09698486328125	10.036376953125	218.032470703125	49	TimesNewRomanPSMT
lehren.	351.45001220703125	170.59619140625	10.037353515625	28.786468505859375	49	TimesNewRomanPSMT
Literaturverzeichnis:	423.1499938964844	193.11041259765625	8.4957275390625	74.12423706054688	50	TimesNewRomanPS-ItalicMT
1. Barrau, ].: The „Bush Fallowing“ System of Cultiva-	355.79998779296875	206.88079833984375	8.52728271484375	213.3717041015625	51	TimesNewRomanPS-ItalicMT
tiön in the Continental Islands of Melanesia. Ninth	365.8500061035156	215.5811767578125	8.50347900390625	202.95034790039062	51	TimesNewRomanPSMT
Pacific Science Congress, 1957, Bangkok/Thailand.	366.0	224.12713623046875	8.5086669921875	189.9676513671875	51	TimesNewRomanPSMT
2. Bartlett, H. H.: Possible Separate Origin and Evolution	355.20001220703125	234.4813232421875	8.5267333984375	213.96075439453125	51	TimesNewRomanPS-ItalicMT
of the Ladang and Sawah Types of Tropical Agricul-	366.29998779296875	243.180419921875	8.50439453125	202.982666015625	51	TimesNewRomanPSMT
ture. Ninth Pacific Science Congress, 1957, Bangkok	366.1499938964844	251.881103515625	8.5035400390625	199.88394165039062	51	TimesNewRomanPSMT
Thailand.	366.0	260.2840576171875	8.49969482421875	34.08538818359375	51	TimesNewRomanPSMT
3. Bergeroo-Campagne: L’Agriculture Nomade de la Tri-	355.6499938964844	271.08062744140625	8.52752685546875	213.76376342773438	51	TimesNewRomanPS-ItalicMT
bu des N’Dranouas en Cote-DTvoire. FAO-Publ. on	366.29998779296875	279.63031005859375	8.50457763671875	203.10382080078125	51	TimesNewRomanPSMT
Shifting Cultivation, Vol. I, 1950.	366.45001220703125	288.1793212890625	8.505828857421875	125.786376953125	51	TimesNewRomanPSMT
4. Bourke-Borrowes, D.R.S.: The Teak Industry of Siam.	356.1000061035156	297.77880859375	8.529266357421875	213.13534545898438	51	TimesNewRomanPS-ItalicMT
Bangkok 1927.	366.29998779296875	306.1809997558594	8.503662109375	53.018524169921875	51	TimesNewRomanPSMT
5. Conklin, H.: Hanunoo Agriculture in the Philippines.	356.1000061035156	316.98052978515625	8.52734375	213.46578979492188	51	TimesNewRomanPS-ItalicMT
FAO-Publ. on Shifting Cultivation, Vol. II, 1957.	366.6000061035156	325.532958984375	8.501129150390625	185.48635864257812	51	TimesNewRomanPSMT
5a. Credner, W.: Siam, das Land der Thais. (Eine Landes­	351.75	336.1795349121094	8.5284423828125	217.93048095703125	51	TimesNewRomanPS-ItalicMT
kunde auf Grund eigener Reisen und Forschungen).	366.6000061035156	344.73040771484375	8.504425048828125	202.87374877929688	51	TimesNewRomanPSMT
Verlag: Engelhorn, Stuttgart, 1935.	366.75	353.2808837890625	8.503814697265625	129.38638305664062	51	TimesNewRomanPSMT
6. Fosberg, F. R.: Tropical Pacific Grasslands and Savan-	355.79998779296875	363.93328857421875	8.524139404296875	213.99468994140625	51	TimesNewRomanPS-ItalicMT
nas. s. o. Research Council, Washington, D. C., USA.	367.5	372.6313781738281	8.503204345703125	202.0880126953125	51	TimesNewRomanPSMT
Ninth Pacific Science Congress, 1957, Bangkok/Thai­	367.3500061035156	381.1808776855469	8.503814697265625	202.93051147460938	51	TimesNewRomanPSMT
land.	367.5	389.7331237792969	8.500885009765625	17.28924560546875	51	TimesNewRomanPSMT
7. Freeman, J. D.: The Methods of Land Usage Employed	355.79998779296875	400.8302001953125	8.52789306640625	213.94659423828125	51	TimesNewRomanPS-ItalicMT
by the Iban of Sarawak in the Shifting Cultivation of	366.75	409.3813171386719	8.503265380859375	203.13214111328125	51	TimesNewRomanPSMT
Hill Rice. Department of Anthropology and Sociology.	366.6000061035156	418.0803527832031	8.504486083984375	203.05117797851562	51	TimesNewRomanPSMT
The Australian National University, Canberra, A. C.	366.45001220703125	426.6311950683594	8.50341796875	203.4024658203125	51	TimesNewRomanPSMT
T., Australia, 1957. Ninth Pacific Science Congress,	366.45001220703125	436.0810546875	8.503570556640625	203.44964599609375	51	TimesNewRomanPSMT
1957, Bangkok/Thailand.	367.04998779296875	444.3375549316406	8.49517822265625	91.81948852539062	51	TimesNewRomanPSMT
8. Garland, E. A.: The Methods of Management in the	356.3999938964844	454.9787902832031	8.528228759765625	213.44186401367188	51	TimesNewRomanPS-ItalicMT
Mixed Deciduous Teak Bearing Forests of Kanara,	366.8999938964844	463.68109130859375	8.5035400390625	203.05697631835938	51	TimesNewRomanPSMT
Bombay Presidency. The Indian Forester, 1934, S. 819 ff.	369.8999938964844	472.23028564453125	8.50457763671875	199.82589721679688	51	TimesNewRomanPSMT
9. Kerr, A. F. G.: Sketch of the Vegetation of Chiengmai	356.25	482.73077392578125	8.527099609375	213.4595947265625	51	TimesNewRomanPS-ItalicMT
(Siam). Royal Botanic Gardens, KEW. Bull, of Miscel-	367.3500061035156	491.4284362792969	8.506988525390625	202.53335571289062	51	TimesNewRomanPSMT
laneous Information, 1911.	368.1000061035156	499.982666015625	8.501495361328125	98.31851196289062	51	TimesNewRomanPSMT
10. Krit Samapuddhi,: The Forests of Thailand and Fores-	352.6499938964844	510.78192138671875	8.52496337890625	217.22817993164062	51	TimesNewRomanPS-ItalicMT
try Programs. Mitt. des Royal Forest Department,	367.3500061035156	519.330078125	8.504852294921875	202.60714721679688	51	TimesNewRomanPSMT
Bangkok/Thailand, 1957.	367.20001220703125	527.7342529296875	8.499481201171875	90.536376953125	51	TimesNewRomanPSMT
11. Lafont, P. B.: Slash and Burn Culture Methods among	353.1000061035156	538.5305786132812	8.526824951171875	216.85671997070312	51	TimesNewRomanPS-ItalicMT
the Mountain Peoples of Central Viet-Nam. Ninth	368.3999938964844	547.3802490234375	8.504608154296875	201.75985717773438	51	TimesNewRomanPSMT
Pacific Science Congress, 1957, Bangkok/Thailand.	367.3500061035156	556.9771118164062	8.508651733398438	189.51345825195312	51	TimesNewRomanPSMT
12. Leach, E. R.: Some Economic Advantages of Shifting	353.25	567.6304931640625	8.527511596679688	216.7625732421875	51	TimesNewRomanPS-ItalicMT
Cultivation. University of Cambridge, England. Ninth	367.5	576.1845703125	8.499053955078125	202.2655029296875	51	TimesNewRomanPSMT
Pacific Science Congress, 1957, Bangkok/Thailand.	367.6499938964844	584.8807983398438	8.503921508789062	189.16928100585938	51	TimesNewRomanPSMT
13. Letourneux, Ch.: Report to the Government of Thai­	353.3999938964844	595.5308837890625	8.526123046875	216.88052368164062	51	TimesNewRomanPS-ItalicMT
land on „Reforestation in Thailand“. FAO-Report	367.79998779296875	604.0784912109375	8.506881713867188	202.06170654296875	51	TimesNewRomanPSMT
No. 47, 1952.	367.6499938964844	612.1835327148438	8.500442504882812	50.255340576171875	51	TimesNewRomanPSMT
14. Loetsch, F.: Inventory Methods for Tropical Forests.	353.54998779296875	623.4313354492188	8.525558471679688	216.4854736328125	51	TimesNewRomanPS-ItalicMT
FAO-Report No. 545, 1956.	367.95001220703125	631.6799926757812	8.504928588867188	104.33636474609375	51	TimesNewRomanPSMT
15. Loetsch, F.: A Forest Inventory in Thailand. Unasylva,	353.54998779296875	642.781005859375	8.52777099609375	216.68353271484375	51	TimesNewRomanPS-ItalicMT
Vol. 11, No. 4, 1957.	368.1000061035156	650.8817138671875	8.502716064453125	78.60107421875	51	TimesNewRomanPSMT
16. Loetsch, F.: Forest Inventory of the Northern Teak	353.70001220703125	661.9801025390625	8.527252197265625	216.46221923828125	51	TimesNewRomanPS-ItalicMT
Bearing Provinces of Thailand. FAO-Report, 1958.	367.95001220703125	670.681884765625	8.502517700195312	189.536376953125	51	TimesNewRomanPSMT
17. Loetsch, F.: The Teak Forests of Northern Thailand.	353.8500061035156	681.3309326171875	8.526863098144531	215.92410278320312	51	TimesNewRomanPS-ItalicMT
World Crops, Vol. 10, No. 4, 1957.	368.25	689.5792846679688	8.505874633789062	133.43637084960938	51	TimesNewRomanPSMT
Glenn Trewartha: Climate as Related to the Jet Stream in the Orient	133.35000610351562	55.7022705078125	8.50628662109375	247.58602905273438	52	TimesNewRomanPS-ItalicMT
205	471.8999938964844	55.07196044921875	8.50042724609375	12.901947021484375	53	Sylfaen
18. Marshall, C.: Land Utilization in the Humid Tropics.	37.20000076293945	81.48065185546875	8.5281982421875	215.41741561889648	54	TimesNewRomanPS-ItalicMT
Forest Service Malaya. Ninth Pacific Science Congress,	51.0	90.180908203125	8.5037841796875	201.66513061523438	54	TimesNewRomanPSMT
1957, Bangkok/Thailand.	51.29999923706055	98.58343505859375	8.50048828125	90.0193977355957	54	TimesNewRomanPSMT
19. Pit Hampananda: Reforestation of Imperata and other	37.04999923706055	109.381591796875	8.5255126953125	215.83615493774414	55	TimesNewRomanPS-ItalicMT
Wast Lands. Royal Forest Department, Thailand.	50.84999084472656	118.0809326171875	8.50372314453125	201.6354217529297	55	TimesNewRomanPSMT
Ninth Pacific Science Congress, 1957, Bangkok/Thai­	51.599998474121094	126.47955322265625	8.50555419921875	201.58051300048828	55	TimesNewRomanPSMT
land.	51.0	134.7349853515625	8.49847412109375	17.128089904785156	55	TimesNewRomanPSMT
20. Pelzer, K. ].: Agriculture in the Humid Tropics. Yale	36.29999923706055	144.63079833984375	8.527099609375	216.28877639770508	56	TimesNewRomanPS-ItalicMT
University, New Haven, Comm., USA. Ninth Pacific	50.70000076293945	152.8822021484375	8.5020751953125	201.8725700378418	56	TimesNewRomanPSMT
Science Congress, 1957, Bangkok/Thailand.	50.70000076293945	161.42803955078125	8.50750732421875	159.96752548217773	56	TimesNewRomanPSMT
21. Pendleton, R. L.: Soils of Thailand. Soil Technology	36.150001525878906	171.03021240234375	8.5279541015625	216.17292022705078	56	TimesNewRomanPS-ItalicMT
Advisor, Ministry of Agriculture, Thailand. Ninth	50.849998474121094	179.58184814453125	8.50250244140625	201.66223907470703	56	TimesNewRomanPSMT
Pacific Science Congress, 1957, Bangkok/Thailand.	50.849998474121094	188.134521484375	8.4990234375	193.26752471923828	56	TimesNewRomanPSMT
22. Prasiddhi Phumxusri: Tea in Thailand. Me-Malai	265.95001220703125	81.33062744140625	8.5274658203125	218.6328125	57	TimesNewRomanPS-ItalicMT
Farm, Chiengmai, Thailand. Ninth Pacific Science	280.95001220703125	89.88079833984375	8.50384521484375	203.78790283203125	57	TimesNewRomanPSMT
Congress, 1957, Bangkok/Thailand.	280.95001220703125	98.58416748046875	8.49951171875	131.01336669921875	57	TimesNewRomanPSMT
23. Rue de la, F. A.: Man’s Influence on Tropical Vegeta­	266.1000061035156	108.1802978515625	8.52685546875	218.68051147460938	57	TimesNewRomanPS-ItalicMT
tion. Paris, Frankreich. Ninth Pacific Science Congress,	280.79998779296875	116.73046875	8.50433349609375	203.85769653320312	57	TimesNewRomanPSMT
1957, Bangkok/Thailand.	281.25	125.279541015625	8.50555419921875	92.05599975585938	57	TimesNewRomanPSMT
24. Tondeur: L’Agriculture Nomade au Congo Beige. FAO-	265.95001220703125	135.03045654296875	8.52679443359375	218.56021118164062	57	TimesNewRomanPS-ItalicMT
Publ. on Shifting Cultivation, Vol. I, 1950.	280.6499938964844	143.581298828125	8.50323486328125	163.65261840820312	57	TimesNewRomanPSMT
25. Troup, R. S.: Teak Forests of Birma. The Indian	266.1000061035156	152.88104248046875	8.527099609375	217.89382934570312	57	TimesNewRomanPS-ItalicMT
Forest Records, 1911, S. 11.	280.79998779296875	161.4306640625	8.50408935546875	103.11514282226562	57	TimesNewRomanPSMT
26. — : General Situation of Floods and Draughts expe-	266.70001220703125	171.03070068359375	8.5040283203125	217.62200927734375	57	TimesNewRomanPSMT
rienced in the Rivers of Thailand. Veröffentl. aus dem	281.3999938964844	179.5794677734375	8.505615234375	202.69393920898438	57	TimesNewRomanPSMT
Royal Thai Irrigation Deparment, 1956.	281.70001220703125	188.1295166015625	8.50555419921875	151.42141723632812	57	TimesNewRomanPSMT
CLIMATE AS RELATED TO THE JET STREAM IN	94.3499984741211	235.3944091796875	10.0396728515625	257.89173126220703	58	TimesNewRomanPSMT
THE	358.04998779296875	235.39678955078125	10.03662109375	22.10565185546875	59	TimesNewRomanPSMT
ORIENT	385.79998779296875	235.4447021484375	9.97454833984375	43.6751708984375	60	TimesNewRomanPSMT
Glenn Trewartha	223.0500030517578	250.43402099609375	10.02392578125	73.20964050292969	61	TimesNewRomanPS-ItalicMT
With 9 figures.	231.60000610351562	267.33203125	8.50225830078125	55.906402587890625	62	TimesNewRomanPSMT
Das Klima des Orients in seinem Verhältnis zum	53.25	288.80377197265625	8.504302978515625	183.0384979248047	63	TimesNewRomanPS-ItalicMT
jet stream	126.0	297.35333251953125	8.504852294921875	35.99729919433594	63	TimesNewRomanPS-ItalicMT
Zusammenfassung: Es bestehen ziemlich überzeugende	45.150001525878906	309.93133544921875	8.524810791015625	207.95384979248047	64	TimesNewRomanPS-ItalicMT
Beweisgründe dafür, daß viele charakteristische Eigenschaf­	36.30000305175781	318.63043212890625	8.504364013671875	217.1804962158203	64	TimesNewRomanPSMT
ten des Klimas von Ost- und Südasien sich aus bedeuten­	36.599998474121094	327.0303649902344	8.50445556640625	217.03050994873047	64	TimesNewRomanPSMT
den Veränderungen der Windsysteme, die im Zusammen­	36.599998474121094	335.5802001953125	8.504638671875	217.03050994873047	64	TimesNewRomanPSMT
hang mit Verlagerungen der jet streams stehen, ergeben.	36.599998474121094	343.9784240722656	8.506988525390625	216.72022247314453	64	TimesNewRomanPSMT
Für diese jahreszeitlichen Verlagerungen der jet streams	36.75	352.6819763183594	8.502349853515625	216.6431121826172	64	TimesNewRomanPSMT
spielen die Hochländer von Zentralasien eine bedeutende	36.45000076293945	360.92938232421875	8.505706787109375	217.05511093139648	64	TimesNewRomanPSMT
Rolle. Die Zerteilung der zonalen Westwinde während des	36.599998474121094	369.480224609375	8.504638671875	216.77198028564453	64	TimesNewRomanPSMT
Winters, wodurch ein jet stream von hoher Geschwindig­	36.75	377.8799743652344	8.504974365234375	217.03050231933594	64	TimesNewRomanPSMT
keit an der Südflanke des Himalaja fixiert wird, hat wich­	36.75	386.427978515625	8.507537841796875	216.88050842285156	64	TimesNewRomanPSMT
tige klimatische Wirkungen zur Folge. Durch den regenerie­	36.599998474121094	395.1795959472656	8.50543212890625	217.03050994873047	64	TimesNewRomanPSMT
renden und steuernden Einfluß des jet auf atmosphärische	36.75	403.53143310546875	8.503082275390625	216.52691650390625	64	TimesNewRomanPSMT
Störungen werden die Winterniederschläge auf Nordindien-	36.599998474121094	412.2314453125	8.503082275390625	216.77655792236328	64	TimesNewRomanPSMT
Pakistan und Südchina lokalisiert. Auf der äquatorialen	36.45000076293945	420.4811706542969	8.50341796875	216.7454490661621	64	TimesNewRomanPSMT
Seite des Himalaja-jet rufen kräftige Abwinde die Trocken­	36.75	429.1799011230469	8.505035400390625	217.03050231933594	64	TimesNewRomanPSMT
zeiten des Winters und Frühlings, besonders im Subkonti­	36.75	437.5810852050781	8.503509521484375	217.03050231933594	64	TimesNewRomanPSMT
nent, hervor. Der schwächere und örtlich weniger fixierte	36.75	445.67803955078125	8.5074462890625	216.70448303222656	64	TimesNewRomanPSMT
nördliche Arm des Winter-jet, nördlich der zentralen Hoch­	36.75	454.1313781738281	8.503143310546875	217.03050231933594	64	TimesNewRomanPSMT
länder gelegen, hat keine derartigen, die Winternieder­	36.900001525878906	462.6805419921875	8.50421142578125	216.88050079345703	64	TimesNewRomanPSMT
schläge regionalisierenden Auswirkungen wie der mehr fest­	37.04999923706055	471.4813232421875	8.50323486328125	217.0305061340332	64	TimesNewRomanPSMT
gelegte südliche Arm. In der tibetanischen, leeseitigen Kon­	36.45000076293945	479.8802185058594	8.504638671875	217.33050155639648	64	TimesNewRomanPSMT
vergenzzone zwischen den beiden Winter-jets liegt eine	36.75	488.283203125	8.500762939453125	216.79440307617188	64	TimesNewRomanPSMT
der kontinentalen Hauptregionen starker Zyklogenese, wo­	36.599998474121094	496.73333740234375	8.5006103515625	217.18050384521484	64	TimesNewRomanPSMT
bei die dort entstandenen Störungen die Winterregen be­	36.599998474121094	505.3821105957031	8.502166748046875	217.18050384521484	64	TimesNewRomanPSMT
tont auf Südchina konzentrieren. Die ozeanischen Zentren	37.20000076293945	513.6312866210938	8.50323486328125	216.46633529663086	64	TimesNewRomanPSMT
der Zyklogenese fallen mit den Winterlagen der beiden	36.599998474121094	522.3302001953125	8.504638671875	216.85660552978516	64	TimesNewRomanPSMT
jets in der Nähe von Japan zusammen.	37.20000076293945	530.73046875	8.5042724609375	144.41408920288086	64	TimesNewRomanPSMT
Gleichzeitig mit der Anfang Juni stattfindenden Ver­	45.45000076293945	539.3300170898438	8.504898071289062	208.6305046081543	64	TimesNewRomanPSMT
lagerung des südlichen jet von seiner Winterlage südlich	36.599998474121094	547.83056640625	8.50421142578125	217.0119857788086	64	TimesNewRomanPSMT
des Himalaja zu einer, die nördlich der zentralen Hoch­	36.75	556.5323486328125	8.501922607421875	217.63050842285156	64	TimesNewRomanPSMT
länder verläuft, folgt ein schneller Vorstoß äquatorialer	36.45000076293945	564.8300170898438	8.504959106445312	217.58745956420898	64	TimesNewRomanPSMT
Luft über Süd- und Ostasien nach Norden, der seinerseits	36.599998474121094	573.5306396484375	8.504180908203125	217.3261489868164	64	TimesNewRomanPSMT
die Sommerregenzeit mit dem „Burst of Monsoon“ in	36.599998474121094	582.1795043945312	8.50555419921875	217.21247100830078	64	TimesNewRomanPSMT
Indien und dem Einsetzen der „Baiu Rains“ in Ostasien	36.75	590.43017578125	8.504669189453125	217.10458374023438	64	TimesNewRomanPSMT
einleitet.	36.29999923706055	598.3819580078125	8.502395629882812	30.566951751708984	64	TimesNewRomanPSMT
To an overwhelming degree regional climato­	47.70000076293945	620.7969970703125	10.03631591796875	206.73000717163086	65	TimesNewRomanPSMT
logy bas been descriptive in character, while ge-	36.900001525878906	631.1416625976562	10.043289184570312	217.08492279052734	65	TimesNewRomanPSMT
nesis or explanation has been neglected. This is a	37.04999923706055	642.2493896484375	10.033233642578125	217.07855606079102	65	TimesNewRomanPSMT
highly regrettable Situation. A second disappoint-	36.900001525878906	652.59814453125	10.03485107421875	216.89366912841797	65	TimesNewRomanPSMT
ing feature is that climatic description has been	36.900001525878906	663.2703857421875	10.006072998046875	217.01944732666016	65	TimesNewRomanPSMT
based very largely upon averages of the climatic	37.04999923706055	674.3392333984375	10.046401977539062	216.94621658325195	65	TimesNewRomanPSMT
elements, while the dynamic weather element,	37.349998474121094	685.4165649414062	10.011039733886719	216.5990982055664	65	TimesNewRomanPSMT
either in the form of the atmospheric disturbance	267.0	288.801025390625	10.031158447265625	216.78433227539062	66	TimesNewRomanPSMT
as portrayed on the synoptic chart, or the more	267.0	299.447265625	10.0360107421875	216.77532958984375	66	TimesNewRomanPSMT
durable “grosswetter” Situation, has been seriously	267.0	309.9605407714844	10.018798828125	216.5491943359375	66	TimesNewRomanPSMT
neglected.	267.1499938964844	321.18878173828125	10.0469970703125	41.9306640625	66	TimesNewRomanPSMT
At no time, however, has climatology been so	277.3500061035156	331.4037170410156	10.027618408203125	206.11370849609375	66	TimesNewRomanPSMT
richly provided with the tools and methods re-	267.45001220703125	342.0480651855469	10.03497314453125	215.85726928710938	66	TimesNewRomanPSMT
quired for climatic explanation as at present.	267.45001220703125	352.8432312011719	10.04119873046875	215.45712280273438	66	TimesNewRomanPSMT
Since a climate has its origin in physical processes	267.29998779296875	363.51531982421875	10.012603759765625	215.81393432617188	66	TimesNewRomanPSMT
of the atmosphere, it follows that the genetic	267.29998779296875	374.04144287109375	10.043548583984375	215.83151245117188	66	TimesNewRomanPSMT
climatologist is dependent upon atmospheric	267.1499938964844	384.7916564941406	10.04327392578125	215.91867065429688	66	TimesNewRomanPSMT
physics for insight into climatic qualities and	267.0	395.5884094238281	10.047454833984375	215.81503295898438	66	TimesNewRomanPSMT
distributions. As a consequence of the phenomenal	267.1499938964844	406.2547607421875	10.026275634765625	215.69659423828125	66	TimesNewRomanPSMT
strides made by meteorological Science over the	267.1499938964844	416.8900146484375	10.04534912109375	215.696533203125	66	TimesNewRomanPSMT
last two decades, a similar accelerated develop­	267.1499938964844	427.53826904296875	10.047637939453125	215.72998046875	66	TimesNewRomanPSMT
ment in genetic climatology is capable of achieve-	267.1499938964844	438.20452880859375	10.026611328125	215.41928100585938	66	TimesNewRomanPSMT
ment. This paper is meant to provide a sample of	267.29998779296875	448.69805908203125	10.03497314453125	215.5538330078125	66	TimesNewRomanPSMT
how this new meteorological material can be made	267.1499938964844	459.35418701171875	10.02703857421875	215.45294189453125	66	TimesNewRomanPSMT
to function climatically.	267.29998779296875	470.3189697265625	10.007904052734375	104.9949951171875	66	TimesNewRomanPSMT
One of the relatively new discoveries concern-	277.79998779296875	480.6497802734375	10.03271484375	204.58660888671875	66	TimesNewRomanPSMT
ing the atmosphere and its circulation is the	267.29998779296875	491.2940673828125	10.0401611328125	215.12399291992188	66	TimesNewRomanPSMT
existence at high altitudes in the lower middle	267.6000061035156	502.09320068359375	10.04119873046875	214.75039672851562	66	TimesNewRomanPSMT
latitudes of the jet stream, or streams. Since its	267.45001220703125	512.7391357421875	10.046478271484375	214.8963623046875	66	TimesNewRomanPSMT
discovery less than 15 years ago, the jet stream	267.75	523.54248046875	10.042205810546875	214.5694580078125	66	TimesNewRomanPSMT
and its effects upon weather have been the object	267.75	534.1890869140625	10.046630859375	214.6683349609375	66	TimesNewRomanPSMT
of very intensive research. The effects are ex-	267.75	544.992431640625	10.042205810546875	214.51406860351562	66	TimesNewRomanPSMT
pressed in a variety of ways but chiefly through, (1)	267.1499938964844	555.654541015625	10.026535034179688	214.95053100585938	66	TimesNewRomanPSMT
the jet’s regenerative and steering effects upon	268.04998779296875	566.441650390625	10.043289184570312	214.30694580078125	66	TimesNewRomanPSMT
cyclonic disturbances and (2) thestrongsubsidence	267.6000061035156	577.0940551757812	10.0401611328125	215.41754150390625	66	TimesNewRomanPSMT
which develops to the north and south of the jet	267.75	587.8941040039062	10.04010009765625	215.1199951171875	66	TimesNewRomanPSMT
axis. It has not been proven that the jet actually	267.8999938964844	598.7054443359375	10.025390625	214.98635864257812	66	TimesNewRomanPSMT
originates the atmospheric perturbations, but	267.75	609.2177124023438	10.009536743164062	214.98663330078125	66	TimesNewRomanPSMT
certainly they intensify and concentrate under-	267.75	619.8440551757812	10.0401611328125	214.625	66	TimesNewRomanPSMT
neath the jet stream and their trajectories tend to	267.75	630.49169921875	10.043243408203125	214.6142578125	66	TimesNewRomanPSMT
follow its course, so that thay are steered by it.	267.8999938964844	641.140625	10.0445556640625	214.085693359375	66	TimesNewRomanPSMT
The function served by the jet appears to be that of	267.29998779296875	651.7980346679688	10.034957885742188	215.27920532226562	66	TimesNewRomanPSMT
removing the air aloft which is rising in the con-	267.8999938964844	662.4376220703125	10.048477172851562	214.41305541992188	66	TimesNewRomanPSMT
vergent cyclonic System at lower levels. Since the	267.6000061035156	673.1156616210938	10.012138366699219	214.97396850585938	66	TimesNewRomanPSMT
jet stream represents a strong convergence of air	267.45001220703125	683.7525634765625	10.02911376953125	215.11215209960938	66	TimesNewRomanPSMT
