ELMAR KULKE	46.04999923706055	16.3447265625	13.97802734375	71.11215591430664	0	ArialMT
12	56.54999923706055	810.1482543945312	13.97340202331543	12.615726470947266	1	ArialMT
„Auferstanden aus Ruinen“ -	125.69999694824219	58.01068115234375	26.0260009765625	334.2035675048828	2	ArialMT
Neue Wirtschaftscluster in Berlin	126.9000015258789	89.35345458984375	26.03546142578125	384.6357955932617	2	ArialMT
Nach mehreren Jahrzehnten ausgeprägter Suburbanisierung kennzeichnen gegenwärtig	125.69999694824219	144.4771728515625	9.99993896484375	387.0750274658203	3	ArialMT
innerstädtische Nutzungsveränderungen die Entwicklung der Stadtlandschaften in Deutschland.	125.69999694824219	159.29095458984375	10.04742431640625	420.32997131347656	4	ArialMT
Das Auftreten von Verfügungsflächen aufgrund des wirtschaftlichen Strukturwandels	126.1500015258789	174.1661376953125	10.01434326171875	371.65404510498047	5	ArialMT
erlaubt Folgenutzungen durch neu sich entwickelnde und stark auf räumliche Konzentration	125.8499984741211	189.0220947265625	10.006591796875	402.34452056884766	6	ArialMT
orientierte wirtschaftliche Aktivitäten. In Berlin zeigten sich in den letzten beiden Jahrzehnten	126.1500015258789	203.8516845703125	10.0333251953125	410.51583099365234	7	ArialMT
diese Veränderungen durch neue Raumkonfigurationen in ausgeprägtem Maße.	126.30000305175781	218.720703125	10.0084228515625	345.85902404785156	8	ArialMT
er ökonomische Transformationspro­ Brachflächen auftraten, wo sich früher Gewerbe- und	182.39999389648438	263.3212890625	9.30279541015625	393.5161437988281	9	Cambria
zess führte dazu, dass in Berlin viele Industriegebiete, Bahn- oder Hafenanlagen befanden.	182.5500030517578	275.47064208984375	9.304931640625	393.04039001464844	9	Cambria
wirtschaftliche Aktivitäten in innerstäd­ Berechnungen der Senatsverwaltung für Stadtent­	182.39999389648438	287.4727783203125	9.30218505859375	394.3379821777344	9	Cambria
Ddig subventionierten Industrieproduktionend,ewrieGebseai­mtfläche Berlins) für Folgenutzungen zur	128.6999969482422	292.1966552734375	82.00799560546875	447.48243713378906	9	Cambria
tischen Lagen aufgegeben wurden. Aus wicklung ergaben (vgl. Sen Stadt 2011), dass im Jahr	182.5500030517578	299.62091064453125	9.15399169921875	393.44664001464844	9	Cambria
Westberlin verschwanden die hochgra­ 2010 ca. 4441ha Brachflächen (entspricht etwa 5%	182.5500030517578	311.6212158203125	9.15350341796875	393.5718231201172	9	Cambria
spielsweise große Teile der ZigarettenindusVterirefü,guunndg standen.	182.39999389648438	335.77069091796875	9.15521240234375	254.2940673828125	9	Cambria
in Ostberlin schlossen die nicht mehr wettbewerbs­ Gleichzeitig konnte Berlin, aufgrund der dort durch	127.3499984741211	347.6209716796875	9.302734375	448.9288101196289	9	Cambria
fähigen Industriebetriebe (vgl. Kulke 2003); das Ergeb­ Regierungsfunktionen, Forschungs-, Bildungs- und	127.3499984741211	357.8389587402344	11.086029052734375	449.0234146118164	9	Cambria
nis war ein massiver Deindustrialisierungsprozess. Kultureinrichtungen vorhandenen Agglomerations­	127.5	371.7711486816406	9.303802490234375	449.83795166015625	9	Cambria
Heute ist in Berlin der Anteil von Industriebeschäftig­ vorteile, in den letzten Jahrzehnten sich neu entwik-	127.80000305175781	383.77056884765625	9.305328369140625	448.6859588623047	9	Cambria
ten nur halb so hoch wie im Bundesdurchschnitt und kelnde ökonomische Aktivitäten gewinnen. Gerade die	127.6500015258789	395.9216613769531	9.153717041015625	448.83272552490234	9	Cambria
zugleich hat die Stadt die höchste Arbeitslosenquote stark expandierenden Aktivitäten aus den Bereichen	127.94999694824219	407.9200134277344	9.1553955078125	448.65235900878906	9	Cambria
aller deutschen Agglomerationen (vgl. Beitrag Dannen­ hochwertige Unternehmensdienstleistungen, Kultur­	127.94999694824219	417.9883117675781	11.086700439453125	449.53797912597656	9	Cambria
berg in diesem Heft). ökonomie, Technologieunternehmen sowie Touris­	128.10000610351562	429.8410949707031	11.083343505859375	449.5379943847656	9	Cambria
In Europa ist Berlin die einzige Hauptstadt, deren mus und Einzelhandel zeigten eine starke Orientie­	139.35000610351562	444.07061767578125	9.004791259765625	438.2879943847656	9	Cambria
Pro-Kopf-Einkommen unter dem nationalen Mittel­ rung auf Berlin. Heute ist die Stadt in diesen Feldern	128.39999389648438	456.07110595703125	9.003936767578125	448.5718078613281	9	Cambria
wert liegt. Zugleich erfolgten massive Veränderungen die wichtigste Metropole Deutschlands und auch im	128.09999084472656	468.0711975097656	9.15386962890625	448.9635467529297	9	Cambria
im Verkehrssystem; Straßentransporte gewannen internationalen Maßstab bedeutsam (vgl. Kulke 2010,	128.5500030517578	478.1389465332031	11.08544921875	448.33164978027344	9	Cambria
an Bedeutung und die Transporteure sowie Logistik­ Stein 2009). Viele dieser neuen Aktivitäten nutzten die	128.6999969482422	490.1410827636719	11.08526611328125	448.3836212158203	9	Cambria
dienstleister siedelten sich an den Autobahnen des Verfügungsflächen und trugen damit zum Wandel der	128.6999969482422	504.2209167480469	9.004241943359375	448.65907287597656	9	Cambria
Umlandes an. Beide Prozesse führten dazu, dass in­ Stadtlandschaft bei. Diese wird immer mehr durch	128.85000610351562	516.22119140625	9.003814697265625	448.6288146972656	9	Cambria
nerhalb des Berliner Stadtgebietes in großem Ausmaß neue Raumkonfigurationen geprägt; miteinander	129.0	528.3717041015625	9.00286865234375	448.4991455078125	9	Cambria
Abb. 1: Cluster­	511.3500061035156	742.5460205078125	9.500251770019531	56.815032958984375	10	Arial-BoldMT
ansatz nach	511.5	754.3916015625	9.506256103515625	42.16680908203125	10	Arial-BoldMT
Porter	512.0999755859375	767.3657836914062	7.995170593261719	22.53167724609375	10	Arial-ItalicMT
Quelle: Porter 1993	511.6499938964844	780.3174438476562	7.557098388671875	42.426727294921875	10	Arial-BoldMT
Geographische Rundschau 2 I 2013	450.0	815.5960083007812	8.007440567016602	129.94512939453125	11	ArialMT
..Auferstanden aus Ruinen" - Neue Wirtschaftscluster in Berlin	226.0500030517578	12.38104248046875	14.06158447265625	320.1820526123047	12	ArialMT
vernetzte oder voneinander profitierende Aktivitäten	19.950000762939453	56.170654296875	9.0047607421875	216.66933822631836	13	Cambria
siedeln sich in räumlicher Nähe zueinander an. Berlin	20.399999618530273	68.320068359375	9.005859375	216.1870517730713	13	Cambria
weist dafür viele Beispiele auf, wie die Konzentration	20.100000381469727	80.62066650390625	9.00469970703125	216.52548789978027	13	Cambria
von Regierungsaktivitäten und damit verbundenen	19.949996948242188	92.62109375	9.0040283203125	216.6408233642578	13	Cambria
Einrichtungen um Reichstag und Brandenburger Tor,	20.549999237060547	104.770751953125	9.004638671875	215.73080825805664	13	Cambria
wie die hochwertigen Unternehmensdienstleistungen	20.100000381469727	116.77166748046875	9.00299072265625	216.2827663421631	13	Cambria
am Potsdamer Platz oder wie die Kulturökonomien im	20.399999618530273	129.0706787109375	9.0047607421875	216.1684970855713	13	Cambria
Residenzstadtgebiet und in der MediaSpree (vgl. Kulke	20.399999618530273	139.138916015625	11.08697509765625	216.26868629455566	13	Cambria
2012 sowie den Magazinteil in diesem Heft).	20.25	153.52191162109375	9.0025634765625	175.46926879882812	13	Cambria
Rahmenbedingungen für neue	21.149999618530273	180.28448486328125	13.04248046875	136.7900791168213	14	Arial-BoldMT
räumliche Konzentrationen	20.850000381469727	195.1551513671875	13.014404296875	124.27754783630371	14	Arial-BoldMT
Begründungen für die neuen räumlichen Konzentra­	20.399999618530273	213.82086181640625	9.00445556640625	217.18801307678223	15	Cambria
tionen lassen sich sowohl auf Seiten der unternehme­	20.100000381469727	225.97003173828125	9.005859375	217.48801231384277	15	Cambria
rischen Standortentscheidungen als auch auf der Seite	20.25	237.9716796875	9.00286865234375	216.48300170898438	15	Cambria
der planerisch-raumwirtschaftspolitischen Maßnah­	20.100000381469727	249.9732666015625	9.0	217.63800621032715	15	Cambria
men finden. Für Standortentscheidungen von Unter­	20.25	262.1217041015625	9.00286865234375	217.48800659179688	15	Cambria
nehmen besitzt in einer Wissensgesellschaft die räum­	20.25	274.2708740234375	9.00445556640625	217.48800659179688	15	Cambria
liche Nähe - „proximity matters“ - große Bedeutung.	20.25	284.33154296875	11.09295654296875	216.1664276123047	15	Cambria
Räumliche Nähe erleichtert zum einen Verflechtun­	20.25	298.4208984375	9.0042724609375	217.48800659179688	15	Cambria
gen untereinander und räumliche Konzentrationen	19.950000762939453	310.42279052734375	9.00091552734375	216.97243881225586	15	Cambria
sind zum anderen für Kunden oder Klienten attrakti­	20.25	322.56884765625	9.00799560546875	217.3380126953125	15	Cambria
ver. Das Element der Verflechtungen zwischen Betrie­	19.799999237060547	334.56964111328125	9.006591796875	217.93800735473633	15	Cambria
ben und ihrem Umfeld behandeln die seit den 1990er	19.950000762939453	346.7216796875	9.0029296875	216.69587326049805	15	Cambria
Jahren intensiv diskutierten Clusteransätze (vor allem	19.350000381469727	358.71990966796875	9.006134033203125	217.3726100921631	15	Cambria
angeregt durch Porter 1993; vgl. dazu Abb.l; Kulke	20.100000381469727	368.7858581542969	11.089202880859375	216.5686855316162	15	Cambria
2009, S. 125 f.).	20.100000381469727	380.7896423339844	11.085968017578125	58.05728721618652	15	Cambria
Räumliche Nähe reduziert demnach nicht nur die	31.350000381469727	395.0206298828125	9.004791259765625	205.41449546813965	15	Cambria
Transport- (z. B. für Zulieferung oder Weiterverarbei­	19.799999237060547	407.02069091796875	9.00469970703125	217.78801345825195	15	Cambria
tung) und Transaktionskosten (für die Organisation	19.950000762939453	419.0218811035156	9.0025634765625	216.74106979370117	15	Cambria
von Beziehungen), sondern ermöglicht die Heraus­	19.649999618530273	431.022705078125	9.001068115234375	217.93801307678223	15	Cambria
bildung von gemeinsamen Lern- und Innovationspro­	19.950000762939453	443.0204162597656	9.00518798828125	217.33800888061523	15	Cambria
zessen. Dabei steigern Kooperation und Konkurrenz	20.100000381469727	455.1705322265625	9.00494384765625	216.3732509613037	15	Cambria
gleichermaßen die Wettbewerbsfähigkeit der zu dem	19.799999237060547	467.171142578125	9.003875732421875	216.78451919555664	15	Cambria
Cluster gehörenden Einheiten. Kooperation in Netz­	20.100000381469727	479.17120361328125	9.0037841796875	217.48801231384277	15	Cambria
werken erlaubt den Austausch von implizitem Wissen	19.799999237060547	491.1708679199219	9.004364013671875	216.91920852661133	15	Cambria
(tacit knowledge) und damit kollektive Lernprozesse;	20.100000381469727	501.2362976074219	11.087677001953125	216.2430477142334	15	Cambria
die Einbettung in ein gemeinsames kulturelles, sozi­	19.950000762939453	515.3213500976562	9.00360107421875	217.63801193237305	15	Cambria
ales und politisches Umfeld, Möglichkeiten zum per­	19.950000762939453	527.3206787109375	9.004791259765625	217.63801193237305	15	Cambria
sönlichen Kontakt (face-to-face, auch an so genannten	20.100000381469727	537.2339477539062	11.0914306640625	216.5826930999756	15	Cambria
Dritten Orten wie Restaurants oder Bibliotheken) und	20.100000381469727	551.3219604492188	9.00250244140625	216.81630516052246	15	Cambria
durch Beziehungen gewachsenes Vertrauen begün­	19.950000762939453	563.471435546875	9.003448486328125	217.63801193237305	15	Cambria
stigen diese Innovationsprozesse. Innovationen er­	19.950000762939453	575.4700927734375	9.005889892578125	217.63801193237305	15	Cambria
zeugende und Wettbewerbsfähigkeit steigernde Inter­	19.950000762939453	587.62158203125	9.00311279296875	217.63801193237305	15	Cambria
aktionen können dabei sowohl einen permanenten	19.950000762939453	599.472412109375	9.001602172851562	217.11948776245117	15	Cambria
Charakter - durch dauernde Zusammenarbeit - als	19.950000762939453	611.6213989257812	9.003494262695312	216.7679557800293	15	Cambria
auch einen temporären sich wiederholenden Charak­	19.950000762939453	623.471435546875	9.003326416015625	217.9379997253418	15	Cambria
ter durch Projektzusammenarbeit aufweisen. Zusätz­	19.799999237060547	635.32177734375	9.002777099609375	218.0880012512207	15	Cambria
lich zu intensiven lokalen Vernetzungen (strong ties)	19.950000762939453	645.0853881835938	11.089019775390625	216.9333152770996	15	Cambria
sind allerdings auch Verbindungen nach außerhalb	19.950000762939453	659.321044921875	9.004058837890625	216.9140281677246	15	Cambria
erforderlich (weak ties), damit nicht die Gefahr einer	19.799999237060547	669.2398681640625	11.084548950195312	217.24025344848633	15	Cambria
zu geringen Offenheit gegenüber anderen Ideen und	19.950000762939453	683.1712646484375	9.003738403320312	216.96758651733398	15	Cambria
Neuerungen auftritt (das so genannte lock in-Phäno-	20.100000381469727	693.08203125	11.092849731445312	216.9220790863037	15	Cambria
men). Neben Interaktionen steigert auch die Beobach­	20.25	707.321044921875	9.004058837890625	217.63800048828125	15	Cambria
tung von Strategien und Neuerungen bei den benach­	20.100000381469727	719.1705322265625	9.004913330078125	217.63800621032715	15	Cambria
barten Konkurrenten die Innovationsbereitschaft.	19.950000762939453	731.3220825195312	9.002204895019531	199.86371994018555	15	Cambria
Die Cluster-Ansätze wurden in den vergangenen	31.5	743.320556640625	9.004920959472656	205.567626953125	15	Cambria
Jahren nicht nur auf wissenschaftlicher Seite inten­	19.200000762939453	755.171875	9.002532958984375	218.6879997253418	15	Cambria
siv diskutiert, sie sind auch in die kommunale Wirt­	20.100000381469727	767.0219116210938	9.002578735351562	217.63800621032715	15	Cambria
schaftspolitik eingeflossen (vgl. Fromhold-Eisebith und	20.100000381469727	777.0851440429688	11.088607788085938	216.8175868988037	15	Cambria
Geographische Rundschau 2 I 2013	20.25	813.497314453125	8.005748748779297	129.2710723876953	16	ArialMT
TEXTBOX	259.6499938964844	64.2286376953125	9.998046875	45.27813720703125	17	ArialMT
Leitbilder der Stadtentwicklung in Deutschland	260.1000061035156	90.84783935546875	8.00567626953125	180.36392211914062	18	Arial-BoldMT
nach dem Zweiten Weltkrieg	259.95001220703125	103.15203857421875	8.00006103515625	108.02371215820312	18	Arial-BoldMT
Wiederaufbau 1945 bis 1960: organische, aufgelocker­	259.5	126.49798583984375	8.0048828125	201.864013671875	19	ArialMT
te und gegliederte Stadt = moderner Neubau, tradi­	259.5	138.19586181640625	8.0076904296875	201.864013671875	19	ArialMT
tionsorientierter Wiederaufbau	259.5	150.05108642578125	8.0008544921875	114.88693237304688	19	ArialMT
1960-1975 (Westdeutschland): „Urbanität durch	260.25	167.29864501953125	8.0040283203125	200.89614868164062	20	ArialMT
Dichte“ und „autogerechte Stadt“ = Großwohnsied­	260.1000061035156	178.998046875	8.00482177734375	201.26400756835938	20	ArialMT
lungen, Suburbanisierung, moderne Verkehrsinfra­	259.95001220703125	190.5491943359375	8.0032958984375	201.26397705078125	20	ArialMT
struktur für motorisierten Individualverkehr	259.6499938964844	202.24847412109375	8.0042724609375	163.76177978515625	20	ArialMT
1960-1975 (Ostdeutschland): „Funktionierende Zen­	260.25	219.64862060546875	8.0040283203125	201.114013671875	21	ArialMT
tren" = Neubau in Stadtkernen mit Raumdominanten,	259.6499938964844	231.34844970703125	8.0042724609375	201.42462158203125	21	ArialMT
Plätzen und Großwohnsiedlungen	260.1000061035156	243.19793701171875	8.0050048828125	124.44097900390625	21	ArialMT
1975-1990 (Westdeutschland): Stadterneuerung und	260.25	260.29864501953125	8.0040283203125	200.89425659179688	22	ArialMT
Denkmalpflege = Sanierung durch Städtebauförde­	260.25	272.1495361328125	8.0028076171875	201.114013671875	22	ArialMT
rungsgesetz, Besinnung auf historisches Erbe und ge­	260.1000061035156	283.84796142578125	8.0048828125	201.26400756835938	22	ArialMT
wachsene Stadtstrukturen, behutsamer Stadtumbau	259.5	295.3990478515625	8.00347900390625	196.00372314453125	22	ArialMT
1975-1990 (Ostdeutschland): Wohnungsbaupro­	260.25	312.79864501953125	8.0040283203125	201.114013671875	23	ArialMT
gramm = Typenbauten zur Beseitigung des Wohnungs­	259.79998779296875	324.34918212890625	8.0032958984375	201.56402587890625	23	ArialMT
mangels, große Wohnkomplexe am Stadtrand mit	259.95001220703125	336.04864501953125	8.0040283203125	201.48403930664062	23	ArialMT
Basisversorgung	260.25	348.0498046875	8.00250244140625	61.34478759765625	23	ArialMT
Seit 1990: „ökologische und nachhaltige Stadtentwick­	259.79998779296875	365.1479797363281	8.004913330078125	201.71401977539062	24	ArialMT
lung“, „kompakte und durchmischte Stadt“, „Stadt der	259.95001220703125	376.5997619628906	8.002532958984375	201.95590209960938	24	ArialMT
kurzen Wege“ = Reorientierung auf innerstädtische	259.95001220703125	388.3984069824219	8.00433349609375	201.65444946289062	24	ArialMT
Lagen, Flächenrecycling, funktionale Durchmischung	260.1000061035156	400.0982666015625	8.0045166015625	198.29827880859375	24	ArialMT
Quelle: nach Wiegandt 2009	259.6499938964844	419.11798095703125	7.503662109375	61.997528076171875	25	Arial-BoldMT
Eisebith 2005); inzwischen nehmen viele Wirtschafts­	252.3000030517578	451.88531494140625	11.0885009765625	217.33799743652344	26	Cambria
förderungseinrichtungen eine gezielte Unterstüt­	252.60000610351562	465.9706726074219	9.004730224609375	217.03799438476562	26	Cambria
zung spezieller Branchen bzw. Technologiebereiche	252.75	477.9712219238281	9.003753662109375	215.9930419921875	26	Cambria
an einem Standort vor. Dabei setzen sie nicht nur bei	252.60000610351562	490.12188720703125	9.0025634765625	216.21060180664062	26	Cambria
den Unternehmen an, sondern sie fördern auch die die	252.60000610351562	502.27081298828125	9.00445556640625	216.200439453125	26	Cambria
Entwicklungen begünstigenden Institutionen wie Aus-	252.75	514.2706909179688	9.00469970703125	216.28768920898438	26	Cambria
bildungs- oder Technologietransfereinrichtungen oder	252.4499969482422	526.271240234375	9.003692626953125	216.62635803222656	26	Cambria
Technologie- und Gründerzentren.	252.4499969482422	538.571044921875	9.003997802734375	138.22520446777344	26	Cambria
Räumliche Konzentrationen sind auch für Unter­	264.0	550.421142578125	9.003753662109375	205.78799438476562	26	Cambria
nehmen interessant, die keine unmittelbaren Verflech­	252.75	562.5724487304688	9.0015869140625	217.03799438476562	26	Cambria
tungen untereinander aufweisen, wenn durch diese	252.60000610351562	574.5711669921875	9.003936767578125	216.33700561523438	26	Cambria
die Attraktivität des Standortes für Kunden und Klien­	252.75	586.72119140625	9.003814697265625	217.03799438476562	26	Cambria
ten steigt. Durch die Konzentration von Unternehmen	252.75	598.7213134765625	9.00360107421875	216.15115356445312	26	Cambria
eines Branchenbereichs wird ein Standort bekannt für	252.75	610.8712158203125	9.003814697265625	216.17578125	26	Cambria
ein spezielles Angebot; gerade für hochrangige (Unter­	252.89999389648438	623.0209350585938	9.004287719726562	216.73800659179688	26	Cambria
nehmens-Dienstleistungen mit großen Marktgebie­	253.0500030517578	634.721435546875	9.003326416015625	216.7379913330078	26	Cambria
ten sind die Bekanntheit und das positive Image eines	252.89999389648438	646.8721923828125	9.00201416015625	215.64276123046875	26	Cambria
Standortes wichtig. Zugleich eröffnet die Konzentra­	253.1999969482422	659.0211791992188	9.003768920898438	216.73802185058594	26	Cambria
tion für Kunden die Möglichkeit von Kopplungen wäh­	252.89999389648438	671.0221557617188	9.002090454101562	216.88800048828125	26	Cambria
rend eines Besuchs können sie mehrere Besorgungen	253.0500030517578	683.1731567382812	9.000289916992188	215.9296417236328	26	Cambria
erledigen (vgl. Martin 2006). Bei den Endverbrauchern	252.89999389648438	693.236572265625	11.089508056640625	215.92135620117188	26	Cambria
zeigte sich in den letzten Jahrzehnten eine ausgeprägte	253.0500030517578	707.1719970703125	9.002456665039062	215.7791290283203	26	Cambria
Orientierung aufKopplungen von Aktivitäten (z. B. Ein­	253.0500030517578	719.17138671875	9.003410339355469	216.7379913330078	26	Cambria
kauf mit Freizeitgestaltung). Entsprechend neigen auf	253.0500030517578	731.4710693359375	9.004005432128906	216.91407775878906	26	Cambria
sie ausgerichtete Dienstleistungsbetriebe (z. B. Einzel­	253.0500030517578	743.4729614257812	9.000686645507812	216.7379913330078	26	Cambria
handel, Gastronomie, Freizeiteinrichtungen) immer	253.0500030517578	755.470703125	9.004661560058594	215.70262145996094	26	Cambria
mehr zur Herausbildung von Standortgemeinschaften	253.0500030517578	767.3207397460938	9.004661560058594	215.53807067871094	26	Cambria
(wie beispielsweise in Shopping Centern).	252.89999389648438	780.2198486328125	9.006141662597656	164.0704345703125	26	Cambria
13	530.25	806.7994384765625	14.03750228881836	12.34112548828125	27	ArialMT
ELMAR KULKE	45.150001525878906	12.85638427734375	14.02825927734375	71.69498443603516	28	ArialMT
Foto 5: Passage an der Friedrichstraße in Berlin Mitte	50.54999923706055	450.342529296875	9.504913330078125	188.87594985961914	29	Arial-BoldMT
Foto 6: Eingang zur Friedrichsstadt-Passage	55.04999923706055	773.8958740234375	9.500396728515625	155.99702835083008	30	Arial-BoldMT
18	56.54999923706055	805.0059814453125	14.028799057006836	12.942615509033203	31	ArialMT
Shopping Center auf Verfügungsflächen an Kno­	364.95001220703125	54.22216796875	9.00201416015625	206.23797607421875	32	Cambria
ten des öffentlichen Verkehrs (von U-Bahn, S-Bahn,	364.79998779296875	66.3707275390625	9.004638671875	205.41632080078125	32	Cambria
Straßenbahn oder Bussen). Einen Sonderfall stellt	365.1000061035156	78.37310791015625	9.0003662109375	205.59469604492188	32	Cambria
das ALEXA am Alexanderplatz dar, welches mit 170	364.95001220703125	90.5211181640625	9.00384521484375	205.52520751953125	32	Cambria
Ladengeschäften auf 54 000 m2 Verkaufsfläche auch	365.1000061035156	102.5203857421875	9.00518798828125	205.62741088867188	32	Cambria
das breite Spektrum hochrangiger Sortimente einer	364.95001220703125	114.67205810546875	9.002197265625	205.9910888671875	32	Cambria
City abdeckt (vgl. IHK 2010). Es wurde bewusst zur	365.1000061035156	126.8206787109375	9.004638671875	205.95968627929688	32	Cambria
Stärkung der Funktion des Bereichs Alexanderplatz	365.25	138.82110595703125	9.00384521484375	205.53436279296875	32	Cambria
als City-Zentrum konzipiert (vgl. Foto 3 und 4).	365.1000061035156	149.040771484375	11.08465576171875	187.98941040039062	32	Cambria
• In höherrangigen Zentren, vor allem in Westberlin,	354.29998779296875	163.120849609375	9.00439453125	216.689453125	32	Cambria
ergänzen Shopping Center mit einem spezialisier­	365.25	175.12091064453125	9.00433349609375	206.83795166015625	32	Cambria
ten und oft höherpreisigen Angebot die vorhande­	365.25	187.272216796875	9.00189208984375	206.98797607421875	32	Cambria
nen Fachgeschäfte. Teilweise ersetzen sie vorher	365.3999938964844	199.2711181640625	9.00384521484375	206.08901977539062	32	Cambria
dort angesiedelte Waren-/Kaufhäuser. Das Beispiel	365.70001220703125	210.9722900390625	9.00177001953125	205.92669677734375	32	Cambria
Schlossstrasse in Steglitz zeigt die Angebotsschwer­	366.0	223.12164306640625	9.00299072265625	206.5379638671875	32	Cambria
punkte; in drei Shopping Centern mit insgesamt	366.0	235.12158203125	9.00311279296875	205.801025390625	32	Cambria
84000 m2 Verkaufsfläche und 152 Ladengeschäf­	366.45001220703125	247.27099609375	9.00408935546875	206.23797607421875	32	Cambria
ten werden vor allem Sortimente aus dem Bereich	366.29998779296875	259.27001953125	9.005859375	205.729736328125	32	Cambria
Bekleidung/Textilien (46 Geschäfte), Schuhe/Leder-	366.6000061035156	271.27191162109375	9.00244140625	205.49685668945312	32	Cambria
waren (17 Geschäfte) und Unterhaltungselektronik	366.29998779296875	283.2718505859375	9.0025634765625	206.00244140625	32	Cambria
(17 Geschäfte) angeboten (vgl. Kästner 2010). Sorti­	366.8999938964844	293.33636474609375	11.08837890625	206.23800659179688	32	Cambria
ment und Preisniveau orientieren sich auf Qualität	367.20001220703125	307.42083740234375	9.00439453125	205.10675048828125	32	Cambria
und auf Markenprodukte; attraktive bauliche Ge­	367.04998779296875	319.5718994140625	9.00244140625	206.23797607421875	32	Cambria
staltung und hochwertige Gastronomie unterstüt­	367.5	331.57061767578125	9.004730224609375	205.93798828125	32	Cambria
zen die Orientierung auf kaufkräftige Kunden.	367.6499938964844	343.5721740722656	9.00201416015625	186.68447875976562	32	Cambria
• In Berlin-Mitte entstanden baulich attraktiv ge­	356.70001220703125	355.57086181640625	9.004364013671875	216.887939453125	32	Cambria
staltete Passagen (vgl. Foto 5), die sich auf ein sehr	367.95001220703125	367.7212219238281	9.003692626953125	204.773681640625	32	Cambria
hochwertiges Angebot international bekannter	368.1000061035156	379.72320556640625	9.000152587890625	204.81045532226562	32	Cambria
Markenprodukte (z. B. Rolex, Gucci, Hermes) orien­	368.25	391.720703125	9.004638671875	205.48797607421875	32	Cambria
tieren. Zielgruppe des Angebots sind nicht nur	368.25	403.7203369140625	9.005279541015625	204.73577880859375	32	Cambria
kaufkräftige Berliner, sondern auch Touristen:	368.54998779296875	415.873291015625	9.0	204.163818359375	32	Cambria
Im Jahr 2010 entfiel auf Touristen ein Umsatzan­	368.8500061035156	427.7212219238281	9.00372314453125	205.18795776367188	32	Cambria
teil von 24,9% im Berliner Einzelhandel (berliner	368.70001220703125	439.87188720703125	9.00250244140625	204.5955810546875	32	Cambria
Wirtschaftsgespräche 2011, S. 99). Dabei besitzen an	368.54998779296875	451.8688049316406	9.008026123046875	204.79754638671875	32	Cambria
diesen hochwertigen Standorten die Einkäufe des	369.1499938964844	463.8722229003906	9.00189208984375	203.96676635742188	32	Cambria
neuen „Geldadels“ aus Osteuropa eine besondere	369.29998779296875	475.8706359863281	9.004730224609375	204.1829833984375	32	Cambria
Bedeutung.	369.29998779296875	488.0235900878906	8.99945068359375	45.166229248046875	32	Cambria
Auch wenn Berlin durch die Besonderheit der Versor­	358.3500061035156	512.02001953125	9.005889892578125	216.43795776367188	33	Cambria
gungslücken im Ostteil der Stadt und durch die vie­	358.5	524.0216674804688	9.00286865234375	216.43798828125	33	Cambria
len Verfügungsflächen eine sehr starke Prägung der	358.79998779296875	536.0205078125	9.004974365234375	215.2528076171875	33	Cambria
neuen Raumkonfiguration der Shopping Center auf­	358.79998779296875	548.02001953125	9.005889892578125	216.2879638671875	33	Cambria
weist, lassen sich doch vergleichbare Entwicklungen	358.5	560.1712036132812	9.0037841796875	215.84564208984375	33	Cambria
auch in den anderen Großstädten Deutschlands be­	358.95001220703125	572.0213012695312	9.0035400390625	216.43798828125	33	Cambria
obachten (vgl. Brune et al. 2006, Lademann 2011). So	359.1000061035156	582.0882568359375	11.088592529296875	215.43484497070312	33	Cambria
positiv die Reorientierung auf innerstädtische Lagen	358.95001220703125	596.1712646484375	9.00360107421875	215.80126953125	33	Cambria
im städtebaulichen Sinne und bezogen auf die wohn­	359.3999938964844	608.1708374023438	9.004379272460938	216.28799438476562	33	Cambria
standortnahe Versorgung der Stadtbewohner gesehen	359.54998779296875	620.1716918945312	9.00286865234375	215.27874755859375	33	Cambria
werden kann, gibt es doch auch einige kritisch zu dis­	359.1000061035156	631.8709716796875	9.00408935546875	216.88796997070312	33	Cambria
kutierende Aspekte. So sind die Fußgängerbereiche in	359.54998779296875	644.0215454101562	9.00311279296875	215.55419921875	33	Cambria
Shopping Centern kein öffentlicher, sondern privater	359.70001220703125	656.0208740234375	9.004425048828125	215.60198974609375	33	Cambria
Raum; unerwünschte Personen (z. B. Musikanten, Bett­	359.70001220703125	668.0224609375	9.001495361328125	216.58795166015625	33	Cambria
ler, Zeitungsverkäufer) werden ausgeschlossen und öf­	359.70001220703125	680.0220947265625	9.002182006835938	216.58795166015625	33	Cambria
fentliche Vielfalt geht verloren. In ihnen dominieren	359.54998779296875	692.020751953125	9.004669189453125	215.99993896484375	33	Cambria
zu über 90% Filialisten und durch sie wird die Stan­	360.0	704.171142578125	9.003814697265625	216.58795166015625	33	Cambria
dardisierung des Angebots vorangetrieben; inhaber­	359.8500061035156	716.0203247070312	9.005287170410156	216.88796997070312	33	Cambria
geführte Fachgeschäfte in der Umgebung können ver­	360.0	728.0208740234375	9.004364013671875	216.88800048828125	33	Cambria
drängt werden. Durch die bauliche Anlage entstehen	360.29998779296875	740.0224609375	9.001480102539062	215.69305419921875	33	Cambria
auch künstliche Welten, die nicht den europäischen	360.45001220703125	752.021240234375	9.003746032714844	215.52264404296875	33	Cambria
Idealen gewachsener Urbanität entsprechen (ein be­	360.75	764.02197265625	9.002357482910156	216.43798828125	33	Cambria
sonderes Beispiel dafür ist das ALEXA).	360.8999938964844	776.018798828125	9.007980346679688	153.58950805664062	33	Cambria
Geographische Rundschau 2 I 2013	448.20001220703125	810.9459838867188	8.007440567016602	128.1815185546875	34	ArialMT
..Auferstanden aus Ruinen" - Neue Wirtschaftscluster in Berlin	228.4499969482422	10.8809814453125	14.06158447265625	320.18202209472656	35	ArialMT
Fazit	22.649999618530273	52.8214111328125	12.992431640625	20.441057205200195	36	Arial-BoldMT
Die beiden Fallstudien zum Technologiepark und zu	21.899999618530273	78.5208740234375	9.0042724609375	216.61800575256348	37	Cambria
Shopping Centern sind nur Beispiele für neue raum-	21.899999618530273	90.67120361328125	9.0037841796875	216.7673740386963	37	Cambria
funktionale Einheiten in Berlin. Ähnliche Trends	21.899999618530273	102.81939697265625	9.0069580078125	216.59163856506348	37	Cambria
lassen sich auch bei räumlichen Konzentrationen	22.049999237060547	114.82098388671875	9.00408935546875	216.60016250610352	37	Cambria
anderer wirtschaftlicher Aktivitäten - wie der Kultur­	21.899999618530273	126.97003173828125	9.005859375	217.6380100250244	37	Cambria
ökonomie, des „ethnischen Business“, der hochwer­	21.899999618530273	139.10137939453125	9.039306640625	217.6380100250244	37	Cambria
tigen Bürofunktionen von Finanzdienstleistern oder	21.899999618530273	151.12127685546875	9.003662109375	216.92637062072754	37	Cambria
Unternehmensberatungen beobachten. Die deutschen	21.899999618530273	163.271240234375	9.003662109375	216.7934513092041	37	Cambria
Großstädte erfahren gegenwärtig durch diese neuen	22.049999237060547	175.4200439453125	9.005859375	216.61670303344727	37	Cambria
Raumkonfigurationen einen grundlegenden Wandel.	22.049999237060547	187.42138671875	9.00341796875	216.38408279418945	37	Cambria
In Berlin sind die Veränderungen durch die dynami­	22.200000762939453	199.5706787109375	9.004638671875	217.4880027770996	37	Cambria
schen Entwicklungen der letzten beiden Jahrzehnte	22.049999237060547	211.4210205078125	9.00408935546875	216.81007766723633	37	Cambria
und das Vorhandensein vieler Verfügungsflächen stär­	22.049999237060547	223.42071533203125	9.004638671875	217.78801345825195	37	Cambria
ker ausgeprägt als in anderen Städten; möglicherweise	22.20001220703125	235.570556640625	9.00482177734375	216.74188232421875	37	Cambria
ist Berlin damit ein Vorreiter für neue stadträumliche	22.200000762939453	247.72119140625	9.0037841796875	216.6569480895996	37	Cambria
Trends. III	21.899999618530273	256.39593505859375	12.3258056640625	216.1826572418213	37	Cambria
LITERATUR	22.649999618530273	300.3272705078125	9.99981689453125	54.916704177856445	38	ArialMT
berliner Wirtschaftsgespräche 12011): Berlin im Aufwind. Berlin	22.350000381469727	318.44061279296875	6.50592041015625	181.2224178314209	39	ArialMT
Bose, M. (2001): Raumstrukturelle Konzepte für Stadtregionen.	22.200000762939453	327.89324951171875	6.55108642578125	178.38584518432617	39	Arial-ItalicMT
In: C. Brake, J. Dangschat und G. Herfert (Hrsg.): Suburbanisierung in	30.600000381469727	337.34271240234375	6.552337646484375	194.8549098968506	39	Arial-ItalicMT
Deutschland. Opladen, S. 247-260	30.600000381469727	347.09442138671875	6.50091552734375	96.7645092010498	39	ArialMT
Brune, IV, R. Junker und H. Pump-Uhlmann (Hrsg.) (2006): Angriff auf die	22.200000762939453	356.3933410644531	6.552154541015625	204.75500106811523	39	Arial-ItalicMT
City. Düsseldorf	30.450000762939453	365.9947204589844	6.50054931640625	44.55049514770508	39	ArialMT
EHI (2008): Shopping-Center 2009. Fakten. Hintergründe und Perspektiven	22.5	375.4411315917969	6.505218505859375	212.2687225341797	39	ArialMT
in Deutschland. Köln	30.450000762939453	385.1912841796875	6.505035400390625	58.93996810913086	39	ArialMT
Fromhold-Eisebith, M. und G. Eisebith (2005): Howto institutionalize innova­	22.200000762939453	394.64263916015625	6.552978515625	212.61449813842773	39	Arial-ItalicMT
tive clusters? Comparing explicit top-down and bottom-up approaches.	30.450000762939453	404.2418518066406	6.504302978515625	202.64995956420898	39	ArialMT
Research Policy 34, S. 1250-1268	30.600000381469727	413.69268798828125	6.503173828125	94.33426475524902	39	ArialMT
IHK (2010): Statistischer Handelsreport für Berlin der Industrie- und Han­	22.350000381469727	423.142333984375	6.503662109375	210.8145046234131	39	ArialMT
delskammer Berlin. Berlin	30.450000762939453	432.74237060546875	6.503631591796875	76.51587295532227	39	ArialMT
Kästner, B. (2010): Wie viele Shopping Center verträgt eine Einkaufsstraße?	22.200000762939453	442.3404235839844	6.554931640625	213.76008224487305	39	Arial-ItalicMT
Auswirkungen der Shopping Center in der Berliner Schlossstraße auf die	30.299999237060547	451.7926940917969	6.503173828125	208.2049903869629	39	ArialMT
umgebende Einzelhandelsstruktur. Diplomarbeit am Geographischen	30.600000381469727	461.3914489746094	6.50482177734375	197.8055477142334	39	ArialMT
Institut der Humboldt-Universität zu Berlin	30.600000381469727	470.84234619140625	6.503631591796875	122.34879112243652	39	ArialMT
Kemper, F.-J., E. Kulke und M. Schulz (Hrsg.) (2012): Die Stadt der kurzen	22.200000762939453	480.442626953125	6.55255126953125	204.3879051208496	39	Arial-ItalicMT
Wege. Wiesbaden	30.299999237060547	489.8922424316406	6.5037841796875	49.767024993896484	39	ArialMT
Kulke, E. (2003): Berlin - German Capital and Global City? Die Erde 134 (3),	22.049999237060547	499.39129638671875	6.5538330078125	210.60393142700195	39	Arial-ItalicMT
S. 219-233	30.450000762939453	508.944580078125	6.500732421875	30.18423080444336	39	ArialMT
Kulke, E. (2008): The technology park Berlin-Adlershof as an example of	22.200000762939453	518.390869140625	6.555267333984375	203.55102157592773	39	Arial-ItalicMT
spatial proximity in regional economic policy. Zeitschrift für Wirtschafts­	30.600000381469727	527.9918212890625	6.50439453125	205.5645046234131	39	ArialMT
geographie 52 (4), S.193-208	30.600000381469727	537.443359375	6.502349853515625	81.43017387390137	39	ArialMT
Kulke, E. (2009): Wirtschaftsgeographie. Paderborn	22.200000762939453	546.944580078125	6.55078125	144.63567733764648	39	Arial-ItalicMT
Kulke, E. (Hrsg.) (2010): Wirtschaftsgeographie Deutschlands. Heidelberg	22.200000762939453	556.490478515625	6.555633544921875	207.67840194702148	39	Arial-ItalicMT
Kulke, E. (2011): Wandeider Einzelhandelslandschaften Berlins.	22.200000762939453	565.9928588867188	6.553253173828125	181.68073654174805	39	Arial-ItalicMT
In: W. Matznetter und R. Musil (Hrsg.): Europa: Metropolen im Wandel.	30.75	575.5432739257812	6.552093505859375	196.1968536376953	39	Arial-ItalicMT
Wien. S. 121-138	30.299999237060547	584.9916381835938	6.50457763671875	47.81929397583008	39	ArialMT
Kulke, E. (2012): Nur „arm, aber sexy" oder neue Metropole, geographie	22.200000762939453	594.492919921875	6.5507049560546875	202.78214645385742	39	Arial-ItalicMT
heute 301, S. 20-27	30.75	603.8916015625	6.504608154296875	54.50157928466797	39	ArialMT
Kulke, E. und R. Kitzmann (2012): Der Standort Adlershof aus Sicht der	22.049999237060547	613.6405029296875	6.553741455078125	198.63367080688477	39	Arial-ItalicMT
Beschäftigten. Berlin (Arbeitsberichte des Geographischen Instituts der	30.75	623.0919799804688	6.504150390625	204.50250244140625	39	ArialMT
Humboldt-Universitätzu Berlin. H. 171)	30.75	632.2418212890625	6.504302978515625	111.90592956542969	39	ArialMT
Lademann, R. (2011): Innerstädtische Einkaufszentren. Eine absatzwirt­	22.049999237060547	641.8411865234375	6.5535888671875	202.86450576782227	39	Arial-ItalicMT
schaftliche Analyse. Göttingen (Göttinger Handelswissenschaftliche	30.600000381469727	651.4429931640625	6.502716064453125	192.69595909118652	39	ArialMT
Schriften Band 77)	30.450000762939453	660.7442626953125	6.5010833740234375	52.18989944458008	39	ArialMT
Martin, N. (2006): Einkäufen in der Stadt der kurzen Wege? Mannheim	22.049999237060547	670.240478515625	6.55242919921875	197.3677101135254	39	Arial-ItalicMT
(Studien zur Mobilitäts- und Verkehrsforschung, Band 16)	30.75	679.692626953125	6.5032806396484375	163.37017822265625	39	ArialMT
Porter, M. (1993): Nationale Wettbewerbsvorteile. Wien	22.049999237060547	689.2933349609375	6.5505523681640625	154.69441604614258	39	Arial-ItalicMT
SenStadt, Senatsverwaltung für Stadtentwicklung (2005): Stadtentwick­	22.200000762939453	698.9951171875	6.5	203.91450119018555	39	ArialMT
lungsplan Zentren 2020. Edition StadtWirtschaft. Berlin	30.600000381469727	708.4424438476562	6.5034637451171875	157.29880332946777	39	ArialMT
SenStadt, Senatsverwaltung für Stadtentwicklung (2011): Umweltatlas.	22.049999237060547	717.8915405273438	6.504676818847656	202.00416946411133	39	ArialMT
Berlin	30.75	727.194580078125	6.500762939453125	16.658599853515625	39	ArialMT
Stein. R. (2009): Besondere und allgemeine metropolitane Spezialisierun­	21.899999618530273	736.6904907226562	6.5547027587890625	208.71450233459473	39	Arial-ItalicMT
gen in Berlin: Kultur und Wissenschaft, Koordination und Transaktion.	30.450000762939453	746.3927001953125	6.503181457519531	199.43693161010742	39	ArialMT
Raumforschung und Raumordnung 67 (4), S. 287-299	30.75	755.693603515625	6.501991271972656	150.91455078125	39	ArialMT
Suwala, L. und P. Dannenberg (2009). Cluster und Innovationspolitik	21.899999618530273	765.2920532226562	6.5531768798828125	189.46084022521973	39	Arial-ItalicMT
maßgeschneidert. Standort 33, S. 104-112	30.600000381469727	774.5916137695312	6.504600524902344	120.09952354431152	39	ArialMT
Geographische Rundschau 2 I 2013	22.350000381469727	811.6959838867188	8.007440567016602	128.9710750579834	40	ArialMT
Foto 7: Berlin-Adlershof mit Gebäude der WISTA	255.14999389648438	269.14324951171875	9.50396728515625	172.90081787109375	41	Arial-BoldMT
Wiegandt, C.-C. (2009): Leitbilder der Stadtentwicklung in Deutschland.	255.3000030517578	301.193603515625	6.55120849609375	200.61546325683594	42	Arial-ItalicMT
Geographie und Schule 31 (182), S. 4-12	263.54998779296875	311.09326171875	6.50244140625	112.63693237304688	42	ArialMT
Wiegandt, C.-C. (2012): Stadtentwicklung in Deutschland. Trends zur	255.3000030517578	320.393310546875	6.5521240234375	192.29676818847656	42	Arial-ItalicMT
Polarisierung. Geographische Rundschau 64 (7-8), S. 44-53	263.70001220703125	329.89300537109375	6.50274658203125	169.22833251953125	42	ArialMT
WISTA (2008): Bericht über Adlershof 2007. Berlin	254.6999969482422	339.59283447265625	6.50299072265625	140.9487762451172	42	ArialMT
WISTA (2012): Bericht über Adlershof 2011. Berlin	254.6999969482422	349.1928405761719	6.50299072265625	140.9487762451172	42	ArialMT
SUMMARY	275.25	387.7771301269531	9.999969482421875	50.6278076171875	43	ArialMT
New Economic Clusters in Berlin	275.54998779296875	409.1476135253906	8.0059814453125	123.75808715820312	44	Arial-BoldMT
by Elmar Kulke	274.95001220703125	427.0110168457031	8.001495361328125	53.41778564453125	45	Arial-ItalicMT
New concentrations of economic activities are	275.3999938964844	443.8979797363281	8.004852294921875	183.62002563476562	46	ArialMT
changing the urban landscapes. The spatial eco­	274.95001220703125	456.1957702636719	8.00775146484375	184.16400146484375	46	ArialMT
nomic change withde-industrialisation and subur-	275.1000061035156	467.7497253417969	8.002593994140625	183.72125244140625	46	ArialMT
banisation opens possibilities for re-use of spaces	275.1000061035156	480.4986572265625	8.003997802734375	184.0277099609375	46	ArialMT
in central areas of the cities. Due to the economic	274.95001220703125	492.79852294921875	8.004150390625	183.9632568359375	46	ArialMT
transformation during the last two decades Ber­	274.6499938964844	504.94915771484375	8.0032958984375	184.46401977539062	46	ArialMT
lin offers many of these spaces for re-use; there	274.79998779296875	517.0992431640625	8.003173828125	184.38916015625	46	ArialMT
spatial concentrations of new expanding activities	274.6499938964844	529.2486572265625	8.004058837890625	184.53070068359375	46	ArialMT
- like cultural economy, Offices activities, Consult­	274.5	541.3997192382812	8.00262451171875	184.614013671875	46	ArialMT
ing firms, technology enterprises or retailing - can	274.79998779296875	553.697265625	8.0057373046875	184.12152099609375	46	ArialMT
be observed. The article explains first the impor­	274.79998779296875	565.8516845703125	8.000030517578125	184.31402587890625	46	ArialMT
tant factors for spatial concentration of activities	274.3500061035156	577.9979248046875	8.005035400390625	184.96710205078125	46	ArialMT
from the perspective of the enterprises and from	274.20001220703125	590.14892578125	8.003692626953125	184.99560546875	46	ArialMT
the side of urban planning. Then two striking ex-	274.20001220703125	602.2979125976562	8.004928588867188	184.80343627929688	46	ArialMT
amples - the development of a technology park in	274.04998779296875	614.446044921875	8.0074462890625	185.01412963867188	46	ArialMT
Adlershof and the development of shopping cen-	273.8999938964844	626.597900390625	8.004928588867188	185.17230224609375	46	ArialMT
tres - are described and analysed.	274.04998779296875	638.2986450195312	8.003952026367188	127.15017700195312	46	ArialMT
AUTOR	274.04998779296875	690.7830810546875	9.992156982421875	33.02447509765625	47	ArialMT
Professor Dr. ELMAR KULKE, geb. 1958	274.3500061035156	712.0423583984375	6.503692626953125	120.57598876953125	48	ArialMT
Geographisches Institut der Humboldt Universität zu Berlin,	274.20001220703125	721.6444091796875	6.5009307861328125	183.34603881835938	48	ArialMT
Unter den Linden 6,10099 Berlin	274.20001220703125	731.0924682617188	6.503486633300781	99.13235473632812	48	ArialMT
elmar.kulkeßgeo.hu-berlin.de	274.04998779296875	740.2455444335938	6.499427795410156	91.63177490234375	48	ArialMT
Arbeitsgebiet/Forschungsschwerpunkte:	273.75	749.8453369140625	6.4997406005859375	124.54470825195312	48	ArialMT
Wirtschaftsgeographie (vor allem Dienstleistungen);	273.75	759.19189453125	6.504295349121094	159.88076782226562	48	ArialMT
Mitteleuropa, Südostasien	274.3500061035156	769.1939086914062	6.5016021728515625	78.3922119140625	48	ArialMT
19	530.8499755859375	804.7660522460938	13.950000762939453	12.47869873046875	49	ArialMT
jtf	553.6500244140625	809.3091430664062	7.990230560302734	12.32452392578125	50	ArialMT
