INHALT	122.0999984741211	34.5380859375	9.00177001953125	30.768455505371094	0	ArialMT
Inhalt	122.69999694824219	76.4566650390625	27.99896240234375	63.51312255859375	1	ArialMT
Thema	124.3499984741211	132.5714111328125	14.99249267578125	46.513465881347656	2	ArialMT
Raumkonzepte	124.80000305175781	149.06549072265625	8.9990234375	59.74797058105469	2	Arial-BoldMT
Informationen/	127.05000305175781	305.886474609375	9.00384521484375	54.889495849609375	3	ArialMT
Arbeitsblätter aktuell	126.9000015258789	318.0364990234375	9.00384521484375	78.02545928955078	3	ArialMT
Land aktuell	128.5500030517578	378.18646240234375	9.00384521484375	46.416534423828125	4	ArialMT
Arbeitsmethode aktuell	129.14999389648438	401.39654541015625	10.04010009765625	108.69383239746094	5	ArialMT
Klassenarbeit aktuell	130.1999969482422	425.2647399902344	10.016265869140625	97.388916015625	6	ArialMT
Stichwortverzeichnis	130.5	450.0419616699219	8.996673583984375	79.79341125488281	7	ArialMT
Magazin	132.14999389648438	493.18817138671875	14.970489501953125	58.21247863769531	8	ArialMT
^Geographie aktuell & Schule	181.1999969482422	803.5934448242188	6.5022735595703125	87.86830139160156	9	ArialMT
irscheint im Aulis Verlag	184.8000030517578	812.7417602539062	6.504402160644531	70.49800109863281	9	ArialMT
Titelgestaltung: Schmid, Wilhelm	317.8500061035156	804.1448364257812	6.500373840332031	98.23382568359375	10	ArialMT
Grafik: Jörg Wilhelm	318.45001220703125	813.1456298828125	6.49932861328125	60.89825439453125	10	ArialMT
Raumkonzepte in der Geographie - methodologisch analysiert	309.0	138.03857421875	9.0010986328125	256.00067138671875	11	ArialMT
Helmuth Köck	309.1499938964844	149.96636962890625	8.99786376953125	62.521240234375	11	Arial-BoldMT
Einstellungen von Schülerinnen und Schülern zu geographischen	309.6000061035156	174.18658447265625	9.003662109375	267.1314392089844	12	ArialMT
Raumkonzepten - Ausgewählte Ergebnisse einer empirischen Studie	309.8999938964844	186.1763916015625	9.01702880859375	280.9288024902344	12	ArialMT
Julian Bette und Jan Christoph Schubert	309.75	198.56396484375	9.0010986328125	179.95797729492188	12	Arial-BoldMT
Raumanalyse und Raumkonzepte - Planung und Durchführung	310.79998779296875	222.33831787109375	9.00146484375	258.16070556640625	13	ArialMT
von mehrperspektivischen und systemorientierten Raumanalysen in der	310.6499938964844	234.18585205078125	9.004638671875	291.7494812011719	13	ArialMT
Einführungsphase der Oberstufe am Beispiel Amazonien	311.3999938964844	246.4888916015625	9.000732421875	231.58163452148438	13	ArialMT
Julian Bette	311.54998779296875	258.41162109375	9.0042724609375	52.504486083984375	13	Arial-BoldMT
Die Erde als Ökosystem (1)	312.8999938964844	294.38470458984375	9.00616455078125	112.10678100585938	14	ArialMT
Wind und Windgiganten	312.75	306.48583984375	9.00469970703125	97.45684814453125	14	ArialMT
Bedrohungen für die Umwelt: Smog	313.5	318.48974609375	8.99957275390625	145.47177124023438	14	ArialMT
Klimawandel und Tourismus	313.95001220703125	330.63592529296875	9.00457763671875	113.97476196289062	14	ArialMT
Länder mit geringem Entwicklungsstand	314.25	342.48785400390625	9.0020751953125	163.13369750976562	14	ArialMT
Planspiel: Erweiterung der Europäischen Union	314.70001220703125	354.3343505859375	9.00665283203125	190.96505737304688	14	ArialMT
Kroatien - EU-Mitglied Nr. 28	315.1499938964844	378.326416015625	9.01702880859375	118.20492553710938	15	ArialMT
Himmelsrichtung und Uhrzeit bestimmen	315.6000061035156	402.18939208984375	9.0	164.85403442382812	16	ArialMT
Globalisierung	315.8999938964844	426.04168701171875	8.997039794921875	58.8028564453125	17	ArialMT
Geographicus: Raus oder rein, das ist hier die Frage	317.54998779296875	497.584228515625	9.006805419921875	209.99951171875	18	ArialMT
Hinweis	318.29998779296875	521.5872802734375	9.0028076171875	31.314300537109375	19	ArialMT
Geographie im Spiel	318.75	545.2872314453125	9.00286865234375	82.36199951171875	20	ArialMT
Postkarte genügt	319.5	568.9893798828125	9.0	68.44302368164062	21	ArialMT
Vorschau/Impressum	319.6499938964844	592.690673828125	8.99835205078125	84.7969970703125	22	ArialMT
Ga&S, HEFT 209/36. JAHRGANG 2C	528.75	36.94256591796875	6.552734375	123.05706787109375	23	Arial-ItalicMT
www.aulis	603.5999755859375	448.2615051269531	8.97100830078125	49.83721923828125	24	ArialMT
15	653.8499755859375	195.641357421875	8.9974365234375	10.07220458984375	25	ArialMT
2265	644.5499877929688	816.0313720703125	8.503150939941406	18.784423828125	26	TimesNewRomanPSMT
Ga&S. HEFT 209/36. JAHRGANG/2014	23.100000381469727	34.24639892578125	6.49835205078125	126.11827659606934	27	ArialMT
RAUMKONZEPTE IN DER GEOGRAPHIE/	350.25	32.733154296875	9.0081787109375	177.37139892578125	28	ArialMT
Editorial	84.44999694824219	80.2501220703125	12.003173828125	43.80384826660156	29	ArialMT
Raumkonzepte	25.799999237060547	103.91705322265625	8.99688720703125	63.17488479614258	30	Arial-BoldMT
Raum, räumliche Verhältnisse, räumli­	25.5	116.18212890625	8.502197265625	165.28050231933594	30	TimesNewRomanPSMT
che Beziehungen und dergleichen mehr	25.049999237060547	127.5804443359375	8.50439453125	165.1835060119629	30	TimesNewRomanPSMT
sind zunächst nichts spezifisch Geogra­	25.049999237060547	139.881103515625	8.5035400390625	165.43050003051758	30	TimesNewRomanPSMT
phisches, sondern etwas Universelles,	24.899999618530273	151.4339599609375	8.49981689453125	164.7274570465088	30	TimesNewRomanPSMT
Ubiquitäres. Erst als Abhängige Variab­	25.200000762939453	163.5814208984375	8.503173828125	165.28049850463867	30	TimesNewRomanPSMT
len im Kontext des Systems Geosphäre	24.75	175.43170166015625	8.50274658203125	164.76597595214844	30	TimesNewRomanPSMT
werden sie zur die Geographie konstitu­	24.600000381469727	187.88037109375	8.5045166015625	165.58051109313965	30	TimesNewRomanPSMT
ierenden und damit spezifisch geogra­	24.75	199.8807373046875	8.5040283203125	165.28050231933594	30	TimesNewRomanPSMT
phischen Erkenntniskategorie.	24.600000381469727	211.43109130859375	8.5035400390625	124.6521053314209	30	TimesNewRomanPSMT
Entsprechend liest man in ausge­	36.599998474121094	224.18182373046875	8.50262451171875	153.28050994873047	30	TimesNewRomanPSMT
wählten fachmethodologischen Arbei­	24.299999237060547	235.582763671875	8.50140380859375	165.58050918579102	30	TimesNewRomanPSMT
ten seit den 1950er-Jahren:	24.299999237060547	247.83453369140625	8.49908447265625	107.57573318481445	30	TimesNewRomanPSMT
Fred K. Schaefer (1953): Exzeptiona-	36.0	259.73260498046875	8.5245361328125	152.9760284423828	30	TimesNewRomanPS-ItalicMT
lismus in der Geographie. - In: Bar­	24.299999237060547	271.10601806640625	8.5360107421875	165.2805061340332	30	TimesNewRomanPSMT
teis, D. (Hrsg. 1970): Wirtschafts- und	24.0	283.131591796875	8.52471923828125	164.70803833007812	30	TimesNewRomanPS-ItalicMT
Sozialgeographie, S. 52: „... täte	24.0	295.28057861328125	8.504150390625	164.4341583251953	30	TimesNewRomanPSMT
auch der Geograph besser daran,	23.850000381469727	307.134521484375	8.49908447265625	164.59486961364746	30	TimesNewRomanPSMT
seine Spezialität zu kultivieren,	23.850000381469727	319.58160400390625	8.5029296875	164.5990047454834	30	TimesNewRomanPSMT
nämlich die Gesetze räumlicher	202.9499969482422	81.030029296875	8.5048828125	167.04014587402344	31	TimesNewRomanPSMT
Anordnungen.“	202.9499969482422	93.03436279296875	8.499267578125	62.26179504394531	31	TimesNewRomanPSMT
Emst Neef (1956): Die axiomatischen	214.1999969482422	105.18341064453125	8.52423095703125	155.3014373779297	31	TimesNewRomanPS-ItalicMT
Grundlagen der Geographie. - In: Geogr.	202.9499969482422	117.18035888671875	8.5045166015625	165.9984893798828	31	TimesNewRomanPSMT
Berichte, S. 88/89: „Alle geographischen	202.8000030517578	129.17999267578125	8.50494384765625	166.1921844482422	31	TimesNewRomanPSMT
Tatbestände besitzen einen geographi­	202.35000610351562	141.3306884765625	8.50408935546875	167.23049926757812	31	TimesNewRomanPSMT
schen Ort, der sich durch seine Lage,	202.5	153.33172607421875	8.50274658203125	166.20559692382812	31	TimesNewRomanPSMT
insbesondere aber durch die Lagebezie­	202.35000610351562	165.3304443359375	8.50439453125	167.08050537109375	31	TimesNewRomanPSMT
hungen ... auszeichnet.“ [i. Org. gesp.]	202.35000610351562	177.33282470703125	8.5013427734375	166.05386352539062	31	TimesNewRomanPSMT
... sind durch eine räumliche Ordnung	202.5	189.330810546875	8.50396728515625	166.25680541992188	31	TimesNewRomanPSMT
gekennzeichnet.“	201.89999389648438	201.333984375	8.49981689453125	69.46127319335938	31	TimesNewRomanPSMT
Roland Abier, John S. Adams und Peter	213.3000030517578	213.33154296875	8.5262451171875	155.1064910888672	31	TimesNewRomanPS-ItalicMT
Gould (1971(72)): Spatial Organization,	202.0500030517578	225.33392333984375	8.52410888671875	165.6069793701172	31	TimesNewRomanPS-ItalicMT
S. 56: „The distinctively geographical	202.0500030517578	237.33074951171875	8.5040283203125	165.9524383544922	31	TimesNewRomanPSMT
question is ,why are spatial distributions	201.75	249.3306884765625	8.5272216796875	165.89910888671875	31	TimesNewRomanPS-ItalicMT
structured the way they are?“‘	201.60000610351562	261.20458984375	8.5032958984375	104.56594848632812	31	TimesNewRomanPS-ItalicMT
Eugen Wirth (1979): Theoretische Geo­	212.6999969482422	273.18133544921875	8.5262451171875	155.38050842285156	31	TimesNewRomanPS-ItalicMT
graphie, S. 60: „Geographie ist ... die Wis­	201.3000030517578	285.1810302734375	8.52667236328125	166.78050231933594	31	TimesNewRomanPS-ItalicMT
senschaft von den räumlichen Strukturen und	201.3000030517578	297.20428466796875	8.503662109375	166.0556182861328	31	TimesNewRomanPS-ItalicMT
Strukturmustern, ... räumlichen Verknüpfun­	201.14999389648438	309.2054443359375	8.50213623046875	166.63052368164062	31	TimesNewRomanPS-ItalicMT
gen und Beziehungsgefügen ..."	200.6999969482422	321.0545654296875	8.5032958984375	109.69999694824219	31	TimesNewRomanPS-ItalicMT
Helmuth Köck (2005; s. Lit.-Verz.), S. 54:	394.20001220703125	80.58258056640625	8.52545166015625	155.29864501953125	32	TimesNewRomanPS-ItalicMT
„Epistemologische Mitte der Geographie ist der	382.20001220703125	92.6041259765625	8.50390625	167.726318359375	32	TimesNewRomanPS-ItalicMT
chorologische Raum.“	382.3500061035156	104.755615234375	8.501953125	77.11618041992188	32	TimesNewRomanPS-ItalicMT
Heiner Dürr und Harald Zepp (2012): Geo­	393.6000061035156	116.88153076171875	8.5264892578125	156.43051147460938	32	TimesNewRomanPS-ItalicMT
graphie verstehen, S. 70/71: „Geographen	381.75	128.8800048828125	8.50494384765625	167.3773193359375	32	TimesNewRomanPSMT
... sind Chorologen, d.h. sie richten ein	381.8999938964844	141.031005859375	8.50360107421875	167.23397827148438	32	TimesNewRomanPSMT
Hauptinteresse auf räumliche (An-)Ord-	381.8999938964844	153.18328857421875	8.500732421875	166.96701049804688	32	TimesNewRomanPSMT
nungsmuster ...;/... betonen die relative	381.45001220703125	165.18316650390625	8.5008544921875	167.29278564453125	32	TimesNewRomanPSMT
Lage von Orten und Räumen...“	381.45001220703125	177.18060302734375	8.504150390625	127.81216430664062	32	TimesNewRomanPSMT
Vor dem Hintergrund dieses paradig­	392.70001220703125	189.33123779296875	8.50335693359375	156.1304931640625	32	TimesNewRomanPSMT
matischen Grundkonsenses erübrigt sich	381.1499938964844	201.33172607421875	8.50274658203125	166.95846557617188	32	TimesNewRomanPSMT
eigentlich ein Heft zum Thema „Raum­	380.8500061035156	213.3304443359375	8.50439453125	167.53048706054688	32	TimesNewRomanPSMT
konzepte“. Dass dem jedoch nicht so ist,	380.70001220703125	225.32855224609375	8.50689697265625	166.67669677734375	32	TimesNewRomanPSMT
zeigen die Beiträge dieses Heftes: und	380.54998779296875	237.331787109375	8.502685546875	166.79461669921875	32	TimesNewRomanPSMT
zwar aus methodologischer Sicht (Köck),	380.3999938964844	249.48077392578125	8.526611328125	166.43081665039062	32	TimesNewRomanPS-ItalicMT
mit Blick auf Einstellungen von Schü­	380.1000061035156	261.48046875	8.50433349609375	167.38052368164062	32	TimesNewRomanPSMT
lern zu Raumkonzepten (Bette und Schu­	380.1000061035156	273.48150634765625	8.52557373046875	167.23049926757812	32	TimesNewRomanPS-ItalicMT
bert) sowie aus der Sicht einer konkreten	379.95001220703125	285.4803466796875	8.526123046875	166.38958740234375	32	TimesNewRomanPS-ItalicMT
Raumanalyse in der Oberstufe (Bette).	380.1000061035156	297.48077392578125	8.5272216796875	150.29464721679688	32	TimesNewRomanPS-ItalicMT
Herausgeber	492.45001220703125	309.4154052734375	8.9991455078125	53.73175048828125	32	Arial-BoldMT
Helmuth Köck	487.3500061035156	321.41265869140625	9.00286865234375	58.512481689453125	32	Arial-BoldMT
Raumkonzepte in der Geographie -	22.5	372.53155517578125	28.031982421875	448.8159484863281	33	ArialMT
methodologisch analysiert	21.899999618530273	408.078125	28.036468505859375	327.66582679748535	34	ArialMT
Helmuth Köck	20.700000762939453	444.71307373046875	9.0023193359375	58.65748977661133	35	Arial-BoldMT
Damit sie sich nicht in den Räumen der Geographie verirren, empfehlen Hard/Bartels	21.149999618530273	476.716064453125	12.047821044921875	476.4863529205322	36	ArialMT
(1977, 16) „aufgeweckten (Anfänger)Studenten“, sich gleich am Anfang sieben alternative	20.549999237060547	493.8216552734375	12.040496826171875	505.2945442199707	36	ArialMT
Bedeutungen dieses Fachbegriffs einzuprägen. Ist das aber schon der Ausweg aus dem	20.549999237060547	510.616943359375	12.046630859375	498.6848030090332	36	ArialMT
Dschungel?	20.25	527.5786743164062	11.96575927734375	65.69024658203125	36	ArialMT
1 Einleitung und Fragestellung zwiespältig aufgenommen werden: Belegt	19.350000381469727	564.2640380859375	10.07080078125	346.1649532318115	37	Arial-BoldMT
Hat Bartels (1974, 21) angesichts der (nur es Kreativität, Pluralität, Offenheit, oder ist	19.200000762939453	575.781005859375	10.403839111328125	346.2324333190918	37	TimesNewRomanPS-ItalicMT
schon) vier von ihm „in konkreten geogra­ es Ausdruck von Willkür, Beliebigkeit, Pro­	18.75	587.6309814453125	10.5528564453125	347.2304992675781	37	TimesNewRomanPSMT
phischen Forschungsansätzen der letzten fillosigkeit? Und wie wird es methodolo-	18.75	599.331787109375	10.70318603515625	346.53875732421875	37	TimesNewRomanPSMT
hundert Jahre“ aufgespürten Raumbegriffe gisch-paradigmatisch zu beurteilen sein?	18.899999618530273	610.7325439453125	11.151397705078125	336.74370765686035	37	TimesNewRomanPSMT
davor gewarnt, dass die Geographie „tat­	18.450000762939453	622.8814086914062	8.50311279296875	167.53049850463867	37	TimesNewRomanPSMT
sächlich allzu Heterogenes betreibt, es mit 2 Bestandsaufnahme	18.600000381469727	635.1802978515625	10.8365478515625	270.4422969818115	37	Arial-BoldMT
der Vokabel ,Raum‘ belegt und damit als ihr	18.299999237060547	646.5809936523438	8.503662109375	167.3025245666504	37	TimesNewRomanPSMT
Objekt legitimiert“, und hat Wardenga (2006, 2.1 Überblick	18.450000762939453	658.8792724609375	10.2861328125	234.68613815307617	37	Arial-BoldMT
21/22) registriert, dass die von der Arbeits­ Im geographiedidaktischen Kontext	18.149999618530273	671.181640625	10.251922607421875	346.33098793029785	37	TimesNewRomanPSMT
gruppe Curriculum 2000+‘ auf dem Leip­ scheinen die vier von der Arbeitsgruppe	17.850000381469727	683.3324584960938	9.802474975585938	346.40106773376465	37	TimesNewRomanPSMT
ziger Geographentag 2001 vorgestellten Curriculum 2000+‘ (s. o.) vorgeschlagenen	18.149999618530273	695.0315551757812	10.102310180664062	346.4104251861572	37	TimesNewRomanPSMT
• ebenfalls nur schon) vier (statt bis dahin Sichtweisen von Räumen, nämlich als	18.299999237060547	706.4302368164062	10.404632568359375	329.6936836242676	37	TimesNewRomanPSMT
einer) Perspektiven, unter denen Räume • Container,	17.850000381469727	718.7343139648438	9.650863647460938	225.8186855316162	37	TimesNewRomanPSMT
künftig betrachtet werden sollen (vgl. AG • Systeme von Lagebeziehungen,	18.0	729.5313110351562	11.003890991210938	308.80029296875	37	TimesNewRomanPSMT
Curriculum 2000+', 2002, 5; 2003, 8/9), neben • Kategorie der Sinneswahrnehmung/An-	18.0	742.129638671875	10.555526733398438	345.93798828125	37	TimesNewRomanPS-ItalicMT
Zustimmung auch „heftige Kritik“ erfahren, schauungsformen sowie	17.850000381469727	753.830322265625	10.254226684570312	281.5808162689209	37	TimesNewRomanPSMT
so dürfte das nachfolgend vorgestellte Er­ • Konstruiertheit,	17.850000381469727	765.9805297851562	9.804672241210938	247.67099571228027	37	TimesNewRomanPSMT
gebnis einer (zwangsläufig nicht vollstän­	17.549999237060547	778.1300659179688	8.504867553710938	167.38051223754883	37	TimesNewRomanPSMT
digen) Literatur(meta)analyse zu Raum­	17.850000381469727	789.2314453125	8.5030517578125	167.08051109313965	37	TimesNewRomanPSMT
konzepten in der Geographie mindestens	17.700000762939453	800.6318359375	8.502593994140625	166.4708366394043	37	TimesNewRomanPSMT
mittlerweile so etwas wie selbstverständ­	196.64999389648438	791.433837890625	8.500030517578125	167.08050537109375	38	TimesNewRomanPSMT
licher Standard zu sein. So muss man	196.64999389648438	803.1307983398438	8.503921508789062	166.50082397460938	38	TimesNewRomanPSMT
ihre, und nur ihre wiederholte Rezeption	378.0	566.7315063476562	8.50299072265625	166.97357177734375	39	TimesNewRomanPSMT
in geographiedidaktischen Veröffent­	377.8500061035156	578.582275390625	8.501953125	167.68051147460938	39	TimesNewRomanPSMT
lichungen wohl deuten (vgl. z. B. Wardenga	377.8500061035156	590.5811767578125	8.526885986328125	166.61740112304688	39	TimesNewRomanPS-ItalicMT
2002; 2006; Daum 2006; Dickel 2006; Dickel/	377.54998779296875	602.4542846679688	8.503662109375	167.20965576171875	39	TimesNewRomanPS-ItalicMT
Scharvogel 2013).	377.3999938964844	614.605712890625	8.501800537109375	62.409423828125	39	TimesNewRomanPS-ItalicMT
Im fachmethodologischen Kontext	389.1000061035156	626.1328735351562	8.50128173828125	154.94869995117188	39	TimesNewRomanPSMT
hatte Verfasser (Köck 2005) auf der Basis	377.3999938964844	638.280029296875	8.528350830078125	166.19552612304688	39	TimesNewRomanPS-ItalicMT
einiger ausgewählter Überblicksdarstel­	377.25	649.8829345703125	8.501220703125	167.08050537109375	39	TimesNewRomanPSMT
lungen zwar nicht 10 (7), wie Hard/Bartels	377.1000061035156	661.9813232421875	8.52471923828125	166.18032836914062	39	TimesNewRomanPS-ItalicMT
(s. o.), aber immerhin schon 8 verschiedene	377.25	673.830810546875	8.526382446289062	165.86712646484375	39	TimesNewRomanPS-ItalicMT
Raumkonzepte vorgefunden. Hierauf auf­	376.95001220703125	685.6819458007812	8.50244140625	166.6304931640625	39	TimesNewRomanPSMT
bauend wurden auf einer breiteren Grund­	376.79998779296875	697.6805419921875	8.504257202148438	166.48052978515625	39	TimesNewRomanPSMT
lage jüngerer geographischer Literatur1	376.6499938964844	709.5311279296875	8.5035400390625	165.44979858398438	39	TimesNewRomanPSMT
und unter Einschluss der oben genannten	376.3500061035156	721.3804931640625	8.504257202148438	165.84078979492188	39	TimesNewRomanPSMT
geographiedidaktischen Titel nunmehr	376.20001220703125	733.2825317382812	8.501708984375	165.901123046875	39	TimesNewRomanPSMT
21 Raumkonzepte zusammengetragen2.	376.3500061035156	745.0784912109375	8.506881713867188	165.16506958007812	39	TimesNewRomanPSMT
Diese werden im Folgenden in einem ers­	376.3500061035156	757.080078125	8.504867553710938	166.03048706054688	39	TimesNewRomanPSMT
ten Schritt in einer graphischen Übersic1	375.8999938964844	768.6818237304688	8.502639770507812	159.00015258789062	39	TimesNewRomanPSMT
vorgestellt (Abb. 1) und in einem zweit	375.75	780.93408203125	8.499649047851562	155.233642578125	39	TimesNewRomanPSMT
Schritt (2.2) näher erläutert. Wie in der Dl	375.8999938964844	792.3801879882812	8.504684448242188	156.58139038085938	39	TimesNewRomanPSMT
Stellung in Köck (2005) werden auch	375.75	804.78125	8.525932312011719	146.4376220703125	39	TimesNewRomanPS-ItalicMT
A	579.4083862304688	233.5894775390625	0.0	6.5037841796875	40	Arial-BoldMT
M	579.4083862304688	241.0423583984375	0.0	7.503662109375	40	Arial-BoldMT
E	579.4083862304688	246.9952392578125	0.0	5.99932861328125	40	Arial-BoldMT
H	579.4083862304688	253.4481201171875	0.0	6.5037841796875	40	Arial-BoldMT
T	579.4083862304688	258.9000244140625	0.0	5.494873046875	40	Arial-BoldMT
/RAUMKONZEPTE IN DER GEOGRAPHIE	106.80000305175781	35.88409423828125	9.0069580078125	171.9652557373047	41	ArialMT
Ga&S, HEFT 209/36. JAHRGANG/2014	480.75	37.04254150390625	6.50335693359375	126.279052734375	42	ArialMT
A	68.04508209228516	237.24798583984375	0.0	6.4949951171875	43	Arial-BoldMT
M	68.04508209228516	244.64849853515625	0.0	7.4935302734375	43	Arial-BoldMT
E	68.04508209228516	250.54901123046875	0.0	5.9912109375	43	Arial-BoldMT
H	68.04508209228516	256.94952392578125	0.0	6.4949951171875	43	Arial-BoldMT
T	68.04508209228516	262.35003662109375	0.0	5.48748779296875	43	Arial-BoldMT
i.e.S. geht, den dafür von Carol (1956; 1963)	82.94999694824219	78.0316162109375	8.52471923828125	151.49900817871094	44	TimesNewRomanPS-ItalicMT
geprägten Begriff .Geosphäre*/.geosphärisch*	82.80000305175781	89.75433349609375	8.50360107421875	152.8775177001953	44	TimesNewRomanPS-ItalicMT
benutzen.	83.4000015258789	102.33245849609375	8.5018310546875	33.160499572753906	44	TimesNewRomanPSMT
7 Statt von (materiellen) Objekten wird hier von	83.4000015258789	114.02850341796875	8.5069580078125	163.05130767822266	44	TimesNewRomanPSMT
(geosphärischen) Sachverhalten gesprochen.	84.0	126.03045654296875	8.52685546875	151.02383422851562	44	TimesNewRomanPS-ItalicMT
Denn es sind ja nicht die Objekte als solche, die	84.0	138.052734375	8.5057373046875	159.50758361816406	44	TimesNewRomanPS-ItalicMT
interobjektionale Lagebeziehungen konstituie­	84.30000305175781	150.03265380859375	8.523681640625	160.78050231933594	44	TimesNewRomanPS-ItalicMT
ren, sondern die Lagen der betreffenden Objekte	84.30000305175781	162.179443359375	8.52886962890625	161.40834045410156	44	TimesNewRomanPS-ItalicMT
anje bestimmten Stellen der Erdoberfläche bzw.	84.44999694824219	174.05743408203125	8.4996337890625	162.21148681640625	44	TimesNewRomanPS-ItalicMT
Geosphäre. Hierbei handelt es sich dann eben	84.75	186.20269775390625	8.5057373046875	153.70382690429688	44	TimesNewRomanPS-ItalicMT
nicht um ein Objekt, sondern um einen Sachver­	84.75	198.18328857421875	8.52410888671875	164.38050842285156	44	TimesNewRomanPS-ItalicMT
halt, nämlich die Lage eines Objektes, beispiels­	84.75	210.18316650390625	8.524169921875	163.48049926757812	44	TimesNewRomanPS-ItalicMT
weise von Goslar, am nördlichen Harzrand (vgl.	84.9000015258789	222.181396484375	8.52581787109375	162.00191497802734	44	TimesNewRomanPS-ItalicMT
Seiffert ’°1983,I, S. 76-78).	84.9000015258789	234.330322265625	8.52764892578125	92.80643463134766	44	TimesNewRomanPS-ItalicMT
Literatur	85.3499984741211	245.73712158203125	9.0030517578125	31.86162567138672	44	ArialMT
Arbeitsgruppe Curriculum 2000+ (2002) der	95.8499984741211	270.18328857421875	8.50067138671875	151.54016876220703	45	TimesNewRomanPSMT
DGfG: Grundsätze und Empfehlungen für die	85.19999694824219	282.179443359375	8.50567626953125	154.4075927734375	45	TimesNewRomanPSMT
Lehrplanarbeit im Schulfach Geographie.- In:	85.3499984741211	294.18145751953125	8.5030517578125	154.35478973388672	45	TimesNewRomanPSMT
geographie heute, H. 200,4-7.	84.9000015258789	306.03240966796875	8.52587890625	105.0046157836914	45	TimesNewRomanPS-ItalicMT
Arbeitsgruppe Curriculum 2000+ (2003) der	96.44999694824219	318.0333251953125	8.50067138671875	151.54017639160156	45	TimesNewRomanPSMT
DGfG: Grundsätze und Empfehlungen für die	85.6500015258789	330.055419921875	8.50225830078125	154.35062408447266	45	TimesNewRomanPS-ItalicMT
Lehrplanarbeit	85.6500015258789	342.05712890625	8.5	51.35277557373047	45	TimesNewRomanPS-ItalicMT
im Schulfach Geographie.- Bonn.	86.0999984741211	353.7554931640625	8.5020751953125	112.20427703857422	45	TimesNewRomanPS-ItalicMT
Bartels, D. (1974): Schwierigkeiten mit dem	97.5	365.7529296875	8.50543212890625	150.93150329589844	45	TimesNewRomanPS-ItalicMT
Raumbegriff in der Geographie. - In: Geogra­	86.4000015258789	377.57940673828125	8.5360107421875	154.78050994873047	45	TimesNewRomanPS-ItalicMT
phica Helvetica, Beiheft 2/3,7-21.	86.4000015258789	389.4537353515625	8.50439453125	118.50992584228516	45	TimesNewRomanPS-ItalicMT
Bartels, D./Hard, G. (21975): Lotsenbuch für	98.0999984741211	401.5806884765625	8.52581787109375	150.33734893798828	45	TimesNewRomanPS-ItalicMT
das Studium der Geographie als Lehrfach. -	87.0	413.4328918457031	8.528594970703125	149.01023864746094	45	TimesNewRomanPS-ItalicMT
Bonn, Kiel.	87.30000305175781	425.278076171875	8.530181884765625	37.128631591796875	45	TimesNewRomanPS-ItalicMT
Blotevogel, H. H. (1995): Raum.- In:	98.69999694824219	437.4528503417969	8.505523681640625	123.0003662109375	45	TimesNewRomanPS-ItalicMT
Handwörterbuch der Raumordnung. Hannover,	87.44999694824219	449.303955078125	8.504119873046875	163.3163299560547	45	TimesNewRomanPS-ItalicMT
733-739.	87.9000015258789	460.98541259765625	8.49798583984375	31.50768280029297	45	TimesNewRomanPSMT
Bonk, Th. (Hrsg., 2013): Lexikon der	99.1500015258789	473.1280822753906	8.53094482421875	122.4365005493164	45	TimesNewRomanPS-ItalicMT
Erkenntnistheorie.- Darmstadt.	88.05000305175781	485.1586608886719	8.498016357421875	107.94358825683594	45	TimesNewRomanPS-ItalicMT
Carol, H. (1956): Zur Diskussion um	99.44999694824219	496.9833068847656	8.523651123046875	123.32017517089844	45	TimesNewRomanPS-ItalicMT
Landschaft und Geographie. - In: Geographica	88.3499984741211	509.13134765625	8.52667236328125	159.41857147216797	45	TimesNewRomanPS-ItalicMT
Helvetica, 2,111-132.	88.5	520.70458984375	8.503265380859375	76.41908264160156	45	TimesNewRomanPS-ItalicMT
Carol, H. (1963): Zur Theorie der Geogra­	99.9000015258789	532.9793701171875	8.527587890625	138.88050079345703	45	TimesNewRomanPS-ItalicMT
phie. - In: Mitteilungen der Österreichischen	88.6500015258789	544.71728515625	8.521514892578125	153.44104766845703	45	TimesNewRomanPSMT
Geographischen Gesellschaft, Bd. 105, H. 1/2,	88.94999694824219	556.833251953125	8.500701904296875	155.1686553955078	45	TimesNewRomanPSMT
23-38.	88.94999694824219	568.383544921875	8.500396728515625	23.192222595214844	45	TimesNewRomanPSMT
Daum, E. (2006): Raumaneignung - Grund­	100.5	580.667236328125	8.521514892578125	151.78050231933594	45	TimesNewRomanPSMT
konzeption und unterrichtspraktische	89.4000015258789	592.5327758789062	8.50140380859375	129.56856536865234	45	TimesNewRomanPSMT
Relevanz. - In: GW-Unterricht, H. 103, 7-16.	89.55000305175781	604.5172119140625	8.521514892578125	157.4501190185547	45	TimesNewRomanPSMT
Dickel, M. (2006): TatOrte - Zur Implemen­	100.94999694824219	616.40283203125	8.505523681640625	149.38050842285156	45	TimesNewRomanPS-ItalicMT
tation neuer Raumkonzepte im Geographieun­	89.8499984741211	628.406494140625	8.500762939453125	160.93050384521484	45	TimesNewRomanPS-ItalicMT
terricht.- In: Dickel, M./Kanwischer, D. (Hrsg.):	90.1500015258789	640.2555541992188	8.50201416015625	161.40288543701172	45	TimesNewRomanPS-ItalicMT
TatOrte. Neue Raumkonzepte didaktisch	90.1500015258789	652.2517700195312	8.506973266601562	140.34351348876953	45	TimesNewRomanPS-ItalicMT
inszeniert. Berlin, Münster, 7-19.	90.5999984741211	663.9537353515625	8.504364013671875	114.21988677978516	45	TimesNewRomanPS-ItalicMT
Dickel, M./Scharvogel, M. (2013): Räumli­	101.8499984741211	675.9838256835938	8.523788452148438	145.78050994873047	45	TimesNewRomanPS-ItalicMT
ches Denken im Geographieunterricht.—In:	90.9000015258789	687.6820678710938	8.525955200195312	148.83512115478516	45	TimesNewRomanPS-ItalicMT
Kanwischer, D. (Hrsg.): Geographiedidaktik.	91.19999694824219	699.7819213867188	8.526931762695312	152.41212463378906	45	TimesNewRomanPS-ItalicMT
Ein Arbeitsbuch zur Gestaltung des Geographie­	91.19999694824219	711.6808471679688	8.52630615234375	165.4304962158203	45	TimesNewRomanPS-ItalicMT
unterrichts. Stuttgart, 57-68.	91.6500015258789	723.4871215820312	8.519851684570312	101.44942474365234	45	TimesNewRomanPS-ItalicMT
Dürr, H. (1979): Für eine offene Geographie,	102.75	735.4793090820312	8.528732299804688	149.2486572265625	45	TimesNewRomanPS-ItalicMT
gegen eine Geographie im Elfenbeinturm. -	91.6500015258789	747.3536376953125	8.504501342773438	149.58844757080078	45	TimesNewRomanPS-ItalicMT
Karlsruhe	92.25	758.7280883789062	8.507522583007812	32.86158752441406	45	TimesNewRomanPSMT
Egner, H. (2010): Theoretische Geographie. -	103.3499984741211	771.32861328125	8.536788940429688	152.77161407470703	45	TimesNewRomanPS-ItalicMT
Darmstadt.	92.69999694824219	781.8829345703125	8.501129150390625	39.24346923828125	45	TimesNewRomanPSMT
Glückler, J. (1999): Neue Wege geographi-	103.94999694824219	794.7794189453125	8.528244018554688	140.50399780273438	45	TimesNewRomanPS-ItalicMT
sehen Denkens? Eine Kritik gegenwärtiger	92.8499984741211	806.4805908203125	8.52630615234375	143.5914535522461	45	TimesNewRomanPS-ItalicMT
14	93.9000015258789	823.6202392578125	7.999809265136719	7.3756561279296875	46	TimesNewRomanPSMT
■	75.30000305175781	781.9078979492188	8.468856811523438	9.928192138671875	47	TimesNewRomanPSMT
'	74.69999694824219	806.5106201171875	8.495460510253906	2.4134063720703125	48	TimesNewRomanPS-ItalicMT
Raumkonzeptionen und ihrer Forschungspro­	260.25	76.9810791015625	8.5269775390625	157.18051147460938	49	TimesNewRomanPS-ItalicMT
gramme in der Geographie. - Frankfurt.	259.95001220703125	89.3065185546875	8.50079345703125	137.29107666015625	49	TimesNewRomanPS-ItalicMT
Gosztonyi, A. (1976): Der Raum. Geschichte	271.79998779296875	101.280029296875	8.50494384765625	152.23550415039062	49	TimesNewRomanPSMT
seiner Probleme in Philosophie und Wissen­	260.70001220703125	113.28289794921875	8.501220703125	150.8804931640625	49	TimesNewRomanPSMT
schaften. 2 Bde. -Ereiburg u. a.	260.8500061035156	125.43072509765625	8.5040283203125	107.26638793945312	49	TimesNewRomanPSMT
Günzel, St. (Hrsg., 2012): Lexikon der	272.3999938964844	137.57958984375	8.50555419921875	128.74017333984375	49	TimesNewRomanPSMT
Raumphilosophie. - Darmstadt.	261.45001220703125	149.71722412109375	8.521484375	111.32916259765625	49	TimesNewRomanPSMT
Hantschel, R./Koch, R. (1986): Raum-	272.70001220703125	161.73101806640625	8.5262451171875	130.39761352539062	49	TimesNewRomanPS-ItalicMT
Konzeptionen in der Geographie. - In: Interna­	261.75	173.8814697265625	8.5030517578125	161.23049926757812	49	TimesNewRomanPSMT
tionale Schulbuchforschung, 129-144.	261.8999938964844	185.88092041015625	8.5037841796875	132.05404663085938	49	TimesNewRomanPSMT
Hard, G. (1973): Die Geographie. Eine	273.1499938964844	197.880859375	8.5269775390625	130.20797729492188	49	TimesNewRomanPS-ItalicMT
wissenschaftstheoretische Einführung. - Berlin,	262.04998779296875	210.0294189453125	8.5360107421875	165.8941650390625	49	TimesNewRomanPS-ItalicMT
New York.	262.20001220703125	222.03192138671875	8.50250244140625	33.73046875	49	TimesNewRomanPSMT
Hard, G (1977): Zu den Landschaftsbegriffen	273.75	234.031494140625	8.52459716796875	154.33541870117188	49	TimesNewRomanPS-ItalicMT
der Geographie. - In: Wallthor, A. H. v./Quirin,	262.6499938964844	246.04058837890625	8.521484375	160.24783325195312	49	TimesNewRomanPS-ItalicMT
H. (Hrsg. 1977): „Landschaft“ als interdiszipli­	262.79998779296875	258.0311279296875	8.525390625	162.73052978515625	49	TimesNewRomanPS-ItalicMT
näres Forschungsproblem. Münster, 13-23.	262.95001220703125	270.0313720703125	8.52679443359375	148.64456176757812	49	TimesNewRomanPS-ItalicMT
Hard, G./Bartels, D. (1977): Eine „Raum“-	274.5	282.20135498046875	8.50750732421875	144.47247314453125	49	TimesNewRomanPS-ItalicMT
Klärung für aufgeweckte Studenten. - In: Hard,	263.3999938964844	294.20550537109375	8.5020751953125	164.2542724609375	49	TimesNewRomanPS-ItalicMT
G. (2003): Dimensionen geographischen	263.3999938964844	306.2041015625	8.50390625	138.53573608398438	49	TimesNewRomanPS-ItalicMT
Denkens. Bd. 2.- Göttingen, 15-28.	263.70001220703125	318.18035888671875	8.527099609375	123.89456176757812	49	TimesNewRomanPS-ItalicMT
Holzkamp, K. (1968): Wissenschaft als	275.1000061035156	330.1781005859375	8.5074462890625	133.22036743164062	49	TimesNewRomanPSMT
Handlung. - Berlin.	264.0	342.05975341796875	8.49658203125	67.34414672851562	49	TimesNewRomanPS-ItalicMT
Jammer, M. (21980): Das Problem des	274.79998779296875	353.90264892578125	8.50579833984375	129.159912109375	49	TimesNewRomanPS-ItalicMT
Raumes. Die Entwicklung der Raumtheorien. -	264.45001220703125	366.03076171875	8.5040283203125	162.95465087890625	49	TimesNewRomanPSMT
Darmstadt.	264.45001220703125	377.88592529296875	8.497314453125	39.183380126953125	49	TimesNewRomanPSMT
Köck, H. (1986): Axiomatische Leitsätze für	275.70001220703125	390.03076171875	8.52734375	151.20648193359375	49	TimesNewRomanPS-ItalicMT
den Geographieunterricht. - In: Köck, H.	264.6000061035156	402.04248046875	8.519012451171875	139.39456176757812	49	TimesNewRomanPS-ItalicMT
(Hrsg.): Theoriegeleiteter Geographieunterricht.	264.8999938964844	413.9028625488281	8.505523681640625	165.3363037109375	49	TimesNewRomanPS-ItalicMT
Lüneburg, 165-181.	264.8999938964844	425.8833923339844	8.5238037109375	67.55404663085938	49	TimesNewRomanPS-ItalicMT
Köck, H. (1987): Chorische Logik-die	276.1499938964844	437.880859375	8.52642822265625	131.3895263671875	49	TimesNewRomanPS-ItalicMT
Grundperspektive geographischer Welt­	265.04998779296875	449.9054870605469	8.50213623046875	136.63052368164062	49	TimesNewRomanPS-ItalicMT
betrachtung. - In: Bahrenberg, G. et al. (Hrsg.):	265.20001220703125	461.75189208984375	8.506805419921875	163.32315063476562	49	TimesNewRomanPS-ItalicMT
Geographie des Menschen. Dietrich Bartels zum	265.3500061035156	473.73089599609375	8.527374267578125	165.423095703125	49	TimesNewRomanPS-ItalicMT
Gedenken. Bremen, 179-194.	265.5	485.72943115234375	8.505706787109375	100.42898559570312	49	TimesNewRomanPSMT
Köck, H. (1997): Die Rolle des Raumes als zu	276.8999938964844	497.72943115234375	8.505706787109375	152.99160766601562	49	TimesNewRomanPSMT
erklärender und als erklärender Faktor. Zur	265.79998779296875	509.580078125	8.5048828125	147.334716796875	49	TimesNewRomanPSMT
Klärung einer methodologischen Grundrelation	265.95001220703125	521.5858154296875	8.522003173828125	163.31387329101562	49	TimesNewRomanPS-ItalicMT
in der Geographie. - In: Geographica Helvetica,	266.3999938964844	533.590576171875	8.521514892578125	162.530029296875	49	TimesNewRomanPS-ItalicMT
89-96.	266.25	545.435791015625	8.497467041015625	22.70269775390625	49	TimesNewRomanPSMT
Köck, H. (2004): Der Raum - die Mitte der	277.6499938964844	557.2808227539062	8.52606201171875	145.81124877929688	49	TimesNewRomanPS-ItalicMT
Geographie. - In: Köck, H./Rempfler, A.:	266.70001220703125	569.278076171875	8.529327392578125	138.15512084960938	49	TimesNewRomanPS-ItalicMT
Erkenntnisleitende Ansätze - Schlüssel zur	266.8500061035156	581.2830810546875	8.52484130859375	148.82073974609375	49	TimesNewRomanPS-ItalicMT
Profilierung des Geographieunterrichts. Köln,	267.1499938964844	593.3037719726562	8.50433349609375	156.07196044921875	49	TimesNewRomanPS-ItalicMT
12-18.	267.6000061035156	605.004638671875	8.50323486328125	22.4144287109375	49	TimesNewRomanPS-ItalicMT
Köck, H. (2005): Der chorologische Raum-	278.54998779296875	617.00390625	8.504180908203125	148.038818359375	49	TimesNewRomanPS-ItalicMT
Die Mitte der Geographie. - In: Horst, U.f	267.45001220703125	629.005859375	8.501556396484375	143.24404907226562	49	TimesNewRomanPS-ItalicMT
Kanwischer, D./Strathenwerth, D. (Hrsg.): Die	267.6000061035156	640.8323364257812	8.52532958984375	160.22100830078125	49	TimesNewRomanPS-ItalicMT
Kunst sich einzumischen. Vom vielfältigen und	267.75	652.851806640625	8.506973266601562	162.00479125976562	49	TimesNewRomanPS-ItalicMT
kreativen Wirken des Geographen Tilman	268.04998779296875	664.83447265625	8.522109985351562	142.4920654296875	49	TimesNewRomanPS-ItalicMT
Rhode-Jüchtern. Berlin, 45-56.	268.20001220703125	676.68115234375	8.5269775390625	106.12954711914062	49	TimesNewRomanPS-ItalicMT
Köck, H. (2008): Thesen zur innergeographi­	279.45001220703125	688.5302734375	8.52685546875	152.68048095703125	49	TimesNewRomanPS-ItalicMT
schen Integration von natur- und sozialwissen­	268.5	700.4029541015625	8.50543212890625	164.08050537109375	49	TimesNewRomanPS-ItalicMT
schaftlicher Dimension als Vorausset­	268.5	712.254150390625	8.503921508789062	130.48049926757812	49	TimesNewRomanPS-ItalicMT
zung für eine mögliche Brückenfunk­	304.3500061035156	724.2553100585938	8.50238037109375	128.08050537109375	49	TimesNewRomanPS-ItalicMT
tion. -In: geographische revue, H. 1,31-39.	268.95001220703125	736.1019287109375	8.506805419921875	151.0611572265625	49	TimesNewRomanPS-ItalicMT
Maier, J./Paesler, R. et al. (1977): Sozialgeo­	280.3500061035156	747.9527587890625	8.505691528320312	152.08050537109375	49	TimesNewRomanPS-ItalicMT
graphie.-Braunschweig.	268.79998779296875	760.10595703125	8.50152587890625	88.52346801757812	49	TimesNewRomanPS-ItalicMT
Mayer,). (Hrsg., 1993): Die aufgeräumte	280.79998779296875	771.802734375	8.505691528320312	141.04238891601562	49	TimesNewRomanPS-ItalicMT
Welt - Raumbilder und Raumkonzepte	269.70001220703125	783.655029296875	8.502700805664062	134.46734619140625	49	TimesNewRomanPS-ItalicMT
im Zeitalter globaler Marktwirtschaft. -	270.0	795.4793701171875	8.536003112792969	139.421630859375	49	TimesNewRomanPS-ItalicMT
Loccum.	270.0	807.5062255859375	8.501136779785156	27.6787109375	49	TimesNewRomanPS-ItalicMT
Miggelbrink,). (2002): Der gezähmte Blick.	451.20001220703125	77.004638671875	8.503173828125	150.8739013671875	50	TimesNewRomanPS-ItalicMT
Zum Wandel des Diskurses über „Raum“ und	439.5	89.15435791015625	8.50360107421875	155.39556884765625	50	TimesNewRomanPS-ItalicMT
„Region“ in humangeographischen Forschungs­	439.95001220703125	100.7041015625	8.50390625	167.23046875	50	TimesNewRomanPS-ItalicMT
ansätzen des ausgehenden	439.95001220703125	113.304443359375	8.5035400390625	93.6917724609375	50	TimesNewRomanPS-ItalicMT
20. Jahrhunderts. - Leipzig.	439.95001220703125	125.42938232421875	8.5360107421875	96.311279296875	50	TimesNewRomanPS-ItalicMT
Neef, F. (1956): Die axiomatischen	451.79998779296875	137.28594970703125	8.52215576171875	120.21258544921875	50	TimesNewRomanPS-ItalicMT
Grundlagen der Geographie. - In: Geographi­	440.3999938964844	149.30413818359375	8.50390625	156.88052368164062	50	TimesNewRomanPS-ItalicMT
sche Berichte, 85-91.	440.3999938964844	161.5811767578125	8.5263671875	74.02957153320312	50	TimesNewRomanPS-ItalicMT
Neef, E. (1967): Die theoretischen Grundla­	452.25	173.279541015625	8.52783203125	149.83050537109375	50	TimesNewRomanPS-ItalicMT
gen der Landschaftslehre. - Gotha.	440.3999938964844	185.4512939453125	8.507568359375	121.09524536132812	50	TimesNewRomanPS-ItalicMT
Rau, S. (2013): Räume. Konzepte, Wahrneh­	452.70001220703125	197.15374755859375	8.50439453125	153.1304931640625	50	TimesNewRomanPS-ItalicMT
mungen, Nutzungen. - Frankfurt/NewYork.	441.1499938964844	209.1539306640625	8.504150390625	154.15066528320312	50	TimesNewRomanPS-ItalicMT
Sack, R. (1980): Conceptions ofgeographie	452.70001220703125	221.2835693359375	8.5234375	148.15887451171875	50	TimesNewRomanPS-ItalicMT
space. - In: Progress in Human Geography. H. 3,	441.45001220703125	233.28173828125	8.5257568359375	167.25665283203125	50	TimesNewRomanPS-ItalicMT
313-345.	441.45001220703125	246.030517578125	8.50433349609375	32.55242919921875	50	TimesNewRomanPSMT
Schmitz, H. (1967/1969/1973): Der Raum.	453.0	257.4306640625	8.50408935546875	147.32501220703125	50	TimesNewRomanPSMT
3 Bde.-Bonn.	441.8999938964844	269.882080078125	8.50225830078125	50.699676513671875	50	TimesNewRomanPSMT
Schultz, H.-D. (2007): Das war/ist geogra­	453.45001220703125	281.4376220703125	8.52008056640625	147.280517578125	50	TimesNewRomanPS-ItalicMT
phisches Denken... (Textauszüge von 1728	442.04998779296875	293.45330810546875	8.50494384765625	148.27459716796875	50	TimesNewRomanPS-ItalicMT
bis heute). 5 Bde. - Berlin.	442.3500061035156	305.90655517578125	8.500732421875	91.04483032226562	50	TimesNewRomanPS-ItalicMT
Seebacher, M. M. (2012): Raumkonstruktio­	453.8999938964844	317.203857421875	8.50421142578125	154.63052368164062	50	TimesNewRomanPS-ItalicMT
nen in der Geographie. - Wien.	442.79998779296875	329.75408935546875	8.50390625	106.093994140625	50	TimesNewRomanPS-ItalicMT
Seiffert, H. (101983): Einführung in die	454.3500061035156	341.50360107421875	8.5045166015625	132.44747924804688	50	TimesNewRomanPS-ItalicMT
Wissenschaftstheorie. Bd. 1. - München.	443.1000061035156	353.15478515625	8.5030517578125	141.45022583007812	50	TimesNewRomanPS-ItalicMT
Thomale, E. (1972): Sozialgeographie. Eine	454.5	365.15386962890625	8.50421142578125	148.6881103515625	50	TimesNewRomanPS-ItalicMT
disziplingeschichtliche Untersuchung zur	443.25	377.1552734375	8.50238037109375	144.594482421875	50	TimesNewRomanPS-ItalicMT
Entwicklung der Anthropogeographie. - Mar­	443.3999938964844	388.95599365234375	8.55181884765625	159.88052368164062	50	TimesNewRomanPS-ItalicMT
burg.	443.54998779296875	401.879638671875	8.50543212890625	17.664398193359375	50	TimesNewRomanPSMT
Wardenga, U. (2002): Alte und neue	455.3999938964844	413.278076171875	8.5074462890625	124.25527954101562	50	TimesNewRomanPSMT
Raumkonzepte für den Geographieunterricht. -	444.0	424.7424621582031	8.51904296875	164.76025390625	50	TimesNewRomanPS-ItalicMT
In: geographie heute, H. 200,8-11.	444.0	437.4561767578125	8.501220703125	119.45159912109375	50	TimesNewRomanPS-ItalicMT
Wardenga, U. (2006): Raum- und Kulturbe­	455.8500061035156	448.58087158203125	8.527984619140625	151.03048706054688	50	TimesNewRomanPS-ItalicMT
griffe in der Geographie. - In: Dickel, M./	443.8500061035156	461.0528564453125	8.505523681640625	141.88955688476562	50	TimesNewRomanPS-ItalicMT
Kanwischer, D. (Hrsg.): TatOrte. Neue	444.6000061035156	473.15557861328125	8.50201416015625	131.68136596679688	50	TimesNewRomanPS-ItalicMT
Raumkonzepte didaktisch inszeniert. - Berlin,	444.75	484.60430908203125	8.503662109375	161.10491943359375	50	TimesNewRomanPS-ItalicMT
Münster, 21-47.	444.75	497.4326171875	8.501556396484375	57.24664306640625	50	TimesNewRomanPSMT
Weichhart, P. (1999): Die Räume zwischen	456.45001220703125	508.5808410644531	8.503875732421875	147.348388671875	50	TimesNewRomanPSMT
den Welten und die Welt der Räume. Zur	445.20001220703125	520.9814453125	8.503082275390625	138.06390380859375	50	TimesNewRomanPSMT
Konzeption eines Schlüsselbegriffs der	445.20001220703125	532.8544311523438	8.50347900390625	132.02203369140625	50	TimesNewRomanPS-ItalicMT
Geographie.- In: Meusburger, P. (Hrsg.):	445.5	544.83203125	8.525054931640625	141.6827392578125	50	TimesNewRomanPS-ItalicMT
Handlungszentrierte Sozialgeographie. Benno	445.5	556.4067993164062	8.50042724609375	160.41217041015625	50	TimesNewRomanPS-ItalicMT
Werlens Entwurf in kritischer Diskussion.	445.79998779296875	568.68505859375	8.52288818359375	143.811279296875	50	TimesNewRomanPS-ItalicMT
Stuttgart, 67-94.	445.6499938964844	581.1566162109375	8.500701904296875	60.6336669921875	50	TimesNewRomanPS-ItalicMT
Weichhart, P. (2010): Raumkonstruktionen,	457.5	592.254150390625	8.50390625	152.31817626953125	50	TimesNewRomanPS-ItalicMT
„Turns“ und Paradigmen. - In: Wähler, K./Pott,	445.79998779296875	604.3809814453125	8.5269775390625	164.16107177734375	50	TimesNewRomanPS-ItalicMT
A./Denzer, V. (Hrsg.): Tourismusräume.	446.1000061035156	616.5340576171875	8.52301025390625	136.43386840820312	50	TimesNewRomanPS-ItalicMT
Bielefeld, 21-39.	446.3999938964844	628.8336181640625	8.522186279296875	57.092193603515625	50	TimesNewRomanPS-ItalicMT
Anschrift des Verfassers	448.20001220703125	771.6343994140625	9.006591796875	95.2503662109375	51	ArialMT
Prof. Dr. Dr. Helmuth Köck, p.: Albert-Schweit-	448.3500061035156	783.6514282226562	8.507392883300781	162.77926635742188	51	TimesNewRomanPS-ItalicMT
zer-Straße 14, 76877 Offenbach, d.: Universität	448.5	795.6535034179688	8.504684448242188	164.37518310546875	51	TimesNewRomanPS-ItalicMT
Koblenz-Landau, Campus Landau	448.6499938964844	807.6541137695312	8.503883361816406	117.38095092773438	51	TimesNewRomanPS-ItalicMT
3 iS. HER209/36. JAHRGANG/2014	32.25	37.841796875	6.50433349609375	122.26155090332031	52	ArialMT
EINSTELLUNGEN VON SCHÜLERINNEN UND SCHÜLERN/	218.25	35.93487548828125	9.00592041015625	249.28863525390625	53	ArialMT
Einstellungen von Schülerinnen	33.29999923706055	77.47760009765625	28.037109375	387.1058235168457	54	ArialMT
jnd Schülern zu geographischen	33.45000076293945	113.79522705078125	28.01397705078125	412.8765983581543	54	ArialMT
Raumkonzepten	33.45000076293945	150.56622314453125	27.98638916015625	197.84345626831055	55	ArialMT
- usgewählte Ergebnisse einer empirischen Studie	32.849998474121094	184.898193359375	14.03900146484375	311.4490432739258	56	ArialMT
an Bette und Jan Christoph Schubert	47.70000076293945	212.65966796875	9.00689697265625	154.28200912475586	57	Arial-BoldMT
Es werden methodisches Vorgehen und Ergebnisse einer empirischen Studie im Mixed-	31.049999237060547	244.015380859375	12.04876708984375	489.64909744262695	58	ArialMT
'ethods-Design zu Einstellungen von Schülerinnen und Schülern zu im Geographieunterricht	38.25	260.97332763671875	12.03826904296875	515.0242919921875	58	ArialMT
genutzten Raumkonzepten vorgestellt und erste didaktische Konsequenzen abgeleitet.	31.5	278.07916259765625	12.0306396484375	483.26226806640625	58	ArialMT
Problemstellung und Zielsetzung	39.150001525878906	304.61285400390625	9.00262451171875	137.41881561279297	59	Arial-BoldMT
fand das Konzept .konstruierter	56.70000076293945	316.981201171875	8.50335693359375	138.54491806030273	59	TimesNewRomanPSMT
jm‘ sehr gut. Man erkannte Absich-	42.75	328.82177734375	8.51556396484375	152.49301147460938	59	TimesNewRomanPSMT
verschiedener Institutionen und mit	48.900001525878906	340.5321044921875	8.502197265625	146.24207305908203	59	TimesNewRomanPSMT
lchen Strategien sie für den Raum	43.04999923706055	352.28326416015625	8.50067138671875	151.94527053833008	59	TimesNewRomanPSMT
rben.“ - „Das Raumkonzept .Contai-	43.349998474121094	364.26910400390625	8.51904296875	152.0864028930664	59	TimesNewRomanPSMT
-rauiri ist das beste Raumkonzept. Es	41.849998474121094	376.23284912109375	8.50128173828125	153.28459930419922	59	TimesNewRomanPSMT
mfassend und hat wirklich was mit	52.20000076293945	388.28192138671875	8.50244140625	142.92277145385742	59	TimesNewRomanPSMT
- unde zu tun!“ Diese Zitate zweier	46.5	400.2314453125	8.5030517578125	148.81703186035156	59	TimesNewRomanPSMT
uler illustrieren beispielhaft, wie un-	46.650001525878906	411.83160400390625	8.50286865234375	148.64501190185547	59	TimesNewRomanPSMT
hiedlich die Perspektiven der Schä­	52.20000076293945	423.83050537109375	8.504302978515625	143.53049850463867	59	TimesNewRomanPSMT
men und Schüler auf die Raumkon-	48.29999923706055	435.830078125	8.504852294921875	146.98100662231445	59	TimesNewRomanPSMT
e der Geographie sein können. Aus	49.79999923706055	447.6806640625	8.50408935546875	145.1744270324707	59	TimesNewRomanPSMT
retischer und normativer Sicht hat	51.75	459.78057861328125	8.504180908203125	143.3794708251953	59	TimesNewRomanPSMT
Stellenwert der vier Raumkonzepte	50.849998474121094	471.68170166015625	8.50274658203125	144.2499771118164	59	TimesNewRomanPSMT
Wardenga (2002.1,2002.2; Beitrag Köck	54.150001525878906	483.6860046386719	8.52117919921875	141.13481903076172	59	TimesNewRomanPS-ItalicMT
esem Heft) für den Geographieunter-	50.099998474121094	495.3817443847656	8.52490234375	145.3088150024414	59	TimesNewRomanPS-ItalicMT
' in den letzten Jahren zugenommen,	48.0	507.5306091308594	8.504180908203125	147.05335998535156	59	TimesNewRomanPSMT
zum Beispiel in der Integration in	52.79999923706055	519.7802734375	8.504486083984375	142.17905044555664	59	TimesNewRomanPSMT
Nationalen Bildungsstandards (DGfG	49.95000076293945	531.33056640625	8.5255126953125	145.12009811401367	59	TimesNewRomanPS-ItalicMT
13) sowie in Lehrpläne (z. B. Sächsi-	55.650001525878906	543.6312866210938	8.525238037109375	139.69336700439453	59	TimesNewRomanPS-ItalicMT
-s Staatsministerium für Kultus 2004, 4)	42.599998474121094	555.0806274414062	8.527008056640625	152.27068328857422	59	TimesNewRomanPS-ItalicMT
lieh wird. Darüber hinaus werden die	50.70000076293945	566.330078125	8.504852294921875	144.31341171264648	59	TimesNewRomanPSMT
nkonzepte in unterrichtspraktischen	49.20000076293945	578.331787109375	8.50262451171875	146.1605339050293	59	TimesNewRomanPSMT
i kationen (z. B. Dolic und Wilhelmi 2011;	50.400001525878906	590.181640625	8.525421142578125	144.74906158447266	59	TimesNewRomanPS-ItalicMT
-mann20111) sowie Schulbüchern auf-	40.79999923706055	603.4845581054688	8.49908447265625	154.3951759338379	60	TimesNewRomanPSMT
E 'iffen, insbesondere im Kontext von	40.650001525878906	614.03173828125	8.502685546875	154.65804290771484	60	ArialMT
manalysen, bei denen sie als struktu-	48.29999923706055	627.18359375	8.500335693359375	146.87842178344727	60	TimesNewRomanPSMT
des Element dienen (vgl. Coen u.a.	55.95000076293945	638.0311279296875	8.503509521484375	138.80964279174805	60	TimesNewRomanPSMT
52 ff; Frambach u. a. 2011, 198 ff). In­	54.150001525878906	650.8447875976562	9.00360107421875	141.74698638916016	60	TimesNewRomanPSMT
veit diese fachliche und fachdidakti-	47.849998474121094	662.3306884765625	8.504058837890625	147.47339630126953	60	TimesNewRomanPSMT
Neuverortung“ (Hoffmann 2011.2,11)	57.0	674.6346435546875	8.523422241210938	137.964111328125	60	TimesNewRomanPS-ItalicMT
tachdidaktische Diskurse und Unter-	52.20000076293945	686.3309936523438	8.503677368164062	143.0959587097168	60	TimesNewRomanPSMT
Beispiele hinaus Eingang in die täg-	55.5	698.7826538085938	8.501510620117188	139.6983642578125	60	TimesNewRomanPSMT
Unterrichtspraxis gefunden hat, ist	54.900001525878906	710.0310668945312	8.50360107421875	140.4117202758789	60	TimesNewRomanPSMT
b ebenso wenig bekannt wie empiri-	53.849998474121094	722.330078125	8.504867553710938	141.46175384521484	60	ArialMT
rkenntnisse zur Schülerperspektive	57.75	733.7305908203125	8.504135131835938	137.60516357421875	60	TimesNewRomanPSMT
e Raumkonzepte. Um jedoch frucht-	55.04999923706055	746.3314819335938	8.503036499023438	140.32345962524414	60	TimesNewRomanPSMT
ernprozesse initiieren zu können,	58.5	759.330322265625	8.504486083984375	136.50228881835938	60	TimesNewRomanPSMT
f es irn ersten Schritt der Kenntnis	55.20000076293945	769.1280517578125	8.507461547851562	139.8932762145996	60	TimesNewRomanPSMT
-rnerperspektive (z. B. Einstellungen,	52.95000076293945	782.782470703125	8.501747131347656	142.08404159545898	61	TimesNewRomanPSMT
ssen, Alltagsvorstellungen), um	56.25	794.4807739257812	8.50390625	138.88885498046875	61	TimesNewRomanPSMT
irn zweiten Schritt explizit bei der	57.29999923706055	805.4325561523438	8.501663208007812	138.23109817504883	61	TimesNewRomanPSMT
Konzeption von Unterrichtsarrangements	207.89999389648438	305.58502197265625	8.4984130859375	166.07968139648438	62	TimesNewRomanPSMT
berücksichtigen zu können - mit dem	207.60000610351562	317.417236328125	8.521484375	166.51089477539062	62	TimesNewRomanPSMT
Ziel, erfolgreiches Lernen wahrschein­	207.75	329.43048095703125	8.50433349609375	167.08050537109375	62	TimesNewRomanPSMT
licher zu machen (vgl. u.a. Helmke 2007,	207.60000610351562	341.131103515625	8.5269775390625	166.26852416992188	62	TimesNewRomanPS-ItalicMT
43; Upmeier zu Beizen 2007, 21, 27; Kattmann	207.60000610351562	353.000732421875	8.50823974609375	166.59646606445312	62	TimesNewRomanPS-ItalicMT
2007,95 f.). Vor diesem Hintergrund wurde	207.60000610351562	364.98321533203125	8.52447509765625	166.50885009765625	62	TimesNewRomanPS-ItalicMT
im Rahmen der vorgestellten Studie den	207.75	376.9803466796875	8.5045166015625	166.49554443359375	62	TimesNewRomanPSMT
Fragen nachgegangen, ob die Raumkon­	207.89999389648438	388.98004150390625	8.5048828125	167.08050537109375	62	TimesNewRomanPSMT
zepte Schülerinnen und Schülern bekannt	207.75	400.9810791015625	8.5035400390625	166.65585327148438	62	TimesNewRomanPSMT
sind beziehungsweise wie häufig diese in	207.75	412.98248291015625	8.501708984375	166.48373413085938	62	TimesNewRomanPSMT
ihrer Wahrnehmung im Geographieunter­	207.75	424.8310241699219	8.503631591796875	167.23049926757812	62	TimesNewRomanPSMT
richt thematisiert wurden und welche Ein­	207.75	436.8310852050781	8.5035400390625	167.23049926757812	62	TimesNewRomanPSMT
stellung sie zu den vier Konzepten haben.	207.75	448.8304138183594	8.504425048828125	165.04342651367188	62	TimesNewRomanPSMT
2 Theoretische Grundlagen	207.75	472.76043701171875	9.005889892578125	114.90176391601562	63	Arial-BoldMT
2.1 Raumkonzepte	207.75	484.7646789550781	9.0001220703125	79.11224365234375	63	Arial-BoldMT
Obwohl in der Geographie eine Vielzahl	207.89999389648438	496.83001708984375	8.50494384765625	166.1494140625	63	TimesNewRomanPSMT
unterschiedlicher Raumkonzepte (siehe	207.60000610351562	508.8311462402344	8.503448486328125	166.49081420898438	63	TimesNewRomanPSMT
Einleitungsbeitrag; Köck 2006; Weichhart	207.89999389648438	520.8367919921875	8.520599365234375	166.4010009765625	63	TimesNewRomanPS-ItalicMT
2008, 75 ff.) diskutiert werden, wurde der	207.75	532.6810913085938	8.5267333984375	166.67095947265625	63	TimesNewRomanPS-ItalicMT
Fokus dieser Studie angesichts des Stel­	207.89999389648438	544.8317260742188	8.50274658203125	166.93051147460938	63	TimesNewRomanPSMT
lenwertes für den Geographieunterricht	207.60000610351562	556.6832275390625	8.500732421875	166.68035888671875	63	TimesNewRomanPSMT
auf die Raumkonzepte nach Wardenga	207.75	568.6827392578125	8.50140380859375	166.48391723632812	63	TimesNewRomanPSMT
(2002.1; 2002.2) begrenzt. Demnach wird	207.89999389648438	580.6817626953125	8.526214599609375	166.33346557617188	63	TimesNewRomanPS-ItalicMT
zwischen folgenden vier Raumkonzepten	207.75	592.682373046875	8.50189208984375	166.62139892578125	63	TimesNewRomanPSMT
unterschieden: Raum als Container, Raum	207.60000610351562	604.6815185546875	8.502960205078125	166.7869873046875	63	TimesNewRomanPSMT
als System von Lagebeziehungen, Raum	207.75	616.6805419921875	8.504302978515625	166.54852294921875	63	TimesNewRomanPSMT
als Kategorie der Sinneswahrnehmung	207.75	628.681884765625	8.502471923828125	166.72415161132812	63	TimesNewRomanPSMT
und Raum als Konstrukt (ausführlich	207.60000610351562	640.68115234375	8.503448486328125	166.83392333984375	63	TimesNewRomanPSMT
siehe Beitrag von Köck in diesem Heft).	207.89999389648438	652.6805419921875	8.504302978515625	166.08554077148438	63	TimesNewRomanPSMT
Mit den Raumkonzepten verbunden sind	207.75	664.6810302734375	8.503585815429688	166.65887451171875	63	TimesNewRomanPSMT
Aussagen über das Wesen des jeweiligen	207.75	676.6831665039062	8.50079345703125	166.57339477539062	63	TimesNewRomanPSMT
Raumes, also ob er beispielsweise im re­	207.89999389648438	688.8307495117188	8.503952026367188	167.38052368164062	63	TimesNewRomanPSMT
alistischen Sinn physisch-materiell zu	207.75	700.8318481445312	8.502578735351562	166.4949951171875	63	TimesNewRomanPSMT
verstehen ist oder ob er ein mentales, ko­	207.60000610351562	712.8307495117188	8.503952026367188	167.68051147460938	63	TimesNewRomanPSMT
gnitives Konstrukt ist. Darüber hinaus	207.4499969482422	724.8317260742188	8.502670288085938	167.1267852783203	63	TimesNewRomanPSMT
können jedoch auch typische Frage- be­	207.75	736.8825073242188	8.501693725585938	167.530517578125	63	TimesNewRomanPSMT
ziehungsweise Aufgabenstellungen so­	207.89999389648438	748.8826904296875	8.501495361328125	167.38052368164062	63	TimesNewRomanPSMT
wie eingesetzte Methoden und auszuwer­	207.60000610351562	760.9838256835938	8.5	167.68051147460938	63	TimesNewRomanPSMT
tende Materialien ebenfalls als Facetten	207.60000610351562	772.981201171875	8.503433227539062	167.22369384765625	63	TimesNewRomanPSMT
eines Raumkonzeptes angesehen werden.	207.75	785.13134765625	8.503257751464844	166.73126220703125	63	TimesNewRomanPSMT
Unterrichtspraktisch spiegelt sich dies vor	207.89999389648438	797.1307983398438	8.503921508789062	166.99176025390625	63	TimesNewRomanPSMT
allem in einer mit dem jeweiligen Raum­	207.89999389648438	809.1319580078125	8.502357482910156	167.38052368164062	63	TimesNewRomanPSMT
konzept korrespondierenden typischen	386.8500061035156	305.28155517578125	8.5029296875	167.50424194335938	64	TimesNewRomanPSMT
Auswahl von Materialien in Kombina­	386.8500061035156	317.282470703125	8.501708984375	167.98049926757812	64	TimesNewRomanPSMT
tion passender Arbeitsaufträge respektive	386.70001220703125	329.28106689453125	8.5035400390625	167.256591796875	64	TimesNewRomanPSMT
Fachmethoden wider, mit denen diese	387.0	340.9803466796875	8.5045166015625	166.9683837890625	64	TimesNewRomanPSMT
erschlossen werden können (z. B. Ana­	386.8500061035156	352.98309326171875	8.50091552734375	167.83047485351562	64	TimesNewRomanPSMT
lyse des Bodens mittels pH-Meter oder	386.8500061035156	364.981689453125	8.50274658203125	167.45706176757812	64	TimesNewRomanPSMT
Analyse der subjektiven Raumwahrneh­	386.8500061035156	376.830322265625	8.5045166015625	167.98049926757812	64	TimesNewRomanPSMT
mungen mittels Auswertung von Mental-	387.0	388.8314208984375	8.5030517578125	167.26727294921875	64	TimesNewRomanPSMT
Maps, siehe Beitrag Bette in diesem Heft).	387.29998779296875	400.831787109375	8.50262451171875	166.3165283203125	64	TimesNewRomanPSMT
2.2 Einstellungen	387.0	424.612060546875	9.003692626953125	74.5718994140625	65	Arial-BoldMT
Einstellungen sind „(...) eine psychische	387.1499938964844	436.8320007324219	8.502349853515625	167.07809448242188	65	TimesNewRomanPSMT
Tendenz, die dadurch zum Ausdruck	386.8500061035156	448.830078125	8.504852294921875	167.61758422851562	65	TimesNewRomanPSMT
kommt, dass man ein bestimmtes Ob­	387.0	460.8305969238281	8.504180908203125	167.98052978515625	65	TimesNewRomanPSMT
jekt mit einem gewissen Grad an Zunei­	386.3999938964844	472.6808166503906	8.50390625	168.58053588867188	65	TimesNewRomanPSMT
gung oder Abneigung bewertet“ (Eagly	386.70001220703125	484.6807861328125	8.52764892578125	167.75927734375	65	TimesNewRomanPS-ItalicMT
und Chaiken 1993, 1, eig. Übersetzung). Ein­	387.0	496.4321594238281	8.525848388671875	167.98052978515625	65	TimesNewRomanPS-ItalicMT
stellungen können sich zum einen in ih­	387.1499938964844	508.6816711425781	8.502777099609375	167.83053588867188	65	TimesNewRomanPSMT
rer Valenz (oder Richtung) unterschei­	387.1499938964844	520.68017578125	8.5047607421875	167.68051147460938	65	TimesNewRomanPSMT
den, das heißt, sie sind positiv, negativ	387.0	532.5302734375	8.5045166015625	167.592529296875	65	TimesNewRomanPSMT
oder neutral, zum anderen können sie in	387.0	544.5308837890625	8.503814697265625	167.27203369140625	65	TimesNewRomanPSMT
Bezug auf ihre Stärke unterschieden wer­	387.1499938964844	556.5302734375	8.504547119140625	167.68051147460938	65	TimesNewRomanPSMT
den. Da sich jeder Stimulus begrifflich	386.8500061035156	568.5311889648438	8.50335693359375	167.45718383789062	65	TimesNewRomanPSMT
grundsätzlich als Einstellungsgegenstand	386.54998779296875	580.5318603515625	8.502471923828125	167.6767578125	65	TimesNewRomanPSMT
erfassen lässt, können Einstellungsob­	386.8500061035156	592.531005859375	8.503570556640625	167.98049926757812	65	TimesNewRomanPSMT
jekte sehr heterogen sein (z. B. konkrete,	386.1000061035156	604.5308837890625	8.503814697265625	168.01889038085938	65	TimesNewRomanPSMT
materielle Gegenstände, abstrakte Be­	386.70001220703125	616.53125	8.503265380859375	167.98046875	65	TimesNewRomanPSMT
griffe oder Personen; vgl. Haddock und Maio	386.54998779296875	628.53076171875	8.527099609375	167.54095458984375	65	TimesNewRomanPS-ItalicMT
2007, 189). In der Einstellungsforschung	386.8500061035156	640.5302734375	8.504486083984375	167.35739135742188	65	TimesNewRomanPSMT
wird zwischen verschiedenen Ansätzen	386.54998779296875	652.6810302734375	8.503585815429688	167.80181884765625	65	TimesNewRomanPSMT
zur Modellierung der Einstellung unter­	386.8500061035156	664.5303955078125	8.504486083984375	168.13052368164062	65	TimesNewRomanPSMT
schieden. Am weitesten verbreitet ist der	386.8500061035156	676.5310668945312	8.50360107421875	167.78109741210938	65	TimesNewRomanPSMT
sogenannte Drei-Komponenten-Ansatz	386.8500061035156	688.6832275390625	8.500762939453125	167.59707641601562	65	TimesNewRomanPSMT
nach Rosenberg und Hovland (1966), bei dem	386.8500061035156	700.6805419921875	8.52691650390625	167.70590209960938	65	TimesNewRomanPS-ItalicMT
zwischen einer affektiven, einer kogni­	386.8500061035156	712.6802978515625	8.504486083984375	168.13052368164062	65	TimesNewRomanPSMT
tiven und einer Verhaltenskomponente	386.54998779296875	724.6815185546875	8.503005981445312	167.63104248046875	65	TimesNewRomanPSMT
unterschieden wird. „Einstellung wird in	386.70001220703125	736.8306884765625	8.504058837890625	167.8736572265625	65	TimesNewRomanPSMT
diesem Modell als hypothetisches Kons­	386.8500061035156	748.8317260742188	8.502731323242188	168.13052368164062	65	TimesNewRomanPSMT
trukt verstanden, das zwischen beobacht­	386.70001220703125	760.83056640625	8.50421142578125	168.280517578125	65	TimesNewRomanPSMT
baren vorangegangenen Reizen (dass of	386.70001220703125	772.8316650390625	8.502838134765625	168.79302978515625	65	TimesNewRomanPSMT
Stimuli) und nachfolgendem Verhalten	386.8500061035156	784.9813232421875	8.503227233886719	168.07528686523438	65	TimesNewRomanPSMT
(certain classes of response) vermittelt.	387.0	796.9811401367188	8.503501892089844	167.5643310546875	65	TimesNewRomanPSMT
Hierbei unterscheiden sie die folgenden	386.8500061035156	809.1323852539062	8.50189208984375	167.99313354492188	65	TimesNewRomanPSMT
15	547.2000122070312	826.835205078125	8.498161315917969	7.79736328125	66	TimesNewRomanPSMT
