Häfen	119.0999984741211	85.4173583984375	30.02667236328125	76.2082748413086	0	Tahoma
Fritz Achilles	117.30000305175781	177.927734375	10.0357666015625	56.031036376953125	1	SegoeUI
Von regionalen Basaren zu Umschlagplätzen des globalen Versandhandels	116.55000305175781	141.59783935546875	14.02508544921875	471.02122497558594	2	SegoeUI
Große Seehäfen galten immer schon als Tore zur Welt, als	96.44999694824219	224.05316162109375	10.03741455078125	252.33338928222656	3	Calibri
Knotenpunkte, Drehscheiben im Handelsverkehr. Seit Jahrzehnten	57.599998474121094	238.6114501953125	10.02655029296875	290.5870132446289	4	Calibri
nimmt deren Bedeutung zu, doch wirken sie heute meist leblos.	69.30000305175781	253.59423828125	10.04901123046875	278.95802307128906	5	Calibri
Geographische Lage	118.80000305175781	590.0707397460938	11.97064208984375	102.28080749511719	6	Calibri
Bis zum Anfang der Dampfschiffzeit (Mitte/Ende 19. Jh.)	369.29998779296875	224.1942138671875	9.00439453125	227.16094970703125	7	TimesNewRomanPSMT
spielte die Hafentopographie eine ungemein wichtige Rolle.	360.6000061035156	235.14453125	9.00390625	235.48318481445312	7	TimesNewRomanPSMT
Die Segelschiffe waren für die vielwöchige oder sogar mona­	360.75	246.39483642578125	9.0035400390625	236.24700927734375	7	TimesNewRomanPSMT
telange Be- und Entladezeit unbedingt auf einen Wetter­	360.75	257.49420166015625	9.00439453125	236.24700927734375	7	TimesNewRomanPSMT
Wie erklärt sich dieser (scheinbare) Widerspruch? schutzhafen angewiesen. Buchten, Förden, Fjorde, Ästuare,	134.5500030517578	268.64447021484375	10.1488037109375	461.84568786621094	7	Calibri
Bodden, Haffs usw. gewährten Sicherheit für die Ankerlieger.	361.04998779296875	279.8455810546875	9.0025634765625	235.198974609375	7	TimesNewRomanPSMT
Der Umschlag Seeschiff - Land wurde mit Hilfe von bordei­	361.20001220703125	291.09375	9.00494384765625	235.947021484375	7	TimesNewRomanPSMT
genen Verladeeinrichtungen und Schuten, Kähnen usw. voll­	361.20001220703125	302.34466552734375	9.0037841796875	236.09698486328125	7	TimesNewRomanPSMT
zogen. In manchen Häfen konnte man an (Duck-)Dalben oder	361.3500061035156	313.44635009765625	9.00164794921875	235.51657104492188	7	TimesNewRomanPSMT
is heute zehren viele berühmte Seehafenstädte noch an Bojen die Segler festmachen. Trotzdem gab es nicht weni­	147.0	322.9449462890625	10.75384521484375	450.14703369140625	7	TimesNewRomanPSMT
BBremen, Hamburg, Antwerpen). Altstadtquartiere und laufen wurden. Dort lagen dann die Großsegler auf offener un­	117.1500015258789	330.1971435546875	57.98699951171875	480.1469955444336	7	ArialMT
von ihrer glorreichen Vergangenheit (z. B. Lissabon, ge Seehäfen, die keinen topographischen Gunstfaktor aufwei­	147.0	335.34619140625	9.60247802734375	450.2969970703125	7	TimesNewRomanPSMT
Venedig, London, Amsterdam, Gent, Brügge, Lübeck, sen konnten, die aber aus wirtschaftlichen Erwägungen ange­	147.0	346.5947265625	9.45391845703125	450.2969970703125	7	TimesNewRomanPSMT
über 100 Jahre alte Hafenbecken erinnern an die Blütezeigtedsecshützter Reede (z. B. an der sog. Salpeterküste Chiles).	147.0	368.79498291015625	9.75347900390625	436.34747314453125	7	TimesNewRomanPSMT
Handels. Eines der weltweit schönsten Beispiele dafür findet Auch bestand in vortechnischer Zeit der Wunsch, möglichst	117.44999694824219	380.04376220703125	9.6044921875	479.5623321533203	7	TimesNewRomanPSMT
sich in der Hamburger Speicherstadt, einem weiträumigen La­ weit auf Flussästuaren ins Binnenland hineinzusegeln. An den	117.60000610351562	391.14398193359375	9.75469970703125	479.1351623535156	7	TimesNewRomanPSMT
gerhausviertel für hochwertige Güter, von sog. Fleeten, d. h. Tidegrenzen entwickelten sich blühende Hafenstädte (z. B.	117.44999694824219	402.3941650390625	9.60382080078125	479.0984649658203	7	TimesNewRomanPSMT
schmalen, seichten Wasserarmen durchzogen, und auch heute London, Bremen, Hamburg).	117.75	413.49462890625	9.603851318359375	353.8582763671875	7	TimesNewRomanPSMT
noch z. T. in Nutzung.	117.5999984741211	424.14617919921875	9.0018310546875	82.45069122314453	7	TimesNewRomanPSMT
Während für Hafenbesucher dieser Städte das museale Am­	125.8499984741211	435.843017578125	9.005889892578125	224.99701690673828	7	TimesNewRomanPSMT
biente ein reizvoller Anblick ist, stellen aktive Weltseehäfen eher Hafenbautechnik	117.5999984741211	446.192626953125	12.00726318359375	332.4366226196289	7	Calibri
eine Enttäuschung dar. Es gibt kein geschäftiges Leben mehr in	117.44999694824219	458.1947326660156	9.003692626953125	232.7800750732422	7	TimesNewRomanPSMT
den älteren Hafenbecken, keine Kais, an denen Asien- oder	117.5999984741211	469.2951965332031	9.003082275390625	233.33319854736328	7	TimesNewRomanPSMT
Südamerika-Liner dicht an dicht vertäut sind, Stückgutladung lö­	117.9000015258789	480.5439453125	9.00469970703125	233.09700775146484	7	TimesNewRomanPSMT
schen oder aufnehmen, umwimmelt von Schuten, Binnenschif­	117.75	491.6460266113281	9.00201416015625	233.24700927734375	7	TimesNewRomanPSMT
fen, schwimmenden Getreidesaugem und Kränen. Die Traditi­	117.5999984741211	502.74462890625	9.00384521484375	233.54700469970703	7	TimesNewRomanPSMT
onshafenbecken sind ausgestorben. Der Umschlag beschränkt	117.75	513.995849609375	9.002349853515625	233.07464599609375	7	TimesNewRomanPSMT
sich zumeist auf wenige neuere Hafenteile mit Containerum­	118.05000305175781	525.09130859375	9.008026123046875	233.2469940185547	7	TimesNewRomanPSMT
schlag: Ein Kai, daran liegen nur zwei oder drei Großcontainer­	118.19999694824219	536.1946411132812	9.00384521484375	233.0970001220703	7	TimesNewRomanPSMT
frachter, mehrere hoch aufragende Verladebrücken, dahinter ein	118.05000305175781	547.2939453125	9.004669189453125	232.7667694091797	7	TimesNewRomanPSMT
riesiges, für den Besucher nicht einsehbares Stapelgelände.	118.05000305175781	558.544677734375	9.003814697265625	215.07276916503906	7	TimesNewRomanPSMT
Gegen Ende des 19. Jh. baute man in „modernen“ Häfen Ha­	362.25	470.04302978515625	9.005889892578125	235.34698486328125	8	TimesNewRomanPSMT
fenbecken mit senkrechten Anlegekais. Da vielerorts ein zu	362.3999938964844	481.296142578125	9.001861572265625	234.44168090820312	8	TimesNewRomanPSMT
hoher Tidenhub herrschte, musste man mit Schiffsschleusen	362.54998779296875	492.3951721191406	9.00311279296875	234.37579345703125	8	TimesNewRomanPSMT
die Hafenbecken vom Gezeiteneinfluss absperren; die so ge­	362.3999938964844	503.6440734863281	9.004547119140625	235.34701538085938	8	TimesNewRomanPSMT
nannten Docks entstanden. Weltweit führend in dieser Bau­	362.70001220703125	514.7437744140625	9.00494384765625	235.0469970703125	8	TimesNewRomanPSMT
technik war die Nation der Seeschifffahrt schlechthin: Groß­	362.54998779296875	525.9937744140625	9.00494384765625	235.197021484375	8	TimesNewRomanPSMT
britannien. In ihren Welthäfen entwickelte sich ein verschach­	362.70001220703125	537.09423828125	9.004364013671875	235.197021484375	8	TimesNewRomanPSMT
teltes System von Docks, engen Hafenbecken, alle miteinander	362.70001220703125	548.1942138671875	9.004364013671875	235.12762451171875	8	TimesNewRomanPSMT
verbunden (z. B. in London, Liverpool, Glasgow). Kilometer­	362.8500061035156	559.4429931640625	9.005889892578125	235.04702758789062	8	TimesNewRomanPSMT
lange Hafen- und Hafenindustrielandschaften entstanden	363.1499938964844	570.5452880859375	9.0029296875	234.17196655273438	8	TimesNewRomanPSMT
(engl. Docklands). Dort wohnten und arbeiteten zehntausende	363.0	581.7950439453125	9.003326416015625	234.37451171875	8	TimesNewRomanPSMT
Menschen und verdienten ihren Lebensunterhalt mit „Muskel­	363.1499938964844	592.8939208984375	9.004791259765625	234.89700317382812	8	TimesNewRomanPSMT
kraft“. Die Stadtteile (Quartiere) am Hafen galten als sozial	363.0	603.9940185546875	9.004638671875	234.32928466796875	8	TimesNewRomanPSMT
tiefstehend.	363.1499938964844	614.9505615234375	8.99609375	43.16766357421875	8	TimesNewRomanPSMT
Für einen	371.70001220703125	626.0452880859375	9.003021240234375	34.919158935546875	8	TimesNewRomanPSMT
modernen	363.45001220703125	637.1498413085938	8.99713134765625	43.332305908203125	8	TimesNewRomanPSMT
Erdkunde-	363.6000061035156	648.398681640625	8.99853515625	43.27044677734375	8	TimesNewRomanPSMT
Geographische Gunstlagen spielen nach wie vor eine domi­	118.80000305175781	614.3439331054688	9.00469970703125	232.94700622558594	9	TimesNewRomanPSMT
nante Rolle im Weltseeverkehr. Häfen an Durchfahrten und	118.94999694824219	625.4442138671875	9.004302978515625	232.50001525878906	9	TimesNewRomanPSMT
Knotenpunkten florieren, Häfen in Abseitslagen bekommen	119.0999984741211	636.5443115234375	9.0042724609375	232.3107681274414	9	TimesNewRomanPSMT
Probleme (z. B. Rotterdam/Hamburg - Rostock).	119.25	647.4962158203125	9.00177001953125	183.79095458984375	9	TimesNewRomanPSMT
se	73.18853759765625	728.749267578125	2.55047607421875	2.43798828125	10	TimesNewRomanPSMT
ill	73.18853759765625	732.8994750976562	3.19952392578125	1.5244293212890625	10	TimesNewRomanPSMT
h	73.18853759765625	739.0489501953125	0.0	2.751678466796875	10	TimesNewRomanPSMT
c	73.18853759765625	741.5994873046875	0.0	2.43798828125	10	TimesNewRomanPSMT
A	73.18853759765625	745.7999877929688	0.0	3.9734344482421875	10	TimesNewRomanPSMT
.	73.04362487792969	749.0490112304688	0.0	1.374725341796875	10	TimesNewRomanPSMT
F	73.04362487792969	751.9500122070312	0.0	3.057373046875	10	TimesNewRomanPSMT
:	73.18618774414062	755.749267578125	0.0	1.5222320556640625	10	TimesNewRomanPSMT
n	73.18618774414062	758.69921875	0.0	2.7476959228515625	10	TimesNewRomanPSMT
e	73.18618774414062	761.24951171875	0.0	2.4344635009765625	10	TimesNewRomanPSMT
g	73.18618774414062	764.1994018554688	0.0	2.7476959228515625	10	TimesNewRomanPSMT
n	73.18618774414062	767.1492919921875	0.0	2.7476959228515625	10	TimesNewRomanPSMT
u	73.18618774414062	770.0992431640625	0.0	2.7476959228515625	10	TimesNewRomanPSMT
n	73.18618774414062	773.0491333007812	0.0	2.7476959228515625	10	TimesNewRomanPSMT
h	73.18618774414062	775.9990234375	0.0	2.7476959228515625	10	TimesNewRomanPSMT
c	73.18618774414062	778.5493774414062	0.0	2.4344635009765625	10	TimesNewRomanPSMT
i	73.18618774414062	780.1495971679688	0.0	1.5222320556640625	10	TimesNewRomanPSMT
e	73.18618774414062	782.699951171875	0.0	2.4344635009765625	10	TimesNewRomanPSMT
Z	73.18618774414062	786.2999877929688	0.0	3.3521881103515625	10	TimesNewRomanPSMT
Reede	81.75	688.4984130859375	9.000289916992188	22.4429931640625	11	Calibri
Abb. 1: Beginn des Umschlags (bis 1200)	75.5999984741211	791.70947265625	8.003517150878906	150.29674530029297	12	Arial-ItalicMT
2	121.5	812.9716796875	8.498519897460938	3.9200057983398438	13	ArialMT
geographie heute 181/2000	152.10000610351562	814.3186645507812	8.502510070800781	104.42755126953125	14	ArialMT
Seeschiff	134.85000610351562	712.8031005859375	8.994186401367188	31.618423461914062	15	Calibri
Umschlag am Strand	209.6999969482422	688.4953002929688	9.004318237304688	74.39811706542969	16	Calibri
(bzw. in Buchten, Flussmündungen)	209.85000610351562	698.8425903320312	9.007888793945312	130.87728881835938	16	Calibri
• reiner Umschlag: Schiff/Land	421.5	634.64501953125	9.004791259765625	111.08087158203125	17	Calibri
• Abtransport per Fuhrwerk	421.5	644.3958740234375	9.003692626953125	102.90411376953125	17	Calibri
• Umschlag per Hand	421.6499938964844	654.2963256835938	9.003036499023438	77.73825073242188	17	Calibri
• wenige, aber hochwertige Waren	421.6499938964844	664.342529296875	9.007980346679688	130.06997680664062	17	Calibri
• relativ wenige Arbeitskräfte	421.79998779296875	674.2478637695312	9.001022338867188	110.0146484375	17	Calibri
• Handel in entfernt liegenden Siedlungen	421.79998779296875	683.9949340820312	9.004806518554688	153.430419921875	17	Calibri
• hoher Gewinn	421.79998779296875	693.744140625	9.005874633789062	58.192047119140625	17	Calibri
Handel	469.3500061035156	726.3011474609375	8.996688842773438	25.21038818359375	18	Calibri
bas isartike	420.1499938964844	29.00396728515625	18.01446533203125	130.49313354492188	19	Arial-ItalicMT
Reede	48.150001525878906	85.64697265625	9.002197265625	21.619667053222656	20	Calibri
Umschlag am Strand (bzw. in Buchten, Flussmündungen)	176.10000610351562	85.34259033203125	9.0079345703125	210.11630249023438	21	Calibri
Abb. 2: Regionalverkehr, Küstenfahrt (bis 1400)	34.04999923706055	191.3587646484375	8.0045166015625	181.27673721313477	22	Arial-ItalicMT
unterricht sind hafenbautechnische Detaildarstellungen nicht	34.349998474121094	223.74395751953125	9.00469970703125	235.2699966430664	23	TimesNewRomanPSMT
mehr vorrangig erforderlich. Heute empfiehlt sich eine einfa­	34.349998474121094	234.99468994140625	9.0037841796875	235.3470230102539	23	TimesNewRomanPSMT
che Unterscheidung in offene (Tide-)Häfen und Schleusenhä­	34.20000076293945	246.2430419921875	9.00592041015625	235.49702072143555	23	TimesNewRomanPSMT
fen. Letztere erweisen sich als mehr und mehr ungünstig (trotz	34.20001220703125	257.49462890625	9.00384521484375	235.11773681640625	23	TimesNewRomanPSMT
Neubau riesenhafter Schleusen, z. B. in Antwerpen).	34.349998474121094	268.7452392578125	9.0030517578125	198.8016128540039	23	TimesNewRomanPSMT
Topographisch und technisch können nur die Seehäfen ge­	42.29999923706055	279.99407958984375	9.00457763671875	227.09700393676758	23	TimesNewRomanPSMT
winnen, die eine schnelle, kurze und ungefährliche Zufahrt für	34.349998474121094	291.09381103515625	9.0048828125	234.95240020751953	23	TimesNewRomanPSMT
Großschiffe bieten und deren Wassertiefe am offenen Kai	34.20000076293945	302.34442138671875	9.00408935546875	234.2155876159668	23	TimesNewRomanPSMT
16-20 m beträgt.	35.25	313.29522705078125	9.0030517578125	61.648284912109375	23	TimesNewRomanPSMT
Hafenfunktionen	34.650001525878906	345.6973876953125	12.0010986328125	86.37725067138672	24	Calibri
Früher ließen sich selbst Großhäfen noch in etwa eindeutig	34.04999923706055	369.54443359375	9.00408935546875	234.38728713989258	25	TimesNewRomanPSMT
klassifizieren. Meist lag aber eine Bündelung von Funktionen	33.900001525878906	380.79449462890625	9.0040283203125	234.23101043701172	25	TimesNewRomanPSMT
vor: Umschlag, Handel, Lagerung, Schutz, Reparatur, Werften,	33.900001525878906	391.89141845703125	9.00799560546875	234.16759490966797	25	TimesNewRomanPSMT
Versorgung/Wartung, Zentren von Reedereien, Handels-/La-	34.04999923706055	403.2940979003906	9.0045166015625	234.40919876098633	25	TimesNewRomanPSMT
gerbetrieben, Industriestandorte (hafenbezogen), Rohstoffver­	33.75	414.39544677734375	9.002777099609375	235.0469970703125	25	TimesNewRomanPSMT
edlungsbetriebe, Servicebetriebe aller Art. Seit 1960/70 haben	33.599998474121094	425.6466064453125	9.00128173828125	234.34772491455078	25	TimesNewRomanPSMT
sich die Funktionen immer mehr auf reinen Umschlag verengt.	33.75	436.59417724609375	9.004425048828125	234.0260009765625	25	TimesNewRomanPSMT
Die komplexen Gebilde der Hafenwirtschaft in Westeuropa	42.29999923706055	447.996826171875	9.001007080078125	226.12227249145508	25	TimesNewRomanPSMT
erlebten einen starken Funktionsrückgang. Umschlagzahlen in	33.45000076293945	459.09429931640625	9.0042724609375	234.57682418823242	25	TimesNewRomanPSMT
Millionen Tonnen sollten nicht imponieren, die nüchterne Fra­	33.900001525878906	470.3453369140625	9.0029296875	234.74700164794922	25	TimesNewRomanPSMT
ge nach dem Gewinn müsste dagegen erlaubt sein (insbeson­	33.45000076293945	481.44671630859375	9.00115966796875	235.19700241088867	25	TimesNewRomanPSMT
dere für die subventionierenden Steuerzahler!). 40‘-Container:	33.45000076293945	492.5466613769531	9.001190185546875	234.14286422729492	25	TimesNewRomanPSMT
hoch per Kran - Ablage auf dem Kai - Abtransport per Stap­	33.45000076293945	503.784423828125	9.01702880859375	235.0470085144043	25	TimesNewRomanPSMT
ler zum Stellplatz ... und das alles in zehn Minuten. Späterer	33.75	514.895263671875	9.0030517578125	234.60247802734375	25	TimesNewRomanPSMT
Abtransport per Lkw, mit der Bahn, seltener mit dem Binnen­	33.599998474121094	526.1439208984375	9.004791259765625	234.89701080322266	25	TimesNewRomanPSMT
schiff. Was lässt sich daran noch verdienen? Die Seehafen­	33.45000076293945	537.2445678710938	9.00396728515625	234.89701461791992	25	TimesNewRomanPSMT
städte und die Hafenwirtschaft sehen sich daher immer mehr in	33.599998474121094	548.4940185546875	9.004638671875	234.02368927001953	25	TimesNewRomanPSMT
die Rolle als Dienstleister der allgemeinen Volkswirtschaft ge­	33.29999923706055	559.5941162109375	9.004547119140625	234.89702224731445	25	TimesNewRomanPSMT
drängt.	33.29999923706055	569.7988891601562	8.99835205078125	25.436382293701172	25	TimesNewRomanPSMT
Strukturwandel und Folgen	33.75	602.7982177734375	12.0	140.21690368652344	26	Calibri
Technische Innovationen haben die Hafenwirtschaft seit ca.	33.0	626.6439208984375	9.004791259765625	233.97866821289062	27	TimesNewRomanPSMT
1965 verändert. So sind Häfen heute z. T. nur noch Verlade-,	34.349998474121094	637.7449951171875	9.003326416015625	232.79853057861328	27	TimesNewRomanPSMT
Stapel- und Verteilerplätze für Container. Die Schiffsgrößen	33.29999923706055	648.8455810546875	9.00262451171875	233.73137283325195	27	TimesNewRomanPSMT
Abb. 3: Vorindustrielle Blütezeit (bis 1800)	32.099998474121094	793.95947265625	8.003517150878906	159.89673614501953	28	Arial-ItalicMT
• Umschlag	387.45001220703125	164.99810791015625	9.000732421875	40.9903564453125	29	Calibri
• Lagerung/Handel	387.6000061035156	174.89788818359375	9.0009765625	68.93597412109375	29	Calibri
hochwertige Waren	393.75	184.9503173828125	8.99786376953125	72.6199951171875	29	Calibri
Umschlag per Hand	393.8999938964844	194.9925537109375	9.00799560546875	71.30621337890625	29	Calibri
Abtransport per Leichter und Fuhrwerk	393.6000061035156	204.7457275390625	9.00384521484375	144.87600708007812	29	Calibri
viele Arbeitskräfte	393.6000061035156	214.9486083984375	9.0001220703125	67.85736083984375	29	Calibri
• hoher Gewinn	387.8999938964844	225.217529296875	7.50140380859375	58.03778076171875	29	Candara
(Stückgut) sind von rd.	281.3999938964844	224.04571533203125	9.00244140625	90.59063720703125	30	TimesNewRomanPSMT
10 000 t (1960) auf	282.29998779296875	234.84417724609375	9.00439453125	90.77471923828125	30	TimesNewRomanPSMT
100 000 t gewachsen	282.45001220703125	246.24591064453125	9.002197265625	89.7689208984375	30	TimesNewRomanPSMT
(Container), bei Massengutfrachtem von rd. 30 000 t (1960)	281.3999938964844	257.0452880859375	9.00299072265625	233.47225952148438	30	TimesNewRomanPSMT
auf 150 0001, bei Tankern von 70 0001 auf 250 000 t und da­	281.1000061035156	268.294189453125	9.00439453125	234.29702758789062	30	TimesNewRomanPSMT
rüber. Die Fahrtzeiten haben sich halbiert. Die Liegezeiten im	281.1000061035156	279.5439453125	9.00469970703125	233.74850463867188	30	TimesNewRomanPSMT
Hafen reduzierten sich drastisch: Ein 10 OOO-t-Stückgutfrach-	281.25	290.64453125	9.0040283203125	233.790771484375	30	TimesNewRomanPSMT
ter konventioneller Art verbrachte in den 50er-/60er-Jahren in	280.79998779296875	301.89422607421875	9.00439453125	234.13006591796875	30	TimesNewRomanPSMT
der Regel mit Löschen und Laden ca. 6-10 Tage im Hafen, ein	280.6499938964844	313.29388427734375	9.00482177734375	234.30905151367188	30	TimesNewRomanPSMT
100 OOO-t-Containerschiff läuft heute nach nur 2-3 Tagen wie­	281.8500061035156	324.39398193359375	9.00469970703125	233.84701538085938	30	TimesNewRomanPSMT
der aus.	280.5	335.79302978515625	9.00592041015625	28.635009765625	30	TimesNewRomanPSMT
Der Umschlag von Massengut (Trockengut, z. B. Erz; Flüs­	289.04998779296875	346.89404296875	9.004638671875	226.64703369140625	30	TimesNewRomanPSMT
siggut, z. B. Erdöl) war für alle Häfen bisher wenig profitabel,	280.5	357.99517822265625	9.00311279296875	234.61065673828125	30	TimesNewRomanPSMT
da man einerseits eine entsprechende Hafeninfrastruktur Vor­	280.3500061035156	369.0946044921875	9.00384521484375	235.34701538085938	30	TimesNewRomanPSMT
halten musste (vor allem tiefes Fahrwasser für die Riesen­	280.5	380.4957275390625	9.00244140625	235.197021484375	30	TimesNewRomanPSMT
schiffe), andererseits der Umschlag mit nur wenigen Arbeits­	280.5	391.59466552734375	9.0037841796875	235.0469970703125	30	TimesNewRomanPSMT
kräften vollzogen werden konnte.	280.3500061035156	402.8470764160156	9.00067138671875	127.48883056640625	30	TimesNewRomanPSMT
Anders als früher erweisen sich ehemalige Handelshäfen	288.75	413.9439697265625	9.00469970703125	226.18768310546875	30	TimesNewRomanPSMT
heute manchmal als subventionsabhängig. Trotz allem sind sie	280.3500061035156	425.1946105957031	9.003875732421875	234.78701782226562	30	TimesNewRomanPSMT
im globalen Wirtschaftsverkehr für einen entwickelten Indus­	280.5	436.2954406738281	9.002777099609375	234.89703369140625	30	TimesNewRomanPSMT
triestaat unabdingbar. Nach wie vor gelten sie als „Tore zur	280.20001220703125	447.54473876953125	9.003692626953125	235.238525390625	30	TimesNewRomanPSMT
Welt“. Der Handel wird weltweit per elektronischer Daten­	280.3500061035156	458.644287109375	9.0042724609375	234.89700317382812	30	TimesNewRomanPSMT
bahn abgewickelt, die Gewinne/Verluste werden u. U. irgend­	280.3500061035156	469.8957824707031	9.002349853515625	234.74697875976562	30	TimesNewRomanPSMT
wo (weltweit) verbucht.	280.3499755859375	481.2944641113281	9.0040283203125	89.77151489257812	30	TimesNewRomanPSMT
Die Schifffahrtstechnik hat sich von den herkömmlichen Ha­	288.75	492.24359130859375	9.00518798828125	226.197021484375	30	TimesNewRomanPSMT
feneinrichtungen (Kräne, Schuppen, Lager, Speicher, Silos	280.04998779296875	503.34393310546875	9.00469970703125	234.3255615234375	30	TimesNewRomanPSMT
etc.) so weit befreit, dass manche Schiffe ihre Ladung selbst	280.04998779296875	514.595458984375	9.0028076171875	234.34619140625	30	TimesNewRomanPSMT
aufnehmen oder abgeben können. Beim RoRo-Verfahren rollt	280.04998779296875	525.6965942382812	9.00128173828125	234.380615234375	30	TimesNewRomanPSMT
die Ladung an oder von Bord (heute sehr häufig; z. B. Trans­	279.8999938964844	536.9429321289062	9.00604248046875	234.74697875976562	30	TimesNewRomanPSMT
port von Autos). Beim Lash-System nimmt ein Mutterschiff	279.8999938964844	548.1951904296875	9.003082275390625	234.82540893554688	30	TimesNewRomanPSMT
schwimmende „Leichter“ (barges) selbsttätig auf (Lash =	279.8999938964844	559.29541015625	9.0028076171875	234.16500854492188	30	TimesNewRomanPSMT
lighter aboard ship). Bei diesem System benötigt man keinen	279.8999938964844	570.5439453125	9.00469970703125	233.67343139648438	30	TimesNewRomanPSMT
Hafen, eine stille Bucht oder Flussmündung als Ankerplatz	279.75	581.6439819335938	9.00469970703125	234.10906982421875	30	TimesNewRomanPSMT
genügen, um die Leich­	279.1499938964844	593.047607421875	9.0	91.197021484375	30	TimesNewRomanPSMT
ter zu übernehmen oder	279.1499938964844	604.1475830078125	9.0	90.93301391601562	30	TimesNewRomanPSMT
zu Wasser zu lassen.	279.1499938964844	615.3939819335938	9.00469970703125	90.27633666992188	30	TimesNewRomanPSMT
Zwar hat sich das letzt­	279.0	626.4940185546875	9.004638671875	91.0469970703125	30	TimesNewRomanPSMT
genannte System nicht	279.0	637.5955810546875	9.002532958984375	90.6512451171875	30	TimesNewRomanPSMT
so rasant wie der Contai-	279.0	648.6944580078125	9.003997802734375	90.4476318359375	30	TimesNewRomanPSMT
• Umschlag	385.6499938964844	609.4481201171875	9.000732421875	41.140380859375	31	Calibri
• Lagerung/Handel	385.6499938964844	619.1978759765625	9.00103759765625	69.1434326171875	31	Calibri
• Warenaufbereitung	385.6499938964844	628.947509765625	9.001434326171875	79.032470703125	31	Calibri
• Abtransport per Fuhrwerk oder Binnen­	385.5	638.995849609375	9.003662109375	153.95404052734375	31	Calibri
schiff	391.3500061035156	649.3507080078125	8.997283935546875	19.845947265625	31	Calibri
• Handelshäuser: Lager, Verarbeitungsstät­	385.3500061035156	658.7966918945312	9.002578735351562	159.20401000976562	31	Calibri
ten	391.04998779296875	669.150390625	8.997772216796875	11.748870849609375	31	Calibri
• sehr viele Arbeitskräfte	385.04998779296875	678.59814453125	9.000732421875	91.89031982421875	31	Calibri
• Anfuhr der Waren über Kanäle (Fleete,	385.04998779296875	688.3453369140625	9.004318237304688	149.99713134765625	31	Calibri
Grachten)	391.04998779296875	698.693359375	9.006942749023438	36.211212158203125	31	Calibri
• extrem hohe Gewinne	384.75	708.443359375	9.006942749023438	88.40359497070312	31	Calibri
• Fernhandel (Übersee)	384.75	718.4986572265625	9.0	85.188232421875	31	Calibri
geographie heute 181/2000	374.8500061035156	815.51611328125	8.505874633789062	105.5008544921875	32	ArialMT
3	506.70001220703125	814.1475219726562	9.000114440917969	3.900482177734375	33	TimesNewRomanPSMT
Abb. 8: RoRo (seit 1980)	62.099998474121094	239.95989990234375	8.00299072265625	90.0754623413086	34	Arial-ItalicMT
Hafenwirtschaft einen kräftigen Gegenwind von nachdenkli­	108.1500015258789	273.0946044921875	9.00384521484375	233.3969955444336	35	TimesNewRomanPSMT
chen Bürgern: Stopp dem Landschaftsverbrauch, den Umwelt­	108.1500015258789	284.19598388671875	9.00201416015625	233.5470199584961	35	TimesNewRomanPSMT
belastungen! Manche Hafenprojekte in Deutschland wurden so	108.30000305175781	295.4429931640625	9.00592041015625	233.08863830566406	35	TimesNewRomanPSMT
verhindert (z. B. Dollarthafen, Großhafen Neuwerk-Hamburg,	108.44999694824219	306.54534912109375	9.00286865234375	232.94126892089844	35	TimesNewRomanPSMT
Chemiehäfen im Orsoyer Rheinknie), immer noch gibt es Pro­	108.44999694824219	317.794189453125	9.00439453125	233.8470001220703	35	TimesNewRomanPSMT
teste (z. B. gegen die Hamburger Hafenerweiterung, gegen die	108.44999694824219	328.89398193359375	9.004638671875	233.4569854736328	35	TimesNewRomanPSMT
Unteremsvertiefung). Umweltschützer haben dadurch die	108.44999694824219	339.84674072265625	9.0010986328125	233.6069793701172	35	TimesNewRomanPSMT
Wirtschaft bzw. Volkswirtschaft vor einigen Subventions-	108.44999694824219	351.094482421875	9.0040283203125	233.66246032714844	35	TimesNewRomanPSMT
bzw. Investitionspleiten bewahrt (so vor allem im Beispiel Or­	108.44999694824219	362.1937255859375	9.00494384765625	234.29701232910156	35	TimesNewRomanPSMT
soyer Rheinknie, wo linksrheinisch, nur wenig unterhalb Duis­	108.75	373.44561767578125	9.00250244140625	233.99700927734375	35	TimesNewRomanPSMT
burgs, in den 70er-Jahren eine riesige Petrochemieansiedlung	108.75	384.54302978515625	9.005889892578125	233.53656005859375	35	TimesNewRomanPSMT
geplant war).	108.9000015258789	395.1991882324219	8.9979248046875	47.85181427001953	35	TimesNewRomanPSMT
Umweltschützer sind jedoch oft auch Bewahrer des Alten, der	117.1500015258789	406.8944396972656	9.0040283203125	225.62645721435547	35	TimesNewRomanPSMT
überkommenen Strukturen. Somit gerät die HafenWirtschaft mit­	109.05000305175781	418.14447021484375	9.003997802734375	233.9969940185547	35	TimesNewRomanPSMT
unter in eine Zwickmühle: Sowohl ein Hafenneubau als auch die	109.05000305175781	429.2423095703125	9.006805419921875	233.44725036621094	35	TimesNewRomanPSMT
Umgestaltung (= Zuschüttung) funktionsloser Hafenareale	108.9000015258789	440.34326171875	9.005584716796875	233.5686264038086	35	TimesNewRomanPSMT
weckt Proteste. Dies ist beim musealen Ausbau von Althafen­	109.19999694824219	451.4430236816406	9.005889892578125	233.8470001220703	35	TimesNewRomanPSMT
becken zwar nicht der Fall, jedoch entstehen dadurch immens	108.9000015258789	462.54400634765625	9.004638671875	233.51219940185547	35	TimesNewRomanPSMT
hohe Kosten, ohne wirtschaftlichen Nutzen für das Gemeinwohl.	108.9000015258789	473.79730224609375	9.0003662109375	233.29326629638672	35	TimesNewRomanPSMT
Zu den wichtigsten hafenbezogenen Umweltproblemen	117.30000305175781	485.042236328125	9.006927490234375	225.32542419433594	35	TimesNewRomanPSMT
gehören:	109.19999694824219	495.54742431640625	9.000213623046875	31.735122680664062	35	TimesNewRomanPSMT
■ sehr großer Flächenverbrauch bei Hafenausbau und -neubau;	109.19999694824219	507.2440185546875	9.004638671875	233.1050567626953	35	TimesNewRomanPSMT
■ damit oft Verlust von gewachsener Kulturlandschaft und	109.3499984741211	518.3441162109375	9.004425048828125	233.4000015258789	35	TimesNewRomanPSMT
noch natumahen Arealen;	119.25	529.2945556640625	9.003875732421875	96.59979248046875	35	TimesNewRomanPSMT
■ Wasser- und Luftbelastung durch große Hafenindustrien	109.5	540.6951904296875	9.003021240234375	233.48248291015625	35	TimesNewRomanPSMT
(vor allem Petrochemie);	119.55000305175781	551.4944458007812	9.0040283203125	93.26841735839844	35	TimesNewRomanPSMT
■ Zersiedelung, Zerschneidung der Region durch neue Land­	109.6500015258789	562.894775390625	9.00360107421875	233.84700775146484	35	TimesNewRomanPSMT
verkehrswege;	119.8499984741211	573.6976318359375	8.99993896484375	53.946311950683594	35	TimesNewRomanPSMT
■ durch Gifte belastete Schlammablagerungen in Hafen­	109.94999694824219	585.2430419921875	9.005889892578125	233.8470001220703	35	TimesNewRomanPSMT
becken und Zufahrten;	120.0	595.8973388671875	9.000213623046875	84.43061828613281	35	TimesNewRomanPSMT
■ Unfall-/Katastrophengefahren durch Industrien und Schiffe	110.25	607.8951416015625	9.00311279296875	233.2744140625	35	TimesNewRomanPSMT
(Erdölindustrie, Petrochemie, Gefahrguttanker);	120.5999984741211	618.6974487304688	9.00018310546875	179.84015655517578	35	TimesNewRomanPSMT
■ schleichende Vergiftung der Hafengewässer durch Unter­	110.69999694824219	629.794677734375	9.003753662109375	233.3970184326172	35	TimesNewRomanPSMT
boden-Schiffsanstriche (toxische Antifoulingfarben) (vgl.	120.5999984741211	641.1950073242188	9.003372192382812	222.90003204345703	35	TimesNewRomanPSMT
Beitrag von Walter Mülich, S. 14-17).	121.05000305175781	651.9944458007812	9.004043579101562	143.6068878173828	35	TimesNewRomanPSMT
Alte Häfen als Museen?	111.5999984741211	683.4797973632812	12.024002075195312	119.33121490478516	36	Calibri
Die Wirtschaftslenker der 60er- und frühen 70er-Jahre hatten	112.05000305175781	707.794677734375	9.003738403320312	232.51661682128906	37	TimesNewRomanPSMT
noch den Mut, Altes, Unbrauchbares komplett abzureißen, Ha­	112.05000305175781	718.7435302734375	9.005279541015625	232.94700622558594	37	TimesNewRomanPSMT
fenbecken zuzuschütten, neues Gelände auf altem Grund zu	112.19999694824219	729.994140625	9.004425048828125	232.3417205810547	37	TimesNewRomanPSMT
schaffen. So wurde z. B. der Hamburger Segelschiffhafen ver­	112.5	740.945556640625	9.002532958984375	232.7969970703125	37	TimesNewRomanPSMT
fällt, in Duisburg-Ruhrort schüttete man den Kaiserhafen zu,	112.3499984741211	752.1956176757812	9.002578735351562	232.54035186767578	37	TimesNewRomanPSMT
heute Standort für einen Containerterminal, in Mannheim den	112.5	763.1439208984375	9.004791259765625	232.53512573242188	37	TimesNewRomanPSMT
Binnenhafen. In den 80er-/90er-Jahren machte sich dagegen	112.94999694824219	774.3941650390625	9.004364013671875	232.19651794433594	37	TimesNewRomanPSMT
eine rückwärtsgewandte Nostalgiewelle breit. Die historisch	112.80000305175781	785.5465698242188	9.00128173828125	232.49940490722656	37	TimesNewRomanPSMT
6	113.4000015258789	807.9212646484375	8.4990234375	4.375251770019531	38	ArialMT
geographie heute 181/2000	143.85000610351562	807.9160766601562	8.505867004394531	104.30084228515625	39	ArialMT
• am Hafenstandort wird kein Mehrwert	410.70001220703125	238.7950439453125	9.00469970703125	150.57440185546875	40	Calibri
geschaffen (keine Veredelung)	416.70001220703125	248.84716796875	9.001953125	114.08428955078125	40	Calibri
• weit verbreitet, Bedeutung zunehmend	410.8500061035156	258.74639892578125	9.0029296875	153.27157592773438	40	Calibri
• hohe Hafeninvestitionen, geringe	410.8500061035156	268.79669189453125	9.0025634765625	131.24124145507812	40	Calibri
Einnahmen	417.29998779296875	278.694091796875	9.00592041015625	40.74090576171875	40	Calibri
• Subventionen notwendig	411.0	288.748046875	9.000732421875	99.86776733398438	40	Calibri
besonders	352.95001220703125	273.39453125	9.00390625	43.0419921875	41	TimesNewRomanPSMT
sensitiven	353.25	284.49554443359375	9.00262451171875	42.455474853515625	41	TimesNewRomanPSMT
Briten ver­	353.54998779296875	295.59417724609375	9.00439453125	42.89703369140625	41	TimesNewRomanPSMT
suchten mit	353.54998779296875	306.849853515625	8.9970703125	42.51019287109375	41	TimesNewRomanPSMT
ihren Uraltdocks in Liverpool, Glasgow und London eine	353.70001220703125	318.24395751953125	9.00469970703125	234.75927734375	41	TimesNewRomanPSMT
Symbiose: Dort entstanden moderne Geschäfts- und Wohn­	353.8500061035156	329.496337890625	9.00164794921875	235.34701538085938	41	TimesNewRomanPSMT
zentren an den funktionslosen Docks.	353.8500061035156	340.29437255859375	9.004150390625	141.41360473632812	41	TimesNewRomanPSMT
Aber auch anderswo rettete man in Seehäfen und Binnenhä­	362.54998779296875	351.545166015625	9.00311279296875	226.64703369140625	41	TimesNewRomanPSMT
fen, was noch zu retten war: Alte Hafenteile wurden erhalten	354.0	362.64373779296875	9.00494384765625	234.79071044921875	41	TimesNewRomanPSMT
und mit musealen Oldtimerschiffen und authentischem Hafen­	354.1499938964844	373.8953857421875	9.0028076171875	235.04702758789062	41	TimesNewRomanPSMT
inventar wie Kränen und Getreidehebern bestückt (z. B. in Rot­	354.29998779296875	385.14520263671875	9.0030517578125	234.89703369140625	41	TimesNewRomanPSMT
terdam, Antwerpen, Bremerhaven). Ein großes mögliches Ex­	354.1499938964844	396.2441711425781	9.00439453125	235.04702758789062	41	TimesNewRomanPSMT
perimentierfeld bietet z. Z. noch der alte Hamburger Hafenteil,	354.1499938964844	407.4937438964844	9.00494384765625	234.56137084960938	41	TimesNewRomanPSMT
vor allem die historische Speicherstadt. Viele Pläne wurden	354.0	418.5954284667969	9.002777099609375	234.97607421875	41	TimesNewRomanPSMT
schon erörtert: Ganz zu Anfang stand Totalabriss auf dem Plan,	354.29998779296875	429.8445129394531	9.00396728515625	234.76702880859375	41	TimesNewRomanPSMT
dann Neuinwertsetzung als Wohn- und Geschäftsquartier, dann	354.0	440.94561767578125	9.002532958984375	234.86077880859375	41	TimesNewRomanPSMT
totale museale Beschlagnahmung als bauhistorisches und tech­	354.0	452.1960144042969	9.00201416015625	235.49700927734375	41	TimesNewRomanPSMT
nisches Kulturdenkmal.	354.1499938964844	463.29852294921875	8.998779296875	88.82846069335938	41	TimesNewRomanPSMT
Auch in alten deutschen Binnenhäfen gibt es funktionslose	362.70001220703125	474.3945617675781	9.003875732421875	226.33892822265625	41	TimesNewRomanPSMT
Hafengebiete. Diese Areale gelten als Filetstücke, da sie city-	354.29998779296875	485.64385986328125	9.004791259765625	234.66827392578125	41	TimesNewRomanPSMT
bzw. altstadtnah gelegen sind und - hafenwirtschaftlich heute	354.1499938964844	496.7461242675781	9.001861572265625	234.80459594726562	41	TimesNewRomanPSMT
wertlos - auch kostengünstig erworben werden können. In	354.45001220703125	507.994140625	9.00439453125	234.45025634765625	41	TimesNewRomanPSMT
Köln, Düsseldorf und Duisburg (vgl. Beitrag von Karin Stein­	354.6000061035156	519.0955810546875	9.002532958984375	235.04702758789062	41	TimesNewRomanPSMT
häuser, S. 34—37) entschied man sich für die Variante Woh-	354.45001220703125	530.34423828125	9.004364013671875	234.84295654296875	41	TimesNewRomanPSMT
nen/Leben/Arbeiten/Kultur am Wasser. Es entstanden teilwei­	354.6000061035156	541.44384765625	9.004791259765625	235.19699096679688	41	TimesNewRomanPSMT
se architektonisch beachtenswerte Neubebauungen.	354.8999938964844	552.6945190429688	9.00396728515625	194.36489868164062	41	TimesNewRomanPSMT
Die Zukunft der Häfen	355.6499938964844	584.320556640625	12.0360107421875	113.55755615234375	42	Calibri
Es zeichnet sich immer mehr ab, dass man sich von der Vor­	355.20001220703125	608.3455810546875	9.002532958984375	234.89697265625	43	TimesNewRomanPSMT
stellung, große Seehäfen seien auch große multifunktionale	355.5	619.4450073242188	9.00335693359375	234.378662109375	43	TimesNewRomanPSMT
Hafenwirtschaftsplätze, verabschieden muss. Der weltweite	355.6499938964844	630.695556640625	9.00262451171875	234.34707641601562	43	TimesNewRomanPSMT
Handel nimmt zwar immens zu, die Häfen in hoch entwickel­	355.6499938964844	641.794189453125	9.004379272460938	234.59701538085938	43	TimesNewRomanPSMT
ten Industrieländern werden sich allerdings auf die Rolle als	355.5	652.8941650390625	9.004379272460938	234.60906982421875	43	TimesNewRomanPSMT
Ein- und Auslader beschränken müssen. Damit lassen sich aber	355.79998779296875	663.9942016601562	9.004348754882812	234.657470703125	43	TimesNewRomanPSMT
keine wesentlichen volkswirtschaftlichen Gewinne erzielen.	355.79998779296875	675.244873046875	9.003448486328125	234.10870361328125	43	TimesNewRomanPSMT
Wenn man die infrastrukturellen Voraussetzungen in Betracht	355.95001220703125	686.3451538085938	9.00311279296875	234.47918701171875	43	TimesNewRomanPSMT
zieht, ergeben sich sogar volkswirtschaftliche Defizite. Ein	356.1000061035156	697.4437866210938	9.004959106445312	234.27877807617188	43	TimesNewRomanPSMT
gutes Beispiel ist Bremerhaven: Dank seiner Lage an der	356.25	708.5437622070312	9.004959106445312	234.5040283203125	43	TimesNewRomanPSMT
Außenweser besitzt der Überseehafen ideale topographische	356.3999938964844	719.5442504882812	9.004318237304688	234.18875122070312	43	TimesNewRomanPSMT
Voraussetzungen, zudem einen modernen, großen Container­	356.3999938964844	730.744873046875	9.003448486328125	234.59701538085938	43	TimesNewRomanPSMT
terminal sowie eine florierende Autoverladung. Trotzdem ist	356.54998779296875	741.8456420898438	9.002517700195312	234.18878173828125	43	TimesNewRomanPSMT
die Arbeitslosenquote in Bremerhaven recht hoch, die Werften	356.54998779296875	752.9430541992188	9.005874633789062	234.13592529296875	43	TimesNewRomanPSMT
liegen (fast) brach, die deutsche Fischerei ist so gut wie erlo­	356.8500061035156	764.0460815429688	9.001907348632812	234.29702758789062	43	TimesNewRomanPSMT
schen, die Verarbeitung von Fisch ebenso. Die Bremerhavener	356.8500061035156	775.1451416015625	9.003089904785156	234.33120727539062	43	TimesNewRomanPSMT
werden leidvoll erkennen: Mit Containern raus/rein bzw. Au­	357.1499938964844	786.2464599609375	9.001441955566406	234.29702758789062	43	TimesNewRomanPSMT
tos raus/rein schafft man keinen Mehrwert und verringert nicht	32.70000076293945	69.69390869140625	9.00482177734375	235.13337326049805	44	TimesNewRomanPSMT
die Zahl der Arbeitslosen.	32.54999923706055	81.24468994140625	9.0037841796875	97.29367446899414	44	TimesNewRomanPSMT
Über kurz oder lang wird man unsere (See-)Häfen als „not­	40.95000076293945	92.19415283203125	9.00445556640625	227.24702072143555	44	TimesNewRomanPSMT
wendiges Übel“ ansehen müssen. Sie erfordern hohe Investitio­	32.849998474121094	103.444091796875	9.0045166015625	235.49701690673828	44	TimesNewRomanPSMT
nen und bringen kaum oder keine Gewinne - oder sogar Verlus­	32.54999923706055	114.6947021484375	9.0037841796875	235.79701614379883	44	TimesNewRomanPSMT
te. Doch sie sind unabdingbar für eine hoch entwickelte Indu­	32.54999923706055	125.9439697265625	9.00469970703125	235.79701614379883	44	TimesNewRomanPSMT
strienation wie Deutschland, die zu 60 % vom Außenhandel lebt.	32.70000076293945	137.1939697265625	9.00469970703125	234.9350700378418	44	TimesNewRomanPSMT
Didaktische Anmerkungen	33.150001525878906	169.57958984375	12.02435302734375	134.79981231689453	45	Calibri
Das Thema „Häfen“ spielte in der Vergangenheit eine zwar	32.54999923706055	193.44305419921875	9.00592041015625	236.0137825012207	46	TimesNewRomanPSMT
vergleichsweise untergeordnete, aber dennoch wichtige Rolle	32.54999923706055	204.694580078125	9.00390625	235.57719802856445	46	TimesNewRomanPSMT
im Unterricht. Schulbücher und Atlanten gaben exemplarische	32.70000076293945	215.9442138671875	9.00439453125	235.5090446472168	46	TimesNewRomanPSMT
Beispiele, z. B. Rotterdam oder Hamburg (selten andere Häfen	32.70000076293945	227.1943359375	9.00421142578125	235.16569137573242	46	TimesNewRomanPSMT
wie London, Antwerpen, Rostock, damals noch Haupthafen	32.54999923706055	238.446044921875	9.00201416015625	235.2065315246582	46	TimesNewRomanPSMT
der Ex-DDR). Für einen Binnenhafen stand jahrzehntelang	32.400001525878906	249.544677734375	9.0037841796875	235.6791000366211	46	TimesNewRomanPSMT
Duisburg-Ruhrort, der größte Binnenhafen der Welt, als Schul­	32.70000076293945	260.79534912109375	9.00286865234375	235.34699630737305	46	TimesNewRomanPSMT
standardthema fest. Thematisch ging es früher vor allem um:	32.54999923706055	272.04376220703125	9.00494384765625	229.55550003051758	46	TimesNewRomanPSMT
■ topographische Lage, Bauart	32.400001525878906	283.295654296875	9.00250244140625	118.23999786376953	46	TimesNewRomanPSMT
■ Häfen als Handels- und Industriestandorte, Hafenfunktio­	32.400001525878906	294.39532470703125	9.00299072265625	235.34700775146484	46	TimesNewRomanPSMT
nen	42.150001525878906	305.34429931640625	9.00433349609375	12.629863739013672	46	TimesNewRomanPSMT
■ Häfen als raumprägende Elemente (Hafen-/Industrieland-	32.400001525878906	316.89385986328125	9.0048828125	234.69246673583984	46	TimesNewRomanPSMT
schaften)	42.150001525878906	327.84893798828125	8.998291015625	33.296630859375	46	TimesNewRomanPSMT
■ volkswirtschaftliche Bedeutung der Großhäfen.	32.25	339.094970703125	9.00341796875	189.4048309326172	46	TimesNewRomanPSMT
Um dem Wandel der Häfen Rechnung zu tragen, müssen ne­	40.650001525878906	350.19647216796875	9.00146484375	226.6469955444336	46	TimesNewRomanPSMT
ben diesen traditionellen Themen heute zusätzlich folgende	32.099998474121094	361.4454345703125	9.0028076171875	234.70606231689453	46	TimesNewRomanPSMT
Aspekte im Unterricht berücksichtigt werden:	32.25	372.69427490234375	9.00433349609375	172.91685485839844	46	TimesNewRomanPSMT
■ Funktionseinengung	32.099998474121094	383.7958984375	9.002227783203125	86.40386962890625	46	TimesNewRomanPSMT
■ Großseehäfen als (subventionierte) Dienstleister der Volks­	32.099998474121094	394.8963928222656	9.0015869140625	235.04700469970703	46	TimesNewRomanPSMT
wirtschaft	42.0	405.85101318359375	8.995574951171875	36.871437072753906	46	TimesNewRomanPSMT
■ Wettbewerb, Konzentration	31.950000762939453	417.3952941894531	9.003021240234375	114.36750411987305	46	TimesNewRomanPSMT
■ internationale Konkurrenz (trotz Wirtschaftsunion Europa)	31.950000762939453	428.4950866699219	9.003265380859375	232.8265495300293	46	TimesNewRomanPSMT
■ Wachstum von Großhäfen ins Umland	31.950000762939453	439.743896484375	9.004791259765625	155.70107650756836	46	TimesNewRomanPSMT
■ Funktionslosigkeit von Althafenarealen, museale Neuin­	31.950000762939453	450.9950256347656	9.003326416015625	235.0470085144043	46	TimesNewRomanPSMT
wertsetzung oder Mumifizierung	42.0	462.0946044921875	9.003875732421875	123.87599182128906	46	TimesNewRomanPSMT
■ Neuinwertsetzung von Hafen-, Werft- und Hafenindustrie­	31.950000762939453	473.3439025878906	9.004791259765625	235.0470085144043	46	TimesNewRomanPSMT
brachen.	41.849998474121094	483.9988098144531	8.9984130859375	30.93299102783203	46	TimesNewRomanPSMT
Auch der Umgang mit Zahlen sollte kritisch hinterfragt wer­	40.20000076293945	495.6974182128906	9.000244140625	226.7970085144043	46	TimesNewRomanPSMT
den. Eine magische Zahl für Häfen ist immer die jährliche Ge­	31.799999237060547	506.7949523925781	9.003448486328125	235.1970100402832	46	TimesNewRomanPSMT
samtumschlagshöhe in Mio. t. Doch eine sachgerechte Bewer­	32.099998474121094	518.0430908203125	9.005889892578125	234.89701080322266	46	TimesNewRomanPSMT
tung kann nur erfolgen, wenn man auch die Güterarten ver­	31.950000762939453	529.1474609375	9.000152587890625	235.0470085144043	46	TimesNewRomanPSMT
gleicht. Ein (konstruiertes) Beispiel: Hafen A schlägt jährlich	31.799999237060547	540.244140625	9.004425048828125	234.40642166137695	46	TimesNewRomanPSMT
1 Mio. t Stückgüter (Container) um, Hafen B 15 Mio. t Ab­	33.29999923706055	551.4926147460938	9.00640869140625	233.54701614379883	46	TimesNewRomanPSMT
fallstoffe, Müll, Klärschlamm. Hafen C bringt es nur auf	31.950000762939453	562.59423828125	9.004425048828125	235.22471237182617	46	TimesNewRomanPSMT
Dock-Seeschiff (80 000 t)	107.25	606.4457397460938	9.00384521484375	90.61196899414062	47	Calibri
Abb. 9: Trägerschiffe (seit 1980)	30.75	785.9598388671875	8.003059387207031	120.07545471191406	48	Arial-ItalicMT
500 000 t Halbfertigwaren. Diese werden im Hafengebiet zu	279.6000061035156	69.24432373046875	9.00421142578125	232.94174194335938	49	TimesNewRomanPSMT
Fertigprodukten weiterverarbeitet. Arbeitsplätze: Hafen A 30,	279.6000061035156	80.49566650390625	9.00250244140625	233.10000610351562	49	TimesNewRomanPSMT
Hafen B 25, Hafen C 10, doch 2 000 Arbeitsplätze in der Ha­	279.75	91.74432373046875	9.00421142578125	233.5469970703125	49	TimesNewRomanPSMT
fenindustrie. Frage: Welcher Hafen ist volkswirtschaftlich der	279.75	102.99676513671875	9.0010986328125	233.5885009765625	49	TimesNewRomanPSMT
wertvollste? Von ähnlich geringer Aussagekraft sind meist die	279.8999938964844	114.2454833984375	9.00274658203125	233.01425170898438	49	TimesNewRomanPSMT
Zahlenangaben zur Hafeninfrastruktur: Kailänge (in km), Zahl	279.75	125.3441162109375	9.0045166015625	232.9805908203125	49	TimesNewRomanPSMT
der Kräne, Lagerfläche in m2 usw.	279.75	136.3414306640625	9.00799560546875	128.554931640625	49	TimesNewRomanPSMT
Es gilt also Abschied zu nehmen von dem tradierten Lehr-	288.6000061035156	147.843994140625	9.00469970703125	224.32376098632812	49	TimesNewRomanPSMT
und Lernstoff „Häfen“. Die bequemen Schubfächer wie „Ti­	280.04998779296875	159.09576416015625	9.00244140625	233.24700927734375	49	TimesNewRomanPSMT
dehafen“, „Dockhafen“, „Massenguthafen“, „Stückguthafen“	279.75	170.34356689453125	9.0052490234375	232.98565673828125	49	TimesNewRomanPSMT
passen nicht mehr. Doch es ist nur scheinbar einfacher gewor­	279.8999938964844	181.59503173828125	9.00335693359375	233.24697875976562	49	TimesNewRomanPSMT
den. Denn hinter der neuen vermeintlichen Vereinfachung	279.75	192.8447265625	9.0037841796875	233.0013427734375	49	TimesNewRomanPSMT
„Häfen als reine Aus- und Einladeplätze“ verbirgt sich der re­	279.8999938964844	204.0943603515625	9.00421142578125	233.24697875976562	49	TimesNewRomanPSMT
volutionierende Prozess der Globalisierung. Somit entwickelt	279.8999938964844	215.194091796875	9.0045166015625	232.79757690429688	49	TimesNewRomanPSMT
sich dieses Thema immer mehr zu einem anspruchsvollen Un­	279.8999938964844	226.4442138671875	9.00439453125	233.39700317382812	49	TimesNewRomanPSMT
terrichtsgegenstand für die Sekundarstufe II. □	279.75	237.82916259765625	9.02392578125	233.01171875	49	TimesNewRomanPSMT
Literatur	279.75	259.47406005859375	7.500732421875	32.01898193359375	50	TimesNewRomanPS-BoldMT
Achilles, F. W.: Leistung und Aufgaben deutscher Häfen. In: Deutsche	279.45001220703125	273.20361328125	7.57122802734375	227.2274169921875	51	TimesNewRomanPS-BoldMT
Schiffahrt, Nr. 1. Bremerhaven 1982.	279.45001220703125	282.5042724609375	7.502685546875	119.40325927734375	51	TimesNewRomanPSMT
Achilles, F. W.: Dynamik und Beharrung im nordwestdeutschen	279.29998779296875	291.202392578125	7.50506591796875	206.84127807617188	51	TimesNewRomanPSMT
Küstenraum. Hafengunst und -ungunst an der Nordseeküste. In:	279.45001220703125	300.35333251953125	7.50390625	202.66275024414062	51	TimesNewRomanPSMT
Deutsches Schiffahrts Archiv 3. Hamburg. München 1980.	279.29998779296875	309.5040283203125	7.5030517578125	187.73492431640625	51	TimesNewRomanPSMT
Achilles, F. W.: Wasserstraßen und Häfen. Deutscher Planungs-Atlas,	279.1499938964844	318.35272216796875	7.50469970703125	224.83175659179688	51	TimesNewRomanPSMT
Bd. I NRW, Lief. 19, Lief. 20. Hannover 1979.	279.29998779296875	327.65283203125	7.5045166015625	150.7532958984375	51	TimesNewRomanPSMT
Achilles, F. W.: Rhein-Ruhr-Hafen Duisburg. Duisburg 1985.	279.0	336.20269775390625	7.571044921875	199.57229614257812	51	TimesNewRomanPS-BoldMT
Achilles, F. W.: Seehafentypen. Handlungsorientierte Arbeitstransparen­	278.8500061035156	345.052734375	7.57183837890625	234.39749145507812	51	TimesNewRomanPS-BoldMT
te. In: „geographie heute“, H. 140, 1996, S. 18-21.	278.8500061035156	354.35076904296875	7.5072021484375	163.06314086914062	51	TimesNewRomanPSMT
Bird, H.: Seaports and seaport terminals. London 1971.	279.0	363.353271484375	7.50396728515625	178.95159912109375	51	TimesNewRomanPSMT
Ellmers, D.: Warenumschlag zwischen Schiff und Wagen im Wasser.	278.8500061035156	372.20306396484375	7.50421142578125	224.13937377929688	51	TimesNewRomanPSMT
In: Deutsches Schiffahrts Archiv 6, Oldenburg 1983.	278.8500061035156	381.35302734375	7.504302978515625	169.284912109375	51	TimesNewRomanPSMT
Grube, L.: Hafenentwicklung und Industrieansiedlungspolitik am	278.70001220703125	390.05267333984375	7.5047607421875	211.66455078125	51	TimesNewRomanPSMT
Beispiel Bremerhavens. München 1978.	278.8500061035156	399.5025634765625	7.5048828125	128.853271484375	51	TimesNewRomanPSMT
Hansen, H.-J.: Schiffe, Häfen, Meere und Matrosen. Eine Geschichte	278.70001220703125	408.2034606933594	7.570343017578125	224.23199462890625	51	TimesNewRomanPS-BoldMT
der Schiffahrt und des Seeverkehrs. Oldenburg. Hamburg 1975.	278.3999938964844	417.20404052734375	7.50299072265625	204.08493041992188	51	TimesNewRomanPSMT
Heideloff, C.: Häfen und Hafenplanung. Bremen 1974.	278.70001220703125	426.2051086425781	7.570159912109375	178.12228393554688	51	TimesNewRomanPS-BoldMT
Kautz, E. A.: Das Standortproblem der Seehäfen. Jena 1934.	278.70001220703125	435.2031555175781	7.504119873046875	195.98492431640625	51	TimesNewRomanPSMT
Kludas, ATMaass, DTSabisch, S.: Hafen Hamburg. Die Geschichte des	278.70001220703125	444.2006530761719	7.50738525390625	219.16665649414062	51	TimesNewRomanPSMT
Hamburger Freihafens von den Anfängen bis zur Gegenwart. Hamburg 1988.	278.70001220703125	453.05096435546875	7.506988525390625	233.488525390625	51	TimesNewRomanPSMT
Morgan, F. W.: Ports and harbours. London 1958.	278.3999938964844	462.2033996582031	7.503814697265625	164.4691162109375	51	TimesNewRomanPSMT
Takle, R. B.: Industrial Port Envelopment. Bristol 1974.	278.3999938964844	471.20318603515625	7.50408935546875	181.58493041992188	51	TimesNewRomanPSMT
Transparentatlas: Weltmeere. (Perthes) Darmstadt o. J.	278.3999938964844	480.20648193359375	7.49981689453125	184.22586059570312	51	TimesNewRomanPSMT
Transparentatlas: Deutsche Seehäfen. (Perthes) Darmstadt o. J.	278.3999938964844	489.0543212890625	7.50262451171875	210.32586669921875	51	TimesNewRomanPSMT
Transparentatlas: Der Mensch am Meer. (Perthes) Darmstadt o. J.	278.3999938964844	498.05389404296875	7.503204345703125	220.99411010742188	51	TimesNewRomanPSMT
Witthöft, H.-J.: Huckepack über See. Herford 1982.	278.54998779296875	507.2026062011719	7.504791259765625	169.5032958984375	51	TimesNewRomanPSMT
Fritz Achilles ist Akademischer Oberrat am Institut für Geographie und	281.54998779296875	538.853271484375	7.50396728515625	228.30429077148438	52	TimesNewRomanPSMT
ihre Didaktik der Universität Dortmund.	331.79998779296875	547.8536987304688	7.50347900390625	128.12115478515625	52	TimesNewRomanPSMT
Dr. Fritz Achilles, Blücherstr. 33,44532 Lünen	320.3999938964844	556.853271484375	7.5040283203125	150.73483276367188	52	TimesNewRomanPSMT
Trägerschiffe benötigen keine Häfen mehr.	384.29998779296875	589.1964111328125	9.002899169921875	160.3548583984375	53	Calibri
Sie nehmen ihre schwimmende Ladung	384.6000061035156	599.2472534179688	9.00189208984375	160.09548950195312	53	Calibri
(Leichter) huckepack an Bord.	384.75	609.1478271484375	9.0010986328125	109.06936645507812	53	Calibri
Hafen	474.45001220703125	643.3467407226562	9.002578735351562	21.46136474609375	54	Calibri
geographie heute 181/2000	373.95001220703125	807.1205444335938	8.5	104.68218994140625	55	ArialMT
7	505.3500061035156	805.5967407226562	9.00115966796875	4.050933837890625	56	TimesNewRomanPSMT
