GEOGRAPHISCHE	113.8499984741211	54.05059814453125	12.99041748046875	198.52259063720703	0	TimesNewRomanPS-ItalicMT
RUNDSCHAU	328.6499938964844	54.07080078125	12.96417236328125	142.07025146484375	1	TimesNewRomanPS-ItalicMT
ZEITSCHRIFT FÜR SCHULGEOGRAPIIIE	179.25	72.65557861328125	7.50091552734375	223.50881958007812	2	TimesNewRomanPSMT
Lizenzträger und Herausgeber: Professor Dr. Julius Wagner, Frankfurt!Main	131.6999969482422	87.39801025390625	9.03143310546875	320.81922912597656	3	TimesNewRomanPS-ItalicMT
Mitherausgeber: Oberstudiendirektor Dr.Max Unterhorst, Peine	186.0	100.46978759765625	9.00311279296875	274.6933898925781	4	TimesNewRomanPS-ItalicMT
Schriftleitung: Berlin W 15, Pariser Straße 62	212.25	115.48956298828125	7.00384521484375	157.34921264648438	5	TimesNewRomanPSMT
Lizenznummer 41 des Niedersächsischen Ministerpräsidenten	187.35000610351562	128.3896484375	7.0037841796875	205.68746948242188	6	TimesNewRomanPSMT
6. Jahrgang	113.25	148.8974609375	9.0001220703125	46.178497314453125	7	TimesNewRomanPSMT
Heft 6	277.6499938964844	149.794921875	9.00341796875	26.400482177734375	8	TimesNewRomanPSMT
I N H A LT	266.8500061035156	189.392822265625	9.006103515625	50.47198486328125	9	TimesNewRomanPSMT
Juni 1954	432.0	150.0966796875	9.00115966796875	38.853759765625	10	TimesNewRomanPSMT
Seite	455.54998779296875	209.396240234375	6.9952392578125	15.76800537109375	11	TimesNewRomanPSMT
Geographische Forschung	113.8499984741211	216.83587646484375	9.01513671875	152.58011627197266	12	TimesNewRomanPSMT
Wilhelm Ahrens, Der junge Vulkanismus der Eifel......................................201	138.75	230.04412841796875	9.00445556640625	328.201416015625	13	TimesNewRomanPSMT
Ernst Barners, Das Bitburger Land........................................................................206	138.4499969482422	240.5457763671875	9.0023193359375	328.94874572753906	13	TimesNewRomanPSMT
Karl Mathias, Die Talmäander an der unteren Saar zwisdien Saarburg und	138.89999389648438	251.64401245117188	9.00457763671875	317.5540466308594	14	TimesNewRomanPSMT
der Saarmündung.......................................................................................... 212	163.9499969482422	261.9957580566406	9.002349853515625	303.59873962402344	14	TimesNewRomanPSMT
Erdkunde in	113.69999694824219	277.5712890625	9.034027099609375	73.08338928222656	15	TimesNewRomanPSMT
Wort, Bild und Zahl	193.8000030517578	277.5705261230469	9.035003662109375	120.36289978027344	16	TimesNewRomanPSMT
A. Backes, F.-J. Faas, B. Schiel, Trier und sein Raum.................................. 216	139.1999969482422	290.344482421875	9.003997802734375	328.34873962402344	17	TimesNewRomanPSMT
Willi Blum, Die vulkanische Eifel (Landschaft und Kultur)...........................224	139.1999969482422	301.1336669921875	9.017974853515625	328.64549255371094	18	TimesNewRomanPSMT
P. Schemitz, Die Mosel als Wasserstraße und ihre Kanalisierung............... 229	139.35000610351562	311.7955627441406	9.0025634765625	328.2028503417969	19	TimesNewRomanPSMT
Hans Wolf, Der Weinbau im Moseltal..................................................................255	139.1999969482422	322.2784423828125	9.024749755859375	332.25657653808594	19	TimesNewRomanPSMT
A. Backes, F.-J. Faas, B. Schiel, Zu den Bildern aus dem Exkursionsgebiet	139.64999389648438	333.243896484375	9.0047607421875	317.58245849609375	20	TimesNewRomanPSMT
der Geographentagung in Trier..................................................................259	164.6999969482422	343.88067626953125	9.0218505859375	307.0487518310547	21	TimesNewRomanPSMT
Berichte,	114.75	359.4801940917969	9.022491455078125	53.694366455078125	22	TimesNewRomanPSMT
Mitteilungen,	177.14999389648438	359.4972229003906	9.000457763671875	80.3948974609375	23	TimesNewRomanPSMT
Personalien...................................................240	266.54998779296875	359.49755859375	9.0	205.34552001953125	24	TimesNewRomanPSMT
Bildbeilage: Bilder aus dem Exkursionsgebiet der Geographentagung in Trier	114.30000305175781	375.2951354980469	9.00311279296875	357.61497497558594	25	TimesNewRomanPSMT
Unterrichtshilfe: Vereinte Nationen	114.30000305175781	390.5488586425781	8.998321533203125	184.26625061035156	26	TimesNewRomanPSMT
Schweiz: Generalvertretung Verlag Hans Albisser, Zürich, Weinbergstraße 15.	115.94999694824219	432.1391906738281	7.004364013671875	284.05848693847656	27	TimesNewRomanPSMT
Österreich: Auslieferung durch Morawa & Co., Wien 1, Wollzeile 11.	117.0	442.6385498046875	7.00518798828125	260.5489501953125	28	TimesNewRomanPSMT
Erscheinungsweise: monatlich 1 Heft.	122.0999984741211	467.9908752441406	7.00213623046875	164.08271026611328	29	TimesNewRomanPSMT
Bezugsbedingungen: 3 Hefte im Vierteljahr 6,00 DM. Einzelheft 2,23 DM.	122.55000305175781	477.88916015625	7.00439453125	285.85646057128906	30	TimesNewRomanPSMT
Bestellungen nehmen alle Buchhandlungen, die Postämter und der Verlag entgegen.	122.55000305175781	487.340087890625	7.003173828125	316.3925323486328	31	TimesNewRomanPSMT
Beiträge und Zuschriften können an die Herausgeber oder an die Schriftleitung gerichtet	123.0	497.0903625488281	7.0028076171875	344.0807189941406	32	TimesNewRomanPSMT
werden. Die Geographische Rundschau veröffentlicht nur Originalaufsätze. Für unverlangt eingesandte	122.55000305175781	504.43927001953125	7.00421142578125	344.05418395996094	32	TimesNewRomanPSMT
Beiträge wird keine Haftung übernommen.	123.0	511.1899108886719	7.003387451171875	148.2276611328125	32	TimesNewRomanPSMT
Buchbesprechungen: Wegen Raummangels können vorerst nur angeforderte Bücher be­	123.1500015258789	521.390380859375	7.0027923583984375	344.18099212646484	33	TimesNewRomanPSMT
sprochen werden. Besprechung oder Rüdesendung nicht verlangter Büdier kann nicht zugesagt werden.	123.1500015258789	528.739013671875	7.004608154296875	343.5013656616211	33	TimesNewRomanPSMT
Anschriften der Mitarbeiter: Prof. Dr. W. Ahrens, Krefeld, Westwall 124 / Dr. Ernst	123.1500015258789	538.3387451171875	7.004852294921875	344.00582122802734	34	TimesNewRomanPSMT
Barners, Bonn, Blücherstrafle 15 / Stud.-Rat Dr. Karl Mathias, Wiebelskirchen (Saar), Kirchhof­	123.1500015258789	545.840576171875	7.0025634765625	343.7309799194336	34	TimesNewRomanPSMT
straße 28c / Stud.-Ass. B. Sdiiel, Trier, Friedridi-Wilhelm-Str. 48 / Stud.-Ass. F.-J. Faas, Stud.-Ass.	123.0	553.3395385742188	7.0039215087890625	343.8512878417969	34	TimesNewRomanPSMT
A. Backes, Trier, Studienseminar am Friedrich-Wilhelm-Gymnasium / Stud.-Ref. Willi Blum. Karls­	123.44999694824219	560.83935546875	7.0041351318359375	343.7310028076172	34	TimesNewRomanPSMT
mühle, Post Ruwer bei Trier / Stud.-Rat P. Schemitz, Ruwer b. Trier, Trierstr. la / Weinbau­	123.30000305175781	568.4395141601562	7.0039215087890625	344.03099060058594	34	TimesNewRomanPSMT
oberlehrer H. Wolf, Trier, Kurfürstenstr. 23.	123.30000305175781	575.3901977539062	7.00299072265625	150.4686737060547	34	TimesNewRomanPSMT
Anschriften der Herausgeber: Prof. Dr. Julius Wagner, Frankfurt/Main, Garten­	124.05000305175781	585.6903076171875	7.002899169921875	343.88099670410156	35	TimesNewRomanPSMT
straße 66 / Oberstudiendirektor Dr. Max Unterhorst, Peine, Becthoveustraße 15.	123.9000015258789	593.09033203125	7.002899169921875	278.8084945678711	35	TimesNewRomanPSMT
Bild nach weis: Stud.-Ass. B. Schiel, Trier, Friedrich-Wilhelm-Str. 48 (1, 2, 3, 6, 7, 8); Stud.-Ass.	124.05000305175781	602.489501953125	7.003997802734375	343.1012725830078	36	TimesNewRomanPSMT
F.-J. Faas, Trier, Studienseminar am Friedr.-Wilhelm-Gymnasium (4); Foto Marburg, Marburg/Lahn (5).	123.9000015258789	609.83935546875	7.0041351318359375	342.87963104248047	36	TimesNewRomanPSMT
Druck: Georg Westermann, Braunsdiweig.	124.5	619.293701171875	6.9985504150390625	154.23507690429688	37	TimesNewRomanPSMT
Verband Deutscher Schulgeograph cn. Geschäftsstelle: Frankfurt/Main, Gartenstr. 66.	124.80000305175781	633.2416381835938	7.00115966796875	342.70994567871094	38	TimesNewRomanPSMT
Kassenführung: Dr. Pfaff, Darmstadt, Küchlerstrafle 4. Postsdieckkonto: Frankfurt/Main Nr. 115 699.	124.80000305175781	640.5889282226562	7.004615783691406	342.68443298339844	38	TimesNewRomanPSMT
GEOGRAPHISCHE	50.70000076293945	54.0897216796875	9.01025390625	200.8822898864746	39	TimesNewRomanPSMT
FO	268.6499938964844	54.08538818359375	9.015869140625	29.3509521484375	40	TimesNewRomanPSMT
RSCHUNG	297.8463439941406	54.08538818359375	9.015869140625	109.09234619140625	41	TimesNewRomanPSMT
WILHELM	175.8000030517578	93.88336181640625	8.985595703125	53.308990478515625	42	TimesNewRomanPS-ItalicMT
AHRENS	235.1999969482422	93.84844970703125	9.03094482421875	47.56492614746094	43	TimesNewRomanPS-ItalicMT
DER JUNGE VULKANISMUS DER	96.75	112.82977294921875	12.0322265625	218.66064453125	44	Cambria
EIFEL	323.3999938964844	112.8597412109375	11.97857666015625	38.603118896484375	45	Cambria
Die Vulkane der Eifel bilden den westlichsten Teil eines großen Vulkanbogens,	61.79999923706055	135.094482421875	9.00408935546875	346.2097969055176	46	TimesNewRomanPSMT
der sich über den Westerwald, den Vogelsberg, die Rhön bis in die Gegend von	49.5	145.895263671875	9.0030517578125	358.3496398925781	46	TimesNewRomanPSMT
Bayreuth hinzieht („Nordrheinischer Vulkanbogen“ im Sinne von H. Cloos). Die	49.20000076293945	156.394775390625	9.003662109375	359.0252494812012	46	TimesNewRomanPSMT
Ausbrüche erfolgten im Tertiär, nur in der Eifel überwiegend im Quartär. Ähnlich	49.20000076293945	167.344482421875	9.00408935546875	358.8868827819824	46	TimesNewRomanPSMT
junge vulkanische Bildungen treffen wir erst wieder in der Gegend von Eger und	49.349998474121094	177.99432373046875	9.00421142578125	358.7884292602539	46	TimesNewRomanPSMT
im Mährischen Gesenke („Böhmisch-schlesischer Vulkanbogen“). — Das Aufdringen	49.349998474121094	188.64404296875	9.004638671875	358.52103424072266	46	TimesNewRomanPSMT
des Magmas ist zweifellos gebunden an das Aufreißen tiefer Spalten im Zusammen­	49.349998474121094	199.444091796875	9.00457763671875	359.54700469970703	46	TimesNewRomanPSMT
hang mit der Herauswölbung des „Rheinischen Schildes“.	49.650001525878906	210.39422607421875	9.00439453125	246.59972381591797	46	TimesNewRomanPSMT
Wir unterscheiden in der Eifel also einen tertiären und einen quartären Vulkanis­	62.099998474121094	220.89410400390625	9.0045166015625	346.79700469970703	46	TimesNewRomanPSMT
mus. Die tertiären Bildungen finden sich vornehmlich in der Hohen Eifel; die	49.650001525878906	231.69384765625	9.0048828125	358.84627532958984	46	TimesNewRomanPSMT
quartären treten in zwei deutlich getrennten Gebieten auf, einerseits in der Westeifel	49.650001525878906	242.344970703125	9.00341796875	358.91759490966797	46	TimesNewRomanPSMT
(früher meist Vordereifel genannt), andererseits in der weiteren Umgebung des	50.54999923706055	252.99417114257812	9.004425048828125	358.0253791809082	46	TimesNewRomanPSMT
Laacher Sees. Selbstverständlich überlappen sich die einzelnen Bezirke randlich.	49.5	263.79443359375	9.004119873046875	342.4789123535156	46	TimesNewRomanPSMT
1. Der Untergrund	190.64999389648438	282.6941833496094	9.004425048828125	77.46713256835938	47	TimesNewRomanPSMT
Der Untergrund des Vulkangebietes besteht am Laacher See und in der Hohen	62.099998474121094	295.59417724609375	9.004425048828125	346.69116973876953	48	TimesNewRomanPSMT
Eifel aus Unterdevon (Siegen und Ems), in der Westeifel vielfach aus Mitteldevon;	49.79999923706055	306.2444152832031	9.004119873046875	358.9411506652832	48	TimesNewRomanPSMT
hier tritt örtlich, in der Eifeier Nord-Süd-Zone, auch Trias auf (Mittlerer und Oberer	49.79999923706055	317.194091796875	9.004547119140625	359.4651069641113	48	TimesNewRomanPSMT
Buntsandstein, vereinzelt auch Unterer Muschelkalk). Dazu kommen gelegentlich	49.79999923706055	327.6949462890625	9.003448486328125	359.3432197570801	48	TimesNewRomanPSMT
Reste von Tertiär (Tone, Sande und Kiese), meistens oberoligozänen Alters, stellen­	49.79999923706055	338.49481201171875	9.00360107421875	359.8470039367676	48	TimesNewRomanPSMT
weise, vor allem im Laacher-See-Gebiet, auch Pliozän sowie Pleistozän (Löß und	50.25	349.2939147949219	9.004791259765625	359.10369873046875	48	TimesNewRomanPSMT
Terrassenkiese).	49.79999923706055	359.9454650878906	9.002777099609375	67.23830032348633	48	TimesNewRomanPSMT
Von besonderem Interesse würde es für die Deutung der vulkanischen Vorgänge	62.400001525878906	370.745361328125	9.002899169921875	347.0185775756836	48	TimesNewRomanPSMT
sein, wenn wir den Untergrund des varistisch gefalteten Devons kennen würden,	50.099998474121094	381.24481201171875	9.00360107421875	359.30347442626953	48	TimesNewRomanPSMT
und zwar sowohl seine Tiefenlage wie seine Beschaffenheit. Für das Letztere haben	50.099998474121094	392.0447998046875	9.003631591796875	358.96863555908203	48	TimesNewRomanPSMT
wir für einige Teilgebiete sichere Anhaltspunkte aus dem Studium der Auswürflinge	49.95000076293945	402.8438720703125	9.00482177734375	359.4337272644043	48	TimesNewRomanPSMT
in den quartären Tuffen. So finden wir in den trachytischen Tuffen um den Laacher	49.95000076293945	413.34442138671875	9.004119873046875	359.2839164733887	48	TimesNewRomanPSMT
See und auch weiter westlich in den Phonolithtuffen außer Schiefern, Grauwacken	50.099998474121094	424.14495849609375	9.003448486328125	358.83048248291016	48	TimesNewRomanPSMT
und Sandsteinen des Siegen nur kristalline Schiefer. Wir sind also für dieses Gebiet	49.95000076293945	434.7946472167969	9.00384521484375	359.3276481628418	48	TimesNewRomanPSMT
zu der Annahme berechtigt, daß unter dem Siegen sofort das Kristallin folgt. Die	50.25	445.4439697265625	9.00469970703125	358.82196044921875	48	TimesNewRomanPSMT
Grenzfläche dürfte durch große Abscherungen während der varistischen Gebirgs­	50.25	456.0947265625	9.00372314453125	359.3970031738281	48	TimesNewRomanPSMT
bildung entstanden sein. — In der Westeifel fehlen im allgemeinen derartige	49.95000076293945	466.7445373535156	9.00396728515625	359.2549858093262	48	TimesNewRomanPSMT
Anhaltspunkte; doch finden sich in einem Tuff bei Rockeskyll neben dem Devon auch	50.25	477.2441711425781	9.004425048828125	358.50604248046875	48	TimesNewRomanPSMT
nur kristalline Schiefer.	49.95000076293945	487.8970947265625	9.00067138671875	100.37621688842773	48	TimesNewRomanPSMT
Über die Tiefenlage dieses Grundgebirges können wir nur Vermutungen äußern;	62.70000076293945	498.69451904296875	9.004043579101562	346.0273246765137	48	TimesNewRomanPSMT
es ist zu hoffen, daß sich in absehbarer Zeit durch seismische Beobachtungen bei	50.25	509.3438415527344	9.004913330078125	358.3815002441406	48	TimesNewRomanPSMT
Großsprengungen hierüber Anhaltspunkte gewinnen lassen. Wahrscheinlich liegt es	50.099998474121094	519.8443603515625	9.004135131835938	358.6644058227539	48	TimesNewRomanPSMT
gegenüber der Umgebung verhältnismäßig hoch.	50.25	530.3470458984375	9.000732421875	204.34291076660156	48	TimesNewRomanPSMT
Im Tertiär begann eine allgemeine Herauswölbung des Rheinischen Schiefer­	62.849998474121094	541.1442260742188	9.004318237304688	346.3470230102539	48	TimesNewRomanPSMT
gebirges, die sich in der nördlichen Eifel im wesentlichen in einer Kippung nach	50.400001525878906	551.6438598632812	9.004806518554688	357.89391326904297	48	TimesNewRomanPSMT
Norden äußerte. Sie nahm bis zum älteren Pleistozän an Intensität zu und ist heute	50.400001525878906	562.29443359375	9.004058837890625	358.1277389526367	48	TimesNewRomanPSMT
noch nicht ganz abgeklungen. Dabei wurde das alte Gebirge nicht gleichmäßig	50.400001525878906	572.79443359375	9.004135131835938	357.79586029052734	48	TimesNewRomanPSMT
gehoben bzw. schräggestellt, sondern es blieben einzelne Krustenteile in der Hebung	50.54999923706055	583.445068359375	9.003265380859375	357.5801887512207	48	TimesNewRomanPSMT
zurück. — Das größte derartige relative Senkungsgebiet ist das Neuwieder Becken.	50.400001525878906	593.9439697265625	9.004714965820312	357.41246795654297	48	TimesNewRomanPSMT
Aber auch sonst erfolgten Zerbrechungen und Verschiebungen, relative Senkungen	50.400001525878906	604.594482421875	9.004058837890625	357.22359466552734	48	TimesNewRomanPSMT
und Hebungen. Die hierdurch bis in größere Tiefen aufreißenden Spalten dienten	50.54999923706055	615.09423828125	9.00433349609375	356.8701057434082	48	TimesNewRomanPSMT
dem Magma als Aufstiegswege.	50.54999923706055	625.8975219726562	9.000129699707031	132.0159034729004	48	TimesNewRomanPSMT
Der Zusammenhang zwischen jungen Gebirgsbewegungen und Vulkanismus ist	63.150001525878906	636.24462890625	9.003868103027344	344.30904388427734	48	TimesNewRomanPSMT
im großen klar, im einzelnen jedoch aus verschiedenen Gründen, auf die zum Teil	50.849998474121094	646.7442016601562	9.00445556640625	356.1402359008789	48	TimesNewRomanPSMT
201	223.1999969482422	669.995849609375	9.0023193359375	12.298736572265625	49	TimesNewRomanPSMT
—	61.58176040649414	58.20001220703125	0.0	8.97088623046875	50	TimesNewRomanPSMT
Mooren, wo sich einzelne aus diesen Ausbrüchen stammende Aschenbänder fanden,	113.4000015258789	51.99395751953125	9.00469970703125	359.0219039916992	51	TimesNewRomanPSMT
sehr genau als Alleröd festzulegen (J. Frechen); sie reichen also fast bis an die	113.4000015258789	62.773681640625	9.03094482421875	359.59627532958984	51	TimesNewRomanPSMT
Grenze des Holozäns, sind aber noch etwas älter als die jüngsten Maare der Westeifel.	113.55000305175781	73.59454345703125	9.00390625	359.1568145751953	51	TimesNewRomanPSMT
Man hat früher versucht, die Altersfolge der Vulkane nach ihrem Verhältnis zur	125.69999694824219	84.2449951171875	9.00335693359375	347.00831604003906	51	TimesNewRomanPSMT
Eintiefung der Täler im einzelnen festzulegen. Dies ist selbstverständlich im großen	113.25	94.89385986328125	9.00482177734375	359.44439697265625	51	TimesNewRomanPSMT
gesehen durchaus möglich, stößt jedoch in einem tektonisch stark gestörten Gebiet,	113.55000305175781	105.6944580078125	9.00408935546875	359.36854553222656	51	TimesNewRomanPSMT
wie im Neuwieder Becken, im einzelnen auf Schwierigkeiten. So ist z. B. die Gebirgs­	113.55000305175781	116.3447265625	9.003662109375	359.8470001220703	51	TimesNewRomanPSMT
scholle, auf der zur Zeit der jüngeren Mittelterrasse ein Lavastrom der Wannenköpfe	113.69999694824219	127.14501953125	9.0032958984375	359.4811248779297	51	TimesNewRomanPSMT
ins Nette-Tal floß, seitdem im ganzen nach Norden gekippt; der Strom liegt daher	113.69999694824219	137.7940673828125	9.00457763671875	359.4935760498047	51	TimesNewRomanPSMT
heute in seinem oberen Abschnitt 20 m über der Talsohle, während der Bach ihn im	114.0	148.59442138671875	9.00408935546875	359.15240478515625	51	TimesNewRomanPSMT
untersten Teil noch nicht durchsägt hat. Da die Zusammenhänge früher ohne geo­	114.1500015258789	159.39471435546875	9.003662109375	359.5470199584961	51	TimesNewRomanPSMT
physikalische Untersuchungen nicht klar waren, wurde dieser Stromteil (Rauscher-	113.8499984741211	170.04534912109375	9.00286865234375	359.5553665161133	51	TimesNewRomanPSMT
Mühle) fälschlich als jüngster Ausbruch des ganzen Vulkangebietes angesehen.	113.8499984741211	180.6939697265625	9.00469970703125	341.47022247314453	51	TimesNewRomanPSMT
Eine Einzelbeschreibung der Vulkane ist im Rahmen dieses Aufsatzes selbstverständlich	124.94999694824219	194.81622314453125	8.0050048828125	348.5126495361328	52	TimesNewRomanPSMT
nicht möglich. Die Aufeinanderfolge der wichtigsten Glieder der vulkanischen Bildungen	114.0	203.36700439453125	8.00396728515625	359.4370422363281	52	TimesNewRomanPSMT
zeigen die großen Tagebaue von Niedermendig (graue und weiße Bimssteine über ober­	114.1500015258789	211.91668701171875	8.00433349609375	358.76399993896484	52	TimesNewRomanPSMT
flächlich verlehmtem Löß über Basaltlava). Hier können auch die verschiedenen Bimsstein­	114.0	220.31658935546875	8.0045166015625	359.0639953613281	52	TimesNewRomanPSMT
würfe studiert werden. Wie Frechen überzeugend nachwies, sind nur die grauen und	114.30000305175781	229.0167236328125	8.00433349609375	359.2547149658203	52	TimesNewRomanPSMT
ein Teil der weißen Bimssteintuffe in dem jetzigen Laacher Kessel ausgebrochen; andere	114.30000305175781	237.41656494140625	8.004547119140625	359.2187042236328	52	TimesNewRomanPSMT
Eruptionspunkte liegen in der Umgebung von Niedermendig. Für die Entstehung des	114.30000305175781	246.11672973632812	8.004302978515625	359.24159240722656	52	TimesNewRomanPSMT
Laacher Sees ergibt die Kombination aller Beobachtungen, daß mehrere Faktoren ver­	114.5999984741211	254.51666259765625	8.004425048828125	358.7640151977539	52	TimesNewRomanPSMT
antwortlich sind: Ausbrüche trachytischer Tuffe, vulkano-tektonische Senkungen und	114.44999694824219	263.217529296875	8.0032958984375	359.1022491455078	52	TimesNewRomanPSMT
Einbrüche im Gefolge der Eruptionen, wahrscheinlich auch schon vor ihrem Beginn, und	114.44999694824219	271.7664489746094	8.00469970703125	359.2466278076172	52	TimesNewRomanPSMT
schließlich eine Abdämmung durch die jüngsten Trachyttuffe im Süden.	114.5999984741211	280.1667175292969	8.004364013671875	289.41785430908203	52	TimesNewRomanPSMT
Den besten Aufschluß in einem basaltischen Schlacken- bzw. Lapillikegel, sozusagen	125.55000305175781	288.8698425292969	8.000274658203125	348.12840270996094	52	TimesNewRomanPSMT
einen Blick in das Innere eines Vulkans, bietet der Herchenberg nordwestlich Burgbrohl,	114.5999984741211	297.2669372558594	8.004058837890625	359.3313980102539	52	TimesNewRomanPSMT
während der Bausenberg nördlich Niederzissen geradezu das Modell eines durch einen	114.75	305.8164367675781	8.00469970703125	359.0938720703125	52	TimesNewRomanPSMT
Lavastrom durchbrochenen Ringwalles aus Schlacken und Lapilli darstellt. Schöne Auf­	114.9000015258789	314.3669128417969	8.00408935546875	358.76399993896484	52	TimesNewRomanPSMT
schlüsse liegen auch im Kunkskopf bei Burgbrohl sowie im Ettringer Bellerberg bei Mayen	114.75	322.7675476074219	8.0032958984375	359.2442321777344	52	TimesNewRomanPSMT
mit seinen großen Lavaströmen, die schon seit vorgeschichtlicher Zeit in Abbau stehen.	114.9000015258789	331.466552734375	8.004547119140625	359.0549545288086	52	TimesNewRomanPSMT
Phonolithtuffe werden in großen Gruben bei den Rodderhöfen nördlich Ettringen und bei	114.9000015258789	340.0167541503906	8.004302978515625	359.11470794677734	52	TimesNewRomanPSMT
Weibern als Bausteine gewonnen. Der Noseanphonolith ist am besten im Schellkopf bei	115.19999694824219	348.41656494140625	8.004547119140625	358.8335723876953	52	TimesNewRomanPSMT
Brenk aufgeschlossen.	115.19999694824219	356.81854248046875	8.001983642578125	85.93060302734375	52	TimesNewRomanPSMT
b) Westeifel	127.94999694824219	368.199951171875	8.996917724609375	67.62637329101562	52	TimesNewRomanPSMT
In der Westeifel wurden fast nur basaltische Laven und Tuffe gefördert, und	128.25	379.2942199707031	9.004364013671875	346.0406494140625	52	TimesNewRomanPSMT
zwar ebenfalls ausgesprochene Alkaligesteine. Nur an einer Stelle bei Rockeskyll	115.80000305175781	389.7940673828125	9.004547119140625	358.5463104248047	52	TimesNewRomanPSMT
fand M. Hopmann Spuren eines phonolithischen Ausbruchs.	115.5	400.29425048828125	9.004302978515625	271.77392578125	52	TimesNewRomanPSMT
Uber die Zusammenhänge zwischen junger Tektonik und Vulkanismus sowie	128.39999389648438	411.2440490722656	9.00457763671875	346.2567443847656	52	TimesNewRomanPSMT
über den Einfluß der alten Strukturen wissen wir noch verhältnismäßig wenig, wenn	115.6500015258789	421.7451477050781	9.003173828125	358.9585189819336	52	TimesNewRomanPSMT
sich auch die Hauptlinien klar herausheben. Eine große Rolle spielt die Eifeier N-S-	115.80000305175781	432.54437255859375	9.004150390625	359.1778106689453	52	TimesNewRomanPSMT
Zone; auch im einzelnen haben die varistischen Strukturen den Aufstieg der basal­	115.6500015258789	443.0443115234375	9.004241943359375	359.69701385498047	52	TimesNewRomanPSMT
tischen Schmelzflüsse zweifellos beeinflußt.	115.94999694824219	453.69427490234375	9.0042724609375	182.4990692138672	52	TimesNewRomanPSMT
Der Vulkanzug der Westeifel zeigt vom Goldberg bei Ormont bis Bad Bertrich	128.5500030517578	464.34405517578125	9.004547119140625	346.2330780029297	52	TimesNewRomanPSMT
im großen eine NW-SE-Anordnung. Eine gleichgerichtete Nebenlinie verläuft süd­	116.4000015258789	474.99493408203125	9.003448486328125	359.2470016479492	52	TimesNewRomanPSMT
westlich davon von der Birresborner Vulkangruppe zum Mosenberg, verbunden	116.4000015258789	485.644287109375	9.0042724609375	358.5440902709961	52	TimesNewRomanPSMT
durch gehäufte Kohlensäureaustritte. Auch im einzelnen tritt diese Richtung ge­	116.55000305175781	496.4437561035156	9.00494384765625	359.2469940185547	52	TimesNewRomanPSMT
legentlich ausgeprägt hervor, z. B. in der Gruppe Mosenberg-Meerfelder Maar, doch	116.4000015258789	506.9444274902344	9.004058837890625	358.83052825927734	52	TimesNewRomanPSMT
spielt daneben die SW-NE- bzw. WSW-ENE-Richtung eine Rolle, vor allem aber	117.1500015258789	517.59423828125	9.004318237304688	358.28084564208984	52	TimesNewRomanPSMT
eine etwa N—S verlaufende. Die Einzelheiten sind jedoch noch ungenügend erforscht.	116.8499984741211	528.2444458007812	9.004119873046875	358.38513946533203	52	TimesNewRomanPSMT
Die Ausbrüche begannen im älteren Pleistozän und endeten auch hier an der	130.0500030517578	539.044189453125	9.004409790039062	345.46693420410156	52	TimesNewRomanPSMT
Grenze zum Holozän. Die im vorigen Abschnitt schon erwähnte Methode, die Alters­	117.30000305175781	549.544189453125	9.004425048828125	358.94700622558594	52	TimesNewRomanPSMT
folge der Vulkane nach dem Höhenunterschied zwischen der Unterfläche von Lava­	117.44999694824219	559.8960571289062	9.001998901367188	358.79701232910156	52	TimesNewRomanPSMT
strömen, die in Täler abflossen, und dem jetzigen Talboden zu erschließen, ist in	117.9000015258789	570.543701171875	9.005020141601562	357.75841522216797	52	TimesNewRomanPSMT
der Westeifel besser anwendbar als im Laacher-See-Gebiet, weil die tektonischen	118.05000305175781	581.1943969726562	9.004074096679688	357.65516662597656	52	TimesNewRomanPSMT
Verstellungen hier im allgemeinen nicht so stark sind.	118.05000305175781	591.893310546875	9.005584716796875	234.2522430419922	52	TimesNewRomanPSMT
Einen ausgezeichneten Aufschluß für die Datierung eines ziemlich alten Aus­	130.9499969482422	602.6453857421875	9.002899169921875	345.7470245361328	52	TimesNewRomanPSMT
bruchs bieten die Steinbrüche in den Lavaströmen des Kalem bei Birresborn. Unter	118.19999694824219	613.1439819335938	9.004714965820312	357.9737091064453	52	TimesNewRomanPSMT
dem höhergelegenen älteren Strom beobachtete J. Z e p p (die Aufschlüsse sind auch	118.6500015258789	623.8442993164062	9.004257202148438	357.4080123901367	52	TimesNewRomanPSMT
jetzt noch vorhanden) Schotter der Oberstufe der Hauptterrasse der Kyll, unter einer	118.94999694824219	634.4449462890625	9.00341796875	357.35362243652344	52	TimesNewRomanPSMT
etwas tiefergelegenen, anscheinend jüngeren Lava, Schotter der Unterstufe. Gerolle	118.80000305175781	645.0953979492188	9.002792358398438	357.51673889160156	52	TimesNewRomanPSMT
204	291.75	668.7966918945312	9.00115966796875	12.15283203125	53	TimesNewRomanPSMT
dieses Basalts treten erstmalig in der unteren Mittelterrasse auf. Der Ausbruch muß	60.45000076293945	49.89532470703125	9.00299072265625	358.83759689331055	54	TimesNewRomanPSMT
also zwischen der Aufschotterung der Haupt- und der der Mittelterrasse erfolgt sein.	60.45000076293945	60.39434814453125	9.00421142578125	358.6019401550293	54	TimesNewRomanPSMT
Gleichalte oder vielleicht noch etwas ältere Vulkane finden sich, vor allem in der	60.45000076293945	71.19390869140625	9.00482177734375	358.7075004577637	54	TimesNewRomanPSMT
Gerolsteiner Gegend, noch häufiger. Die meisten Bildungen sind jedoch jünger; sie	60.29999923706055	81.844482421875	9.00408935546875	358.9854621887207	54	TimesNewRomanPSMT
entstanden erst, als das heutige Talnetz im wesentlichen ausgebildet war. Das beste	60.29999923706055	92.64373779296875	9.0050048828125	358.97148513793945	54	TimesNewRomanPSMT
Beispiel bietet cler Sarresdorfer Lavastrom nordwestlich Gerolstein. Er liegt auf der	60.45000076293945	103.29046630859375	9.00921630859375	358.8946342468262	54	TimesNewRomanPSMT
Niederterrasse, nur 3—4 m höher als der heutige Talboden der Kyll. Dasselbe ist	60.29999923706055	113.9444580078125	9.00408935546875	359.00774002075195	54	TimesNewRomanPSMT
am Mosenberg (Horngraben) zu beobachten. Daß die Deutung in den meisten Fällen,	60.29999923706055	124.4449462890625	9.00341796875	358.64201736450195	54	TimesNewRomanPSMT
vor allem abseits der Haupttäler, wesentlich schwieriger ist, liegt auf cler Hand.	60.75	135.240478515625	9.00921630859375	345.5897521972656	54	TimesNewRomanPSMT
ln der Westeifel sind nicht nur Schlacken- und Aschenkegel, also positive Formen,	73.05000305175781	145.8939208984375	9.00482177734375	346.20811462402344	54	TimesNewRomanPSMT
entstanden, sondern auch vulkanische Hohlformen, die Maare. Sie sind überall da,	60.29999923706055	156.5439453125	9.00469970703125	358.79484939575195	54	TimesNewRomanPSMT
wo eine einwandfreie Beobachtung möglich ist. die jüngsten Bildungen. Pollen­	60.599998474121094	167.34429931640625	9.00433349609375	359.39701080322266	54	TimesNewRomanPSMT
analytische Untersuchungen (H. Straka) haben gezeigt, daß sie erst während der	60.150001525878906	177.99517822265625	9.00311279296875	359.49462127685547	54	TimesNewRomanPSMT
jüngeren Tundrenzeit, also im 10.—8. Jahrtausend vor unserer Zeitrechnung ent­	60.150001525878906	188.79150390625	9.00787353515625	359.9970016479492	54	TimesNewRomanPSMT
standen.	60.150001525878906	199.59674072265625	9.00115966796875	33.59168243408203	54	TimesNewRomanPSMT
Eine Einzelbeschreibung der Strato-Vulkane mit ihren Lavaströmen erübrigt sich. Gut	71.0999984741211	212.51690673828125	8.004150390625	348.3150405883789	55	TimesNewRomanPSMT
aufgeschlossene Studienobjekte sind z. B. der Kalem bei Birresborn, der Kyllerkopf und	60.0	221.06414794921875	8.0076904296875	359.54742431640625	55	TimesNewRomanPSMT
Umgebung nordöstlich Gerolstein, der Feuerberg bei Hohenfels sowie der Lavastrom	60.0	229.61663818359375	8.0045166015625	359.61834716796875	55	TimesNewRomanPSMT
nördlich des Dorfes, die kleinen Schlackenkegel bei Strohn, vor allem jedoch der Mosen­	60.0	238.1666259765625	8.0045166015625	359.2139892578125	55	TimesNewRomanPSMT
berg bei Manderscheid mit seinen vier Kratern und dem Lavastrom im Horngraben.	60.150001525878906	246.71725463867188	8.003692626953125	343.4695053100586	55	TimesNewRomanPSMT
Die für die Westeifel bezeichnendsten vulkanischen Bildungen sind die Maare.	72.75	259.1437683105469	9.004974365234375	346.78564453125	56	TimesNewRomanPSMT
Man versteht darunter vulkanische Hohlformen, wobei es für die Begriffsbestimmung	60.150001525878906	269.7949523925781	9.003448486328125	359.59569549560547	56	TimesNewRomanPSMT
unerheblich ist. ob sie mit Wasser gefüllt oder trocken sind. Es gibt nicht nur später	60.45000076293945	280.5942687988281	9.004302978515625	359.1642265319824	56	TimesNewRomanPSMT
verlandete, sondern auch ursprüngliche Trockenmaare, und zwar dort, wo ein stark	60.150001525878906	291.24432373046875	9.004241943359375	359.3628463745117	56	TimesNewRomanPSMT
durchlässiger Untergrund (Kalk oder Dolomit) die Ansammlung von Wasser nicht	60.150001525878906	302.0442810058594	9.004302978515625	359.62718963623047	56	TimesNewRomanPSMT
zuließ (Papenkaule bei Gerolstein). Charakteristisch ist vielmehr, daß die unter	60.45000076293945	312.69488525390625	9.0035400390625	359.20881271362305	56	TimesNewRomanPSMT
stärkster Gasbeteiligung geförderten festen Massen relativ gering sind gegenüber	60.29999923706055	323.4937438964844	9.004974365234375	359.7309150695801	56	TimesNewRomanPSMT
der so entstandenen Hohlform und flächig, vielfach gerichtet, ausgeworfen wurden.	60.0	334.14410400390625	9.004547119140625	359.70330810546875	56	TimesNewRomanPSMT
Dementsprechend bestehen die Wände eines Maares durchweg aus dem anstehenden	59.70000076293945	344.7945251464844	9.003997802734375	359.6199150085449	56	TimesNewRomanPSMT
Grundgebirge. Es ist ferner bezeichnend, daß fast nur die Maartuffe Tiefeneinschlüsse	60.150001525878906	355.4445495605469	9.00396728515625	359.6373519897461	56	TimesNewRomanPSMT
enthalten, wie den Olivinfels am Dreiser Weiher.	60.0	366.2458801269531	9.002227783203125	212.4736328125	56	TimesNewRomanPSMT
Die jetzige Tiefe, vom Wasserspiegel ab gerechnet, ist zum Teil sehr erheblich	72.75	376.8947448730469	9.00372314453125	346.62811279296875	56	TimesNewRomanPSMT
(Pulvermaar 74 m), bedeutet aber nur einen Teil der bei dem Ausbruch geschaffenen	60.900001525878906	387.39447021484375	9.00408935546875	358.3772201538086	56	TimesNewRomanPSMT
Hohlform. Diese muß vielmehr von cler Oberkante des Rahmens aus gerechnet	60.0	398.1941833496094	9.004425048828125	359.65277099609375	56	TimesNewRomanPSMT
werden. Dann zeigt sich, daß die Maarkessel durchweg ganz erheblich größer sind,	60.29999923706055	408.6951599121094	9.003173828125	359.0847969055176	56	TimesNewRomanPSMT
als den geförderten Massen entspricht. Es ist daher anzunehmen, daß gleichzeitig	60.150001525878906	419.4947204589844	9.00372314453125	359.12206268310547	56	TimesNewRomanPSMT
oder schon vor dem Ausbruch der Gase gewisse Teile cler Kruste in Hohlräume cler	60.0	430.14373779296875	9.005035400390625	359.4113464355469	56	TimesNewRomanPSMT
Tiefe absinken konnten. Über die Ursachen der Entstehung dieser Hohlräume und	59.70000076293945	440.79449462890625	9.0040283203125	359.2384147644043	56	TimesNewRomanPSMT
ihre Mechanik sind Untersuchungen im Gange. Daß randliche Einbrüche, ähnlich	59.849998474121094	451.44451904296875	9.003997802734375	359.1247329711914	56	TimesNewRomanPSMT
wie am Laacher See, das Werk nach Ausbruch der Gase vollendeten, ist sicher.	60.150001525878906	462.0940856933594	9.004547119140625	358.53328704833984	56	TimesNewRomanPSMT
Schlußbemerkungen	197.10000610351562	481.3011474609375	8.99542236328125	83.65753173828125	57	TimesNewRomanPSMT
Die Erforschung des Vulkanismus der Eifel ist so alt wie die Geologie als Wissen­	72.44999694824219	494.04443359375	9.004074096679688	346.6470184326172	57	TimesNewRomanPSMT
schaft überhaupt. In diesen IV2 Jahrhunderten ist viel geleistet worden, wobei jede	59.54999923706055	504.6943359375	9.0042724609375	358.9575080871582	57	TimesNewRomanPSMT
Zeit ihre besonderen Probleme, dem allgemeinen Stand der Erkenntnis entsprechend,	59.54999923706055	515.3438720703125	9.004913330078125	358.70146560668945	57	TimesNewRomanPSMT
behandelte. Ein Teilgebiet, auf dem in nächster Zeit wichtige Ergebnisse zu erwarten	59.54999923706055	525.9937744140625	9.004913330078125	358.61870193481445	57	TimesNewRomanPSMT
sind, ist die Klärung des Zusammenhanges zwischen Tektonik und Vulkanismus im	59.54999923706055	536.4937744140625	9.004989624023438	358.38090896606445	57	TimesNewRomanPSMT
einzelnen, vor allem in der Westeifel, wobei auch morphologische und Fragen der	59.54999923706055	547.1448974609375	9.003448486328125	358.7075080871582	57	TimesNewRomanPSMT
Talgeschichte eine Rolle spielen. Ein zweites, ungleich schwierigeres Kapitel ist der	59.400001525878906	557.494873046875	9.0035400390625	358.51696014404297	57	TimesNewRomanPSMT
Versuch, die Vorgänge in cler Tiefe zu klären, wozu jetzt nicht nur petrographische	60.150001525878906	567.9931030273438	9.005874633789062	357.7561264038086	57	TimesNewRomanPSMT
und chemische, sondern auch geophysikalische Methoden herangezogen werden	59.849998474121094	578.4947509765625	9.003738403320312	357.14771270751953	57	TimesNewRomanPSMT
können.	59.70000076293945	589.4444580078125	9.004104614257812	31.903186798095703	57	TimesNewRomanPSMT
Literatur	223.5	599.2405395507812	7.0026092529296875	29.59613037109375	58	TimesNewRomanPSMT
Aus der ungeheuren Literatur seien nur einige leicht zugängliche allgemeinere Werke sowie mehrfach	72.0	609.1399536132812	7.003387451171875	344.7246398925781	58	TimesNewRomanPSMT
zitierte Abhandlungen erwähnt:	59.25	617.244873046875	6.9970703125	108.22441101074219	58	TimesNewRomanPSMT
Ahrens, W.: Geologisches Wanderbuch durch das Vulkangebiet des Laacher Sees in der Eifel.	72.30000305175781	623.6893310546875	7.004234313964844	344.3223114013672	58	TimesNewRomanPSMT
Stuttgart 1950. — Cloos, H.: Hebung — Spaltung — Vulkanismus. Geol. Rundschau 50, S. 405—527. —	59.25	631.03857421875	7.0051727294921875	357.4491882324219	58	TimesNewRomanPSMT
Frechen, J.: Der rheinische Bimsstein. Wittlich 1955. — H o p in a n n , M., F reche n. J. und	59.70000076293945	638.3388671875	7.004844665527344	356.4057426452637	58	TimesNewRomanPSMT
Knetsch, G.: Die vulkanische Eifel. Wittlich 1951.	59.400001525878906	646.4892578125	7.004364013671875	184.6481704711914	58	TimesNewRomanPSMT
205	232.35000610351562	665.9467163085938	9.00115966796875	12.152847290039062	59	TimesNewRomanPSMT
