Deutsche land- und ernährungswirtschaftliche Produkte	73.6500015258789	60.02337646484375	15.0242919921875	424.81163787841797	0	Arial-BoldMT
auf den Weltagrarmärkten	73.05000305175781	78.608154296875	15.04498291015625	195.97438049316406	0	Arial-BoldMT
Von Ha ns Ot z e n	72.44999694824219	105.605712890625	9.50732421875	71.3448486328125	1	TimesNewRomanPSMT
Einleitung	72.30000305175781	167.71636962890625	9.5	42.003501892089844	2	FranklinGothic-Demi
Die Agrarexporte der Bundesrepublik Deutsch­	72.44999694824219	191.25933837890625	9.5025634765625	205.96351623535156	3	TimesNewRomanPSMT
land konnten in den vergangenen 20 Jahren konti­	72.9000015258789	202.9598388671875	9.501953125	205.51351165771484	3	TimesNewRomanPSMT
nuierlich mit überdurchschnittlichen Zuwachsraten	73.19999694824219	214.6566162109375	9.506103515625	207.2339630126953	3	TimesNewRomanPSMT
ansteigen. Heute steht die BRD bereits an elfter	73.3499984741211	226.3548583984375	9.5084228515625	208.59992218017578	3	TimesNewRomanPSMT
Stelle unterden Staaten derErde, gemessen an der	73.6500015258789	238.05523681640625	9.50787353515625	208.32891082763672	3	TimesNewRomanPSMT
Höhe ihres Agrarexportes (vgl. Tab. 1). Die jüngtes	73.94999694824219	249.7574462890625	9.530120849609375	204.9085235595703	3	TimesNewRomanPS-ItalicMT
Entwicklung läßt sogar darauf schließen, daß sich	74.25	261.4590148925781	9.50299072265625	206.65673828125	3	TimesNewRomanPSMT
die BRD innerhalb dieser Rangfolge bereits jetzt	74.55000305175781	273.1577453613281	9.504638671875	204.6218719482422	3	TimesNewRomanPSMT
schon weiternach vorne gearbeitet hat. Dieses Er­	74.8499984741211	284.8581848144531	9.50408935546875	205.20276641845703	3	TimesNewRomanPSMT
gebnis überrascht, da die Bundesrepublik einerseits	75.1500015258789	296.556640625	9.506072998046875	204.27721405029297	3	TimesNewRomanPSMT
vor allem als Exporteur gewerblicher Güter be­	75.30000305175781	308.2539978027344	9.509521484375	204.61351013183594	3	TimesNewRomanPSMT
kannt ist undandererseits sehrstarke Lücken in der	75.5999984741211	319.9577941894531	9.50457763671875	207.25708770751953	3	TimesNewRomanPSMT
Eigenversorgungmit Agrargütern aufweist.	75.44999694824219	331.509033203125	9.50299072265625	171.63328552246094	3	TimesNewRomanPSMT
Im folgenden solluntersucht werden, welche Chan­	75.75	343.3570861816406	9.505523681640625	204.16351318359375	3	TimesNewRomanPSMT
cen die Bundesrepublik bei derderzeitigen undzu­	75.44999694824219	355.0577697753906	9.504608154296875	204.3135223388672	3	TimesNewRomanPSMT
künftigen Struktur der Weltagrarmärkte für den	75.44999694824219	366.7598571777344	9.501922607421875	205.78465270996094	3	TimesNewRomanPSMT
Export ihrerland- undernährungswirtschaftlichen	75.30000305175781	378.3080749511719	9.50421142578125	205.7886505126953	3	TimesNewRomanPSMT
Produkte hat undwie sich diese Liefermöglich­	75.44999694824219	390.0087890625	9.503326416015625	204.0135040283203	3	TimesNewRomanPSMT
keiten in derZukunft realisieren lassen.	75.44999694824219	401.5589294433594	9.50311279296875	153.9219512939453	3	TimesNewRomanPSMT
A. Die Struktur der Weltagrarmärkte	75.44999694824219	437.1127624511719	9.50469970703125	150.70645141601562	4	FranklinGothic-Demi
1. Der Agrarprotektionismus	76.6500015258789	459.93646240234375	9.50115966796875	110.86371612548828	5	TimesNewRomanPS-ItalicMT
Der Außenhandel mit Agrargütern vollzieht sich	76.19999694824219	483.6083679199219	9.50384521484375	204.9373321533203	6	TimesNewRomanPSMT
unter spezifischen Bedingungen. „An der Liberali­	76.6500015258789	495.15802001953125	9.504287719726562	203.5634994506836	6	TimesNewRomanPSMT
sierung, die im Rahmen des GATT fürden Außen­	76.6500015258789	506.85870361328125	9.503402709960938	203.5634994506836	6	TimesNewRomanPSMT
handel mit Industriewaren erreicht wurde, konnte	76.6500015258789	518.558349609375	9.503814697265625	203.6058578491211	6	TimesNewRomanPSMT
derinternationale Agrargüterhandelnuram Rande	77.25	530.2589721679688	9.50311279296875	203.1448974609375	6	TimesNewRomanPSMT
teilhaben, weil die meisten Regierungen bis heute	77.25	541.6581420898438	9.504150390625	203.15386962890625	6	TimesNewRomanPSMT
derLandwirtschaft innerhalb derGesamtwirtschaft	77.55000305175781	553.5077514648438	9.504653930664062	203.03187561035156	6	TimesNewRomanPSMT
eine besondere Stellung unddamit einen besonderen	77.55000305175781	564.7564086914062	9.506393432617188	204.8444061279297	6	TimesNewRomanPSMT
Schutz einräumen“ (Fa hrns chon 1972, S. 27). Es	77.25	576.3084716796875	9.503662109375	203.1199951171875	6	TimesNewRomanPSMT
ist bis heute wissenschaftlich nicht nachweisbar, ob	77.4000015258789	588.0113525390625	9.5	202.8231430053711	6	TimesNewRomanPSMT
die Landwirtschaft tatsächlich unterbesonderen Be­	77.55000305175781	599.559814453125	9.501937866210938	203.11351013183594	6	TimesNewRomanPSMT
dingungen arbeitet. Ha ns me y e r unterscheidet in	77.4000015258789	611.1061401367188	9.506698608398438	204.8663558959961	6	TimesNewRomanPSMT
diesem Zusammenhang zwei Denkansätze (Ha ns ­	77.25	622.8109741210938	9.50048828125	203.113525390625	6	TimesNewRomanPSMT
me y e r 1963). Danach erkennen die Vertreter einer	77.25	634.3566284179688	9.506080627441406	205.92547607421875	6	TimesNewRomanPSMT
fortschrittlich-optimistischen Theorie der Agrar­	77.25	646.1089477539062	9.50311279296875	204.52865600585938	6	TimesNewRomanPSMT
politik zwar die besonderen Gegebenheiten gerade	77.0999984741211	657.45947265625	9.502456665039062	202.6998062133789	6	TimesNewRomanPSMT
derlandwirtschaftlichen Produktion an, die jedoch	77.0999984741211	669.306640625	9.506080627441406	204.3263931274414	6	TimesNewRomanPSMT
12	78.30000305175781	690.4571533203125	9.505435943603516	7.801513671875	7	TimesNewRomanPSMT
ihrer Auffassung nach bei allen Unterschieden im	292.3500061035156	169.05804443359375	9.5042724609375	206.48666381835938	8	TimesNewRomanPSMT
einzelnen grundsätzlich dieselbe Form technisch­	292.04998779296875	180.75811767578125	9.504150390625	205.96353149414062	8	TimesNewRomanPSMT
ökonomischer Umweltbewältigung wie im indu­	292.20001220703125	192.14691162109375	9.5186767578125	205.9635009765625	8	TimesNewRomanPSMT
striellen Bereich aufweist. Die Vertreter der kon­	292.3500061035156	203.85894775390625	9.50311279296875	209.77227783203125	8	TimesNewRomanPSMT
servativ-pessimistischen Entwicklungstheorie sehen	292.6499938964844	215.55877685546875	9.50335693359375	207.17041015625	8	TimesNewRomanPSMT
den Abstand zwischen Landwirtschaft undübriger	292.6499938964844	227.25970458984375	9.5020751953125	208.71832275390625	8	TimesNewRomanPSMT
Wirtschaft als ein Strukturmerkmal der modernen	292.95001220703125	238.95806884765625	9.50421142578125	206.76956176757812	8	TimesNewRomanPSMT
Industriegesellschaft schlechthin an; die Landwirt­	292.95001220703125	250.65972900390625	9.5020751953125	205.36349487304688	8	TimesNewRomanPSMT
schaft sei durch ,natürliche' Nachteile dauernd dazu	292.79998779296875	262.2082214355469	9.5040283203125	207.0313720703125	8	TimesNewRomanPSMT
verurteilt, die langsamste Wachstumsrate aufzuwei­	293.1000061035156	274.2079772949219	9.50433349609375	205.2135009765625	8	TimesNewRomanPSMT
sen.	293.1000061035156	285.4579772949219	9.50433349609375	13.84368896484375	8	TimesNewRomanPSMT
Fest steht lediglich, daß die Regierungen, die ihrer	293.3999938964844	297.4566345214844	9.506072998046875	208.25918579101562	8	TimesNewRomanPSMT
Landwirtschaft eine Sonderstellung einräumen, sich	293.1000061035156	309.31103515625	9.500396728515625	206.7506103515625	8	TimesNewRomanPSMT
an der konservativ-pessimistischen Theorie orien­	293.1000061035156	321.0087890625	9.5032958984375	205.36349487304688	8	TimesNewRomanPSMT
tieren. Derzeit liegen keine Anhaltspunkte vor, daß	293.25	332.558837890625	9.50323486328125	204.56832885742188	8	TimesNewRomanPSMT
sich diese Haltung in absehbarer Zukunft ändern	293.1000061035156	344.2591247558594	9.50286865234375	206.67315673828125	8	TimesNewRomanPSMT
wird. Und da jederEingriff in eine nationale Land­	293.1000061035156	355.7972412109375	9.51824951171875	205.06350708007812	8	TimesNewRomanPSMT
wirtschaft in dereinen oderanderen Form Auswir­	293.25	367.5081787109375	9.50408935546875	204.98077392578125	8	TimesNewRomanPSMT
kungen auf den Außenhandelmit Agrargütern hat,	293.3999938964844	379.2087097167969	9.503387451171875	204.01174926757812	8	TimesNewRomanPSMT
wird auch nicht damit zu rechnen sein, daß sich der	293.3999938964844	390.9061584472656	9.5067138671875	207.79330444335938	8	TimesNewRomanPSMT
Tabelle 1: Liste der Staaten der Erde nach der Höhe	293.70001220703125	418.2543029785156	8.503631591796875	204.0673828125	9	TimesNewRomanPS-ItalicMT
ihres Agrarexportes (1970, in Mio. US S)	293.5500183105469	427.3800354003906	8.528045654296875	146.71804809570312	9	TimesNewRomanPS-ItalicMT
Land	293.70001220703125	441.2276611328125	6.501495361328125	16.08599853515625	10	TimesNewRomanPSMT
l.USA	298.79998779296875	451.68328857421875	8.500701904296875	24.958770751953125	10	TimesNewRomanPSMT
2. Niederlande	298.20001220703125	461.1325378417969	8.501678466796875	52.4288330078125	10	TimesNewRomanPSMT
3. Frankreich	298.3500061035156	470.7287902832031	8.506500244140625	48.026702880859375	10	TimesNewRomanPSMT
4. Australien	298.3500061035156	480.1788024902344	8.506500244140625	47.020660400390625	10	TimesNewRomanPSMT
5. Kanada	298.5	489.6288146972656	8.506500244140625	36.19049072265625	10	TimesNewRomanPSMT
6. Brasilien	298.5	499.08135986328125	8.503189086914062	40.854583740234375	10	TimesNewRomanPSMT
7. UdSSR	298.79998779296875	508.3810119628906	8.503631591796875	34.378662109375	10	TimesNewRomanPSMT
8. Großbritannien	298.79998779296875	518.1287841796875	8.506500244140625	65.55462646484375	10	TimesNewRomanPSMT
9. Argentinien	298.6499938964844	527.5840454101562	8.49969482421875	52.164459228515625	10	TimesNewRomanPSMT
10. Dänemark	294.8999938964844	536.8818359375	8.502593994140625	51.665130615234375	10	TimesNewRomanPSMT
11. BRD	294.8999938964844	546.331298828125	8.503280639648438	29.887969970703125	10	TimesNewRomanPSMT
12. Italien	295.04998779296875	555.7818603515625	8.502593994140625	37.50836181640625	10	TimesNewRomanPSMT
13. Belgien/Luxemb.	295.3500061035156	565.2328491210938	8.50128173828125	71.37527465820312	10	TimesNewRomanPSMT
14. Neuseeland	295.20001220703125	574.3809204101562	8.503768920898438	54.794342041015625	10	TimesNewRomanPSMT
15. Spanien	295.04998779296875	583.8310546875	8.503631591796875	42.268402099609375	10	TimesNewRomanPSMT
16. West-Malaysia	295.20001220703125	593.2808837890625	8.503768920898438	64.69888305664062	10	TimesNewRomanPSMT
17. Philippinen	295.04998779296875	602.7318115234375	8.502593994140625	55.23675537109375	10	TimesNewRomanPSMT
18. Indien	295.20001220703125	612.180419921875	8.504409790039062	36.871063232421875	10	TimesNewRomanPSMT
19. Mexico	295.04998779296875	621.6318359375	8.502593994140625	40.011810302734375	10	TimesNewRomanPSMT
20. Japan	294.45001220703125	631.0809936523438	8.503684997558594	35.6785888671875	10	TimesNewRomanPSMT
l geschätzt	294.45001220703125	647.9288330078125	6.5	30.990203857421875	11	TimesNewRomanPSMT
2 1969	339.0	647.9263305664062	6.503173828125	18.2281494140625	12	TimesNewRomanPSMT
Export	383.25	441.6791687011719	6.499542236328125	20.289581298828125	13	TimesNewRomanPSMT
7506,9	383.70001220703125	452.1315002441406	8.503021240234375	22.272247314453125	13	TimesNewRomanPSMT
3401,8	383.70001220703125	461.7325744628906	8.501617431640625	21.935577392578125	13	TimesNewRomanPSMT
3051,4	383.70001220703125	471.1795349121094	8.50555419921875	22.243988037109375	13	TimesNewRomanPSMT
2399,0	383.54998779296875	480.6295471191406	8.50555419921875	22.243988037109375	13	TimesNewRomanPSMT
2077,1	383.3999938964844	490.2375183105469	8.495208740234375	21.707061767578125	13	TimesNewRomanPSMT
1972,0	384.0	499.6841735839844	8.499542236328125	22.01324462890625	13	TimesNewRomanPSMT
1556,2!	384.1499938964844	509.1342468261719	8.499481201171875	24.34588623046875	13	TimesNewRomanPSMT
1520,2	384.29998779296875	518.5825805664062	8.5015869140625	21.935577392578125	13	TimesNewRomanPSMT
1501,3	384.29998779296875	528.1782836914062	8.5072021484375	21.683746337890625	13	TimesNewRomanPSMT
1355,5	384.45001220703125	537.6282958984375	8.5072021484375	21.683746337890625	13	TimesNewRomanPSMT
1340,3	384.1499938964844	547.0825805664062	8.5015869140625	21.935577392578125	13	TimesNewRomanPSMT
1207,8	384.29998779296875	556.6875	8.495208740234375	21.707061767578125	13	TimesNewRomanPSMT
1103,7	384.45001220703125	565.834228515625	8.499542236328125	22.01324462890625	13	TimesNewRomanPSMT
940,6*	388.04998779296875	575.1318359375	8.502593994140625	21.147796630859375	13	TimesNewRomanPSMT
862,8	388.5	584.734619140625	8.4990234375	17.73773193359375	13	TimesNewRomanPSMT
730,5	388.5	594.0335083007812	8.500442504882812	17.557708740234375	13	TimesNewRomanPSMT
716,1	388.6499938964844	603.4837036132812	8.500167846679688	17.287872314453125	13	TimesNewRomanPSMT
700,9	388.3500061035156	613.084228515625	8.499481201171875	17.7728271484375	13	TimesNewRomanPSMT
698,3*	388.04998779296875	622.5374755859375	8.4952392578125	20.920440673828125	13	TimesNewRomanPSMT
661,6	388.04998779296875	631.9795532226562	8.505538940429688	18.19171142578125	13	TimesNewRomanPSMT
Import	421.5	442.13031005859375	6.498046875	19.979278564453125	14	TimesNewRomanPSMT
7156,1	421.6499938964844	452.58258056640625	8.501617431640625	21.935577392578125	14	TimesNewRomanPSMT
2212,1	421.5	462.1825866699219	8.501617431640625	21.935577392578125	14	TimesNewRomanPSMT
3473,1	421.79998779296875	471.6375427246094	8.495208740234375	21.707061767578125	14	TimesNewRomanPSMT
296,1	425.8500061035156	481.0834655761719	8.500457763671875	17.557708740234375	14	TimesNewRomanPSMT
1314,2	421.95001220703125	490.83148193359375	8.503036499023438	22.272247314453125	14	TimesNewRomanPSMT
325,0	426.0	500.4295654296875	8.505538940429688	18.19171142578125	14	TimesNewRomanPSMT
2534,0	421.6499938964844	509.885009765625	8.498458862304688	22.4932861328125	14	TimesNewRomanPSMT
6029,7	421.79998779296875	519.3372802734375	8.49554443359375	22.5718994140625	14	TimesNewRomanPSMT
124,4	426.45001220703125	528.7841796875	8.499481201171875	17.7728271484375	14	TimesNewRomanPSMT
579,2	426.1499938964844	538.3814697265625	8.503036499023438	18.2222900390625	14	TimesNewRomanPSMT
6547,5	421.79998779296875	547.8295288085938	8.505538940429688	22.243988037109375	14	TimesNewRomanPSMT
3479,4	422.1000061035156	557.279541015625	8.505538940429688	22.243988037109375	14	TimesNewRomanPSMT
1762,9	422.3999938964844	566.5825805664062	8.5015869140625	21.935577392578125	14	TimesNewRomanPSMT
78,8	430.5	576.0335083007812	8.500442504882812	13.65667724609375	14	TimesNewRomanPSMT
897,6	426.29998779296875	585.4857788085938	8.49749755859375	18.00347900390625	14	TimesNewRomanPSMT
285,8	426.0	594.9295043945312	8.505538940429688	18.19171142578125	14	TimesNewRomanPSMT
214,0	426.1499938964844	604.531494140625	8.503036499023438	18.2222900390625	14	TimesNewRomanPSMT
603,2	426.0	613.8314819335938	8.503036499023438	18.2222900390625	14	TimesNewRomanPSMT
91,02	430.04998779296875	623.4320068359375	8.502296447753906	16.94830322265625	14	TimesNewRomanPSMT
4415,3	421.79998779296875	632.8795166015625	8.505538940429688	22.243988037109375	14	TimesNewRomanPSMT
Said.3	459.45001220703125	441.0638122558594	8.491302490234375	15.898284912109375	15	TimesNewRomanPS-ItalicMT
+ 350,8	464.70001220703125	453.33203125	8.5023193359375	33.458160400390625	15	TimesNewRomanPSMT
+ 1189,7	464.70001220703125	462.78619384765625	8.4969482421875	33.681915283203125	15	TimesNewRomanPSMT
578,3	479.1000061035156	472.385009765625	8.49847412109375	19.09112548828125	15	TimesNewRomanPSMT
+ 2102,9	464.70001220703125	481.8333435058594	8.5006103515625	33.406280517578125	15	TimesNewRomanPSMT
+ 762,9	464.70001220703125	491.43548583984375	8.497848510742188	33.5291748046875	15	TimesNewRomanPSMT
+ 1647,0	464.8500061035156	501.029296875	8.505874633789062	33.52728271484375	15	TimesNewRomanPSMT
977,8	478.95001220703125	510.63543701171875	8.497848510742188	19.129180908203125	15	TimesNewRomanPSMT
_ 4509,5	464.70001220703125	519.3787841796875	9.205230712890625	33.406280517578125	15	TimesNewRomanPSMT
+ 1376,9	464.70001220703125	529.5398559570312	8.49224853515625	33.7525634765625	15	TimesNewRomanPSMT
+ 776,3	464.8500061035156	539.1320190429688	8.502304077148438	33.458160400390625	15	TimesNewRomanPSMT
5207,2	474.8999938964844	548.7312622070312	8.503280639648438	23.582977294921875	15	TimesNewRomanPSMT
_ 2271,6	464.8500061035156	557.1788330078125	9.355697631835938	33.632965087890625	15	TimesNewRomanPSMT
_ 659,2	464.8500061035156	566.4788208007812	9.505996704101562	33.61663818359375	15	TimesNewRomanPSMT
+ 861,8	464.8500061035156	577.08203125	8.502304077148438	33.30816650390625	15	TimesNewRomanPSMT
34,8	483.6000061035156	586.6884155273438	8.494094848632812	14.512451171875	15	TimesNewRomanPSMT
+ 444,7	464.70001220703125	595.98046875	8.504348754882812	33.766632080078125	15	TimesNewRomanPSMT
+ 502,1	464.70001220703125	605.4314575195312	8.503036499023438	32.622283935546875	15	TimesNewRomanPSMT
+ 97,5	464.70001220703125	615.035888671875	8.497299194335938	33.28955078125	15	TimesNewRomanPSMT
+ 607,3	464.54998779296875	624.635009765625	8.498489379882812	33.34112548828125	15	TimesNewRomanPSMT
3753,7	474.45001220703125	634.081298828125	8.503280639648438	23.582977294921875	15	TimesNewRomanPSMT
Quelle: Food and Agriculture Organization: Trade	294.29998779296875	661.58154296875	8.5029296875	202.77731323242188	16	TimesNewRomanPSMT
Yearbook 1971.	294.1499938964844	670.0819702148438	8.502388000488281	56.018524169921875	16	TimesNewRomanPSMT
Tabelle 2: Entwicklung der deutschen Agrarexporte (ohne Kaffee und Tabak) (in Mio. DM)	31.350000381469727	62.9033203125	8.50494384765625	330.0080318450928	17	TimesNewRomanPS-ItalicMT
Warengruppen 1950 1954 1958 1962 1968 1969 1970	30.149999618530273	76.433837890625	7.69427490234375	333.78655433654785	17	TimesNewRomanPSMT
Gesamt 195,2 509,2 860,3 1096,5 2734,0 3406,2 4141,4	30.299999237060547	86.88323974609375	9.70184326171875	343.8027534484863	17	TimesNewRomanPSMT
darunter:	30.149999618530273	101.4595947265625	8.49676513671875	33.37874412536621	18	TimesNewRomanPS-ItalicMT
lebende Tiere	30.149999618530273	111.1861572265625	8.49700927734375	47.44903755187988	18	TimesNewRomanPSMT
Nahrungsmittel	30.299999237060547	121.53466796875	8.4989013671875	58.718753814697266	18	TimesNewRomanPSMT
tierischenUrspr.	30.0	130.83734130859375	8.49542236328125	58.35211181640625	18	TimesNewRomanPSMT
Nahrungsmittel	30.149999618530273	141.18756103515625	8.49517822265625	58.745370864868164	18	TimesNewRomanPSMT
pflanzl. Ursprungs	30.149999618530273	150.63580322265625	8.4974365234375	65.42681312561035	18	TimesNewRomanPSMT
Genußmittel	29.850000381469727	160.236572265625	8.4964599609375	47.33953666687012	18	TimesNewRomanPSMT
21,8	123.75	111.7874755859375	8.4952392578125	14.1336669921875	19	TimesNewRomanPSMT
26,0	123.75	131.1300048828125	8.50494384765625	14.279617309570312	20	TimesNewRomanPSMT
70,1	123.75	150.63348388671875	8.50048828125	13.656692504882812	21	TimesNewRomanPSMT
77,3	123.5999984741211	160.08746337890625	8.4952392578125	14.133674621582031	21	TimesNewRomanPSMT
17,2	163.0500030517578	111.63751220703125	8.4952392578125	14.1336669921875	22	TimesNewRomanPSMT
15,1	162.89999389648438	130.83123779296875	8.5032958984375	13.32220458984375	23	TimesNewRomanPSMT
238,4	158.10000610351562	150.03704833984375	8.49578857421875	18.672637939453125	24	TimesNewRomanPSMT
102,5	158.39999389648438	159.78570556640625	8.49755859375	18.00347900390625	24	TimesNewRomanPSMT
27,8	201.60000610351562	111.33746337890625	8.4952392578125	14.1336669921875	25	TimesNewRomanPSMT
214,2	197.10000610351562	130.53704833984375	8.49578857421875	18.672637939453125	26	TimesNewRomanPSMT
423,6	197.10000610351562	149.737060546875	8.49578857421875	18.672637939453125	27	TimesNewRomanPSMT
194,7	197.39999389648438	159.32952880859375	8.50555419921875	18.19171142578125	27	TimesNewRomanPSMT
49,6	244.5	111.03076171875	8.50390625	14.3717041015625	28	TimesNewRomanPSMT
246,2	240.14999389648438	130.23455810546875	8.4990234375	18.637664794921875	29	TimesNewRomanPSMT
608,9	240.14999389648438	149.59002685546875	8.491943359375	18.454010009765625	30	TimesNewRomanPSMT
181,8	240.3000030517578	159.1842041015625	8.49951171875	17.772781372070312	30	TimesNewRomanPSMT
246,1	278.54998779296875	110.8814697265625	8.5030517578125	18.2222900390625	31	TimesNewRomanPSMT
955,8	278.54998779296875	130.23455810546875	8.4990234375	18.637725830078125	32	TimesNewRomanPSMT
1216,7	274.6499938964844	149.4332275390625	8.50079345703125	22.802764892578125	33	TimesNewRomanPSMT
315,3	278.25	159.0345458984375	8.4990234375	18.637725830078125	33	TimesNewRomanPSMT
376,4	317.70001220703125	110.57952880859375	8.50555419921875	18.19171142578125	34	TimesNewRomanPSMT
1198,2	313.6499938964844	129.9295654296875	8.50555419921875	22.243988037109375	35	TimesNewRomanPSMT
1508,4	313.79998779296875	149.28753662109375	8.49517822265625	21.707061767578125	36	TimesNewRomanPSMT
323,2	317.25	158.87957763671875	8.50555419921875	18.19171142578125	36	TimesNewRomanPSMT
432,3	355.6499938964844	110.5814208984375	8.5030517578125	18.2222900390625	37	TimesNewRomanPSMT
1329,9	351.75	129.9295654296875	8.50555419921875	22.243988037109375	38	TimesNewRomanPSMT
1992,2	351.6000061035156	149.12957763671875	8.50555419921875	22.243988037109375	39	TimesNewRomanPSMT
337,0	355.3500061035156	158.5814208984375	8.5030517578125	18.2222900390625	39	TimesNewRomanPSMT
1971	389.8500061035156	76.4263916015625	6.503173828125	11.77813720703125	40	TimesNewRomanPSMT
4842,2	389.70001220703125	87.0372314453125	8.49554443359375	22.5718994140625	40	TimesNewRomanPSMT
456,8	393.8999938964844	110.5814208984375	8.5030517578125	18.2222900390625	41	TimesNewRomanPSMT
1895,7	390.0	129.6314697265625	8.5030517578125	22.272247314453125	42	TimesNewRomanPSMT
2037,6	389.3999938964844	148.98724365234375	8.49554443359375	22.5718994140625	43	TimesNewRomanPSMT
452,1	393.45001220703125	158.58453369140625	8.4990234375	17.73773193359375	43	TimesNewRomanPSMT
1972	428.54998779296875	76.281982421875	6.495849609375	11.99078369140625	44	TimesNewRomanPSMT
5673,2	427.79998779296875	86.88726806640625	8.49554443359375	22.5718994140625	44	TimesNewRomanPSMT
706,5	432.1499938964844	110.43572998046875	8.49755859375	18.00347900390625	45	TimesNewRomanPSMT
1914,6	428.1000061035156	129.63421630859375	8.49951171875	22.01324462890625	46	TimesNewRomanPSMT
2527,0	427.20001220703125	148.9849853515625	8.49847412109375	22.4932861328125	47	TimesNewRomanPSMT
530,1	431.25	158.4345703125	8.4990234375	17.73773193359375	47	TimesNewRomanPSMT
Quelle: Statistisches Bundesamt, Außenhandel, Reihe 1, Zusammenfassende Übersicht, div. Jahrgänge.	29.700000762939453	176.43023681640625	8.504638671875	368.8663139343262	48	TimesNewRomanPSMT
Weltagrarmarkt in denkommendenJahreninseinen	29.549999237060547	207.6077880859375	9.504638671875	206.30952835083008	49	TimesNewRomanPSMT
entscheidendenTeilbereichen liberalisieren wird.	29.850000381469727	219.3048095703125	9.5084228515625	188.71751976013184	49	TimesNewRomanPSMT
2. Ungleichgewichte an den Weltagrarmärkten	29.25	242.71636962890625	9.52197265625	183.09913635253906	50	TimesNewRomanPS-ItalicMT
Das weltweite Ungleichgewicht der Agrarmärkte	28.950000762939453	266.25567626953125	9.507293701171875	204.68618392944336	51	TimesNewRomanPSMT
ist im wesentlichen durchÜberschüsse, Preisverzer­	28.799999237060547	277.9576416015625	9.5047607421875	205.45672988891602	51	TimesNewRomanPSMT
rungen, Nahrungsmitteldefizit unddurch eine un­	28.799999237060547	289.789306640625	9.52850341796875	207.92793655395508	51	TimesNewRomanPSMT
zu reichend wirksame Nachfrage gekennzeichnet	28.5	301.3577880859375	9.50457763671875	205.05300903320312	51	TimesNewRomanPSMT
(Krus e -Rode na cke r 1964, S. 25); betroffen sind	28.950000762939453	313.0581970214844	9.504058837890625	206.68957138061523	51	TimesNewRomanPSMT
hiervon fast ausschließlich landwirtschaftliche	28.5	324.758056640625	9.50421142578125	204.92637634277344	51	TimesNewRomanPSMT
Grundprodukte, die jedoch den größten Teil des	28.5	336.6084899902344	9.503662109375	204.9292755126953	51	TimesNewRomanPSMT
Weltagrarhandels stellen.	28.649999618530273	348.7571105957031	9.50543212890625	99.34026527404785	51	TimesNewRomanPSMT
Für das Angebot am Weltagrarmarkt spielt die	28.950000762939453	360.1578063964844	9.50457763671875	204.3513298034668	51	TimesNewRomanPSMT
Tatsache eine große Rolle, daß die entwickelten	28.5	371.858154296875	9.50408935546875	206.37631225585938	51	TimesNewRomanPSMT
Volkswirtschaften ihre Erzeugung so weit ausge­	28.5	383.708984375	9.503021240234375	204.9134979248047	51	TimesNewRomanPSMT
dehnt haben, daß die heimische Nachfrage in vielen	28.350000381469727	395.2566223144531	9.506072998046875	206.70900535583496	51	TimesNewRomanPSMT
Bereichen in zunehmendem Maße übertroffen wird	28.200000762939453	407.1087646484375	9.5032958984375	206.98661422729492	51	TimesNewRomanPSMT
(Zure k 1971). Die so entstandenen Überschüsse	28.200000762939453	418.6574401855469	9.505035400390625	204.99279403686523	51	TimesNewRomanPSMT
sind aufgrund der Marktgegebenheiten teilweise	27.899993896484375	430.51025390625	9.501373291015625	205.23193359375	51	TimesNewRomanPSMT
nurschwer im Export unterzubringen. Demgegen­	27.899999618530273	442.0580139160156	9.504302978515625	205.6634922027588	51	TimesNewRomanPSMT
über sinkt in manchen Entwicklungsländern das	27.899999618530273	453.7586975097656	9.503387451171875	205.2497043609619	51	TimesNewRomanPSMT
Ausfuhrangebot, weil ihre heimische Nachfrage	27.75	465.6043701171875	9.509002685546875	205.32635498046875	51	TimesNewRomanPSMT
durch Bevölkerungsausweitung überproportional	27.75	477.3082275390625	9.5040283203125	208.65631103515625	51	TimesNewRomanPSMT
steigt unddie Eigenerzeugung nicht Schritt halten	27.600000381469727	488.8575134277344	9.504913330078125	207.4617519378662	51	TimesNewRomanPSMT
kann (Food and Agriculture...). Hiervon sind	27.600000381469727	500.40875244140625	9.536788940429688	209.41798973083496	51	TimesNewRomanPS-ItalicMT
insbesondere die schlechtergestellten Entwicklungs­	27.75	512.257080078125	9.505523681640625	205.6634979248047	51	TimesNewRomanPSMT
länder betroffen. Das Mehrangebot der Industrie­	27.450000762939453	523.8082885742188	9.503952026367188	205.81350326538086	51	TimesNewRomanPSMT
länder übersteigt dabei das Minderangebot der	27.450000762939453	535.6580200195312	9.5042724609375	208.72851181030273	51	TimesNewRomanPSMT
Entwicklungsländer; das Problem der Unterbrin­	27.600000381469727	547.060546875	9.5009765625	205.6635036468506	51	TimesNewRomanPSMT
gung derÜberschüsse bleibt somit erhalten.	27.600000381469727	558.460205078125	9.501449584960938	169.50949668884277	51	TimesNewRomanPSMT
Fürdie Nachfrage nach Agrargütern amWeltmarkt	27.600000381469727	570.4595947265625	9.502243041992188	205.0486354827881	51	TimesNewRomanPSMT
ist entscheidend,daß der Pro-Kopf-Verbrauch bei	27.299999237060547	582.0076904296875	9.504791259765625	205.59962844848633	51	TimesNewRomanPSMT
vielenAgrarprodukten in einerwachsendenAnzahl	27.299999237060547	593.5584106445312	9.503799438476562	208.49892044067383	51	TimesNewRomanPSMT
traditioneller Importländerbereits die Sättigung­ s	27.149999618530273	605.2578735351562	9.50445556640625	211.48064613342285	51	TimesNewRomanPSMT
grenze erreicht hat (Zure k 1971) unddiese Länder	27.299999237060547	616.806396484375	9.506393432617188	208.52263259887695	51	TimesNewRomanPSMT
ihre Eigenversorgungzudem steigern1.	27.299999237060547	628.0582275390625	9.504005432128906	150.4642219543457	51	TimesNewRomanPSMT
Dem steht die Notwendigkeit gegenüber, die wach­	27.149999618530273	640.2066040039062	9.506080627441406	205.36350440979004	51	TimesNewRomanPSMT
sende Bevölkerung in den Entwicklungsländern so	27.0	651.7572021484375	9.505363464355469	206.94923400878906	51	TimesNewRomanPSMT
mit Nahrungsmitteln zu versorgen, daß ihrErnäh­	27.149999618530273	663.1580200195312	9.504295349121094	205.06350135803223	51	TimesNewRomanPSMT
rungsstandard den Mindestanforderungen an die	27.149999618530273	675.008056640625	9.504295349121094	204.80132484436035	51	TimesNewRomanPSMT
menschliche Ernährung gerecht wird. Die Food and	247.9499969482422	206.558837890625	9.503173828125	204.93312072753906	52	TimesNewRomanPSMT
Agriculture Organization (FAO) hat errechnet, daß	247.8000030517578	218.256591796875	9.506103515625	203.2334442138672	52	TimesNewRomanPSMT
zurErreichung dieses Zieles bis 1985 eine Versor­	247.5	230.10638427734375	9.50640869140625	203.91574096679688	52	TimesNewRomanPSMT
gungslücke vonjährlich 26 Mrd. US $ (zu konstan­	247.64999389648438	241.80828857421875	9.503936767578125	204.01351928710938	52	TimesNewRomanPSMT
ten Preisen von 1961—63) entstehen wird. Die	247.35000610351562	253.65615844726562	9.5067138671875	203.66287231445312	52	TimesNewRomanPSMT
Entwicklungsländer werden allerdings nicht von	247.35000610351562	265.3587341308594	9.50335693359375	207.72341918945312	52	TimesNewRomanPSMT
sich aus in derLage sein, Einfuhren in dieserHöhe	247.1999969482422	277.0581359863281	9.504150390625	203.85130310058594	52	TimesNewRomanPSMT
zutätigen (Buchholz 1970, S. 217).	247.1999969482422	288.75799560546875	9.504302978515625	143.44606018066406	52	TimesNewRomanPSMT
Von großer Bedeutung für die Umschichtungspro­	247.1999969482422	300.4566345214844	9.506072998046875	204.0135040283203	52	TimesNewRomanPSMT
zesse am Weltagrarmarkt ist des weiteren die	246.89999389648438	312.3075256347656	9.504913330078125	203.84024047851562	52	TimesNewRomanPSMT
zunehmende Verwendung vonsynthetischen Substi­	246.89999389648438	324.00982666015625	9.501922607421875	204.46353149414062	52	TimesNewRomanPSMT
tutionsprodukten. Diese Entwicklung wurde ent­	246.89999389648438	335.8594970703125	9.502349853515625	204.16351318359375	52	TimesNewRomanPSMT
scheidend dadurch gefördert, daß die Konkurrenz­	246.60000610351562	347.556640625	9.506072998046875	204.4635009765625	52	TimesNewRomanPSMT
fähigkeit derbetroffenen landwirtschaftlichen Pro­	246.75	359.25750732421875	9.504913330078125	204.31350708007812	52	TimesNewRomanPSMT
dukte durch hohe Preisschwankungen im Laufe der	246.75	370.958251953125	9.50396728515625	207.22854614257812	52	TimesNewRomanPSMT
Jahre immer stärker beeinträchtigt worden ist	246.60000610351562	382.8076477050781	9.5047607421875	204.03741455078125	52	TimesNewRomanPSMT
(FAO: Trade in Agricultural Commodities ...,	246.4499969482422	394.5019226074219	9.51214599609375	203.81044006347656	52	TimesNewRomanPSMT
S. I—55). Auch genügen die landwirtschaftlichen	246.4499969482422	406.0423889160156	9.5245361328125	205.8550262451172	52	TimesNewRomanPSMT
Rohstoffe nicht immerden an sie gestellten Quali­	246.4499969482422	418.0587463378906	9.50335693359375	204.0135040283203	52	TimesNewRomanPSMT
tätsanforderungen, was ebenso die Verwendung	246.3000030517578	429.75799560546875	9.504302978515625	206.10743713378906	52	TimesNewRomanPSMT
vonSubstitutionsprodukten fördert. Letztlich darf	246.3000030517578	441.45770263671875	9.50469970703125	204.19129943847656	52	TimesNewRomanPSMT
auch nicht vergessen werden, daß mit dem tech­	246.4499969482422	453.3072509765625	9.505279541015625	204.0135040283203	52	TimesNewRomanPSMT
nischen Fortschritt die spezifische Rohstoffinzidenz	246.4499969482422	465.00726318359375	9.5052490234375	203.3502960205078	52	TimesNewRomanPSMT
sinkt, d. h., daß zur Erzeugung eines bestimmten	246.14999389648438	476.7083740234375	9.503814697265625	205.72482299804688	52	TimesNewRomanPSMT
Produktes laufend eine geringere Menge an Roh­	246.60000610351562	488.55816650390625	9.50408935546875	203.7135009765625	52	TimesNewRomanPSMT
stoffenbenötigt wird.	246.60000610351562	500.55926513671875	9.502670288085938	84.49468994140625	52	TimesNewRomanPSMT
Letztlich sind die in vielfältigen Varianten auf-	246.60000610351562	511.95770263671875	9.504714965820312	202.92962646484375	52	TimesNewRomanPSMT
tretenden nicht-tarifären Handelshemmnisse und	246.4499969482422	523.508056640625	9.504287719726562	209.6387176513672	52	TimesNewRomanPSMT
anderen Eingriffe fürdas Marktgeschehen im inter­	246.4499969482422	535.3592529296875	9.502670288085938	203.6542205810547	52	TimesNewRomanPSMT
nationalen Handel mit Agrargütern von großer	246.4499969482422	547.0590209960938	9.50299072265625	206.4751434326172	52	TimesNewRomanPSMT
Bedeutung. Hierunterfallen u. a. veterinär-polizei­	246.14999389648438	558.4563598632812	9.506393432617188	203.71353149414062	52	TimesNewRomanPSMT
liche Vorschriften als Vorwand für Importrestrik­	246.14999389648438	570.306396484375	9.506393432617188	203.56350708007812	52	TimesNewRomanPSMT
tionen, Exportsubventionen2 undNahrungsmittel-	246.0	581.8580932617188	9.50421142578125	203.33053588867188	52	TimesNewRomanPSMT
1 Frit z Ba a de weist darauf hin, daß Kontinentaleuropa bereits	245.5500030517578	623.8735961914062	6.5067596435546875	203.13050842285156	53	TimesNewRomanPSMT
nach dem 1. Weltkrieg den Charakter eines Zuschußgebietes für	245.5500030517578	631.0759887695312	6.503639221191406	205.6236114501953	53	TimesNewRomanPSMT
Massennahrungsmittel immer stärker verloren hat. (Entwicklungs­	245.5500030517578	638.7271728515625	6.502098083496094	203.1644744873047	53	TimesNewRomanPSMT
tendenzen im Welthandel mit Agrarprodukten, in: Europäische	245.5500030517578	646.0758056640625	6.503875732421875	203.1555938720703	53	TimesNewRomanPSMT
Wirtschaft, 3. Jg., 1960, Nr. 13, S. 307.)	245.39999389648438	654.5247802734375	6.505218505859375	117.46450805664062	53	TimesNewRomanPSMT
2 So haben z. B. die USA 1970/71 256 Mio. US $ (gegenüber1969/70	245.39999389648438	663.1751098632812	6.5048370361328125	202.98876953125	53	TimesNewRomanPSMT
163 Mio. US S) an direkten Exportsubventionen entrichtet. Vgl.	245.6999969482422	670.2266235351562	6.502830505371094	203.05784606933594	53	TimesNewRomanPSMT
Agra-Europe, Heft 14, 1972, Kurzmeldungen S. 14.	245.39999389648438	678.8262329101562	6.5032806396484375	150.73443603515625	53	TimesNewRomanPSMT
13	440.25	696.7571411132812	9.505439758300781	7.801513671875	54	TimesNewRomanPSMT
2.1. Verarbeitungsprodukte	73.6500015258789	75.7611083984375	9.500244140625	108.04032135009766	55	TimesNewRomanPSMT
Die Chancen fürdie Expansion der Agrarexporte	74.25	88.20941162109375	9.50250244140625	205.2464599609375	55	TimesNewRomanPSMT
liegen fürdie Bundesrepublik in derErweiterung	74.69999694824219	100.05657958984375	9.506103515625	207.55555725097656	55	TimesNewRomanPSMT
der Ausfuhr vonVeredlungserzeugnissen. Für die	75.1500015258789	111.7593994140625	9.50250244140625	205.20690155029297	55	TimesNewRomanPSMT
Tatsache, daß auf diesem Gebiet noch umfangreiche	75.1500015258789	123.608154296875	9.5040283203125	204.96907806396484	55	TimesNewRomanPSMT
Absatzreserven vorhanden sind, spricht eine Viel­	75.44999694824219	135.46087646484375	9.5006103515625	205.5453643798828	55	TimesNewRomanPSMT
zahlvonGründen. DerExportumsatz derdeutschen	75.30000305175781	147.006591796875	9.506103515625	207.77137756347656	55	TimesNewRomanPSMT
Ernährungsindustrie ist bisher gering. Mit 3 °/o	76.05000305175781	159.00616455078125	9.50665283203125	207.14210510253906	55	TimesNewRomanPSMT
(1970) ('vgl. Agrarbericht 1972 . . ., S. 60) liegt er	76.3499984741211	170.55450439453125	9.533447265625	208.45709991455078	55	TimesNewRomanPS-ItalicMT
wesentlich unter dem Exportanteil der gesamten	76.5	182.40716552734375	9.50543212890625	207.23019409179688	55	TimesNewRomanPSMT
Wirtschaft vonetwa 19°/o. Hierliegt alsoein echter	76.94999694824219	194.09405517578125	9.52227783203125	208.1358184814453	55	TimesNewRomanPSMT
Nachholbedarf vor. Die Bundesrepublik wird wei­	76.94999694824219	205.807861328125	9.50445556640625	205.36351013183594	55	TimesNewRomanPSMT
terhin dadurch begünstigt, daß als Abnehmerihrer	77.25	217.65728759765625	9.5052490234375	208.45407104492188	55	TimesNewRomanPSMT
Agrarprodukte in steigendem Maße die Länder­	77.8499984741211	229.3565673828125	9.506103515625	205.0713882446289	55	TimesNewRomanPSMT
gruppen auftreten, die ihren Anteilam Welthandel	78.0	241.06024169921875	9.5013427734375	207.45510864257812	55	TimesNewRomanPSMT
laufend erhöhen3. Letztlich werden auch aus der	78.0	252.75848388671875	9.503662109375	208.007080078125	55	TimesNewRomanPSMT
Erweiterung der Europäischen Gemeinschaft noch	78.1500015258789	264.4561462402344	9.5067138671875	206.05406951904297	55	TimesNewRomanPSMT
umfangreiche Absatzmöglichkeiten resultieren.	78.5999984741211	276.00927734375	9.50262451171875	204.05826568603516	55	TimesNewRomanPSMT
Großbritannien ist unter den neuen Mitgliedslän­	78.75	287.7076416015625	9.5047607421875	204.613525390625	55	TimesNewRomanPSMT
dern sicherlich der aufnahmefähigste Markt. Aber	79.3499984741211	299.5594787597656	9.502349853515625	207.06879425048828	55	TimesNewRomanPSMT
auch Dänemark wird als Agrarimportland zuneh­	79.5	311.108642578125	9.50347900390625	204.01351928710938	55	TimesNewRomanPSMT
mendanInteresse gewinnen (Ot z e n 1972).	79.94999694824219	322.8061218261719	9.5067138671875	169.7820281982422	55	TimesNewRomanPSMT
2.2. Grundprodukte	80.25	347.5617370605469	9.499420166015625	77.90594482421875	56	TimesNewRomanPSMT
Im Rahmen derBetrachtungderEntwicklungsmög­	81.0	360.00762939453125	9.5047607421875	203.113525390625	56	TimesNewRomanPSMT
lichkeiten des deutschen Agrarexports dürfen die	80.69999694824219	371.5566101074219	9.506072998046875	203.24241638183594	56	TimesNewRomanPSMT
Chancen derAusweitung der Ausfuhren an land­	81.0	383.25872802734375	9.50335693359375	203.41351318359375	56	TimesNewRomanPSMT
wirtschaftlichen Grundprodukten nicht übersehen	81.44999694824219	394.9581604003906	9.50408935546875	204.6793670654297	56	TimesNewRomanPSMT
werden. Wenn auch in diesen Produktbereichen	81.44999694824219	406.5057067871094	9.50726318359375	205.00755310058594	56	TimesNewRomanPSMT
teilweise große Lücken in derEigenversorgung vor­	81.75	418.2092590332031	9.502685546875	203.443603515625	56	TimesNewRomanPSMT
handen sind, so muß doch berücksichtigt werden,	81.75	429.9061279296875	9.5067138671875	202.98660278320312	56	TimesNewRomanPSMT
daß innerhalb derBRD regional begrenzte Über­	82.19999694824219	441.6089172363281	9.50311279296875	203.2173309326172	56	TimesNewRomanPSMT
schußgebiete bestehen, daß im grenznahen Ausfuhr­	82.19999694824219	453.15948486328125	9.502349853515625	203.26707458496094	56	TimesNewRomanPSMT
geschäft auch landwirtschaftliche Grundprodukte	82.3499984741211	464.8584899902344	9.503662109375	202.80545806884766	56	TimesNewRomanPSMT
gehandelt werden unddaß die BRD bei einzelnen	82.80000305175781	476.40802001953125	9.5042724609375	204.4325714111328	56	TimesNewRomanPSMT
Spezialkulturen eine gute Position am Weltmarkt	82.94999694824219	488.10662841796875	9.506072998046875	202.7478485107422	56	TimesNewRomanPSMT
aufweist.	83.25	499.36212158203125	9.49896240234375	34.684181213378906	56	TimesNewRomanPSMT
Zu den regionalen Überschußgebieten innerhalb	83.4000015258789	512.704833984375	9.5084228515625	202.3102035522461	56	TimesNewRomanPSMT
derBRD zählen die BundesländerSchleswig-Hol­	83.8499984741211	524.2548217773438	9.508438110351562	202.6713638305664	56	TimesNewRomanPSMT
stein undBayern. Fürdiese Gebiete ist die Beliefe­	84.0	535.9570922851562	9.505447387695312	203.26351928710938	56	TimesNewRomanPSMT
rung von Ballungszentren im grenznahen Aus­	84.1500015258789	547.65478515625	9.508438110351562	202.51351165771484	56	TimesNewRomanPSMT
landsbereich oftmals lohnender als die Belieferung	84.44999694824219	559.2066650390625	9.506072998046875	204.3963165283203	56	TimesNewRomanPSMT
der großen Märkte im eigenen Land. Für baye­	84.9000015258789	570.7612915039062	9.5	202.2135238647461	56	TimesNewRomanPSMT
rische Lieferanten bietet sich hier vor allem der	85.19999694824219	582.4585571289062	9.50360107421875	205.12852478027344	56	TimesNewRomanPSMT
oberitalienische Raum an; für Lieferanten aus	85.19999694824219	594.1581420898438	9.504074096679688	202.11354064941406	56	TimesNewRomanPSMT
Schleswig-Holstein wird mit dem Beitritt Däne­	85.80000305175781	605.8585205078125	9.503570556640625	202.0635223388672	56	TimesNewRomanPSMT
marks zurEWG dieses Land zunehmend an Inter­	85.94999694824219	617.2579956054688	9.504287719726562	202.38685607910156	56	TimesNewRomanPSMT
esse gewinnen. Unter den Kulturen, bei denen die	86.25	628.9597778320312	9.501937866210938	201.80130004882812	56	TimesNewRomanPSMT
BRD über eine ausbaufähige Position am Welt­	86.4000015258789	640.65478515625	9.508438110351562	202.0634994506836	56	TimesNewRomanPSMT
markt verfügt, sind im Bereich derGrundprodukte	86.8499984741211	652.2088623046875	9.503150939941406	201.30545806884766	56	TimesNewRomanPSMT
pflanzlichen Ursprungs Malz, Müllereierzeugnisse	86.69999694824219	663.9097900390625	9.501945495605469	201.99839782714844	56	TimesNewRomanPSMT
sowie Saat- undPflanzgut, im Bereich derGrund­	86.8499984741211	675.4589233398438	9.50311279296875	202.21350860595703	56	TimesNewRomanPSMT
produkte tierischen Ursprungs einzelne Molkerei­	87.0	687.1573486328125	9.505111694335938	202.2135009765625	56	TimesNewRomanPSMT
16	88.05000305175781	708.3129272460938	9.497909545898438	8.098220825195312	57	TimesNewRomanPSMT
erzeugnisse sowie Frischfisch, im Bereich derGenuß­	293.1000061035156	75.45855712890625	9.50360107421875	207.91351318359375	58	TimesNewRomanPSMT
mittel insbesondere Hopfen undim Bereich der	293.54998779296875	87.1407470703125	9.52667236328125	211.75442504882812	58	TimesNewRomanPSMT
lebendenTiere Zuchtviehzuerwähnen.	293.8500061035156	99.00872802734375	9.50335693359375	154.383056640625	58	TimesNewRomanPSMT
Ausblick	294.1499938964844	134.71630859375	9.5	35.467681884765625	59	FranklinGothic-Demi
Die Voraussetzungen fürdie Expansion derAgrar­	295.04998779296875	157.80841064453125	9.50372314453125	207.11297607421875	60	TimesNewRomanPSMT
exporte aus der BRD sind günstig, solange am	294.8999938964844	169.5089111328125	9.50311279296875	207.79510498046875	60	TimesNewRomanPSMT
Weltmarkt kein grundsätzlicher Strukturwandel	295.04998779296875	181.21234130859375	9.4986572265625	209.93896484375	60	TimesNewRomanPSMT
eintritt. Was wird jedoch geschehen, wenn sich ein	295.20001220703125	192.9088134765625	9.50323486328125	208.387451171875	60	TimesNewRomanPSMT
solcher Strukturwandel vollzieht? Es ist durchaus	295.3500061035156	204.60906982421875	9.50286865234375	206.63824462890625	60	TimesNewRomanPSMT
denkbar, daß dann „auch in den Ländern derDrit­	295.95001220703125	216.45001220703125	9.5146484375	206.7135009765625	60	TimesNewRomanPSMT
ten Welt — sobald der Sprung ins Industriealter	295.79998779296875	228.0068359375	9.50579833984375	209.74166870117188	60	TimesNewRomanPSMT
vollzogen ist — Absatz- undnicht Beschaffungs-	296.1000061035156	239.85919189453125	9.502685546875	205.61141967773438	60	TimesNewRomanPSMT
probleme Umfang undRichtung des Agraraußen­	295.95001220703125	251.56085205078125	9.500579833984375	206.26348876953125	60	TimesNewRomanPSMT
handels bestimmen“ (Zure k 1971, S. 21). Diese	296.1000061035156	263.25872802734375	9.50335693359375	206.0745849609375	60	TimesNewRomanPSMT
Prognose ist sicherlich richtig, jedoch würde die	296.25	275.1087951660156	9.503265380859375	205.83511352539062	60	TimesNewRomanPSMT
Bundesrepublik voneinersolchen Entwicklung nur	296.70001220703125	286.8031921386719	9.510498046875	209.12811279296875	60	TimesNewRomanPSMT
am Rande betr offen werden. Ungleichgewichte auf	296.70001220703125	298.3589172363281	9.50311279296875	205.70022583007812	60	TimesNewRomanPSMT
dem Weltagrarmarkt bestehen heute undwerden	296.8500061035156	310.2071228027344	9.50543212890625	207.27655029296875	60	TimesNewRomanPSMT
auch in Zukunft im wesentlichen nurbei Bulkware	297.0	321.75567626953125	9.507293701171875	205.53167724609375	60	TimesNewRomanPSMT
bestehen. Im ganzen gesehen wird die Bundesrepu­	297.1499938964844	333.60662841796875	9.506072998046875	205.66351318359375	60	TimesNewRomanPSMT
blik in diesen Produktbereichen als Exporteurnie­	297.1499938964844	345.16131591796875	9.5	205.51351928710938	60	TimesNewRomanPSMT
mals große Bedeutung erlangen können; bei Spe­	297.29998779296875	356.8587646484375	9.5032958984375	205.66351318359375	60	TimesNewRomanPSMT
zialkulturen, in denen deutsche Anbieterübereine	297.29998779296875	368.5574035644531	9.505035400390625	205.49758911132812	60	TimesNewRomanPSMT
ausbaufähige Position verfügen, liegen dagegen im	297.75	380.25927734375	9.50262451171875	206.1866455078125	60	TimesNewRomanPSMT
allgemeinen spezifische Marktverhältnisse vor. Der	297.75	391.95977783203125	9.50201416015625	208.94912719726562	60	TimesNewRomanPSMT
Weltmarkt fürVerarbeitungsprodukte unterliegt in	297.8999938964844	403.65802001953125	9.504241943359375	206.89974975585938	60	TimesNewRomanPSMT
vielgeringerem Maße den verschiedenartigsten Ein­	298.04998779296875	415.2113342285156	9.5	205.21353149414062	60	TimesNewRomanPSMT
griffen. Hier wird für die gut ausgebaute Ernäh­	298.3500061035156	426.90521240234375	9.50787353515625	204.91351318359375	60	TimesNewRomanPSMT
rungsindustrie der BRD ein zunehmend günstiges	298.3500061035156	438.6089172363281	9.50311279296875	204.93063354492188	60	TimesNewRomanPSMT
Absatzfeldliegen.	298.5	450.1588439941406	9.503173828125	69.81497192382812	60	TimesNewRomanPSMT
Es ist verfrüht, sich schon jetzt Gedanken über	298.79998779296875	461.8568115234375	9.505828857421875	208.16885375976562	60	TimesNewRomanPSMT
mögliche Veränderungen durcheinen Strukturwan­	298.95001220703125	473.5603942871094	9.501190185546875	204.76348876953125	60	TimesNewRomanPSMT
del am Weltagrarmarkt zu machen. Ein solcher	299.25	485.2566223144531	9.506072998046875	207.62356567382812	60	TimesNewRomanPSMT
Wandel ist noch nicht abzusehen. Zwar bauen die	299.25	496.80596923828125	9.50689697265625	204.47943115234375	60	TimesNewRomanPSMT
Entwicklungsländerin zunehmendem Maße Ernäh­	299.3999938964844	508.655029296875	9.508132934570312	204.613525390625	60	TimesNewRomanPSMT
rungsindustrien auf, diese Industrien üben aber	299.8500061035156	520.2076416015625	9.504776000976562	207.4027099609375	60	TimesNewRomanPSMT
erst in ganz wenigen Ausnahmen einen Druck am	299.8500061035156	531.7587890625	9.503311157226562	205.11810302734375	60	TimesNewRomanPSMT
Weltagrarmarkt aus.	300.0	543.6134033203125	9.497283935546875	80.612060546875	60	TimesNewRomanPSMT
3 Während 1950 die Entwicklungsländer 30 °/o Anteil an der Welt­	302.1000061035156	659.9248046875	6.5052032470703125	205.36447143554688	61	TimesNewRomanPS-BoldMT
ausfuhr aufwiesen, konnten die 20 führenden Industrieländer der	302.25	667.2767333984375	6.502662658691406	206.0894775390625	61	TimesNewRomanPSMT
Erde ihren Anteil an der Weltausfuhr bis 1971 auf 81 °/o steigern.	302.3999938964844	674.6248168945312	6.5052032470703125	203.34857177734375	61	TimesNewRomanPSMT
Vgl. Lothar Julitz: Der Welthandel ändert seine Struktur, Frank­	302.3999938964844	681.9755859375	6.504142761230469	203.614501953125	61	TimesNewRomanPSMT
furterAllgemeine Zeitung vom 24. 4. 1972.	303.0	689.3251342773438	6.50469970703125	125.33529663085938	61	TimesNewRomanPSMT
Literatur	36.45000076293945	69.61669921875	9.49951171875	35.64106369018555	62	FranklinGothic-Demi
Buchholz , H. E.: Perspektiven des Welthandels mit	36.29999923706055	87.33074951171875	8.50390625	205.24370193481445	63	TimesNewRomanPSMT
Agrarprodukten. Handelspolitische Empfehlungen im	36.29999923706055	96.03106689453125	8.5035400390625	205.78834915161133	63	TimesNewRomanPSMT
Weltleitplan derFAO, in: Agrarwirtschaft, Jg. 19, 1970,	36.150001525878906	104.57989501953125	8.50506591796875	205.0510482788086	63	TimesNewRomanPSMT
Heft 7.	36.29999923706055	113.13470458984375	8.4989013671875	24.307781219482422	63	TimesNewRomanPSMT
Fa hrns chon, He lmut : Zur Förderung des deutschen	36.29999923706055	123.9307861328125	8.50396728515625	206.87384414672852	64	TimesNewRomanPSMT
Agrarexports; in Mitteilungen der DLG, 58. Jg., 1970,	36.150001525878906	132.480224609375	8.504638671875	204.98632049560547	64	TimesNewRomanPSMT
Heft 51, S. 1568.	36.150001525878906	141.029541015625	8.50555419921875	59.321441650390625	64	TimesNewRomanPSMT
Fa hrns chon, He lmut : Wettbewerb um Auslands­	36.29999923706055	151.8326416015625	8.50146484375	205.33050918579102	65	TimesNewRomanPSMT
märkte; in: Marktwirtschaft, Heft 6, 1972.	36.150001525878906	160.53143310546875	8.5030517578125	152.3370132446289	65	TimesNewRomanPSMT
Fehlerbei derGetreidehilfe; in: FrankfurterAllgemeine	36.45000076293945	171.179443359375	8.50567626953125	204.6644401550293	66	TimesNewRomanPSMT
Zeitungvom 1. 3. 1971.	36.150001525878906	179.73150634765625	8.50299072265625	84.08631134033203	66	TimesNewRomanPSMT
Food and Agriculture Organization: Trade in Agri­	36.45000076293945	190.38189697265625	8.50250244140625	204.8805046081543	67	TimesNewRomanPSMT
cultural Commodities in the United Nations Develop­	36.0	199.08251953125	8.50164794921875	205.18051147460938	67	TimesNewRomanPSMT
ment Decade; Volume 1, Rome 1964, S. I—30.	36.150001525878906	207.62884521484375	8.5064697265625	167.9828872680664	67	TimesNewRomanPSMT
Ha ns me y e r, Ka rl-He inrich: Finanzielle Staatshilfen	36.0	218.2822265625	8.5020751953125	206.6658477783203	68	TimesNewRomanPSMT
fürdie Landwirtschaft; Tübingen 1963, S. 132 f.	36.29999923706055	226.83367919921875	8.5001220703125	171.93642044067383	68	TimesNewRomanPSMT
Krus e -Rode na cke r, A.: Die Organisation der Welt­	36.150001525878906	237.6302490234375	8.504638671875	204.88050079345703	69	TimesNewRomanPSMT
agrarmärkte; Veröffentlichung der Europäischen Wirt­	35.849998474121094	246.17999267578125	8.50494384765625	205.63050079345703	69	TimesNewRomanPSMT
schaftsgemeinschaft, Reihe Landwirtschaft, Bd. 15; Brüs­	35.849998474121094	254.73382568359375	8.5	205.03050994873047	69	TimesNewRomanPSMT
sel 1964, S. 25.	36.0	263.1295166015625	8.50555419921875	52.11479949951172	69	TimesNewRomanPSMT
Ot z e n, Ha ns : Dänen importieren auch. Verschiebun­	35.849998474121094	273.9307861328125	8.503936767578125	204.88050079345703	70	TimesNewRomanPSMT
gen des Agraraußenhandels durch den Beitritt Däne­	36.0	282.6296081542969	8.50543212890625	204.73049926757812	70	TimesNewRomanPSMT
marks zur EWG; in: Bauernblatt/Landpost vom 4.3.	36.0	291.03302001953125	8.501007080078125	204.13473510742188	70	TimesNewRomanPSMT
1972.	36.599998474121094	299.2845458984375	8.4990234375	17.768558502197266	70	TimesNewRomanPSMT
Zure k, Erns t : Die Wirtschafts- undagrarpolitische Be­	36.0	310.3780517578125	8.5074462890625	204.58050537109375	71	TimesNewRomanPSMT
deutung des Außenhandels mit landwirtschaftlichen	35.70000076293945	318.93157958984375	8.5029296875	206.3157615661621	71	TimesNewRomanPSMT
Uberschußprodukten; erschienen als Veröffentlichung der	36.150001525878906	327.4780578613281	8.5074462890625	207.07352447509766	71	TimesNewRomanPSMT
Forschungsgesellschaft für Agrarpolitik und Agrar­	36.150001525878906	336.0305480957031	8.50421142578125	204.7531509399414	71	TimesNewRomanPSMT
soziologie e. V.; Bonn 1971.	36.0	344.4309387207031	8.503753662109375	99.08631896972656	71	TimesNewRomanPSMT
Summaries	35.849998474121094	378.9170837402344	9.49896240234375	46.966529846191406	72	FranklinGothic-Demi
Central Wales. Structure and Renewal of a Rural	36.29999923706055	401.1092529296875	9.502685546875	206.88708877563477	73	TimesNewRomanPSMT
Development Area inthe West of Great Britain	36.29999923706055	412.95849609375	9.503662109375	187.36151504516602	74	TimesNewRomanPSMT
By Jürge n Da hlke	36.599998474121094	428.2582702636719	9.503936767578125	75.99398803710938	75	TimesNewRomanPSMT
The employment structure of the six counties of Central	36.45000076293945	447.1807861328125	8.503936767578125	206.75542831420898	76	TimesNewRomanPSMT
Wales — Merioneth, Montgomery, Cardigan, Radnor,	36.0	455.7301940917969	8.50469970703125	204.84823608398438	76	TimesNewRomanPSMT
Carmarthen and Brecon — reveals the predominance of	36.29999923706055	464.28118896484375	8.503387451171875	203.9006690979004	76	TimesNewRomanPSMT
the primary sector (above all in agriculture and slate	36.150001525878906	472.9817199707031	8.502716064453125	203.78626251220703	76	TimesNewRomanPSMT
mining). Agriculture — primarily stock-breeding — is	36.0	481.38189697265625	8.502471923828125	204.157470703125	76	TimesNewRomanPSMT
ineffective and foryears people have been continuously	36.150001525878906	489.9305114746094	8.504302978515625	203.99962615966797	76	TimesNewRomanPSMT
losing theirjobs in agriculture. Besides the promotionof	36.29999923706055	498.5303649902344	8.50445556640625	203.85919570922852	76	TimesNewRomanPSMT
agriculture, attempts have been made since the Second	35.849998474121094	507.18115234375	8.50341796875	205.9018783569336	76	TimesNewRomanPSMT
World War to improve the economic structure by the	36.150001525878906	515.73095703125	8.503738403320312	203.81928253173828	76	TimesNewRomanPSMT
introduction of industry. Despite high unemployment	35.849998474121094	524.2811279296875	8.503509521484375	204.11786651611328	76	TimesNewRomanPSMT
figures this has proved problematic because the absolute	36.0	532.8319091796875	8.502426147460938	203.887939453125	76	TimesNewRomanPSMT
figure of those in search of work is low and the towns	36.0	541.3804321289062	8.504409790039062	203.87701416015625	76	TimesNewRomanPSMT
are small. The building of the planned new town of	35.849998474121094	549.9312744140625	8.503280639648438	204.1592025756836	76	TimesNewRomanPSMT
Caersws would seem at present too great a risk, especial-	36.0	558.6326293945312	8.50152587890625	203.66122436523438	76	TimesNewRomanPSMT
ly as Communications are poor and their improvement	35.70000076293945	567.0809326171875	8.503799438476562	204.13898849487305	76	TimesNewRomanPSMT
hamperedby the topography.	36.0	575.4310302734375	8.503570556640625	104.37179565429688	76	TimesNewRomanPSMT
Tourists — who are attracted even by wind-swept pla-	255.4499969482422	68.7303466796875	8.5045166015625	203.8274688720703	77	TimesNewRomanPSMT
teaux — are helping to improve the economic Situation	255.60000610351562	77.2803955078125	8.50439453125	207.47402954101562	77	TimesNewRomanPSMT
of Central Wales. Planners must not only take into	255.4499969482422	85.98272705078125	8.50140380859375	206.0366973876953	77	TimesNewRomanPSMT
accountregionalaspects, but must bearin mind the re-	255.60000610351562	94.52960205078125	8.50543212890625	203.703369140625	77	TimesNewRomanPSMT
creationalvalue of CentralWales forthe denselypopu-	255.60000610351562	103.23187255859375	8.50250244140625	203.51699829101562	77	TimesNewRomanPSMT
latedareas of England.	255.60000610351562	111.93316650390625	8.5008544921875	81.7841796875	77	TimesNewRomanPSMT
German Food and Agricultural Products on the	255.14999389648438	146.2586669921875	9.50341796875	206.11752319335938	78	TimesNewRomanPSMT
WorldMarket	255.3000030517578	158.259765625	9.50201416015625	57.19404602050781	79	TimesNewRomanPSMT
By Ha ns Ot z e n	255.60000610351562	174.31072998046875	9.500732421875	64.9361572265625	80	TimesNewRomanPSMT
Federal German food and agricultural exports have	255.4499969482422	192.33270263671875	8.50140380859375	203.55628967285156	81	TimesNewRomanPSMT
increased continuously over the past 20 years and	255.3000030517578	201.0313720703125	8.503173828125	205.45896911621094	81	TimesNewRomanPSMT
amounted to 900 Mio. £ St. in 1972. The majority of	255.3000030517578	209.57952880859375	8.50555419921875	204.0222930908203	81	TimesNewRomanPSMT
these exports go to the EEC. Italy, which accounts for	255.14999389648438	218.2794189453125	8.50567626953125	206.667724609375	81	TimesNewRomanPSMT
over25 °/o of the totalWest German exports, is the most	255.0	226.82745361328125	8.50823974609375	203.71148681640625	81	TimesNewRomanPSMT
important sales outlet. Also of importance are other	255.14999389648438	235.38140869140625	8.503173828125	206.69784545898438	81	TimesNewRomanPSMT
European and non-European countries and forthe last	254.6999969482422	243.93048095703125	8.50433349609375	204.01011657714844	81	TimesNewRomanPSMT
years, those of the East Bloc, too.	254.5500030517578	252.78076171875	8.50390625	117.64167785644531	81	TimesNewRomanPSMT
Processed goods for the greater part of German agri­	254.6999969482422	261.181884765625	8.50250244140625	204.13050842285156	81	TimesNewRomanPSMT
culturalexports. There are only a few basic agricultural	254.6999969482422	269.7300109863281	8.504913330078125	206.8373260498047	81	TimesNewRomanPSMT
products — such as hops, seeds, living plants, etc. — in	254.5500030517578	278.428955078125	8.506317138671875	205.54612731933594	81	TimesNewRomanPSMT
which the FederalRepublic has a prominent position on	254.6999969482422	286.9794006347656	8.505706787109375	207.2798309326172	81	TimesNewRomanPSMT
the world market. Moreover, the export trade across the	254.39999389648438	295.5300598144531	8.504852294921875	203.71722412109375	81	TimesNewRomanPSMT
borderin agriculturally basic products is becoming more	254.39999389648438	304.07928466796875	8.505859375	203.751953125	81	TimesNewRomanPSMT
andmore important.	254.25	312.9319763183594	8.502410888671875	73.7249755859375	81	TimesNewRomanPSMT
As long as there is no fundamentalstructuralchange on	254.10000610351562	321.3307189941406	8.5040283203125	205.703369140625	81	TimesNewRomanPSMT
the agricultural world market, the possibilities forthe	254.10000610351562	329.88134765625	8.503204345703125	204.16720581054688	81	TimesNewRomanPSMT
German agricultural export to expand are favourable.	253.8000030517578	338.430908203125	8.5037841796875	204.0773162841797	81	TimesNewRomanPSMT
The export of manufacturedandprocessedgoods infood	253.8000030517578	346.9825134277344	8.501678466796875	206.0564422607422	81	TimesNewRomanPSMT
andagriculture willcontinue toexpandas these products	253.9499969482422	355.5314636230469	8.503021240234375	204.14051818847656	81	TimesNewRomanPSMT
are increasingly dominatingthe worldmarket.	253.9499969482422	364.2303771972656	8.50445556640625	165.77638244628906	81	TimesNewRomanPSMT
Boundary Reform and RegionalPlanningas a Sub-	253.8000030517578	398.4082946777344	9.503936767578125	203.97669982910156	82	TimesNewRomanPSMT
ject forSchoolGeography — a School Experiment	253.35000610351562	410.1068115234375	9.505828857421875	204.47750854492188	83	TimesNewRomanPSMT
inthe BonnRegion	253.8000030517578	421.9552307128906	9.50787353515625	76.61088562011719	84	TimesNewRomanPSMT
By Ha ns -Jörg Sa nde r	253.64999389648438	437.8328857421875	9.53680419921875	91.93865966796875	85	TimesNewRomanPSMT
The paperis a discussion of the methods and results of	253.35000610351562	456.0299987792969	8.504913330078125	204.20065307617188	86	TimesNewRomanPSMT
a course given — with a view to the pending boundary	253.35000610351562	464.4320373535156	8.5023193359375	203.97671508789062	86	TimesNewRomanPSMT
reform in the area — in the finalyearof a Realschule in	253.5	472.9800109863281	8.526031494140625	205.39614868164062	86	TimesNewRomanPS-ItalicMT
Königswinter(20 km. from Bonn and within the metro-	253.35000610351562	481.53106689453125	8.5035400390625	203.71994018554688	86	TimesNewRomanPSMT
politan area). In Orderto survey the socio-geographical	253.35000610351562	490.08001708984375	8.504913330078125	206.31451416015625	86	TimesNewRomanPSMT
structure of the area, groups of pupils mapped out the	253.1999969482422	498.7817077636719	8.502716064453125	203.5672149658203	86	TimesNewRomanPSMT
present and previous ownership of housingproperty and	253.35000610351562	507.18133544921875	8.50323486328125	204.98532104492188	86	TimesNewRomanPSMT
the ownership and present agricultural land use. They	253.0500030517578	515.7311401367188	8.503463745117188	203.52867126464844	86	TimesNewRomanPSMT
furtherdrew up a numberof structuraldiagrams based	253.1999969482422	524.281494140625	8.5030517578125	204.8029327392578	86	TimesNewRomanPSMT
on the assessment of officialparish statistics. In the dis­	252.89999389648438	532.830322265625	8.504486083984375	203.83050537109375	86	TimesNewRomanPSMT
cussion on the material gained, the development Prob­	252.89999389648438	541.3820190429688	8.502304077148438	203.83050537109375	86	TimesNewRomanPSMT
lems of this area which is both ruraland urban, and the	253.0500030517578	549.9274291992188	8.50823974609375	203.11720275878906	86	TimesNewRomanPSMT
role of geography in such decision processes came up.	253.35000610351562	558.480224609375	8.504669189453125	202.6553955078125	86	TimesNewRomanPSMT
The essay concludes witha summery of the teaching aims	253.0500030517578	567.0299682617188	8.504928588867188	203.1213836669922	86	TimesNewRomanPSMT
achievable from such a project.	253.35000610351562	575.8800048828125	8.504928588867188	107.57257080078125	86	TimesNewRomanPSMT
1	447.8999938964844	705.3298950195312	8.50509262084961	2.401031494140625	87	TimesNewRomanPSMT
