12	93.75	42.52764892578125	9.9967041015625	9.29681396484375	0	TimesNewRomanPSMT
Ma n f r e d Bü t t n e r	226.5	42.33294677734375	8.5010986328125	66.22442626953125	1	TimesNewRomanPSMT
infolge einer Änderungder Geisteshaltungverloren gegangen war, dann muß	93.75	66.1898193359375	10.04559326171875	333.8875732421875	2	TimesNewRomanPSMT
man Ke c k e r ma n n z u den ganz großen rechnen (wie es sein Schüler Alst e d	94.05000305175781	78.94696044921875	10.036376953125	332.0076446533203	2	TimesNewRomanPSMT
ja auch expressis verbis tut). Er gehört zu denjenigen, die „Schule“ machten,	94.19999694824219	91.6898193359375	10.04559326171875	333.71290588378906	2	TimesNewRomanPSMT
die also für eine gewisse Zeit (ähnlich wie Me la n c ht hon für die Zeit nach	94.6500015258789	104.44073486328125	10.04443359375	335.84923553466797	2	TimesNewRomanPSMT
der Reformation) ein Gleichgewicht zwischen Geisteshaltung und metho­	95.25	117.346435546875	10.03704833984375	333.17999267578125	2	TimesNewRomanPSMT
discher Ausrichtung der vonihnen betriebenen Wissenschaften (bei Ke c k e r ­	94.94999694824219	130.10894775390625	10.0208740234375	333.62998962402344	2	TimesNewRomanPSMT
ma n n vorwiegend Theologie, Philosophie, Geographie, Physik, Astronomie	95.25	142.8408203125	10.0443115234375	333.5174865722656	2	TimesNewRomanPSMT
usw.) herstellten.	95.25	155.359130859375	9.9559326171875	74.83381652832031	2	TimesNewRomanPSMT
Die Anhänger bzw. Schüler folgen so lange der vonihrem Lehrer ent­	106.94999694824219	172.700439453125	10.0318603515625	322.0800018310547	3	TimesNewRomanPSMT
wickelten Methode, bis eine Änderung in der Geisteshaltung eine erneute	96.30000305175781	185.2900390625	10.04534912109375	332.8617401123047	3	TimesNewRomanPSMT
Neuausrichtungerfordert, die dann zueinem neuen Gleichgewicht führt27.	96.1500015258789	198.18951416015625	10.0460205078125	319.35079193115234	3	TimesNewRomanPSMT
Der Frage, warum Ke c k e r ma n n schließlich in Vergessenheit geriet und	107.25	215.14645385742188	10.037017822265625	324.6669921875	4	TimesNewRomanPSMT
Va r e n ius später als Begründer der Geographia generalis galt, bin ich in	97.5	227.741455078125	10.04351806640625	331.9165954589844	4	TimesNewRomanPSMT
meinen in Anm. 15 genannten Arbeiten nachgegangen.	97.3499984741211	240.3448486328125	10.03912353515625	233.42267608642578	4	TimesNewRomanPSMT
SUMMARY	242.10000610351562	271.8316345214844	8.502777099609375	44.597564697265625	5	TimesNewRomanPSMT
Within Geography, which served theology since the Reformation as a way of explaining	108.44999694824219	288.7809143066406	8.503753662109375	323.79075622558594	6	TimesNewRomanPSMT
Providentia (divine providence), an emancipatory trend arose toward the end of the 16th	97.80000305175781	299.4306335449219	8.50408935546875	334.24559020996094	6	TimesNewRomanPSMT
Century.	97.6500015258789	309.7845153808594	8.49908447265625	28.72210693359375	6	TimesNewRomanPSMT
Ba r t holome w Ke c k e r ma n n (theologist and geographer) conscioulsy draws the conse-	108.5999984741211	320.5804443359375	8.50433349609375	321.8554153442383	6	TimesNewRomanPSMT
quences of this trend toward emancipation, saying that the geographer’s task is not to	98.4000015258789	331.2296142578125	8.50543212890625	334.06090545654297	6	TimesNewRomanPSMT
demonstrate God’s Providentia but to supply knowledge of the universe using theologically	98.55000305175781	341.8798522949219	8.505126953125	334.0275115966797	6	TimesNewRomanPSMT
neutral (i. e. purely geographical) methods. He thus fulfills a much more important task,	98.8499984741211	352.53216552734375	8.50213623046875	332.08142852783203	6	TimesNewRomanPSMT
rendering man godlike in his knowledge and command of the universe. Ke c k e r ma n n	99.0	363.1803283691406	8.504486083984375	330.7624816894531	6	TimesNewRomanPSMT
himself develops an emancipated, theologically neutral geography with its own systematics	99.1500015258789	373.68109130859375	8.503509521484375	333.5769577026367	6	TimesNewRomanPSMT
bytransposingto geographythe analytic-distinctive method applied successfullyin theology.	99.75	384.18170166015625	8.502716064453125	331.68597412109375	6	TimesNewRomanPSMT
In this way he arrives at his Classification into Geographia generalis and Geographia	99.75	394.9806213378906	8.504119873046875	331.7883605957031	6	TimesNewRomanPSMT
specialis, still valid today. Thus it was not Va r e n ius (as has commonly been supposed	99.9000015258789	405.62841796875	8.506988525390625	331.73836517333984	6	TimesNewRomanPSMT
hitherto) but Ke c k e r ma n n whowas the founder of Geographia generalis.	99.5999984741211	416.1302185058594	8.504638671875	260.06009674072266	6	TimesNewRomanPSMT
27 In der Geographie hat erst wieder Kant ein neues Gleichgewicht zur inzwischen ver­	111.0	452.12939453125	8.505706787109375	320.08050537109375	7	TimesNewRomanPSMT
änderten Geisteshaltung hergestellt. Doch vgl. dazu Anm. 1. Er hat sicherlich durch seine	100.80000305175781	462.77960205078125	8.505447387695312	331.87315368652344	7	TimesNewRomanPSMT
nichtgeographischen Schriften einen größeren Einfluß auf das geographische Denken aus­	100.94999694824219	473.28057861328125	8.504196166992188	331.9304962158203	7	TimesNewRomanPSMT
geübt als durch seine geographische Vorlesung. Schon vor Jahren hat Ernst Plewe darauf	101.25	483.92938232421875	8.505752563476562	331.8934326171875	7	TimesNewRomanPSMT
hingewiesen. Und auf dem Geographentag der USA (April 1975) kamen wir nach ein­	101.69999694824219	494.5772705078125	8.508499145507812	331.4805145263672	7	TimesNewRomanPSMT
gehenden Gesprächen erneut zu der Meinung, daß man Kants Bedeutung für die Ge­	102.30000305175781	505.07940673828125	8.505691528320312	331.03050231933594	7	TimesNewRomanPSMT
schichte der Geographie nicht nur daran messen kann, welche Bedeutung seine Geographie­	102.1500015258789	515.730224609375	8.504669189453125	331.4804916381836	7	TimesNewRomanPSMT
vorlesungoder seine sonstigen naturwissenschaftlichen Schriften hatten.	102.1500015258789	526.2283935546875	8.506973266601562	249.4261703491211	7	TimesNewRomanPSMT
Hartshorne hat durch seine Gespräche und seinen Vortrag Wesentliches gerade zur Klä­	112.94999694824219	536.8792724609375	8.505874633789062	320.8305206298828	7	TimesNewRomanPSMT
rung dieser Problematik vor einem internationalen Forum beigetragen; denn die vonPlewe,	103.19999694824219	547.2308959960938	8.52606201171875	330.7898406982422	7	TimesNewRomanPS-ItalicMT
Beck und Büttner (in chronologischer Reihenfolge) zu diesem Themenkreis vorgelegten	103.05000305175781	558.03076171875	8.503982543945312	330.90757751464844	7	TimesNewRomanPSMT
Forschungsergebnisse waren bislang doch vorwiegend nur im deutschen Sprachraum bekannt.	103.5	568.53076171875	8.503875732421875	330.3973388671875	7	TimesNewRomanPSMT
MARGINALITÄT UND URBANISIERUNG IN LATEINAMERIKA	37.79999923706055	118.55279541015625	10.02886962890625	333.4599800109863	8	TimesNewRomanPSMT
EINE THEMATISCHE HERAUSFORDERUNG	88.19999694824219	131.28936767578125	10.04620361328125	231.9663543701172	8	TimesNewRomanPSMT
AUCH AN DIE POLITISCHE GEOGRAPHIE	90.0	144.04266357421875	10.04193115234375	228.54498291015625	8	TimesNewRomanPSMT
Von He r be r t J. Nic k e l (Freiburgi. Br.)	113.55000305175781	174.206298828125	10.02423095703125	181.0570526123047	9	TimesNewRomanPSMT
Neue Denkansätze für eine Politische Geographie werden seit einigen	48.150001525878906	210.3408203125	10.044342041015625	322.41109466552734	10	TimesNewRomanPSMT
Jahren in der Bundesrepublik Deutschland wiederholt gefordert, so von	37.349998474121094	223.0908203125	10.044342041015625	337.80399322509766	10	TimesNewRomanPSMT
Sc hölle r undjüngst wieder vonBoe sle r und He r old 1, ohne daß der geo­	37.20000076293945	235.8504638671875	10.0318603515625	335.5499687194824	10	TimesNewRomanPSMT
graphisch relevante Gegenstandsbereich politischen Handelns stärker in die	37.04999923706055	248.60302734375	10.028533935546875	333.4256172180176	10	TimesNewRomanPSMT
geographische Forschungspraxis einbezogen wurde. Die Gründe für die Zu­	37.04999923706055	261.3446350097656	10.039398193359375	333.4799995422363	10	TimesNewRomanPSMT
rückhaltung, geopolitische Verirrungen der Vergangenheit, sind bekannt;	37.5	273.7932434082031	10.04119873046875	332.4635314941406	10	TimesNewRomanPSMT
vonder Sache her ist sie jedochkeineswegs angemessen.	37.04999923706055	286.5547790527344	10.026275634765625	235.32136917114258	10	TimesNewRomanPSMT
Boe sle r s Orientierung an der „raumwirksamen Staatstätigkeit“ und vor	47.400001525878906	303.5004577636719	10.0318603515625	322.8712692260742	11	TimesNewRomanPSMT
allem an den regional- und landesplanerischen Maßnahmen der Staatsver­	37.04999923706055	316.2504577636719	10.0318603515625	332.8799934387207	11	TimesNewRomanPSMT
waltungerschließt einen erfolgversprechenden Forschungsbereich2. Politisches	36.75	328.9898376464844	10.04559326171875	334.70660400390625	11	TimesNewRomanPSMT
Handeln reicht über die Aktivitäten formeller politischer Institutionen	37.95000076293945	341.6075439453125	10.022674560546875	331.34455490112305	11	TimesNewRomanPSMT
jedoch hinaus. Ich möchte deshalb vorschlagen, die konstitutiven Variablen	36.45000076293945	354.3565673828125	10.023956298828125	333.1269950866699	11	TimesNewRomanPSMT
der Politischen Geographie - und damit das Bearbeitungsgebiet der Geogra­	36.75	367.09222412109375	10.042510986328125	332.8799743652344	11	TimesNewRomanPSMT
phie für den Bereich des politischen Handelns - so festzulegen, daß neben	36.900001525878906	379.99383544921875	10.040435791015625	332.39315032958984	11	TimesNewRomanPSMT
dem formalisierten Entscheidungshandeln in Parlament, RegierungundVer­	36.599998474121094	392.59393310546875	10.040313720703125	332.72998809814453	11	TimesNewRomanPSMT
waltung auch die Aktivitäten politischer Entscheidungsträger einbezogen	36.75	405.18841552734375	10.047454833984375	332.192138671875	11	TimesNewRomanPSMT
werden, die dem Vorfeld formalisierter Planungen und Handlungen zuzu­	36.29999923706055	417.94427490234375	10.03985595703125	332.7299995422363	11	TimesNewRomanPSMT
rechnen sind. Dies gilt etwa für die Setzung vonPrioritäten auf der Basis	36.75	430.7004699707031	10.0318603515625	333.5943908691406	11	TimesNewRomanPSMT
politischer und wirtschaftlicher Machtkalküle, die Rücksichtnahme auf be­	36.45000076293945	443.447021484375	10.03631591796875	332.4299736022949	11	TimesNewRomanPSMT
sondere Legitimitätszwänge, informelle Eingriffe in Planungs- und Hand­	36.29999923706055	456.0589599609375	10.0208740234375	332.42998123168945	11	TimesNewRomanPSMT
lungsabläufe zugunsten der Stabilisierung politischer Macht, dissidente Ak­	36.29999923706055	468.79541015625	10.03839111328125	332.42998123168945	11	TimesNewRomanPSMT
tivitäten vonMinderheiten, die ihren Handlungen einen allgemeinen Legiti­	36.150001525878906	481.55126953125	10.030807495117188	332.5799789428711	11	TimesNewRomanPSMT
mationsanspruch unterlegen. Als Beispiel seien angeführt Subventionsab­	36.45000076293945	494.1480712890625	10.034957885742188	331.9799919128418	11	TimesNewRomanPSMT
sprachen, die Verweigerung der Ausführung vonBundesgesetzen durch ein­	36.0	506.7392578125	10.046401977539062	332.42999267578125	11	TimesNewRomanPSMT
zelne Gouverneure (z. B. der Segregationsgesetze in den USA), die Verzöge­	36.0	519.5123901367188	10.016403198242188	332.42999267578125	11	TimesNewRomanPSMT
rung der Agrarreform in der Provinz, Landinvasionen vonMinderheiten,	36.150001525878906	532.2447509765625	10.039260864257812	331.6550521850586	11	TimesNewRomanPSMT
die übergesetzliche Legitimität beanspruchen.	36.0	545.1480712890625	10.034957885742188	195.99375915527344	11	TimesNewRomanPSMT
1 Vgl. Sc hölle r (1957), Boe sle r (1969,1974) undHe r old (1974).	45.900001525878906	570.029296875	8.505874633789062	238.71392059326172	12	TimesNewRomanPSMT
2 Boe sle r 1974:13.	45.599998474121094	580.2366333007812	8.496353149414062	69.03803253173828	12	TimesNewRomanPSMT
Geographische Zeitschrift, Jg. 63, Heft 1 (1975)	133.0500030517578	603.7410888671875	7.001899719238281	138.19337463378906	13	TimesNewRomanPSMT
© Franz Steiner Verlag GmbH, Wiesbaden, BRD	129.3000030517578	610.1893310546875	7.004173278808594	146.00025939941406	13	TimesNewRomanPSMT
28	103.3499984741211	46.27764892578125	9.9967041015625	9.29681396484375	14	TimesNewRomanPSMT
He r be r t J. Nic k e l	236.85000610351562	45.9307861328125	8.50396728515625	70.07928466796875	15	TimesNewRomanPSMT
regionaler Planung und Prognostik erkennen28. Dabei ist die Anwendung	104.69999694824219	69.4964599609375	10.03704833984375	338.0397186279297	16	TimesNewRomanPSMT
eines mittleren Maßstabes für Datenerfassung, Analyse, Prognose und Inter­	104.25	82.40289306640625	10.0286865234375	335.72998046875	16	TimesNewRomanPSMT
ventionsvorschläge Voraussetzung.	104.4000015258789	95.16168212890625	10.017333984375	152.73284149169922	16	TimesNewRomanPSMT
Thematik, Maßstab undRaumbezogenheit sind eine wissenschaftliche Her­	114.75	107.894287109375	10.03985595703125	325.67999267578125	16	TimesNewRomanPSMT
ausforderung auch für die Sozialgeographie und Politische Geographie, an	105.30000305175781	120.6424560546875	10.042236328125	335.10572814941406	16	TimesNewRomanPSMT
der Marginalitätsforschung teilzunehmen. Bisher wurden Landinvasionen	105.44999694824219	133.09063720703125	10.0445556640625	335.05677795410156	16	TimesNewRomanPSMT
undihre Folgen für die Stadtentwicklungsowie staatliche Interventionen im	105.30000305175781	145.69561767578125	10.0380859375	336.5578155517578	16	TimesNewRomanPSMT
Wohnungsbau, bei Umsiedlungsaktionen undBemühungen um Veränderung	105.30000305175781	158.46209716796875	10.01678466796875	338.2262725830078	16	TimesNewRomanPSMT
der Migrationsabläufe (auchgrenzüberschreitende) oder politischerzwungene	105.9000015258789	171.18896484375	10.04669189453125	335.41551971435547	16	TimesNewRomanPSMT
ad-hoc-Leistungen für die Marginalen nicht allzu häufig Bearbeitungsgegen­	106.19999694824219	183.8013916015625	10.0306396484375	334.97999572753906	16	TimesNewRomanPSMT
stand der Geographie29. Vielleicht ändert sich dies mit der Verschärfung des	106.19999694824219	196.55133056640625	10.03076171875	336.83412170410156	16	TimesNewRomanPSMT
Marginalitätsprobelms in den großen Städten, wenn der Zusammenhang	106.80000305175781	209.29302978515625	10.04150390625	337.20790100097656	16	TimesNewRomanPSMT
zwischen Armut, Migration, Urbanisierung, Bevölkerungswachstum, Land­	106.80000305175781	222.0384521484375	10.04742431640625	334.82997131347656	16	TimesNewRomanPSMT
invasionen und politischen wie staatlichen Interventionen bei der Gestaltung	107.25	234.79541015625	10.03839111328125	336.91705322265625	16	TimesNewRomanPSMT
des städtischen Siedlungsraumes unübersehbar wird.	107.69999694824219	247.39645385742188	10.037017822265625	226.02113342285156	16	TimesNewRomanPSMT
SUMMARY	253.35000610351562	285.7852783203125	8.498077392578125	44.728668212890625	17	TimesNewRomanPSMT
Though the problem of marginality has a spatialdimension and the formation of modern	118.80000305175781	302.4318542480469	8.50250244140625	323.2799530029297	18	TimesNewRomanPSMT
Latin American cities is strongly influenced by squatter Settlements, Government housing	108.30000305175781	313.0774230957031	8.50823974609375	336.0969696044922	18	TimesNewRomanPSMT
programmes and infrastructural inputs, it has never drawn the attention of geographers it	108.75	323.73187255859375	8.50250244140625	333.90521240234375	18	TimesNewRomanPSMT
deserves.	108.75	333.9357604980469	8.497467041015625	30.840774536132812	18	TimesNewRomanPSMT
Mainly social anthropologists, architects, and in the last decade supporters of a highly	119.8499984741211	345.0309753417969	8.503662109375	324.8118667602539	18	TimesNewRomanPSMT
generalized dependence theory dealt with the social and economic conditions of the urban	109.6500015258789	355.67840576171875	8.506988525390625	333.27477264404297	18	TimesNewRomanPSMT
poor, the land invasions, the generation of new Settlements on the fringe of cities, and the	109.6500015258789	366.18365478515625	8.50018310546875	333.44185638427734	18	TimesNewRomanPSMT
impact onpoliticaldecisions as wellasthe economic function of marginals.	110.4000015258789	376.6807861328125	8.50390625	265.0605697631836	18	TimesNewRomanPSMT
As the marginal population still grows and the legitimation of the political power	120.5999984741211	387.48052978515625	8.504241943359375	322.50308990478516	18	TimesNewRomanPSMT
elites will increasingly be diallenged the politicaldimensions of marginality will also grow	110.25	397.9792785644531	8.505859375	335.0027160644531	18	TimesNewRomanPSMT
in importance, and government decisions on housing and minimum income will continue	110.39999389648438	408.3300476074219	8.504852294921875	333.2066955566406	18	TimesNewRomanPSMT
interferingwiththe development patternsof cities.	110.4000015258789	418.5313720703125	8.503143310546875	179.99724578857422	18	TimesNewRomanPSMT
The author offers an introduction tothe socialmorphologyof marginalityand emphasizes	121.19999694824219	429.48162841796875	8.502838134765625	324.40992736816406	18	TimesNewRomanPSMT
some politicalvariables for further geographicalresearch.	111.1500015258789	439.82855224609375	8.50677490234375	202.34349822998047	18	TimesNewRomanPSMT
LITERATUR	253.8000030517578	474.03326416015625	8.500701904296875	49.74092102050781	19	TimesNewRomanPSMT
An ua r io Est a d ist ic o d e Cost a Ric a , 1966: - 1965 (San Jos£, Costa Rica).	112.05000305175781	490.51910400390625	8.51904296875	267.7965545654297	20	TimesNewRomanPSMT
-, 1972: - 1970 (San Jose, Costa Rica).	111.5999984741211	500.85601806640625	8.535995483398438	139.37158966064453	20	TimesNewRomanPSMT
Ba r t e ls D., 1973: „Zur Kritik der bürgerlichen Industriegeographie“, Geographische Zeit­	112.05000305175781	511.97723388671875	8.508499145507812	333.13050842285156	20	TimesNewRomanPSMT
schrift, 61,4: 319-321.	122.55000305175781	522.1806640625	8.504104614257812	77.55769348144531	20	TimesNewRomanPSMT
28 Vgl. z. B. die Arbeiten in De mogr a f ia y Ec on omia (Mexico DF) oder vonCa r r illo	123.5999984741211	550.0823364257812	8.501907348632812	322.2490921020508	21	TimesNewRomanPSMT
Flor e s 1974.	113.0999984741211	559.9857177734375	8.49749755859375	46.20105743408203	21	TimesNewRomanPSMT
29 Vgl. aber Sa n d n e r 1969, 1970 und Vor läuf e r 1970, 1973 (mit Bezug auf Dar Es	123.9000015258789	571.530029296875	8.504852294921875	324.0750045776367	21	TimesNewRomanPSMT
Salaam, Tanzania).	113.55000305175781	581.583984375	8.499725341796875	68.05372619628906	21	TimesNewRomanPSMT
Marginalität undUrbanisierungin Lateinamerika	108.5999984741211	44.28070068359375	8.5040283203125	177.63721466064453	22	TimesNewRomanPSMT
29	354.8999938964844	44.02642822265625	9.998291015625	9.772308349609375	23	TimesNewRomanPSMT
Ba t a illon C., 1972: La ciudad yelcampoen elMexicocentral(MexicoDF).	29.399999618530273	67.98138427734375	8.503173828125	278.1307010650635	24	TimesNewRomanPSMT
Be c k G., 1973: Zur Kritik der bürgerlichen Industriegeographie (Göttingen).	29.25	78.6307373046875	8.50390625	273.1156921386719	24	TimesNewRomanPSMT
Be r n a ue r U. und E. Fr e it a g, 1974: Poder popul ärin Chile am BeispielGesundheit. Doku­	29.549999237060547	89.12744140625	8.50823974609375	335.3805122375488	24	TimesNewRomanPSMT
mente aus Elendsvierteln (Stein/Nürnberg).	39.45000076293945	100.08203125	8.50225830078125	154.39432907104492	24	TimesNewRomanPSMT
Boe sle r K.-A., 1969: Kulturlandschaftswandeldurch raumwirksame Staatstätigkeit (Berlin).	29.25	110.57928466796875	8.505859375	335.13836669921875	24	TimesNewRomanPSMT
1974: „Gedanken zum Konzept der politischen Geographie“, Die Erde, 105,1:7—33.	39.75	121.37982177734375	8.505126953125	295.5465393066406	24	TimesNewRomanPSMT
Ca br e r a G., 1974: (Diskussionsbeitrag zum Thema) „Situaciön yperspectivas demogräficas	29.399999618530273	131.8804931640625	8.5042724609375	336.3759708404541	24	TimesNewRomanPSMT
de Mexico“, in A. Ca r r illo Flor e s ed.: Diälogos sobre poblaciön (Mexico DF), S.	39.75	142.5303955078125	8.50439453125	324.321044921875	24	TimesNewRomanPSMT
127-137.	39.75	153.18133544921875	8.50323486328125	30.437911987304688	24	TimesNewRomanPSMT
Ca r d on a Gut ie r r e z R. ed., 1969: Urbanizacion y marginalidad (Bogota).	29.399999618530273	163.98077392578125	8.50390625	267.08684730529785	24	TimesNewRomanPSMT
-, 1970: Migracion ydesarrollourbano(Bogota).	28.5	174.77996826171875	8.50494384765625	176.76942443847656	24	TimesNewRomanPSMT
Ca r r illo Flor e s A. ed., 1974: Diälogos sobre poblaciön (MexicoDF).	29.100000381469727	185.429443359375	8.50567626953125	253.23068809509277	24	TimesNewRomanPSMT
Ca sa sc o J. A., 1969: „The social function of the slum in Latin America: some positive	29.25	196.0810546875	8.5035400390625	334.3887634277344	24	TimesNewRomanPSMT
aspects“, Amörica Latina, 12,3:87-111.	39.29999923706055	206.73236083984375	8.50189208984375	137.12671279907227	24	TimesNewRomanPSMT
Die t z A. G. H., M. N. Kot h undJ. A. Silva , 1965: Housing in Latin America (Cambridge,	29.25	217.379638671875	8.505401611328125	334.2027282714844	24	TimesNewRomanPSMT
Mass.).	39.150001525878906	228.0372314453125	8.495574951171875	24.159610748291016	24	TimesNewRomanPSMT
Dir e c c ion Ge n e r a l d e Est a d ist ic a , 1962: VIII. Censo general de poblaciön. 1960	29.100000381469727	238.6834716796875	8.50042724609375	334.3869380950928	24	TimesNewRomanPSMT
(MexicoDF)	39.599998474121094	249.1807861328125	8.50390625	44.70623016357422	24	TimesNewRomanPSMT
-, 1972: IX. Censogeneralde poblaciön. 1970 (MöxicoDF).	28.799999237060547	260.1285705566406	8.50677490234375	215.71933364868164	24	TimesNewRomanPSMT
Ge r ma n i G., 1972: „Aspectos teöricos de la marginalidad“, Revista Paraguaya de Sociologia,	29.25	270.63201904296875	8.5023193359375	333.952392578125	24	TimesNewRomanPSMT
9,23:7-35.	39.150001525878906	281.13433837890625	8.49932861328125	35.727272033691406	24	TimesNewRomanPSMT
Ha r d G., 1973: Die Geographie. Eine wissenschaftstheoretische Einführung (Berlin/	29.100000381469727	291.9313049316406	8.50323486328125	334.3848628997803	24	TimesNewRomanPSMT
NewYork).	39.150001525878906	302.43487548828125	8.49859619140625	42.30503845214844	24	TimesNewRomanPSMT
He r old D., 1974: „,PoliticalGeography* und ,Geopolitics‘“, Die Erde, 105,2:200-213.	28.950000762939453	313.2300109863281	8.504913330078125	309.2612419128418	24	TimesNewRomanPSMT
Hun t e r D. R., 1964: The slums; challenge and response (NewYork/Toronto).	29.100000381469727	323.88079833984375	8.50390625	279.30377769470215	24	TimesNewRomanPSMT
Le e d s A., 1969: „The significant variables determining the character of squatter Settle­	29.25	334.5295104980469	8.50555419921875	333.7304992675781	24	TimesNewRomanPSMT
ments“, America Latina, 12,3:44-86.	39.29999923706055	345.1806335449219	8.50408935546875	129.0370979309082	24	TimesNewRomanPSMT
Le n g G., 1973: „Zur ,Münchner* Konzeption der Sozialgeographie“, Geographische Zeit­	29.100000381469727	355.6802062988281	8.504638671875	333.58051109313965	24	TimesNewRomanPSMT
schrift, 61,2:121-134.	39.29999923706055	366.333251953125	8.500701904296875	74.82175827026367	24	TimesNewRomanPSMT
Le wis O., 1961: The children of Sänchez: autobiography of a Mexican family (New York).	29.25	376.9784240722656	8.506988525390625	333.02618408203125	24	TimesNewRomanPSMT
-, 1965: La vida. A PuertoRican family in the culture of poverty (New York/San Juan).	29.25	387.62994384765625	8.5050048828125	324.5200500488281	24	TimesNewRomanPSMT
-, 1969: „The possessions of the poor“, Scientific American, 221,4:114-124.	28.649999618530273	398.1299743652344	8.504974365234375	268.47234535217285	24	TimesNewRomanPSMT
Lic ht e n be r ge r E., 1972: „Die städtische Explosion in Lateinamerika“, Zeitschrift für	28.950000762939453	408.3283996582031	8.506988525390625	333.1724052429199	24	TimesNewRomanPSMT
Lateinamerika, 4:33-55.	39.150001525878906	418.98040771484375	8.504425048828125	85.51342010498047	24	TimesNewRomanPSMT
Ma n gin W. P., 1967: „Squatter Settlements“, Scientific American, 217,4:21-29.	28.950000762939453	429.4805603027344	8.50421142578125	281.5154228210449	24	TimesNewRomanPSMT
-, 1967 (a): „Latin American squatter Settlements: a problem and a solution“, Latin American	28.649999618530273	440.1300048828125	8.504913330078125	333.1995792388916	24	TimesNewRomanPSMT
Research Review, 2:65-98.	39.150001525878906	450.7799377441406	8.5050048828125	93.89643096923828	24	TimesNewRomanPSMT
Ma r x K., 1972 (1872): Das Kapital. Kritik der politischen Ökonomie, Band 1 (Frank­	28.950000762939453	461.28021240234375	8.504638671875	332.68049240112305	24	TimesNewRomanPSMT
furt/M.).	39.29999923706055	471.632080078125	8.502273559570312	30.797847747802734	24	TimesNewRomanPSMT
Nic k e l H. J., 1973: Unterentwicklung als Marginalität in Lateinamerika. Einführung und	28.950000762939453	482.278076171875	8.507461547851562	334.16144943237305	24	TimesNewRomanPSMT
Bibliographie zueinem lateinamerikanischen Thema (München).	39.150001525878906	492.9308166503906	8.503875732421875	225.7192611694336	24	TimesNewRomanPSMT
Nun J., 1969: „Superpoblaciön relativa, ejercito industrial de reserva o masa marginal“,	28.950000762939453	503.430908203125	8.503738403320312	331.8186454772949	24	TimesNewRomanPSMT
Revista Latinoamericana de Sociologia, 5,2:178-235.	39.150001525878906	514.0806884765625	8.504043579101562	187.16985321044922	24	TimesNewRomanPSMT
Of ic in a Na c ion a l d e Est a d ist ic a y Ce n sos, 1972: Los pueblos jövenes en elPeru (Lima).	28.950000762939453	525.480712890625	8.504058837890625	331.8717460632324	24	TimesNewRomanPSMT
Pr e sc ot t J. R. V., 1972: Politicalgeography(London).	28.649999618530273	537.1813354492188	8.503250122070312	197.61165809631348	24	TimesNewRomanPSMT
-, 1975: Einführungin die Politische Geographie (München).	28.5	547.6793823242188	8.505691528320312	217.30125427246094	24	TimesNewRomanPSMT
Ra y T. F., 1969: The politics of the barriosof Venezuela (Berkeley/Los Angeles).	28.799999237060547	559.379638671875	8.505447387695312	286.31010818481445	24	TimesNewRomanPSMT
Ruppe r t K. und F. Sc ha f f e r , 1974: „Zu G. Leng’s Kritik der »Münchener* Konzeption der	28.950000762939453	570.78076171875	8.503875732421875	331.5517387390137	24	TimesNewRomanPSMT
Sozialgeographie“, Geographische Zeitschrift, 62,2:114-118.	39.150001525878906	581.4306640625	8.504104614257812	210.54239654541016	24	TimesNewRomanPSMT
30	113.8499984741211	47.0206298828125	10.00579833984375	9.602035522460938	25	TimesNewRomanPSMT
He r be r t J. Nic k e l	246.60000610351562	47.73077392578125	8.50396728515625	70.07928466796875	26	TimesNewRomanPSMT
Sa n d n e r G., 1969: Die Hauptstädte Zentralamerikas. Wachstumsprobleme, Gestaltwandel	114.44999694824219	71.73040771484375	8.50439453125	338.93348693847656	27	TimesNewRomanPSMT
und Sozialgefüge (Heidelberg).	124.94999694824219	82.53070068359375	8.5040283203125	110.20039367675781	27	TimesNewRomanPSMT
1970: „Panama - Strukturmerkmale und Leitlinien der sozialräumlichen Desintegration	125.55000305175781	93.31915283203125	8.51904296875	324.9914093017578	27	TimesNewRomanPSMT
einer lateinamerikanischen Großstadt“, Die Erde, 101,4:265-283	125.4000015258789	104.1304931640625	8.50433349609375	228.48064422607422	27	TimesNewRomanPSMT
1973: „Die bevölkerungsgeographische Problematik“ in G. Sa n d n e r und H.-A. St e ge r	126.1500015258789	114.928955078125	8.50628662109375	322.08300018310547	27	TimesNewRomanPSMT
eds.: Lateinamerika (Frankfurt/M.), S. 45-61.	125.69999694824219	125.4337158203125	8.5001220703125	161.90269470214844	27	TimesNewRomanPSMT
-, 1973: „Der Verstädterungsprozeß", a.a.O., S. 62-80.	115.05000305175781	136.08038330078125	8.5045166015625	196.6445770263672	27	TimesNewRomanPSMT
- undH.-A St e ge r eds., 1973: Lateinamerika (Frankfurt/M.).	115.3499984741211	146.56915283203125	8.51904296875	225.48163604736328	27	TimesNewRomanPSMT
Sc he uc h E. K., 1969: „ökologischer Fehlschluß“, in W. Be r n sd or f ed.: Wörterbuch der	115.94999694824219	157.68084716796875	8.50384521484375	334.97569274902344	27	TimesNewRomanPSMT
Soziologie (Stuttgart), S. 757-758.	126.30000305175781	168.18072509765625	8.5040283203125	120.95518493652344	27	TimesNewRomanPSMT
Sc hölle r P., 1957: „Wege und Irrwege der politischen Geographie und Geopolitik“, Erd­	116.25	178.980224609375	8.504638671875	334.780517578125	27	TimesNewRomanPSMT
kunde, 11,1:1-20.	126.5999984741211	189.3363037109375	8.496826171875	62.67200469970703	27	TimesNewRomanPSMT
St e r n C., 1973: Las regiones de Mexico y sus niveles de desarrollo socioeconömico	116.69999694824219	200.2789306640625	8.50628662109375	336.45606994628906	27	TimesNewRomanPSMT
(MexicoDF).	127.3499984741211	210.48126220703125	8.5032958984375	47.88068389892578	27	TimesNewRomanPSMT
Un it e d Na t ion s, 1971: Report onthe world socialSituation. 1970 (NewYork).	116.69999694824219	221.57855224609375	8.506805419921875	285.47621154785156	27	TimesNewRomanPSMT
-, 1971: Improvement of slums and uncontrolled settlements (NewYork).	116.69999694824219	232.2308349609375	8.503875732421875	264.77244567871094	27	TimesNewRomanPSMT
Ur quid i V. L., 1972: „Perfilgeneral; economia ypoblaciön“, in D. Iba r r a et al.: ElPerfil	117.44999694824219	242.73040771484375	8.504425048828125	336.9849395751953	27	TimesNewRomanPSMT
de Mexicoen 1980 (MexicoDF), S. 3-13, Band 1.	127.94999694824219	253.23080444335938	8.50390625	175.05714416503906	27	TimesNewRomanPSMT
- und Ä. Ga r c ia Roc ha , 1973: „La construccion de vivienda y el empleo en Mexico“,	118.05000305175781	263.930419921875	8.504425048828125	333.61863708496094	27	TimesNewRomanPSMT
Demografia yEconomia, 7,1:1-23.	128.25	274.2332763671875	8.500701904296875	123.42242431640625	27	TimesNewRomanPSMT
Ve r e in t e Na t ion e n (Fr öbe l, F., J. He in r ic hs und O. Kr e ye eds.), 1974: Die Armut des	118.3499984741211	285.1807556152344	8.50396728515625	334.83939361572266	27	TimesNewRomanPSMT
Volkes (Reinbek bei Hamburg).	128.6999969482422	295.2294006347656	8.505706787109375	112.11778259277344	27	TimesNewRomanPSMT
Vor la uf e r K., 1970: Koloniale und nachkoloniale Stadtplanung in Dar Es Salaam (Frank­	118.94999694824219	306.3306884765625	8.504058837890625	333.28050231933594	27	TimesNewRomanPSMT
furt/M.)	129.3000030517578	315.93621826171875	8.496917724609375	28.52398681640625	27	TimesNewRomanPSMT
-, 1973: Dar Es Salaam. Bevölkerung und Raum einer afrikanischen Großstadt unter dem	119.25	327.4806823730469	8.504058837890625	334.00213623046875	27	TimesNewRomanPSMT
Einfluß vonUrbanisierungs- undMobilitätsprozessen (Hamburg).	129.60000610351562	337.8826599121094	8.50152587890625	233.85968017578125	27	TimesNewRomanPSMT
DER TEEANBAU AUF MAURITIUS*	102.1500015258789	106.7232666015625	10.00238037109375	190.43987274169922	28	TimesNewRomanPSMT
Von He id r un Sc hwe in f ur t h-Ma r by undUlr ic h Sc hwe in f ur t h	50.70000076293945	132.21173095703125	10.017333984375	293.2372856140137	29	TimesNewRomanPSMT
(Heidelberg)	169.1999969482422	147.2535400390625	9.96319580078125	55.4219970703125	30	TimesNewRomanPSMT
Mit 2 Karten und4 Abbildungen	123.9000015258789	173.312744140625	10.0159912109375	145.7495346069336	31	TimesNewRomanPSMT
Erwin Gentz mit den besten Wünschen zum 25. September 1975 gewidmet.	98.55000305175781	199.1044921875	8.50341796875	265.71278381347656	32	TimesNewRomanPS-ItalicMT
Mauritiusgilt mit vollem Recht als Zuckerinsel: 54% der Gesamtfläche der	40.5	227.1480712890625	10.03497314453125	324.4869384765625	33	TimesNewRomanPSMT
Insel sind mit Zuckerrohr bestanden; 94% der Anbaufläche werden von	30.0	239.89877319335938	10.0340576171875	338.8539733886719	33	TimesNewRomanPSMT
Zuckerrohr eingenommen; 94% des Exporterlöses wird vonZuckerrohr und	29.700000762939453	252.78842163085938	10.047454833984375	337.20722579956055	33	TimesNewRomanPSMT
seinen Nebenprodukten eingebracht. Alle anderen Tätigkeiten treten dem­	29.850000381469727	265.6955871582031	10.0382080078125	334.8299922943115	33	TimesNewRomanPSMT
gegenüber in ihrer Bedeutungfür die Inselwirtschaft weit in den Hintergrund.	30.0	278.3017578125	10.030181884765625	334.0455017089844	33	TimesNewRomanPSMT
Die seit 1968 politisch unabhängige Inselsieht in ihrer Selbständigkeit jetzt	29.549999237060547	291.1908874511719	10.0443115234375	334.6029243469238	33	TimesNewRomanPSMT
stärker die Gefahren einer so großen Abhängigkeit vonnur einer Anbau­	29.850000381469727	303.8481750488281	10.03485107421875	334.2299861907959	33	TimesNewRomanPSMT
pflanze - man versucht, die Produktion im Rahmen des auf der InselMög­	29.850000381469727	316.6113586425781	10.017791748046875	334.3799800872803	33	TimesNewRomanPSMT
lichen auf eine breitere Grundlage zustellen: der AnbauvonTee nimmt heute	30.149999618530273	329.1890869140625	10.046630859375	333.7739200592041	33	TimesNewRomanPSMT
die zweite Stelle im Inselhaushalt ein - mit nur 4% der Anbaufläche und	30.0	342.0900573730469	10.04534912109375	335.8186950683594	33	TimesNewRomanPSMT
2,2% der Inselfläche im Vergleich zu den obengenannten Zahlen jedoch in	29.700000762939453	354.944091796875	10.0401611328125	333.8665885925293	33	TimesNewRomanPSMT
weitem Abstand. Aber obwohldie Verbreiterungder wirtschaftlichen Grund­	30.0	367.6888122558594	10.0469970703125	333.6299743652344	33	TimesNewRomanPSMT
lagen offiziellangestrebt wird, ist es überraschend festzustellen, wie wenig	29.700000762939453	379.8890380859375	10.046661376953125	336.2046318054199	33	TimesNewRomanPSMT
Aufmerksamkeit z. B. dem Teeanbaubis heute gewidmet wird1.	29.700000762939453	392.7942810058594	10.03985595703125	275.10078048706055	33	TimesNewRomanPSMT
'Natürliche und historische Voraussetzungen	100.94999694824219	431.1832275390625	10.08935546875	189.51100158691406	34	TimesNewRomanPS-ItalicMT
Mauritius liegt im westlichen Indischen Ozean unter 19° 50'-20° 51' S,	40.20000076293945	450.3447570800781	10.039276123046875	322.0334281921387	35	TimesNewRomanPSMT
57° 18'-57° 48' E; die Inselmißt N-S rund 60 km, in W-E-Erstreckungrund	29.850000381469727	462.5438537597656	10.040435791015625	332.0548152923584	35	TimesNewRomanPSMT
* Eine Reisebeihilfe der Deutschen Forschungsgemeinschaft hat u. a. Beobachtung und	39.599998474121094	488.431396484375	8.503143310546875	324.32596588134766	36	TimesNewRomanPSMT
Sammlung des in vorliegender Arbeit verwerteten Materials ermöglicht; für diese Unter­	28.800018310546875	498.98187255859375	8.502517700195312	333.1304931640625	36	TimesNewRomanPSMT
stützung sei auch an dieser Stelle aufrichtig gedankt. Unser Dank gilt ferner insbesondere	28.799999237060547	509.4289855957031	8.506317138671875	332.63164138793945	36	TimesNewRomanPSMT
H. G. S. Ra mlogum, Tea Development Authority, Wooton; A. Ba issa c , Dubreuil; A. Ha r d y,	28.649999618530273	520.0804443359375	8.504409790039062	332.8686466217041	36	TimesNewRomanPSMT
Chartreuse; F. Hoppe r , Mare Anguilles; sowie P. Whit e , Port Louis und E. M. Rose , East	28.799999237060547	530.4796752929688	8.505447387695312	332.5227851867676	36	TimesNewRomanPSMT
Africa and Mauritius Association.	28.200000762939453	540.9300537109375	8.504913330078125	119.06888961791992	36	TimesNewRomanPSMT
1 Sobringt der soeben (Frühjahr 1974) in der Inselreihe des Verlages Da vid a n d Cha r le s,	39.29999923706055	552.029541015625	8.50555419921875	321.4670600891113	36	TimesNewRomanPSMT
Newton Abbot, U. K., erschienene Band „Mauritius» (Wr ight 1974) nur knapp elf Zeilen	28.5	562.5805053710938	8.5042724609375	332.3999938964844	36	TimesNewRomanPSMT
über den Teeanbau (S. 147/148) unter der Überschrift ,Sugar and other occupations‘, und	28.049999237060547	572.7802734375	8.504669189453125	334.4985237121582	36	TimesNewRomanPSMT
das Stichwort ,tea‘ sucht man auchim Register vergeblich.	28.050018310546875	583.2771606445312	8.50860595703125	201.5579071044922	36	TimesNewRomanPSMT
Geographische Zeitschrift, Jg. 63, Heft 1 (1975)	124.94999694824219	607.489501953125	7.00396728515625	138.6433563232422	37	TimesNewRomanPSMT
© Franz Steiner VerlagGmbH, Wiesbaden, BRD	121.05000305175781	614.090087890625	7.003257751464844	146.75025939941406	37	TimesNewRomanPSMT
