■ Klasse 7-10	94.3499984741211	65.92877197265625	10.0	66.00609588623047	0	Tahoma
„Wie und wohin kann ich verreisen ohne	69.44999694824219	279.42767333984375	10.00543212890625	179.43179321289062	1	Calibri
Schaden anzurichten und trotzdem meine	64.3499984741211	294.4356689453125	9.9949951171875	184.8112564086914	2	Calibri
Bedürfnisse und Wünsche erfüllen?"	89.55000305175781	309.56878662109375	10.01702880859375	159.2433624267578	3	Calibri
Unter anderem mit Hilfe thematischer	82.5	324.40594482421875	10.03375244140625	167.46224975585938	4	Calibri
Karten lernen Schülerinnen und Schüler	75.44999694824219	339.4339599609375	9.9971923828125	174.7876739501953	5	Calibri
Reisestile und -profile kennen und	99.5999984741211	354.5489501953125	10.04290771484375	150.30066680908203	6	Calibri
reflektieren ihren eigenen Reisestil.	94.6500015258789	369.39654541015625	10.045989990234375	155.44800567626953	7	Calibri
Europa: Ein viel besuchter	99.75	399.9673767089844	12.040191650390625	131.7898712158203	8	Calibri
Kontinent mit einem	100.05000305175781	412.13922119140625	12.011688232421875	104.61604309082031	8	Calibri
reiselustigen Volk	100.19999694824219	423.83984375	12.010894775390625	89.40321350097656	8	Calibri
Jährlich verreisen rund 700 Mio. Men­	99.9000015258789	447.7806701660156	8.504058837890625	151.93050384521484	9	TimesNewRomanPSMT
schen ins Ausland (Baratta u. a. 2004,	100.5	459.03082275390625	8.503875732421875	150.9606170654297	9	TimesNewRomanPSMT
S. 672). Rund 240 Mio. Arbeitsplätze,	100.6500015258789	470.1304626464844	8.50433349609375	151.09008026123047	9	TimesNewRomanPSMT
d. h. etwa 12 % aller Arbeitsplätze welt­	100.6500015258789	481.2300720214844	8.504852294921875	151.48050689697266	9	TimesNewRomanPSMT
weit, bietet dieser relativ junge, doch	101.0999984741211	492.3324890136719	8.501708984375	150.92884063720703	9	TimesNewRomanPSMT
äußerst dynamische Wirtschaftszweig.	101.25	503.5822448730469	8.502044677734375	150.67086791992188	9	TimesNewRomanPSMT
Fasst man Auslands- und Inlandtouris­	101.4000015258789	514.8311767578125	8.503448486328125	151.03050994873047	9	TimesNewRomanPSMT
mus zusammen, liegen die Gesamtein­	101.8499984741211	525.7823486328125	8.5018310546875	150.88050079345703	9	TimesNewRomanPSMT
„Harter" oder	261.8999938964844	70.80047607421875	31.03680419921875	184.83322143554688	10	Calibri
„sanfter" Tourismus?	261.8999938964844	115.80535888671875	31.0303955078125	276.6529846191406	11	Calibri
Thematische Karten als Medien	259.04998779296875	174.89764404296875	14.02532958984375	200.791259765625	12	SegoeUI
für die reflektierte Reiseerziehung	259.3500061035156	197.376708984375	14.0528564453125	214.105224609375	13	SegoeUI
David Golay	260.3999938964844	234.81195068359375	10.023681640625	55.833770751953125	14	Tahoma
nahmen bei jährlich 3,9 Billionen US-	260.8500061035156	280.08123779296875	8.5032958984375	152.62286376953125	15	TimesNewRomanPSMT
Dollar. Dies entspricht 12 % des	261.1499938964844	291.33233642578125	8.50189208984375	152.596435546875	15	TimesNewRomanPSMT
globalen Bruttosozialprodukts und ver­	261.1499938964844	302.5806884765625	8.5040283203125	152.68051147460938	15	TimesNewRomanPSMT
deutlicht die Bedeutung der Tourismus­	261.29998779296875	313.681640625	8.5028076171875	152.68051147460938	15	TimesNewRomanPSMT
branche. Mehr als 75 % des gesamten	261.6000061035156	324.9307861328125	8.50396728515625	152.11032104492188	15	TimesNewRomanPSMT
Reisevolumens werden von wenigen	261.75	336.180419921875	8.50439453125	152.0745849609375	15	TimesNewRomanPSMT
westeuropäischen Industriestaaten aus	261.8999938964844	347.43072509765625	8.5040283203125	151.968017578125	15	TimesNewRomanPSMT
bestritten, wobei Deutsche und Schwei­	261.8999938964844	358.53076171875	8.503936767578125	152.38052368164062	15	TimesNewRomanPSMT
zer als besonders reiselustig gelten. Da­	262.20001220703125	369.7827453613281	8.501373291015625	152.23049926757812	15	TimesNewRomanPSMT
bei ist Europa, insbesondere der Mittel­	262.3500061035156	381.0304260253906	8.504364013671875	152.23049926757812	15	TimesNewRomanPSMT
meerraum, zugleich der weltweit am	262.6499938964844	392.1331481933594	8.5008544921875	151.98236083984375	15	TimesNewRomanPSMT
häufigsten besuchte Kontinent.	262.79998779296875	403.3818359375	8.5025634765625	116.065673828125	15	TimesNewRomanPSMT
Verschiedene Bedürfnisse -	263.1000061035156	435.0960388183594	12.0028076171875	139.83401489257812	16	Calibri
unterschiedliche Reisestile	263.70001220703125	446.9258117675781	12.029205322265625	134.00021362304688	16	Calibri
Bei der Unterscheidung von „hartem“	263.54998779296875	470.1311950683594	8.503387451171875	152.2655029296875	17	TimesNewRomanPSMT
und „sanftem“ Tourismus geht es in ers­	263.54998779296875	481.3824157714844	8.501800537109375	152.530517578125	17	TimesNewRomanPSMT
ter Linie um die Gegenüberstellung kon­	263.54998779296875	492.48101806640625	8.503631591796875	152.68051147460938	17	TimesNewRomanPSMT
trärer Verhaltensweisen. Vereinfacht	263.70001220703125	503.5830383300781	8.501068115234375	152.45870971679688	17	TimesNewRomanPSMT
ausgedrückt bedeutet dies: „Der harte	264.0	514.6800537109375	8.504852294921875	152.13778686523438	17	TimesNewRomanPSMT
Tourist hat wenig Zeit, besitzt ein festes	264.0	525.781005859375	8.503631591796875	152.42898559570312	17	TimesNewRomanPSMT
Reiseprogramm, ist aufdringlich und	425.70001220703125	279.78143310546875	8.5030517578125	153.59832763671875	18	TimesNewRomanPSMT
laut; der sanfte Tourist nimmt sich viel	425.8500061035156	291.03094482421875	8.50372314453125	153.43710327148438	18	TimesNewRomanPSMT
Zeit, plant seine tägliche Reise spontan,	425.54998779296875	302.28070068359375	8.5040283203125	153.60955810546875	18	TimesNewRomanPSMT
ist taktvoll und leise“ (Junck, 1980). Der	425.8500061035156	313.531005859375	8.50360107421875	153.93765258789062	18	TimesNewRomanPSMT
„sanfte Tourist“ pflegt also einen ein­	426.0	324.78240966796875	8.5018310546875	153.73052978515625	18	TimesNewRomanPSMT
sichtigen Reisestil, in dem der Fremde	426.0	335.8807373046875	8.5040283203125	153.45135498046875	18	TimesNewRomanPSMT
respektvoll, sozial- und umweltverträg­	426.0	346.98382568359375	8.5	153.8804931640625	18	TimesNewRomanPSMT
lich auftritt. Ihm gegenüber steht der	426.29998779296875	358.233154296875	8.5008544921875	153.80108642578125	18	TimesNewRomanPSMT
„harte“ oder „respektlose“ Tourist (Mä-	426.45001220703125	369.482421875	8.501800537109375	153.1943359375	18	TimesNewRomanPSMT
der 1985, S. 185), der konträr zum „sanf­	426.45001220703125	380.5806884765625	8.504058837890625	153.58050537109375	18	TimesNewRomanPSMT
ten“ Touristen mittels der Begriffe „Ego­	426.6000061035156	391.8321838378906	8.50213623046875	153.43051147460938	18	TimesNewRomanPSMT
ismus“ und „Rücksichtslosigkeit“ zu	427.04998779296875	402.7812805175781	8.503265380859375	152.69500732421875	18	TimesNewRomanPSMT
charakterisieren ist. Quantitativ ist der	426.8999938964844	414.1828308105469	8.50128173828125	153.50106811523438	18	TimesNewRomanPSMT
„sanfte Tourismus“ dem „harten Touris­	427.20001220703125	425.2817687988281	8.50262451171875	153.1304931640625	18	TimesNewRomanPSMT
mus“ untergeordnet.	427.3500061035156	436.5337829589844	8.500030517578125	76.20877075195312	18	TimesNewRomanPSMT
Für eine theoretische Unterscheidung	435.8999938964844	447.6309509277344	8.503692626953125	144.26895141601562	18	TimesNewRomanPSMT
sind diese Kategorien geeignet. In der Pra­	427.79998779296875	458.881591796875	8.50286865234375	152.6805419921875	18	TimesNewRomanPSMT
xis gibt es den ausschließlich „harten“	427.79998779296875	469.98187255859375	8.50250244140625	152.71759033203125	18	TimesNewRomanPSMT
oder „sanften“ Touristen nicht. Vielmehr	427.79998779296875	481.23040771484375	8.504425048828125	153.01617431640625	18	TimesNewRomanPSMT
bestimmen räumlich-örtliche Gegeben­	427.79998779296875	492.3338317871094	8.5	152.98052978515625	18	TimesNewRomanPSMT
heiten, z. B. Anreisewege, Ferienanlagen,	428.1000061035156	503.5810546875	8.5035400390625	152.34103393554688	18	TimesNewRomanPSMT
Freizeitveranstaltungen, den Reisetypus	428.1000061035156	514.6832275390625	8.500762939453125	152.59646606445312	18	TimesNewRomanPSMT
und lenken den Touristen in seinem Ver-	428.25	525.9315795898438	8.5029296875	152.43182373046875	18	TimesNewRomanPSMT
22	109.3499984741211	799.9874267578125	8.495285034179688	8.572639465332031	19	TimesNewRomanPSMT
geographie heute 229/2005	498.6000061035156	806.132568359375	6.999629974365234	83.63296508789062	20	Calibri
zum thema	445.6499938964844	17.736083984375	18.0380859375	102.45816040039062	21	Arial-ItalicMT
► Das Thema im Unterricht	31.049999237060547	76.90155029296875	14.03460693359375	171.94650650024414	22	ArialMT
Legitimation	31.049999237060547	100.853515625	7.99761962890625	47.24516677856445	23	ArialMT
„Befähigt und erzieht die Schule zu kompetentem Verhalten	31.200000762939453	112.0987548828125	8.00384521484375	247.89756393432617	23	ArialMT
überhaupt in der Welt, so befähigt und erzieht der Geographie­	30.899999618530273	123.49871826171875	8.00384521484375	248.81398963928223	23	ArialMT
unterricht zu kompetentem raumbezogenem Verhalten in der	30.899999618530273	134.59967041015625	8.002685546875	248.5985050201416	23	ArialMT
Welt" (Köck 1993, S. 15). Die so von Köck angesprochene Verhal­	30.299999237060547	145.8470458984375	8.006103515625	249.41399002075195	23	ArialMT
tenskompetenz im Raum gehört zu den wichtigsten Lernzielen	30.299999237060547	157.09881591796875	8.0037841796875	248.79436111450195	23	ArialMT
des Geographieunterrichts. Die Behandlung des Themas „sanfter	30.600000381469727	168.3489990234375	8.0035400390625	248.8884334564209	23	ArialMT
Tourismus" vermittelt eine umfassende raumethische Kompe­	30.149999618530273	179.598876953125	8.00372314453125	249.41399574279785	23	ArialMT
tenz, die umweit- und sozialverträgliches Denken und Handeln	30.299999237060547	190.8487548828125	8.00384521484375	248.58967971801758	23	ArialMT
gleichermaßen betont.	30.600000381469727	201.9495849609375	8.00274658203125	86.54605674743652	23	ArialMT
Wohin und wie wird die heutige Schülergeneration reisen? Wie	30.299999237060547	213.19873046875	8.00384521484375	248.89455032348633	23	ArialMT
wird ihre Einstellung zum Fremden sein? Welche eigenen Bräuche	30.450000762939453	224.448486328125	8.004150390625	248.57169723510742	23	ArialMT
werden sie mitnehmen? Diese und andere Fragen sind vor dem	30.299999237060547	235.69903564453125	8.00347900390625	248.4066047668457	23	ArialMT
Hintergrund des übergeordneten Lernziels einer sozial- und um­	30.899999618530273	246.95050048828125	8.00152587890625	248.3640079498291	23	ArialMT
weltverträglichen Reiserziehung unerlässlich.	30.299999237060547	258.048583984375	8.00408935546875	170.8974952697754	23	ArialMT
Phasen und methodischer Zugang	30.75	280.39874267578125	8.00384521484375	129.86141967773438	24	ArialMT
Zunächst erarbeiten die Schüler den Unterschied zwischen „har­	30.299999237060547	291.8001708984375	8.00201416015625	249.1140022277832	24	ArialMT
tem" und „sanftem" Tourismus (Material 1). Sie bilden zwei Kate­	30.149999618530273	302.89886474609375	8.00372314453125	249.26400184631348	24	ArialMT
gorien von Reisetypen, die durch verschiedene Verhaltensweisen	30.450000762939453	314.14874267578125	8.00384521484375	248.36472702026367	24	ArialMT
im fremden Aufenthaltsland charakterisiert werden. Mehrere Ei­	30.75	325.39801025390625	8.00482177734375	248.81399536132812	24	ArialMT
genschaften lassen sich nicht eindeutig zuordnen oder treffen auf	30.450000762939453	336.64813232421875	8.00469970703125	249.05973434448242	24	ArialMT
beide Kategorien gleichermaßen zu. Vermutlich werden die	30.75	347.74908447265625	8.00335693359375	248.59640502929688	24	ArialMT
Schüler über die Kategorisierung der Verhaltensweisen diskutie­	30.450000762939453	358.99969482421875	8.00262451171875	249.26398849487305	24	ArialMT
ren. Eine eindeutige Trennung ist nicht immer möglich und hängt	30.75	370.2490234375	8.003509521484375	248.64187622070312	24	ArialMT
von weiteren Einflussfaktoren ab. Als Beispiel eignet sich in diesem	30.299999237060547	381.3486633300781	8.003997802734375	248.78407669067383	24	ArialMT
Zusammenhang der Aspekt „ist sportlich". Ein Sport treibender	30.299999237060547	392.59979248046875	8.00250244140625	249.03999710083008	24	ArialMT
Tourist, der auf vorgeschriebenen Wegen wandert, verhält sich	291.0	100.848388671875	8.00433349609375	248.6004638671875	25	ArialMT
sanft, wird aber zum Umweltsünder, wenn er eine Abkürzung	291.29998779296875	111.95025634765625	8.00189208984375	248.3907470703125	25	ArialMT
wählt und dabei den Weg verlässt. Gleichermaßen verhält sich ein	291.1499938964844	123.34844970703125	8.0042724609375	248.56893920898438	25	ArialMT
Sport treibender Tourist „hart", wenn er seine Freizeit z. B. in ei­	291.29998779296875	134.597900390625	8.0050048828125	249.114013671875	25	ArialMT
ner künstlichen Erlebniswelt verbringt. Wenn er aber mit dem	291.6000061035156	145.699951171875	8.00225830078125	248.08560180664062	25	ArialMT
Fahrrad zum Erlebniscenter fährt, gestaltet er seine Anreise	291.6000061035156	156.95098876953125	8.00091552734375	248.43527221679688	25	ArialMT
„sanft". Material 1 liefert daher die theoretische Basis für die Be­	291.75	168.19793701171875	8.0048828125	248.81402587890625	25	ArialMT
arbeitung der Materialien 2-4: Es gibt Kriterien, die den „harten"	291.29998779296875	179.29827880859375	8.0045166015625	248.3623046875	25	ArialMT
vom „sanften" Tourismus unterscheiden; die Kriterien sind aber	291.0	190.5509033203125	8.00103759765625	249.1461181640625	25	ArialMT
nicht absolut, sondern hängen von weiteren Einflussfaktoren ab.	291.45001220703125	201.79931640625	8.00311279296875	246.57757568359375	25	ArialMT
Anhand von Material 2 (Planskizze einer fiktiven Insel) wenden die	290.8500061035156	213.048828125	8.0037841796875	249.19644165039062	25	ArialMT
Schüler ihre Kenntnisse über „harten" und „sanften" Tourismus	291.0	224.29803466796875	8.00482177734375	249.16021728515625	25	ArialMT
an. Zu diesem Zweck werten sie zunächst die vereinfachte thema­	291.0	235.548828125	8.0037841796875	249.56402587890625	25	ArialMT
tische Karte (Planskizze) aus. Anschließend fertigen sie auf der Ba­	290.70001220703125	246.79815673828125	8.004638671875	249.864013671875	25	ArialMT
sis von Daten zum Tourismusverkehr selbst eine thematische Kar­	290.8500061035156	257.8984375	8.0042724609375	249.71401977539062	25	ArialMT
te an (Material 3 - bitte auf 141 % vergrößern). Diese Karte ent­	290.54998779296875	269.14862060546875	8.0040283203125	250.0140380859375	25	ArialMT
hält Informationen zur Tourismusintensität im Mittelmeerraum	291.1499938964844	280.39990234375	8.0023193359375	248.59829711914062	25	ArialMT
und den Touristenströmen aus Deutschland.	291.1499938964844	291.64874267578125	8.00384521484375	168.04049682617188	25	ArialMT
Eine Karikatur bietet die Möglichkeit zu einer abschließenden Dis­	291.29998779296875	302.7476806640625	8.0052490234375	249.114013671875	25	ArialMT
kussion im Klassenverband (Material 4). Dabei geht es aber nicht	291.29998779296875	313.99835205078125	8.00433349609375	248.9296875	25	ArialMT
allein um die Stereotypenhafte Gegenüberstellung der beiden	291.0	325.2496337890625	8.002685546875	248.74688720703125	25	ArialMT
Reisetypen. Vielmehr sollen die Auswirkungen des harten Reise­	291.45001220703125	336.34844970703125	8.0042724609375	248.9639892578125	25	ArialMT
stils hinsichtlich seiner besonders umweltschädlichen und sozial­	291.0	347.59716796875	8.0059814453125	249.41400146484375	25	ArialMT
unverträglichen Merkmale pointiert dargestellt werden. Somit	291.45001220703125	358.8504638671875	8.001617431640625	248.69781494140625	25	ArialMT
sollen die Schüler letztlich in einer kritischen Auseinandersetzung	291.1499938964844	369.9483337402344	8.00439453125	248.39096069335938	25	ArialMT
ihre jetzige und künftige persönliche Einstellung zum Thema Rei­	291.6000061035156	381.3507995605469	8.001190185546875	248.81399536132812	25	ArialMT
sen hinterfragen.	291.1499938964844	392.5992431640625	8.00323486328125	64.45089721679688	25	ArialMT
halten. „Hartes und sanftes Reisen“ sind	22.049999237060547	436.8324279785156	8.501800537109375	151.81027603149414	26	TimesNewRomanPSMT
also vielmehr als Reisetypen aufzufassen,	22.200000762939453	447.9325256347656	8.501678466796875	151.57827377319336	26	TimesNewRomanPSMT
die sektoral gegeben sind. □	22.049999237060547	459.032958984375	8.501129150390625	151.39670181274414	26	TimesNewRomanPSMT
Literatur	22.5	478.38690185546875	8.49603271484375	31.300640106201172	27	TimesNewRomanPSMT
Baratta, M. u. a.: Der Fischer Weltalamanach	22.200000762939453	490.9140930175781	8.00775146484375	148.48374557495117	27	TimesNewRomanPSMT
2005. Frankfurt/Main 2004.	22.049999237060547	499.7683410644531	8.00225830078125	88.11625289916992	27	TimesNewRomanPSMT
Junck, R.: Wieviel Touristen pro Hektar und	21.75	508.76800537109375	8.002685546875	144.60079956054688	27	TimesNewRomanPSMT
Strand? In: GEO, H. 10, 1980, S. 154-156.	22.200000762939453	517.91455078125	8.007110595703125	134.30729293823242	27	TimesNewRomanPSMT
Köck, H.: Raumbezogene Schlüsselqualifika­	22.200000762939453	526.91796875	8.002777099609375	146.36399459838867	27	TimesNewRomanPSMT
tionen - der fachimmanente Beitrag des Geo­	185.6999969482422	437.5185546875	8.001983642578125	146.0640106201172	28	TimesNewRomanPSMT
graphieunterrichts zum Lebensalltag des Ein­	185.6999969482422	446.51800537109375	8.002685546875	145.61399841308594	28	TimesNewRomanPSMT
zelnen und Funktionieren der Gesellschaft. In:	185.6999969482422	455.515869140625	8.005462646484375	147.7661895751953	28	TimesNewRomanPSMT
Geographie und Schule H. 84, 1993, S. 14-22.	185.6999969482422	464.36456298828125	8.007110595703125	146.7605438232422	28	TimesNewRomanPSMT
Mäder, U.: Sanfter Tourismus: Alibi oder	185.6999969482422	473.36859130859375	8.00189208984375	135.49095153808594	28	TimesNewRomanPSMT
Chance, die Schweiz ein Vorbild für die	185.5500030517578	482.36700439453125	8.00396728515625	128.60777282714844	28	TimesNewRomanPSMT
Entwicklungsländer? Arbeitskreis Tourismus	185.5500030517578	491.3707275390625	7.9991455078125	144.65394592285156	28	TimesNewRomanPSMT
und Entwicklung. Zürich 1985.	185.6999969482422	500.36798095703125	8.002685546875	99.30143737792969	28	TimesNewRomanPSMT
Mose, I.: Sanfter Tourismus - Schlagwort,	185.6999969482422	509.36700439453125	8.00396728515625	136.78587341308594	28	TimesNewRomanPSMT
Chance, Utopie? In: geographie heute, H. 143,	185.5500030517578	518.3673095703125	8.003509521484375	148.32872009277344	28	TimesNewRomanPSMT
1996, S. 4-9.	186.75	527.6686401367188	8.00189208984375	40.60685729980469	28	TimesNewRomanPSMT
Dr. David Golay ist Lehrer für Geographie	358.6499938964844	445.6164855957031	8.004638671875	136.67483520507812	29	TimesNewRomanPSMT
und Mathematik an der Sekundarschule	358.6499938964844	454.767578125	8.00323486328125	126.584228515625	29	TimesNewRomanPSMT
Gelterkinden. Dr. rer. nat. David Golay, Im	358.5	463.76458740234375	8.007110595703125	138.29193115234375	29	TimesNewRomanPSMT
Grund 54, CH-4464 Anwil, E-Mail: golay-	358.5	472.7665100097656	8.004638671875	136.92816162109375	29	TimesNewRomanPSMT
bacci@bluewin.ch	358.5	481.7702331542969	7.99981689453125	58.605224609375	29	TimesNewRomanPSMT
geographie heute 229/2005	21.899999618530273	807.0296630859375	7.003425598144531	82.84494972229004	30	Calibri
23	490.6499938964844	804.9521484375	7.999393463134766	9.046478271484375	31	ArialMT
