MARTIN DOEVENSPECK	67.3499984741211	8.14263916015625	11.99639892578125	119.63103485107422	0	ArialNarrow
Westafrika: regionale Integration,	146.6999969482422	49.29205322265625	26.0504150390625	387.0443878173828	1	ArialMT
geopolitische Interessen	147.89999389648438	80.99755859375	25.9776611328125	281.2570495605469	1	ArialMT
und wirtschaftliche Entwicklung	148.5	112.90478515625	26.03369140625	369.64593505859375	1	ArialMT
Zu den Gegensätzen, die das westliche Afrika auszeichnen, gehören das Boomland Ghana	147.14999389648438	167.95269775390625	9.50732421875	389.4268493652344	2	ArialMT
oder Inseln stabiler Demokratie in Benin und Senegal ebenso, wie der Zerfall politischer	147.3000030517578	182.80548095703125	9.50372314453125	385.62486267089844	3	ArialMT
Autorität im Narcostaat Guinea-Bissau und komplexe gewaltsame Konflikte wie in Mali und	147.14999389648438	197.65338134765625	9.50640869140625	397.2281799316406	4	ArialMT
Nigeria. Im Folgenden werden solch unterschiedliche Entwicklungsprozesse in Westafrika	147.75	212.5050048828125	9.5042724609375	392.98419189453125	5	ArialMT
skizziert und so in die vielfältigen politisch-gesellschaftlichen, wirtschaftlichen und öko­	147.4499969482422	227.20501708984375	9.5042724609375	386.56349182128906	6	ArialMT
logischen Problemstellungen eingeführt, die in diesem Themenheft untersucht werden.	147.60000610351562	242.2047119140625	9.504638671875	381.7931823730469	7	ArialMT
ie französische Militärintervention in zeigen Müller und Romarikiewicz in ihrem Beitrag zu	201.60000610351562	288.6903076171875	11.084716796875	395.2534484863281	8	Cambria
Mali gegen dort operierende Jihadisten diesem Heft, bleibt Europa durch die restriktive Ein­	201.75	302.76885986328125	9.00799560546875	396.43798828125	8	Cambria
haben der europäischen Öffentlich­ wanderungspolitik der EU weiterhin nur für einen	201.75	314.92120361328125	9.0037841796875	395.30950927734375	8	Cambria
Ddeckende Mobiltelefonie, Internet, FlugpreisDeievEonreignisse in Mali haben aber auch die Konnek­	149.5500030517578	319.3466796875	82.00799560546875	448.93797302246094	8	Cambria
keit die räumliche Nähe Westafrikas in verschwindend geringen Teil der hochmobilen Bevöl­	201.60000610351562	327.070556640625	9.00494384765625	396.7379455566406	8	Cambria
Erinnerung gerufen. Nahezu flächen­ kerung Westafrikas erreichbar.	201.75	338.9210205078125	9.15411376953125	301.53204345703125	8	Cambria
unter 400 € und etablierte Routen illegalisietirvteiträtEeinn­zwischen Nordafrika und dem westafrika­	201.60000610351562	363.0699768066406	9.006011962890625	396.8879699707031	8	Cambria
wanderung über das Mittelmeer lassen Westafrika und nischen Sahel verdeutlicht. Es war der durch das	147.0	375.07037353515625	9.154571533203125	450.00958251953125	8	Cambria
Europa immer näher zusammenrücken. Auf einer fast französische Bombardement beschleunigte Zerfall	147.60000610351562	387.0710754394531	9.153228759765625	449.7604675292969	8	Cambria
durchgehend geteerten Straße von Marokko über die des Gaddafi-Regimes in Libyen, der die Koalition aus	147.4499969482422	399.07122802734375	9.30316162109375	449.6855010986328	8	Cambria
Westsahara und Mauretanien erreichen senegalesi­ Tuaregrebellen und Jihadisten erst ermöglichte. Dies	147.3000030517578	411.2228088378906	9.152557373046875	449.86607360839844	8	Cambria
sche Migranten aus Spanien und Frankreich in nur führte dann zur Sezession Nordmalis (vgl. den Beitrag	147.60000610351562	423.2212219238281	9.154144287109375	450.0976257324219	8	Cambria
zweieinhalb Tagen ihre Heimat. Gleichzeitig, und das Krech in diesem Heft) und als Reaktion darauf, sozu-	147.75	433.28887939453125	11.0870361328125	449.81634521484375	8	Cambria
Foto 1: Handel mit Salzpaletten aus der Sahara im Hafen von Mopti, Mali.	150.0	757.67626953125	9.002685546875	261.3066711425781	9	FranklinGothic-MediumCond
Fotos: M. Doevenspeck	149.85000610351562	770.6629028320312	7.0052947998046875	50.9090576171875	9	Arial-ItalicMT
4	73.05000305175781	801.243896484375	11.99483871459961	6.621116638183594	10	ArialNarrow
Geographische Rundschau 9 I 2013	468.45001220703125	807.4991455078125	8.003368377685547	130.2073974609375	11	ArialMT
Westafrika: regionale Integration, geopolitische Interessen und wirtschaftliche Entwicklung	74.25	6.81689453125	12.0294189453125	468.6102294921875	12	ArialNarrow
sagen als Reparaturversuch, zu dem französischen	16.049999237060547	49.119873046875	9.00616455078125	216.3481330871582	13	Cambria
Eingreifen mit logistischer Unterstützung u.a. der	16.049999237060547	61.270751953125	9.004638671875	216.32989883422852	13	Cambria
deutschen Bundeswehr.	15.899999618530273	73.57391357421875	8.99896240234375	92.97464179992676	13	Cambria
Welcher Raum ist überhaupt mit „Westafrika“ be­	25.5	85.420166015625	9.005615234375	207.5880126953125	13	Cambria
schrieben? Traditionell wurde eine eindeutige natur­	15.899999618530273	97.72216796875	9.00201416015625	217.18801307678223	13	Cambria
räumliche Abgrenzung vorgenommen. „Wir meinen	15.899999618530273	109.72064208984375	9.0047607421875	216.4019260406494	13	Cambria
Westafrika, von Senegambien bis nach Benguela, also	15.75	121.87115478515625	9.00384521484375	216.2976837158203	13	Cambria
jene Region, die, vom Atlantischen Ozean begrenzt,	14.850000381469727	133.87060546875	9.00482177734375	217.00511741638184	13	Cambria
von 17° nördlicher Breite bis 15° südlicher Breite	15.449999809265137	146.02069091796875	9.0047607421875	216.6205415725708	13	Cambria
reicht“ schreibt Oberländer (1878, S. IIIV) im Stil der	15.899999618530273	156.09210205078125	11.084228515625	216.17991065979004	13	Cambria
damaligen Kolonialgeographie. Heute folgt man eher	15.75	170.1710205078125	9.00408935546875	216.3151092529297	13	Cambria
der Auffassung, dass es eine verbindliche Festlegung	15.75	182.32110595703125	9.00396728515625	216.48081970214844	13	Cambria
ebenso wenig gibt wie für andere Weltregionen. Viel­	15.75	194.4710693359375	9.00396728515625	217.18800354003906	13	Cambria
mehr müssen diese immer als Ergebnis politischer und	15.899999618530273	206.47259521484375	9.00128173828125	216.06629371643066	13	Cambria
wirtschaftlicher Interessen und Verflechtungen und	248.25	47.9228515625	9.0008544921875	218.31393432617188	14	Cambria
damit gesellschaftlicher Praktiken verstanden werden.	248.5500030517578	60.0709228515625	9.0042724609375	217.85093688964844	14	Cambria
Im Folgenden wird sich unter Einschluss des ehema­	248.6999969482422	72.22113037109375	9.00384521484375	218.98802185058594	14	Cambria
ligen Mitgliedes Mauretanien, auf das Kriterium der	248.5500030517578	84.37005615234375	9.005859375	218.24012756347656	14	Cambria
Mitgliedschaft in der ECOWAS (Economic Community	248.5500030517578	94.43743896484375	11.0877685546875	218.53001403808594	14	Cambria
ofWestÄfrican States), der westafrikanischen Regional­	248.39999389648438	106.58740234375	11.087158203125	219.43801879882812	14	Cambria
organisation bezogen (vgl. Abb. 1).	248.39999389648438	118.88690185546875	11.08831787109375	137.12741088867188	14	Cambria
Demographie und Religion	249.14999389648438	149.5631103515625	13.003662109375	121.23165893554688	15	Arial-BoldMT
Zu einem so abgegrenzten Westaffika zählen 16 Staa­	248.25	169.27215576171875	9.00213623046875	219.73800659179688	16	Cambria
ten mit sehr unterschiedlichen rechtlichen und politi­	248.10000610351562	181.4212646484375	9.003662109375	219.88800048828125	16	Cambria
schen Systemen und einer großen Sprachenvielfalt. In	248.39999389648438	193.4207763671875	9.0045166015625	218.55703735351562	16	Cambria
diesen Ländern wird etwa die Hälfte aller afrikanischen	248.25	205.57177734375	9.0028076171875	218.518798828125	16	Cambria
Libyen	479.3999938964844	245.70928955078125	10.989501953125	35.605194091796875	17	FranklinGothic-MediumCond
Maiduguri	454.6499938964844	425.4290771484375	8.998992919921875	33.23321533203125	18	FranklinGothic-MediumCond
Ijamena	508.3500061035156	441.3280944824219	9.000274658203125	26.160003662109375	19	FranklinGothic-MediumCond
Brazzaville.	478.3500061035156	648.6303100585938	8.997390747070312	36.683013916015625	20	FranklinGothic-MediumCond
(zu Angola)	479.54998779296875	687.627197265625	9.001449584960938	36.40765380859375	21	FranklinGothic-MediumCond
An g(o	491.8500061035156	704.1712036132812	9.003768920898438	25.681488037109375	22	Cambria
dLuandai	482.70001220703125	720.5226440429688	9.00115966796875	32.1949462890625	23	Cambria
inshasa	506.54998779296875	667.830810546875	8.996688842773438	24.73162841796875	24	FranklinGothic-MediumCond
5	532.0499877929688	800.9188842773438	12.026939392089844	5.73779296875	25	ArialNarrow
Bamako,	161.5500030517578	420.7750244140625	9.004302978515625	28.587326049804688	26	FranklinGothic-MediumCond
Ouagadougou	261.29998779296875	419.57220458984375	9.007965087890625	45.930816650390625	27	FranklinGothic-MediumCond
Cöite	219.75	472.3323669433594	11.024749755859375	24.074569702148438	28	FranklinGothic-MediumCond
d ’ I v'o i r e	209.39999389648438	483.863525390625	11.049407958984375	44.42939758300781	28	FranklinGothic-MediumCond
Bouake ?	204.89999389648438	497.2760925292969	9.002899169921875	33.80665588378906	28	FranklinGothic-MediumCond
Abidjan	235.64999389648438	537.179931640625	8.997955322265625	25.01470947265625	29	FranklinGothic-MediumCond
Lome / La	311.8500061035156	525.3240966796875	9.0054931640625	34.366424560546875	30	FranklinGothic-MediumCond
Accra Cotonou	291.1499938964844	535.67724609375	9.001434326171875	53.771820068359375	30	FranklinGothic-MediumCond
Douala	436.95001220703125	537.18310546875	8.993621826171875	23.177215576171875	31	FranklinGothic-MediumCond
Port i —öS	390.29998779296875	546.6238403320312	9.005859375	42.355987548828125	32	FranklinGothic-MediumCond
Harcourt1 Malabo^	375.0	554.4228515625	9.007110595703125	62.775177001953125	32	FranklinGothic-MediumCond
Jaunde	462.6000061035156	551.7274169921875	9.001220703125	26.028778076171875	33	FranklinGothic-MediumCond
Kap	254.10000610351562	606.7760009765625	9.003067016601562	15.646728515625	34	FranklinGothic-MediumCond
Verde	253.5	614.86376953125	9.019027709960938	26.3023681640625	34	FranklinGothic-MediumCond
o	280.79998779296875	606.5413818359375	8.996063232421875	4.801666259765625	35	Cambria-Italic
Praia	265.95001220703125	631.8250122070312	9.004318237304688	16.57080078125	36	FranklinGothic-MediumCond
Quelle: Club de Sahel et de l’Afrique de l'OuesVOCDE (2006/2007),	242.25	728.8740844726562	9.005569458007812	222.3818359375	37	FranklinGothic-MediumCond
www.ecowas.int,www.oecdobserver.org	242.10000610351562	737.4261474609375	9.002784729003906	139.4295654296875	37	FranklinGothic-MediumCond
Entwurf: Martin Doevenspeck; Kartographie: Michael Wegener (2013)	242.25	746.4231567382812	9.006797790527344	232.59042358398438	37	FranklinGothic-MediumCond
Nouakchot	90.75	348.63177490234375	8.995452880859375	36.313575744628906	38	FranklinGothic-MediumCond
Banjul ßji	51.0	413.3481750488281	9.497894287109375	37.299156188964844	39	FranklinGothic-MediumCond
Gambia	23.549999237060547	422.73248291015625	10.959136962890625	40.172672271728516	39	FranklinGothic-MediumCond
Bissau^Tn^	63.599998474121094	441.6756286621094	8.995849609375	52.734413146972656	40	Cambria
Guinea^*!)	46.650001525878906	448.26812744140625	9.00927734375	63.74626159667969	40	Cambria
.	138.60000610351562	441.67120361328125	9.003753662109375	1.230255126953125	41	Cambria
GuJz	123.44999694824219	448.27520751953125	8.996612548828125	19.372177124023438	41	Cambria
Bissau	46.5	463.8683776855469	9.00885009765625	36.532081604003906	42	Cambria
Conakry r	80.55000305175781	472.07196044921875	9.00830078125	62.17218017578125	43	FranklinGothic-MediumCond
Freetown	82.6500015258789	485.8819885253906	8.99517822265625	31.01995849609375	43	FranklinGothic-MediumCond
S i erra	107.8499984741211	498.7522277832031	10.99871826171875	34.832801818847656	43	FranklinGothic-MediumCond
Leone (	109.19999694824219	510.0032653808594	10.997344970703125	43.802032470703125	43	FranklinGothic-MediumCond
Monrovia	121.6500015258789	521.2804565429688	8.9971923828125	31.05883026123047	43	FranklinGothic-MediumCond
Millionenstädte	33.900001525878906	556.0804443359375	8.9971923828125	52.81413269042969	44	FranklinGothic-MediumCond
Einwohner in Mio	33.900001525878906	564.9248657226562	9.0045166015625	57.47924041748047	44	FranklinGothic-MediumCond
Bevölkerungsdichte	122.4000015258789	555.0316162109375	8.995635986328125	69.3685073852539	45	FranklinGothic-MediumCond
Einwohner pro km2	122.55000305175781	565.2247314453125	9.004791259765625	64.52323913574219	45	FranklinGothic-MediumCond
>10	72.0	589.873291015625	9.00006103515625	15.47802734375	46	Cambria
------- wichtigste Straßenverbindungen	34.5	642.625732421875	9.003326416015625	136.0758819580078	47	FranklinGothic-MediumCond
Trans-Afrika-Femstraßen	34.349998474121094	659.7281494140625	9.00018310546875	88.75811004638672	48	FranklinGothic-MediumCond
= ausgebaut nx noch auszubauen	34.650001525878906	672.9171752929688	9.014572143554688	158.30094146728516	48	FranklinGothic-MediumCond
^5)= =(7j: ausgewählte Fernstraßen	59.400001525878906	686.7281494140625	9.000228881835938	134.65689849853516	48	FranklinGothic-MediumCond
—H	34.79999923706055	731.8541259765625	9.031654357910156	18.866317749023438	49	FranklinGothic-MediumCond
Westafrikanische	60.900001525878906	709.0750732421875	9.004287719726562	57.95343780517578	50	FranklinGothic-MediumCond
Wirtschaftsgemeinschaft (ECOWAS)	61.04999923706055	718.22607421875	9.002944946289062	120.76245498657227	50	FranklinGothic-MediumCond
Westafrikanische Wirtschafts­	60.900001525878906	731.8759765625	9.003028869628906	101.90099334716797	50	FranklinGothic-MediumCond
und Währungsunion (UEMOA)	61.349998474121094	740.5787353515625	8.999435424804688	99.08902740478516	50	FranklinGothic-MediumCond
Abb. 1: Westafrika: politische Abgrenzung, Bevölkerungsdichte und Millionenstädte	15.600000381469727	771.1751708984375	9.004104614257812	304.8560543060303	51	FranklinGothic-MediumCond
Geographische Rundschau 9 I 2013	16.049999237060547	807.5458374023438	8.007682800292969	128.44829177856445	52	ArialMT
MARTIN DOEVENSPECK	77.8499984741211	13.11016845703125	12.03802490234375	117.15494537353516	53	ArialNarrow
hindert werden. Doch Frankreich ist natürlich nicht	155.25	54.3719482421875	9.0023193359375	215.299072265625	54	Cambria
mehr der einzige mächtige internationale Akteur in	155.25	66.52001953125	9.005859375	215.25421142578125	54	Cambria
Westafrika. Längst haben auch die USA ein Netz an	155.10000610351562	78.520751953125	9.0045166015625	215.2740478515625	54	Cambria
Drohnenstützpunkten, Militärberatern und militä­	155.39999389648438	90.67169189453125	9.0028076171875	215.8380126953125	54	Cambria
rischen Kooperationen etabliert und schützen sich	155.39999389648438	102.67156982421875	9.00299072265625	214.94021606445312	54	Cambria
durch deterritorialisierte Sicherheitsstandards vor an­	155.39999389648438	114.82122802734375	9.003662109375	215.8380126953125	54	Cambria
genommenen Bedrohungen aus der Region (vgl. den	155.39999389648438	126.82000732421875	9.005859375	215.11672973632812	54	Cambria
Beitrag Ouma und Stenmans in diesem Heft).	155.6999969482422	136.88812255859375	11.08624267578125	175.5457000732422	54	Cambria
Regionale Integration in Westafrika	156.14999389648438	167.09600830078125	13.02679443359375	162.29067993164062	55	Arial-BoldMT
Für eine formale regionale Integration in Westafrika,	155.5500030517578	187.12060546875	9.0047607421875	214.98045349121094	56	Cambria
verstanden als ein dynamischer, supranationale	155.10000610351562	199.1199951171875	9.005859375	215.7857666015625	56	Cambria
Loyalitäten und Zuständigkeiten hervorbringender	155.5500030517578	211.2723388671875	9.00164794921875	215.4573211669922	56	Cambria
politisch-wirtschaftlicher Prozess (vgl. Jaspert 2010),	155.25	221.3394775390625	11.08587646484375	215.38967895507812	56	Cambria
steht die ECOWAS. Sie ist eine von sieben durch die	155.39999389648438	235.41937255859375	9.0069580078125	215.71875	56	Cambria
Afrikanische Union (AU) anerkannten regionalen	154.9499969482422	247.4228515625	9.00067138671875	216.4318084716797	56	Cambria
Wirtschaftsgemeinschaften und hat 15 Mitglieder (vgl.	154.9499969482422	259.72314453125	9.000244140625	216.01365661621094	56	Cambria
Abb. 1). Die tatsächliche regionale Integration ist zwar	154.35000610351562	269.48712158203125	11.08709716796875	217.0283203125	56	Cambria
in ganz Subsahara-Affika höher als es z.B. Handels­	154.9499969482422	283.7215576171875	9.00311279296875	217.33799743652344	56	Cambria
statistiken, die informelle Integrationsprozesse nicht	154.9499969482422	295.87078857421875	9.00445556640625	216.67604064941406	56	Cambria
abbilden, vermuten lassen (vgl. Söderbaum und Taylor	154.8000030517578	305.784423828125	11.09075927734375	217.0504913330078	56	Cambria
2008). Zur Charakterisierung der ECOWAS lohnt sich	154.8000030517578	320.01934814453125	9.007080078125	216.74021911621094	56	Cambria
dennoch ein Blick auf die drei formalen Integrations­	154.8000030517578	332.021240234375	9.00360107421875	217.6380157470703	56	Cambria
felder politisch-institutionelle Verankerung, Wirt­	154.8000030517578	344.02178955078125	9.002685546875	217.7880096435547	56	Cambria
schaft und Sicherheitspolitik.	154.8000030517578	355.87176513671875	9.002685546875	117.16123962402344	56	Cambria
Die ECOWAS verfügt wie EAC und die SADC über	165.75	368.0209045410156	9.0042724609375	206.098388671875	56	Cambria
ein Regionalparlament aus entsandten nationalen	154.8000030517578	380.0210876464844	9.003936767578125	217.1396942138672	56	Cambria
Parlamentariern, das aber in den Mitgliedstaaten nur	154.9499969482422	392.0211486816406	9.003814697265625	217.0178680419922	56	Cambria
begrenzt politischen Rückhalt genießt. Gleiches gilt	154.8000030517578	404.17193603515625	9.002410888671875	217.12696838378906	56	Cambria
für die Entscheidungen des regionalen Gerichtshofes,	154.9499969482422	416.1703186035156	9.005279541015625	216.61912536621094	56	Cambria
bei dem sowohl Einzelpersonen und Staaten Klage ein­	155.10000610351562	428.17132568359375	9.00347900390625	217.78799438476562	56	Cambria
reichen können. ECOWAS ist eine Freihandelszone mit	155.39999389648438	440.1706848144531	9.004638671875	216.7506103515625	56	Cambria
partieller Personenffeizügigkeit, in der für Bürger der	155.25	452.3211975097656	9.00372314453125	216.89300537109375	56	Cambria
Mitgliedsstaaten keine Visapflichten mehr bestehen.	155.5500030517578	464.1707458496094	9.0045166015625	216.3086700439453	56	Cambria
Innerhalb der ECOWAS gibt es mit der Union Econo-	386.70001220703125	52.88616943359375	11.08856201171875	219.145751953125	57	Cambria
mique et Monetaire Ouest Africaine (UEMOA) und der	386.3999938964844	65.03826904296875	11.0845947265625	219.45907592773438	57	Cambria
West African Monetary Zone (WAMZ) zwei Währungs­	386.3999938964844	76.88580322265625	11.08746337890625	220.33798217773438	57	Cambria
zonen. Dies spiegelt die Teilung der ECOWAS in eine	386.54998779296875	91.2708740234375	9.0042724609375	219.17291259765625	57	Cambria
frankophone und anglophone Unterregion. Der CFA-	386.3999938964844	103.420654296875	9.004638671875	219.50393676757812	57	Cambria
Franc der UEMOA ist mit einem festen Wechselkurs an	386.54998779296875	115.42156982421875	9.00299072265625	219.16656494140625	57	Cambria
den Euro gekoppelt. Die Zentralbank BECAO hat ihren	386.54998779296875	127.57049560546875	9.00494384765625	219.18048095703125	57	Cambria
Hauptsitz in Dakar. Für die WAMZ, einem Zusammen­	386.70001220703125	139.57061767578125	9.0047607421875	220.0379638671875	57	Cambria
schluss der anglophonen Staaten und Kap Verde, ist	386.70001220703125	151.72039794921875	9.00518798828125	219.1907958984375	57	Cambria
eine Gemeinschaftswährung momentan noch ein zen­	386.70001220703125	163.42083740234375	9.0042724609375	219.887939453125	57	Cambria
trales Ziel.	386.70001220703125	175.42340087890625	8.999755859375	42.208251953125	57	Cambria
Das derzeit wichtigste Integrationsvorhaben auf	398.3999938964844	187.721435546875	9.00335693359375	208.38186645507812	57	Cambria
wirtschaftlicher Ebene ist der sog. Dakar-Lagos High­	386.54998779296875	199.72088623046875	9.00433349609375	220.3380126953125	57	Cambria
way (vgl. Abb. 1), der eines der größten Infrastruktur-	386.54998779296875	209.63580322265625	11.090087890625	219.38262939453125	57	Cambria
Projekte Afrikas werden soll und über dessen Finan­	387.1499938964844	223.871337890625	9.00341796875	219.73800659179688	57	Cambria
zierung sich die ECOWAS und China im Grundsatz	387.29998779296875	236.021484375	9.00323486328125	218.47479248046875	57	Cambria
geeinigt haben. Ziel ist eine durchgehend ausgebaute	387.1499938964844	248.02069091796875	9.004638671875	218.98617553710938	57	Cambria
Küstenstraße zwischen Senegal und Nigeria, die zehn	387.45001220703125	260.171875	9.00244140625	218.57586669921875	57	Cambria
Länder passieren soll. Um so die wirtschaftlich dyna­	387.45001220703125	272.1707763671875	9.00445556640625	219.43798828125	57	Cambria
mischsten Zonen Westafrikas miteinander zu verbin­	387.6000061035156	284.321533203125	9.00311279296875	219.28799438476562	57	Cambria
den, müssen große Teile der insgesamt über 4 500 km	387.45001220703125	296.32147216796875	9.003173828125	218.42138671875	57	Cambria
langen Strecke entweder neu asphaltiert oder erheb­	387.75	308.47113037109375	9.00384521484375	218.98797607421875	57	Cambria
lich ausgebessert werden. So sollen die kolonial ange­	387.6000061035156	320.47039794921875	9.00518798828125	219.13796997070312	57	Cambria
legten verkehrsinfrastrukturellen Hindernisse einer	387.75	332.621337890625	9.00341796875	218.08990478515625	57	Cambria
tieferen wirtschaftlichen Integration, das auf die Ver­	387.6000061035156	344.62078857421875	9.00445556640625	219.13796997070312	57	Cambria
bindung zwischen Hinterland und Häfen zum Export	387.6000061035156	356.620849609375	9.004302978515625	218.33334350585938	57	Cambria
von Rohstoffen und Import von Konsumgütern ange­	387.29998779296875	368.6224060058594	9.00152587890625	219.43798828125	57	Cambria
legte Straßennetz, überwunden werden. Offen ist zur	387.8999938964844	380.620361328125	9.00518798828125	218.13095092773438	57	Cambria
Zeit noch wann und unter welchen Bedingungen die	387.8999938964844	392.6220397949219	9.002197265625	217.98666381835938	57	Cambria
beteiligten Regierungen der Umsetzung im Rahmen	387.75	404.7699890136719	9.005889892578125	218.1414794921875	57	Cambria
der ECOWAS zustimmen und wie die Straße bewirt­	388.04998779296875	416.7699890136719	9.005889892578125	218.68798828125	57	Cambria
schaftet und damit deren Betrieb nachhaltig gesichert	388.04998779296875	428.7719421386719	9.002410888671875	217.685302734375	57	Cambria
werden kann.	387.75	440.6216125488281	9.0029296875	55.067352294921875	57	Cambria
Die Sicherheitsarchitektur der Gemeinschaft be­	399.45001220703125	453.0706787109375	9.004638671875	207.2879638671875	57	Cambria
steht aus einem Krisenpräventionssystem und mit	388.20001220703125	465.07135009765625	9.003448486328125	217.56866455078125	57	Cambria
Foto 4: Schüler- und Studentenproteste in Dakar, Senegal im März 2012	158.39999389648438	774.3221435546875	9.008010864257812	255.56369018554688	58	FranklinGothic-MediumCond
10	82.6500015258789	804.8074340820312	12.041522979736328	12.950027465820312	59	ArialNarrow
Geographische Rundschau 9 I 2013	475.95001220703125	812.7490844726562	8.003368377685547	129.531494140625	60	ArialMT
Westafrika: regionale Integration, geopolitische Interessen und wirtschaftliche Entwicklung	73.3499984741211	14.114990234375	12.0318603515625	468.0002212524414	61	ArialNarrow
der ECOMOG (Economic Community of West African	14.550000190734863	54.236572265625	11.08636474609375	216.442400932312	62	Cambria
States Monitoring Group) seit 1990 auch aus regiona­	14.399999618530273	66.53460693359375	11.08966064453125	217.6380100250244	62	Cambria
len Einsatztruppen. Dies hat der ECOWAS erlaubt, sich	14.399999618530273	80.6207275390625	9.004638671875	216.63855934143066	62	Cambria
in den vielfältigen Krisen, wie zuletzt bei den Militär­	14.399999618530273	92.77032470703125	9.00531005859375	217.6380100250244	62	Cambria
putschen in Niger (2010) und Guinea-Bissau (2012), sehr	14.399999618530273	104.92120361328125	9.0037841796875	216.56653785705566	62	Cambria
früh und nachhaltig für friedliche Lösungen einzuset­	14.399999618530273	116.92120361328125	9.0037841796875	217.6380100250244	62	Cambria
zen und zu einer Rückkehr zu zivilen und demokrati­	14.399999618530273	129.0718994140625	9.00244140625	217.48800086975098	62	Cambria
schen Strukturen beizutragen. Andererseits kann die	14.399999618530273	141.2208251953125	9.00439453125	216.61875343322754	62	Cambria
ECOWAS mit Kampftruppen, die allen voran Nigeria	14.399999618530273	153.2208251953125	9.00439453125	216.65967750549316	62	Cambria
als regionale Führungsmacht zur Verfügung stellt,	14.25	165.07049560546875	9.00494384765625	216.71595764160156	62	Cambria
wie in Sierra Leone präventiv und friedensschaffend	13.949999809265137	177.2188720703125	9.0079345703125	217.28483295440674	62	Cambria
in militärische Krisen in Westafrika eingreifen und so	14.25	189.370361328125	9.00531005859375	216.9078369140625	62	Cambria
regionale und im besten Fall legitimierte Antworten	14.25	201.37158203125	9.00311279296875	216.95811462402344	62	Cambria
auf regionale Probleme anbieten.	14.25	213.674560546875	8.997802734375	131.80020141601562	62	Cambria
Wenn die ECOWAS nicht selbst militärisch ein­	24.299999237060547	225.67071533203125	9.004638671875	208.03801345825195	62	Cambria
greift, kann sie durch ihre politische Ausrichtung	14.100000381469727	237.6708984375	9.0042724609375	217.55222129821777	62	Cambria
internationales Eingreifen wie die französische Inter­	14.25	249.82080078125	9.00445556640625	218.0880126953125	62	Cambria
vention 2011 in der Elfenbeinküste zugunsten des	13.800000190734863	261.82110595703125	9.00384521484375	217.35087871551514	62	Cambria
jetzigen ivorischen Präsidenten Alassane Ouattara	13.350000381469727	271.89105224609375	11.08441162109375	217.97740745544434	62	Cambria
legitimieren (vgl. Elischer und Erdmann 2012). Die	14.25	283.88751220703125	11.08770751953125	217.25390625	62	Cambria
militärpolitischen Bande zu Frankreich halfen auch	14.25	298.12158203125	9.00311279296875	217.17019653320312	62	Cambria
bei der Entscheidung der ECOWAS zur Internationalen	14.100000381469727	310.12005615234375	9.005859375	217.3078212738037	62	Cambria
Unterstützungsmission für Mali (MISMA). 5 500 Solda­	14.100000381469727	322.1212158203125	9.0037841796875	218.38800621032715	62	Cambria
ten aus acht Ländern unterstützen die Armeen Malis	14.100000381469727	334.27001953125	9.005859375	216.93829917907715	62	Cambria
und Frankreichs bei der Operation „Serval“. Sicher­	14.100000381469727	346.261962890625	9.020263671875	218.23801231384277	62	Cambria
heitspolitisch ist in Westafrika die regionale Integra­	14.100000381469727	358.27081298828125	9.004425048828125	218.08800315856934	62	Cambria
tion im inner-kontinentalen Vergleich am weitesten	13.949999809265137	370.2706298828125	9.004730224609375	217.1511812210083	62	Cambria
fortgeschritten. Politisch und wirtschaftlich ist das	13.949999809265137	382.4210510253906	9.0040283203125	216.885479927063	62	Cambria
Integrationsniveau in der EAC (East African Commu­	14.100000381469727	392.3358459472656	11.08935546875	217.6619930267334	62	Cambria
nity) am höchsten.	13.800000190734863	404.3414611816406	11.082489013671875	72.37485790252686	62	Cambria
Abzuwarten bleibt, ob es die ECOWAS schafft einen	24.149999618530273	418.5688171386719	9.008026123046875	206.75679969787598	62	Cambria
regionalen Ansatz zur Lösung des zunehmenden trans-	13.949999809265137	430.5711669921875	9.003814697265625	216.94836139678955	62	Cambria
kontinentalen Drogenschmuggels zu entwickeln. Seit	13.949999809265137	442.57086181640625	9.004364013671875	216.84328937530518	62	Cambria
2004 hat Westafrika eine wichtige Schleusenfunk-	13.800000190734863	454.5714416503906	9.003326416015625	217.06120586395264	62	Cambria
tion im Kokainhandel. Ein Sechstel des in Europa	13.800000190734863	466.56884765625	9.007965087890625	216.6995267868042	62	Cambria
konsumierten Kokains kommt mittlerweile aus West-	13.949999809265137	478.5705871582031	9.004852294921875	216.6809663772583	62	Cambria
affika. Die Gewinne werden für 2012 auf rund 1 Mrd.	13.800000190734863	490.42071533203125	9.004638671875	216.195818901062	62	Cambria
€ geschätzt (vgl. Julien 2011, UNODC 2013). Tendenz	13.800000190734863	500.336181640625	11.0882568359375	216.38281536102295	62	Cambria
steigend.	13.800000190734863	514.2711181640625	9.003814697265625	34.45821666717529	62	Cambria
Schlussbetrachtung	13.949999809265137	542.7052001953125	13.014404296875	92.27619647979736	63	Arial-BoldMT
Westafrika mit seinem enormem wirtschaftlichen	13.5	562.5709228515625	9.004241943359375	216.61622619628906	64	Cambria
Potenzial, dem hohen Bevölkerungswachstum und den	13.800000190734863	574.572265625	9.001922607421875	216.365008354187	64	Cambria
komplexen politischen Konflikten wird den kommen­	13.800000190734863	586.570556640625	9.004913330078125	217.3380002975464	64	Cambria
den Jahren für Europa weiter an Bedeutung gewinnen.	13.649999618530273	598.5712890625	9.003692626953125	216.2425022125244	64	Cambria
Die vielfältigen und immer engeren politischen, ge­	13.800000190734863	610.5711669921875	9.003814697265625	217.3380002975464	64	Cambria
sellschaftlichen und wirtschaftlichen Verflechtungen	13.800000190734863	622.7220458984375	9.002182006835938	216.21728801727295	64	Cambria
mit Westafrika werden keine andere Wahl zulassen	13.800000190734863	634.5706787109375	9.004638671875	216.4691038131714	64	Cambria
als die Zusammenarbeit auch mit den regionalen poli­	13.649999618530273	646.7210693359375	9.003875732421875	217.48800086975098	64	Cambria
tischen Institutionen zu intensivieren und sie, sofern	13.649999618530273	658.7227783203125	9.000930786132812	216.62903785705566	64	Cambria
dies gewollt ist, nicht nur bei der Bewältigung der viel­	13.5	670.7216796875	9.00286865234375	217.63800048828125	64	Cambria
fältigen Krisen zu unterstützen. Stabile Demokratisie­	13.649999618530273	682.7216796875	9.002944946289062	217.48800086975098	64	Cambria
rungsprozesse in Westafrika stehen heute konfliktrei­	13.649999618530273	694.7208251953125	9.00439453125	217.48800086975098	64	Cambria
che Entwicklungen gegenüber. Diese Gegensätze sind	13.649999618530273	706.57080078125	9.004425048828125	216.45440101623535	64	Cambria
aber kein Widerspruch, sondern integraler Bestandteil	13.649999618530273	718.5715942382812	9.0030517578125	216.3935489654541	64	Cambria
einer rasant voranschreitenden afrikanischen Moder­	13.649999618530273	730.722412109375	9.001602172851562	217.3380069732666	64	Cambria
nisierung, deren ökologischen, geoökonomischen und	13.649999618530273	742.7212524414062	9.003738403320312	216.36629676818848	64	Cambria
geopolitischen Herausforderungen es auch von Seiten	13.5	754.7234497070312	8.999748229980469	216.44610595703125	64	Cambria
einer regional informierten Geographie wissenschaft­	13.649999618530273	766.7205810546875	9.004798889160156	217.3380069732666	64	Cambria
lich zu begleiten gilt. 111	13.649999618530273	775.2161865234375	12.358894348144531	215.40731239318848	64	Cambria
Geographische Rundschau 9 I 2013	13.949999809265137	813.19580078125	8.007682800292969	128.89828205108643	65	ArialMT
LITERATUR	247.8000030517578	55.32861328125	9.99853515625	55.10069274902344	66	Arial-BoldMT
Bleck, J. und N. van de Walle (2010): Parties and Issues in Francophone West	247.1999969482422	73.47271728515625	6.04974365234375	215.22093200683594	67	Arial-ItalicMT
Africa: Towards a Theory of Non-Mobilization. Ithaka, NYC Mario Einaudi	255.4499969482422	83.0242919921875	6.0025634765625	206.10121154785156	67	ArialMT
Center for International Studies. Working Paper Series 1-10.	255.75	92.6732177734375	6.00396728515625	172.64105224609375	67	ArialMT
Bröning, M. (2006): Den Blick weiten: Politischer Islam in Westafrika.	247.1999969482422	102.12347412109375	6.0482177734375	194.71995544433594	67	Arial-ItalicMT
Friedrich-Ebert-Stiftung. IPG 3/2006. http://library.fes.de/pdf-files/id/	255.89999389648438	111.27520751953125	6.0013427734375	198.63980102539062	67	ArialMT
ipg/03902.pdf	255.89999389648438	121.475341796875	6.001220703125	38.14959716796875	67	ArialMT
Elischer, S. und G. Erdmann (2012): Regionalorganisationen in Afrika -	247.1999969482422	130.87579345703125	6.0469970703125	197.92210388183594	67	Arial-ItalicMT
eine Bilanz GIGA Focus Afrika 3/2012. GIGA German Institute of Global	255.75	140.523193359375	6.0040283203125	199.79196166992188	67	ArialMT
and Area Studies, Hamburg	255.75	150.2225341796875	6.0048828125	78.1126708984375	67	ArialMT
Erdmann. G. (2004): Party Research: Western European Bias and the	247.35000610351562	159.67327880859375	6.049560546875	193.53695678710938	67	Arial-ItalicMT
African Labyrinth'. Democratization 11. S. 63-87	256.79998779296875	168.972412109375	6.00506591796875	136.64959716796875	67	ArialMT
Jaspert. J. (2010): Regionalismus im südlichen Afrika. Die Handels- und	247.0500030517578	178.47265625	6.04986572265625	203.88597106933594	67	Arial-ItalicMT
Sicherheitspolitik der SADC. Wiesbaden	255.89999389648438	188.17437744140625	6.00244140625	113.2567138671875	67	ArialMT
Julien. S. (2011): Le Sahel comme espace de transit des stupefiants.	247.0500030517578	197.623291015625	6.04937744140625	192.6804962158203	67	Arial-ItalicMT
Acteurs et consequences politiques. Herodote 142, S. 139-140	255.89999389648438	207.1224365234375	6.00506591796875	176.51229858398438	67	ArialMT
Moseley. W.G. und L.C. Gray (2008): Introduction. Cotton, Globalization, and	247.64999389648438	216.7218017578125	6.048828125	209.59390258789062	67	Arial-ItalicMT
Poverty in Africa. In: W.G. Mosely und L.C. Gray (Hrsg.): Hanging by a	256.3500061035156	226.02197265625	6.051025390625	190.83074951171875	67	Arial-ItalicMT
thread, cotton, globalization, and poverty in Africa. Athens. Ohio.	256.04998779296875	235.87274169921875	6.004638671875	181.83499145507812	67	ArialMT
S.1-31	256.04998779296875	245.92626953125	6.0	19.385986328125	67	ArialMT
Mayrargue. C. (2008): Les dynamiques paradoxales du pentecötisme en	247.64999389648438	254.8228759765625	6.0487060546875	200.58306884765625	67	Arial-ItalicMT
Afrique subsaharienne. IFRI. Paris, www.ifri.org/downloads/	256.04998779296875	264.121826171875	6.005859375	171.52920532226562	67	ArialMT
mayrarguefinalfr.pdf	256.3500061035156	274.42578125	6.00067138671875	58.162200927734375	67	ArialMT
McKinsey Global Institute (2010): Lions on the move: The progress and	248.10000610351562	283.6234130859375	6.00372314453125	198.93728637695312	67	ArialMT
potential of African economies. Washington, www.mckinsey.com/	256.5	292.62322998046875	6.0040283203125	184.910400390625	67	ArialMT
insights/africa/lions_on_the_move	256.5	302.778076171875	5.99761962890625	98.74493408203125	67	ArialMT
Oberländer, R. (1878): Westafrika vom Senegal bis Benguela. Reisen und	247.9499969482422	312.123291015625	6.04754638671875	204.0359649658203	67	Arial-ItalicMT
Schilderungen aus Senegambien, Ober- und Niederguinea. Leipzig	256.20001220703125	321.72393798828125	6.0030517578125	189.95712280273438	67	ArialMT
OECD (2013): http://stats.oecd.org	247.8000030517578	331.7762451171875	6.0	96.76322937011719	67	ArialMT
Söderbaum, F. und /. Taylor (Hrsg.) (2008): Afro-Regions. The Dynamics of	247.64999389648438	340.77197265625	6.0504150390625	205.6619873046875	67	Arial-ItalicMT
Cross-Border Micro-Regionalism in Africa. Nordiska Afrikainstitutet,	256.20001220703125	350.37506103515625	6.0015869140625	195.32833862304688	67	ArialMT
Uppsala	256.3500061035156	360.82342529296875	6.00372314453125	22.8465576171875	67	ArialMT
UNODC (2013): www.unodc.org/westandcentralafrica/en/west-africa-coast-	247.8000030517578	369.2232666015625	6.00390625	216.29002380371094	67	ArialMT
initiative.html	256.20001220703125	379.8798828125	5.995269775390625	39.21429443359375	67	ArialMT
Verschave. F.-X. (2002): Noir silence. Qui arretera la Francafrique? Paris	247.8000030517578	388.4732666015625	6.049072265625	202.45851135253906	67	Arial-ItalicMT
Wiese. B. (2000): Westafrikas atlantische Fassade -Geopolitik einer Krisen­	247.8000030517578	398.07489013671875	6.048248291015625	213.04798889160156	67	Arial-ItalicMT
region. Geographische Rundschau 52 (11), S. 60-61	256.04998779296875	407.67242431640625	6.005035400390625	144.67120361328125	67	ArialMT
SUMMARY	267.75	449.5277099609375	9.999755859375	51.04736328125	68	Arial-BoldMT
Western Africa: Economic Development,	267.1499938964844	470.4991149902344	8.003936767578125	153.9044189453125	69	Arial-BoldMT
Geopolitical Interests and Regional Integration	267.45001220703125	482.6496887207031	8.003143310546875	179.003662109375	69	Arial-BoldMT
by Martin Doevenspeck	266.8500061035156	500.96112060546875	8.001373291015625	83.22296142578125	70	Arial-ItalicMT
Among the contrasts of Western Africa are the	266.70001220703125	519.1986083984375	8.003997802734375	185.74566650390625	71	ArialMT
boom country of Ghana and islands of democracy	267.1499938964844	531.3480224609375	8.004913330078125	185.87255859375	71	ArialMT
such as Benin and Senegal, but also the collapse	266.8500061035156	543.4981689453125	8.004638671875	185.70907592773438	71	ArialMT
of political authority in the narco-state of Guinea-	266.8499755859375	555.6492919921875	8.003173828125	185.53500366210938	71	ArialMT
Bissau the and complex political conflicts in Mali	267.1499938964844	567.7977294921875	8.005096435546875	185.089599609375	71	ArialMT
and Nigeria. This essay will outline those diverse	266.54998779296875	579.7980346679688	8.00482177734375	185.87069702148438	71	ArialMT
processes in Western Africa and thus providing an	266.8500061035156	591.947998046875	8.004913330078125	185.44631958007812	71	ArialMT
introduction to the socio-political, economic and	266.8500061035156	603.94580078125	8.007659912109375	185.29818725585938	71	ArialMT
environmental problems of the region which will	266.70001220703125	616.10107421875	8.000885009765625	185.88262939453125	71	ArialMT
be featured in this edition.	266.8500061035156	628.0997314453125	8.0025634765625	96.19573974609375	71	ArialMT
AUTOR	266.54998779296875	690.7294921875	9.997390747070312	33.020599365234375	72	Arial-BoldMT
Professor Dr. MARTIN DOEVENSPECK, geb. 1968	266.70001220703125	711.04248046875	6.5034637451171875	150.2760009765625	73	ArialMT
Professur für Raumbezogene Konfliktforschung,	266.70001220703125	720.492919921875	6.5028839111328125	147.59335327148438	73	ArialMT
Universität Bayreuth, 95440 Bayreuth	266.54998779296875	730.2413330078125	6.5050201416015625	113.21670532226562	73	ArialMT
doevenspeckf9uni-bayreuth.de	266.3999938964844	739.4930419921875	6.5027008056640625	93.22476196289062	73	ArialMT
Arbeitsgebiete/Forschungsschwerpunkte:	266.1000061035156	748.6453247070312	6.4997406005859375	128.44158935546875	73	ArialMT
Risiko- und Konfliktforschung, West- und Zentralafrika	266.54998779296875	758.445556640625	6.4993896484375	167.70611572265625	73	ArialMT
11	523.0499877929688	806.6209106445312	12.02420425415039	10.53131103515625	74	ArialNarrow
