Probleme der Entwicklung und Struktur ausgewählter ostafrikanischer Städte	115.05000305175781	83.05645751953125	14.03717041015625	450.88011169433594	0	TimesNewRomanPSMT
Von Dr. Manfred Haak, Ilmenau	273.45001220703125	106.2318115234375	8.52569580078125	141.13357543945312	1	TimesNewRomanPS-ItalicMT
(Mit2 Figuren im Text)	296.54998779296875	124.08056640625	8.5042724609375	94.72286987304688	2	TimesNewRomanPSMT
Problems of Developmentand Structure	138.75	167.644775390625	9.003662109375	152.0283203125	3	TimesNewRomanPSMT
of selected EastAfrican Towns	155.5500030517578	178.2945556640625	9.00390625	120.33055114746094	3	TimesNewRomanPSMT
Summary: Starting from the historical development of	108.1500015258789	193.3172607421875	8.003662109375	222.9330062866211	4	TimesNewRomanPSMT
towns in EastAfrica the article in general outlines deals	98.8499984741211	204.26727294921875	8.003662109375	233.12653350830078	4	TimesNewRomanPSMT
with the problems of urbanization, population movements,	99.1500015258789	214.9169921875	8.0040283203125	230.9100570678711	4	TimesNewRomanPSMT
structure of town populations and Segregation of ethnic	98.55000305175781	225.71795654296875	8.00274658203125	233.61900329589844	4	TimesNewRomanPSMT
and religious groups. Detailed descriptions are given by	98.69999694824219	236.51708984375	8.00384521484375	231.77891540527344	4	TimesNewRomanPSMT
the author, who was on Service in EastAfrica from 1964	99.0	247.46624755859375	8.0050048828125	231.10964965820312	4	TimesNewRomanPSMT
to 1967, for Zanzibar, Mombasa, Dar-es-Salaam and Nairobi.	98.69999694824219	258.11932373046875	8.0009765625	231.1735382080078	4	TimesNewRomanPSMT
These are especially concerned withSituation, development,	98.55000305175781	268.9169921875	8.0040283203125	231.9345245361328	4	TimesNewRomanPSMT
factors causing the formation of towns, physiognomy and	99.30000305175781	279.56707763671875	8.00384521484375	230.85752868652344	4	TimesNewRomanPSMT
functional structure.	99.30000305175781	290.51800537109375	8.002685546875	79.71160888671875	4	TimesNewRomanPSMT
npoikieMbi pasBHTun n eTpyKTypu BLioopomiux boctoiuo-	99.44999694824219	330.69671630859375	10.551239013671875	230.1233367919922	5	CourierNewPSMT
a$pHKancKiix ropojon	172.1999969482422	341.0463562011719	9.0015869140625	85.25538635253906	5	TimesNewRomanPSMT
PeaiOMe: Hcxo^a n.3 HCTopaqecKoro pa3BUTHa ropojjcKHX	108.30000305175781	356.88262939453125	8.501556396484375	221.75794982910156	6	TimesNewRomanPSMT
nocejieHHÄ b BocToanofi A$pnKe, b cTaTbe paccwaTpHBaioTca	99.44999694824219	367.6780700683594	8.5074462890625	230.4690399169922	6	TimesNewRomanPSMT
b oömeM npoßjieMbi ypöaHH3aijHH, nepeMemeiiaa Haceneuaa,	99.5999984741211	378.4844665527344	8.49920654296875	230.03861236572266	6	TimesNewRomanPSMT
cocTaßa ropoacKoro naceneHna n cerperagna OT^ejibHux	100.19999694824219	389.13140869140625	8.503143310546875	229.7527618408203	6	TimesNewRomanPSMT
»THoaorHaecKHx h peanrH03Hux rpynn. ÄBTop, KOTopuii	99.5999984741211	399.9300231933594	8.504913330078125	230.3018569946289	6	TimesNewRomanPSMT
c 1964 no 1967 roa paöoTaa b boctohhoü A^pane, noapoöno	99.75	410.7334899902344	8.500457763671875	232.05606079101562	6	TimesNewRomanPSMT
ocTanaßjiHBaeTca na ropoflax 3an3HÖap, MoMoaca, J(ap-3c-	99.75	421.5300598144531	8.5048828125	230.14913940429688	6	TimesNewRomanPSMT
CanaM h Hatipoön. Ilpa stom ocoöeHHo paccMaipHBaioTca	100.3499984741211	432.17962646484375	8.50543212890625	229.79645538330078	6	TimesNewRomanPSMT
BonpocH nonO/Keiiaa, pa3BHTna, uaanana rpaaooöpa3yio-	99.9000015258789	442.97845458984375	8.506988525390625	230.28990936279297	6	TimesNewRomanPSMT
max $aKTopoB, BHemnero BHjja n o6pa3OBanaa $yHKnno-	100.3499984741211	453.48284912109375	8.50128173828125	229.75199127197266	6	TimesNewRomanPSMT
naabnux KBapTaaoB.	100.3499984741211	463.9839172363281	8.499908447265625	80.28946685791016	6	TimesNewRomanPSMT
Einleitung	195.4499969482422	504.845947265625	9.002197265625	38.852386474609375	7	TimesNewRomanPSMT
Es gibt noch sehr wenig Literatur zur Siedlungs-	109.6500015258789	521.13037109375	8.504486083984375	220.5423812866211	8	TimesNewRomanPSMT
bzw. Stadtgeographie ostafrikanischer Länder. Angaben	99.75	531.781982421875	8.50238037109375	230.59991455078125	8	TimesNewRomanPSMT
finden sich vereinzelt in Quellen verschiedenster Art.	99.30000305175781	542.5816040039062	8.50286865234375	231.45713806152344	8	TimesNewRomanPSMT
Sie behandeln meist nur eine einzelno Stadtoder ein	100.05000305175781	553.2306518554688	8.504150390625	230.3708953857422	8	TimesNewRomanPSMT
stadtgeographisches Teilproblem. Aus neuerer Zeit	99.44999694824219	564.0313720703125	8.503143310546875	234.48585510253906	8	TimesNewRomanPSMT
liegen Stadtmonographien für Dar-es-Salaam {Blij,	99.44999694824219	574.6819458007812	8.524169921875	230.35179138183594	8	TimesNewRomanPS-ItalicMT
1963; Schneider, 1965), Nairobi (Walmsley, 1957) und	101.55000305175781	585.3309326171875	8.525680541992188	228.5984344482422	8	TimesNewRomanPS-ItalicMT
Zanzibar {Haak, 1969) vor. Eine UNESCO-Veröffent­	100.3499984741211	595.8309326171875	8.525726318359375	230.84085845947266	8	TimesNewRomanPS-ItalicMT
lichung (1956) behandelt einige Probleme der Städte	99.44999694824219	606.6312866210938	8.503372192382812	230.74012756347656	8	TimesNewRomanPSMT
Afrikas südlichder Sahara. Gemeinsam mitregelmäßig	99.30000305175781	617.4310302734375	8.503692626953125	230.83631896972656	8	TimesNewRomanPSMT
veröffentlichten Berichten einzelner Fachministerien	99.1500015258789	628.0806884765625	8.504058837890625	230.88701629638672	8	TimesNewRomanPSMT
der ostafrikanischen Länder enthalten sie wichtige	99.30000305175781	638.730712890625	8.504058837890625	230.6521759033203	8	TimesNewRomanPSMT
Angaben zu den wirtschaftlichen Grundlagen der	99.75	649.38134765625	8.503250122070312	230.300537109375	8	TimesNewRomanPSMT
Städte.	101.0999984741211	659.43310546875	8.500991821289062	29.166175842285156	8	TimesNewRomanPSMT
Unter britischer Anleitung wurde in den meisten	109.05000305175781	672.930908203125	8.503814697265625	220.79884338378906	9	TimesNewRomanPSMT
Städten ein Town-Planning-Office eingerichtet, das in	100.3499984741211	683.7312622070312	8.503372192382812	229.5236587524414	9	TimesNewRomanPSMT
seiner Arbeitsrichtung etwa dem Liegenschaftsdienst	99.0	694.380859375	8.503822326660156	234.55743408203125	9	TimesNewRomanPSMT
der DDR entspricht.	99.9000015258789	704.7338256835938	8.500083923339844	89.00371551513672	9	TimesNewRomanPSMT
Die letzten Volkszählungen, deren Gesamtergebnisse	108.75	718.0811157226562	8.503456115722656	221.16448974609375	10	TimesNewRomanPSMT
dem Verfasser Vorlagen, fanden in Dar-es-Salaam 1957,	99.44999694824219	728.730712890625	8.504058837890625	229.95750427246094	10	TimesNewRomanPSMT
in Mombasa und Nairobi 1962 und in Zanzibar 1958	100.05000305175781	739.5315551757812	8.502998352050781	229.4685821533203	10	TimesNewRomanPSMT
statt. Einzelangaben zur Bevölkerung konnten ver­	99.44999694824219	750.332763671875	8.501411437988281	230.53050231933594	10	TimesNewRomanPSMT
schiedenen Veröffentlichungen, die bis 1969 erschienen	347.8500061035156	168.630615234375	8.504150390625	233.07479858398438	11	TimesNewRomanPSMT
sind, entnommen werden.	347.8500061035156	179.43060302734375	8.504150390625	111.08615112304688	11	TimesNewRomanPSMT
Der Autor war von 1964 bis 1967 als Fachlehrer in	357.45001220703125	191.13055419921875	8.5042724609375	223.36944580078125	11	TimesNewRomanPSMT
Ostafrika tätig und hatte Gelegenheit, dort stadt­	348.29998779296875	201.9310302734375	8.50360107421875	234.7874755859375	11	TimesNewRomanPSMT
geographische Studien zu betreiben. Den Ausführungen	347.8500061035156	212.43115234375	8.50347900390625	233.38735961914062	11	TimesNewRomanPSMT
dieses Artikels wurde als wissenschaftliche Konzeption	348.1499938964844	223.2301025390625	8.50482177734375	233.28268432617188	11	TimesNewRomanPSMT
die Theorie der ökonomischen Geographie {Schmidt-	348.29998779296875	233.88104248046875	8.52618408203125	232.83099365234375	11	TimesNewRomanPS-ItalicMT
Renner, 1966) und besonders der städtebildenden	349.3500061035156	244.68231201171875	8.52423095703125	232.23013305664062	11	TimesNewRomanPS-ItalicMT
Faktoren {Schmidt-Renner, 1958) zugrunde gelegt. Auf	348.8999938964844	255.333984375	8.52215576171875	233.15744018554688	11	TimesNewRomanPS-ItalicMT
dieser Basis wurde die vorhandene Literatur kritisch	349.04998779296875	266.130126953125	8.50482177734375	235.334716796875	11	TimesNewRomanPSMT
ausgewertet.	349.79998779296875	276.93756103515625	8.49517822265625	51.9366455078125	11	TimesNewRomanPSMT
Die Dringlichkeit des Studiums der Städte Ost­	359.1000061035156	288.48101806640625	8.50360107421875	223.90280151367188	11	TimesNewRomanPSMT
afrikas istin der Gegenwartoffenkundig. Diese Städte	349.5	299.1304931640625	8.50433349609375	232.515869140625	11	TimesNewRomanPSMT
waren in der Kolonialzeit Zentren der Herrschaft-	349.6499938964844	309.48089599609375	8.5037841796875	232.45065307617188	11	TimesNewRomanPSMT
imperialistischer Mächte, die sie für ihre Zwecke an­	349.6499938964844	320.2809753417969	8.503692626953125	232.48049926757812	11	TimesNewRomanPSMT
gelegthatten oder denen sie durch Gesetze, Vorgaben	348.75	330.93121337890625	8.503387451171875	232.92669677734375	11	TimesNewRomanPSMT
und Investitionen unter weitgehenden Veränderungen	348.45001220703125	341.43109130859375	8.5035400390625	233.27886962890625	11	TimesNewRomanPSMT
den Stempel ihrer Bautradition aufgeprägt haben.	348.1499938964844	352.3810729980469	8.503570556640625	232.65304565429688	11	TimesNewRomanPSMT
Nachdem die Städte Sitz afrikanischer Regierungen	348.0	363.03253173828125	8.501678466796875	233.39276123046875	11	TimesNewRomanPSMT
und Verwaltungen geworden sind, beginnteine kritische	347.8500061035156	373.6814270019531	8.50311279296875	233.44235229492188	11	TimesNewRomanPSMT
Überprüfung vorliegender Gestaltungsvorstellungen und	347.8500061035156	384.3318176269531	8.50262451171875	232.95797729492188	11	TimesNewRomanPSMT
ein Suchen nach neuen Wegen.	347.70001220703125	395.2822570800781	8.502044677734375	136.85305786132812	11	TimesNewRomanPSMT
Die wirtschaftliche und politische Zusammenarbeit	357.1499938964844	406.9815368652344	8.50299072265625	227.54299926757812	11	TimesNewRomanPSMT
der sozialistischen Länder mitden Staaten Ostafrikas	347.8500061035156	417.6308898925781	8.503814697265625	234.59164428710938	11	TimesNewRomanPSMT
nimmt in der Gegenwart rasch an Intensitätzu. Die	348.0	428.2811279296875	8.503509521484375	232.70404052734375	11	TimesNewRomanPSMT
Städte bieten in besonderem Maße örtliche Fixpunkte	348.8999938964844	438.9302673339844	8.504608154296875	231.63223266601562	11	TimesNewRomanPSMT
für solche Beziehungen. Die Untersuchung der Gesamt­	348.1499938964844	449.4308776855469	8.503814697265625	233.61618041992188	11	TimesNewRomanPSMT
problematik der Städte erleichtertdie Entscheidungs­	348.29998779296875	460.2310485839844	8.503631591796875	233.23052978515625	11	TimesNewRomanPSMT
findung besonders in Fragen der Strukturpolitik und	348.29998779296875	470.8805236816406	8.504302978515625	232.64459228515625	11	TimesNewRomanPSMT
der Entwicklung der Standortverteilung.	348.29998779296875	481.6810302734375	8.503631591796875	174.14227294921875	11	TimesNewRomanPSMT
1. Die Entwicklung der Städte in Ostafrika	383.25	508.29150390625	9.00787353515625	163.89892578125	12	TimesNewRomanPSMT
Die ersten Städte an der Küste Ostafrikas waren	357.8999938964844	524.4306030273438	8.50421142578125	222.89553833007812	13	TimesNewRomanPSMT
Niederlassungen des Handels, des Transports, des	348.29998779296875	535.0802612304688	8.50469970703125	234.17523193359375	13	TimesNewRomanPSMT
Handwerks sowie Schutz- und Herrschaftssiedlungen.	348.45001220703125	545.7305908203125	8.50421142578125	232.27593994140625	13	TimesNewRomanPSMT
In der Umgebung der Städte wurden mit Sklaven­	348.45001220703125	556.3809814453125	8.503662109375	232.6304931640625	13	TimesNewRomanPSMT
arbeitgroße Latifundien bewirtschaftet. Ihre Erträge	348.0	567.1815185546875	8.503021240234375	232.72705078125	13	TimesNewRomanPSMT
wurden von den in der Stadtlebenden Grundbesitzern	348.1499938964844	577.8309326171875	8.503814697265625	232.72592163085938	13	TimesNewRomanPSMT
im Prinzip ohne Gegenleistung eingezogen. Wahrend	347.8500061035156	588.48046875	8.504379272460938	232.79867553710938	13	TimesNewRomanPSMT
so die Verbindung zum angrenzenden Territorium nur	349.3500061035156	599.280517578125	8.504287719726562	231.62124633789062	13	TimesNewRomanPSMT
einseitig war, bestand lebhafter Fernhandel mit der	349.20001220703125	609.9305419921875	8.5042724609375	231.92626953125	13	TimesNewRomanPSMT
Somaliküste, Südarabien, Persien und Indien, haupt­	349.5	620.5821533203125	8.502166748046875	232.8458251953125	13	TimesNewRomanPSMT
sächlich mitden Gebieten, aus denen ein Großteil der	348.29998779296875	631.2305297851562	8.504287719726562	232.97625732421875	13	TimesNewRomanPSMT
Stadtbewohner zugewandert war.	348.75	642.0325927734375	8.501556396484375	144.32818603515625	13	TimesNewRomanPSMT
Die Küstenstädte Ostafrikas weisen in den älteren	357.29998779296875	653.7310791015625	8.503570556640625	223.102294921875	13	TimesNewRomanPSMT
Teilen einen starken arabischen Einfluß auf. Sie ent­	347.70001220703125	664.3809814453125	8.503677368164062	234.39080810546875	13	TimesNewRomanPSMT
standen zu einer Zeit, als die arabischen Händler als	347.54998779296875	675.03173828125	8.502655029296875	234.74896240234375	13	TimesNewRomanPSMT
Träger einer höheren Produktionsweise die Stadtkultur	347.70001220703125	685.6803588867188	8.5045166015625	233.1646728515625	13	TimesNewRomanPSMT
nach Ostafrika übertrugen. Die Afrikaner befanden	347.70001220703125	696.33203125	8.502296447753906	233.01318359375	13	TimesNewRomanPSMT
sich zu dieser Zeit noch in der Gentilverfassung; die	347.3999938964844	706.981201171875	8.503433227539062	233.53115844726562	13	TimesNewRomanPSMT
gesellschaftliche Arbeitsteilung war noch in den An­	347.3999938964844	717.6312255859375	8.503433227539062	233.23049926757812	13	TimesNewRomanPSMT
fängen, sodaß kaum Anlaß zur Entwicklung städtischer	347.70001220703125	728.4306640625	8.504173278808594	232.93597412109375	13	TimesNewRomanPSMT
Siedlungen bestand. Im entwickelten feudalen Staats­	348.29998779296875	739.0811157226562	8.503456115722656	232.48052978515625	13	TimesNewRomanPSMT
gebiet von Buganda (Teil Ugandas) wählte jeder	347.3999938964844	749.8818359375	8.50262451171875	233.47268676757812	13	TimesNewRomanPSMT
PM 1972, 3	36.45000076293945	52.015625	8.00579833984375	42.30177688598633	14	TimesNewRomanPSMT
M. Haak: Probleme der Entwicklung und Struktur ausgewählter ostafrikanischer Städte	112.3499984741211	52.4677734375	8.00299072265625	341.77674102783203	15	TimesNewRomanPSMT
177	504.45001220703125	50.4776611328125	9.9967041015625	13.94525146484375	16	TimesNewRomanPSMT
Kabaka (König) bei Amtsantritt einen Hügel in der	36.599998474121094	79.0811767578125	8.50347900390625	232.40055084228516	17	TimesNewRomanPSMT
Nähe der heutigen Hauptstadt Kampala für seine	36.599998474121094	89.88134765625	8.50323486328125	232.5340347290039	17	TimesNewRomanPSMT
Hofhaltung aus (Hickman, 1961; Marsh u. Kingsnorth,	36.75	99.9140625	9.4964599609375	231.6593017578125	17	TimesNewRomanPS-ItalicMT
1965). Diese Residenzen bestanden aus von Palisaden	37.5	111.1807861328125	8.50396728515625	231.78176879882812	17	TimesNewRomanPSMT
umgebenen Hütten. Andererseits hatten etwas später	36.150001525878906	122.132568359375	8.50164794921875	232.8473129272461	17	TimesNewRomanPSMT
die kolonialen Eroberer Grund, die Festungsbaukunst	35.70000076293945	132.78302001953125	8.5010986328125	236.8342399597168	17	TimesNewRomanPSMT
der ostafrikanischen Stämme, z. B. die vonden Wahehe	35.54999923706055	143.5809326171875	8.5037841796875	233.49849319458008	17	TimesNewRomanPSMT
befestigte Stadt Iringa (Loth, 1968), zu bewundern.	36.150001525878906	154.38037109375	8.52777099609375	232.5914535522461	17	TimesNewRomanPS-ItalicMT
Diese Leistungen wurden allerdings von der bürger­	36.0	165.1810302734375	8.50360107421875	233.68051147460938	17	TimesNewRomanPSMT
lichen Geschichtsschreibung weitgehend unterschlagen.	35.400001525878906	175.83270263671875	8.50146484375	233.68697357177734	17	TimesNewRomanPSMT
Der von den arabischen Faktoreien und Küsten­	45.150001525878906	193.2318115234375	8.50262451171875	224.08049774169922	18	TimesNewRomanPSMT
städten ausgehende Handel erbrachte keine Förderung	35.25	203.881103515625	8.5035400390625	233.88528442382812	18	TimesNewRomanPSMT
der Wirtschaft der afrikanischen Stammesverbände,	34.95000076293945	214.831787109375	8.502685546875	233.76896286010742	18	TimesNewRomanPSMT
da als Exportwaren Produkte der Jagd und des Sam­	35.54999923706055	225.48101806640625	8.50360107421875	233.98051834106445	18	TimesNewRomanPSMT
melns gefordert wurden (darunter auch der Export	35.25	236.13037109375	8.5045166015625	237.48593139648438	18	TimesNewRomanPSMT
von Sklaven) und die Importe zum Niedergang des	35.400001525878906	247.08050537109375	8.50433349609375	235.52526092529297	18	TimesNewRomanPSMT
eigenen Hausgewerbes (z. B. der Schmiede) beitrugen.	34.650001525878906	257.73101806640625	8.50360107421875	234.19539642333984	18	TimesNewRomanPSMT
Die in der Gegenwart wichtigen Städte Ostafrikas	35.25	268.382080078125	8.50225830078125	235.79409790039062	18	TimesNewRomanPSMT
gehen nur zum Teil auf die arabische Zeit zurück.	35.099998474121094	279.18145751953125	8.5030517578125	233.90177154541016	18	TimesNewRomanPSMT
Die meisten der als arabisch/persische Gründungen	36.0	289.8310546875	8.50360107421875	233.37484741210938	18	TimesNewRomanPSMT
angelegten Städte sind heute bedeutungslos oder	35.099998474121094	300.7808837890625	8.50384521484375	234.31534576416016	18	TimesNewRomanPSMT
Ruinen; nur Mombasa (ab 1000) und Zanzibar (ab	35.849998474121094	311.1307373046875	8.5040283203125	234.82654571533203	18	TimesNewRomanPSMT
1700), die als Häfen für Segelschiffe in geschützter	36.599998474121094	321.9303283691406	8.504547119140625	232.8383560180664	18	TimesNewRomanPSMT
Insellage entstanden waren, sind heute größere Städte.	35.54999923706055	332.73101806640625	8.503662109375	233.08330154418945	18	TimesNewRomanPSMT
Mit der Kolonisierung und dem Bahnbau hatte für	44.849998474121094	351.1810302734375	8.503631591796875	224.42691802978516	19	TimesNewRomanPSMT
Mombasa ein zweiter Entwicklungsabschnittbegonnen,	35.70000076293945	361.9825134277344	8.501739501953125	232.98691940307617	19	TimesNewRomanPSMT
zugleichwar die Gründung vonDar-es-Salaam, Nairobi	35.25	372.780517578125	8.504302978515625	233.27279663085938	19	TimesNewRomanPSMT
und Kampala erfolgt. Die erste Industriestadt Ost­	35.25	383.5805358886719	8.504302978515625	234.67465209960938	19	TimesNewRomanPSMT
afrikas, Jinja, wurde erstin neuer Zeitim Zusammen­	34.79999923706055	394.2303466796875	8.5045166015625	234.43050003051758	19	TimesNewRomanPSMT
hang mitder Energiegewinnung am Owen-Fall-Damm	34.95000076293945	405.031005859375	8.503662109375	234.90861129760742	19	TimesNewRomanPSMT
ab 1949 aufgebaut. Trotz der europäischen Kolonisie­	35.25	415.8310852050781	8.50360107421875	233.83050537109375	19	TimesNewRomanPSMT
rung blieb in Städten wie Mombasa und Zanzibar sowie	35.400001525878906	426.6300354003906	8.504913330078125	233.28081512451172	19	TimesNewRomanPSMT
in zahlreichen kleineren Küstenstädten der orientalische	35.25	437.43231201171875	8.501953125	233.070068359375	19	TimesNewRomanPSMT
Charakter der Altstadtteile erhalten. Allerdings sind die	34.79999923706055	448.23077392578125	8.50396728515625	233.87422561645508	19	TimesNewRomanPSMT
alten Kerne von der jüngeren Entwicklung umgangen	34.650001525878906	458.88226318359375	8.502044677734375	234.09032440185547	19	TimesNewRomanPSMT
worden und befinden sich in vielen Fällen heute in	34.79999923706055	469.83087158203125	8.50384521484375	233.87367630004883	19	TimesNewRomanPSMT
randlicher Lage. Deshalb konnte die verwirrende An­	34.79999923706055	480.63134765625	8.50323486328125	234.13051223754883	19	TimesNewRomanPSMT
ordnung der engen und gewundenen Gassen erhalten	34.650001525878906	491.13153076171875	8.50299072265625	233.77352142333984	19	TimesNewRomanPSMT
bleiben. Häufig lehnen sich die Altstadtteile an Be­	35.099998474121094	502.081787109375	8.502685546875	233.38050079345703	19	TimesNewRomanPSMT
fes tigungen an und sind teilweise selbst noch von	35.25	512.780517578125	8.504302978515625	234.89959716796875	19	TimesNewRomanPSMT
Mauern umgeben. Typisch für sie alle sind Basare,	35.54999923706055	523.5308837890625	8.503814697265625	231.7236213684082	19	TimesNewRomanPSMT
Märkte und Moscheen.	36.45000076293945	534.1827392578125	8.50140380859375	95.33739852905273	19	TimesNewRomanPSMT
Der Kolonialismus hatte die Wirtschaft der ost­	44.099998474121094	548.2811279296875	8.503570556640625	224.13202667236328	20	TimesNewRomanPSMT
afrikanischen Territorien völlig deformiert und den	34.20000076293945	559.0809326171875	8.503814697265625	232.8120231628418	20	TimesNewRomanPSMT
Interessen der europäischen Staaten, insbesondere	34.5	569.580322265625	8.504501342773438	231.99102783203125	20	TimesNewRomanPSMT
Großbritanniens, untergeordnet. Typischwar vor allem	34.650001525878906	580.38037109375	8.5045166015625	233.01720428466797	20	TimesNewRomanPSMT
die Orientierung auf bestimmte Spezialprodukte, für	33.29999923706055	591.0311279296875	8.5035400390625	233.02791213989258	20	TimesNewRomanPSMT
die das volle Absatzrisiko auf dem kapitalistischen	33.45000076293945	601.831787109375	8.502593994140625	232.17850875854492	20	TimesNewRomanPSMT
Weltmarktgetragen werden mußte. Eine entsprechend	34.20000076293945	612.6314086914062	8.50311279296875	231.5915641784668	20	TimesNewRomanPSMT
einseitige Entwicklung war weiter typisch für die	33.0	623.28125	8.503372192382812	232.67422485351562	20	TimesNewRomanPSMT
Grundlage der Infrastruktur. Von der Küste ins	34.04999923706055	633.9306030273438	8.50421142578125	233.08989334106445	20	TimesNewRomanPSMT
Landesinnere ausgehende Stichbahnen verbanden die	33.45000076293945	644.7312622070312	8.503372192382812	231.9242057800293	20	TimesNewRomanPSMT
Rohstoffgebiete mitden Häfen.	33.75	655.8306884765625	8.504058837890625	132.97628784179688	20	TimesNewRomanPSMT
In den Städten entstanden im Gefolge der Auf­	42.29999923706055	670.683837890625	8.5	223.0305061340332	21	TimesNewRomanPSMT
bereitung und Verarbeitung agrarischer Produkte sowie	32.70000076293945	681.1825561523438	8.501663208007812	232.21390914916992	21	TimesNewRomanPSMT
des Bahnanschlusses neue Stadtviertel. Für Europäer	32.54999923706055	692.13037109375	8.504486083984375	232.14784622192383	21	TimesNewRomanPSMT
entwickelten sich in bevorzugter Lage ausgedehnte	32.25	702.7811889648438	8.503433227539062	232.3057861328125	21	TimesNewRomanPSMT
Villenviertel, die indische Bevölkerungsgruppe erschloß	32.400001525878906	713.2848510742188	8.498695373535156	231.57579803466797	21	TimesNewRomanPSMT
sich Siedlungsgebiete in Anlehnung an die Geschäfts­	31.799999237060547	724.3804321289062	8.504386901855469	232.93050003051758	21	TimesNewRomanPSMT
zentren der Städte, während die afrikanische Stadt­	32.25	734.8810424804688	8.503623962402344	233.22677612304688	21	TimesNewRomanPSMT
bevölkerung mit überwiegend geringem Einkommen	32.25	745.530517578125	8.5042724609375	231.568359375	21	TimesNewRomanPSMT
12 1»M 1072, 3	33.29999923706055	768.2825927734375	7.000602722167969	50.99968338012695	22	Sylfaen
sich in der Nähe der Verkehrsanlagen und Verarbei­	285.75	79.53070068359375	8.50408935546875	232.6304931640625	23	TimesNewRomanPSMT
tungsbetriebe in Richtung auf den Stadtrand zu	286.04998779296875	90.183349609375	8.5006103515625	231.45703125	23	TimesNewRomanPSMT
ansiedelte. Afrikaner und Araber bewohnen oftgemein­	286.04998779296875	100.98199462890625	8.50238037109375	232.1805419921875	23	TimesNewRomanPSMT
sam die engbebauten Altstadtteile. Für die Hütten­	286.04998779296875	111.6307373046875	8.5040283203125	231.73052978515625	23	TimesNewRomanPSMT
viertel der Afrikaner wurden notwendige hygienische	286.04998779296875	122.28082275390625	8.50390625	231.93560791015625	23	TimesNewRomanPSMT
und soziale Einrichtungen nur in ungenügendem Maße	286.3500061035156	133.23052978515625	8.5042724609375	231.26571655273438	23	TimesNewRomanPSMT
geschaffen. Dennoch wurde die immer wieder auf­	286.04998779296875	143.8818359375	8.50262451171875	232.48052978515625	23	TimesNewRomanPSMT
kommende Tendenz zur Bildung ausgesprochener	286.20001220703125	154.68084716796875	8.50384521484375	231.85308837890625	23	TimesNewRomanPSMT
Slumbezirke durch rigorose Verwaltungsmaßnahmen	287.1000061035156	165.33111572265625	8.5035400390625	230.70407104492188	23	TimesNewRomanPSMT
niedergehalten oder Ansätze wieder beseitigt.	286.20001220703125	176.13055419921875	8.5042724609375	195.72882080078125	23	TimesNewRomanPSMT
Durch langfristige Vorgaben, die bis an die Gegen­	295.79998779296875	191.13275146484375	8.50140380859375	223.030517578125	24	TimesNewRomanPSMT
wart heranreichen, haben die ehemaligen Kolonial­	286.3500061035156	201.78070068359375	8.50408935546875	232.18051147460938	24	TimesNewRomanPSMT
mächte versucht, auchdie Zukunftder ostafrikanischen	286.3500061035156	212.58233642578125	8.501953125	231.17245483398438	24	TimesNewRomanPSMT
Städte zu bestimmen. So war die Planung für Nairobi,	286.95001220703125	223.23101806640625	8.50360107421875	230.494873046875	24	TimesNewRomanPSMT
der „Master Plan for a Colonial Capital“ (Nairobi, 1948)	286.3500061035156	233.880126953125	8.50482177734375	230.99282836914062	24	TimesNewRomanPSMT
auf 25 Jahre angelegt. Nach der Erringung der staat­	286.3500061035156	244.6805419921875	8.5042724609375	233.11508178710938	24	TimesNewRomanPSMT
lichen Selbständigkeit (Tanganjika 9. Dezember 1962,	286.3500061035156	255.33062744140625	8.50421142578125	230.78982543945312	24	TimesNewRomanPSMT
Zanzibar 10. Dezember 1963, Uganda 9. Oktober 1962,	286.5	266.13043212890625	8.50439453125	230.469482421875	24	TimesNewRomanPSMT
Kenia 12. Dezember 1964) begann die tatsächliche	286.79998779296875	276.93316650390625	8.5008544921875	230.69573974609375	24	TimesNewRomanPSMT
Entwicklung der Städte stärker von diesen Vorgaben	286.79998779296875	287.58087158203125	8.50384521484375	230.829833984375	24	TimesNewRomanPSMT
abzuweichen. Neuere Entwicklungstendenzen der	286.5	298.382080078125	8.50225830078125	231.36669921875	24	TimesNewRomanPSMT
Städte spiegeln das Streben nach ökonomischer Unab­	287.25	309.18115234375	8.50347900390625	231.1304931640625	24	TimesNewRomanPSMT
hängigkeitvom Imperialismus, nach Überwindung der	286.3500061035156	319.6810607910156	8.503570556640625	231.66665649414062	24	TimesNewRomanPSMT
Rassendiskriminierung und nach politischer Gleich­	286.5	330.3308410644531	8.50390625	231.73052978515625	24	TimesNewRomanPSMT
berechtigung aller Bevölkerungsteile wider.	286.3500061035156	341.1330871582031	8.5009765625	184.37954711914062	24	TimesNewRomanPSMT
Das Wesen der ökonomischen Unabhängigkeitwird	295.5	356.13104248046875	8.503631591796875	222.1934814453125	25	TimesNewRomanPSMT
jedoch von den einzelnen Staaten je nach ihrer politi­	285.8999938964844	366.9305114746094	8.504302978515625	231.88052368164062	25	TimesNewRomanPSMT
schen Orientierung unterschiedlich aufgefaßt (Thole,	286.04998779296875	377.5814514160156	8.526092529296875	231.19384765625	25	TimesNewRomanPS-ItalicMT
1969 b). Dieser Differenzierungsprozeß, der vor allem	286.79998779296875	388.2310791015625	8.503570556640625	231.34722900390625	25	TimesNewRomanPSMT
durchdie Wahl des Entwicklungsweges gekennzeichnet	285.8999938964844	399.03326416015625	8.500732421875	234.63180541992188	25	TimesNewRomanPSMT
ist, läßtsich auch unter den ostafrikanischen Staaten	285.6000061035156	409.8309020996094	8.503814697265625	231.35104370117188	25	TimesNewRomanPSMT
feststellen. Im Unterschied zu Kenia ist Tanzania	285.6000061035156	420.6324768066406	8.50177001953125	231.34469604492188	25	TimesNewRomanPSMT
(Thole, 1969 a) bemüht, den nichtkapitalistischen	286.3500061035156	431.2808837890625	8.5255126953125	230.04458618164062	25	TimesNewRomanPS-ItalicMT
Entwicklungsweg zu beschreiten. Der nichtkapitalisti­	286.04998779296875	441.7814025878906	8.503143310546875	231.4305419921875	25	TimesNewRomanPSMT
sche Weg bildet eine besondere Form des Übergangs	285.6000061035156	452.3318176269531	8.50262451171875	233.04293823242188	25	TimesNewRomanPSMT
ehemaliger kolonialer oder abhängiger Länder, in	285.75	463.38348388671875	8.500457763671875	230.97906494140625	25	TimesNewRomanPSMT
denen vorkapitalistische Produktionsverhältnisse herr­	285.6000061035156	474.031494140625	8.503021240234375	231.58047485351562	25	TimesNewRomanPSMT
schen bzw. die kapitalistischen noch nicht herrschend	285.6000061035156	484.8319091796875	8.50250244140625	230.73916625976562	25	TimesNewRomanPSMT
geworden sind, zum Sozialismus. Die imperialistischen	285.1499938964844	495.48046875	8.504364013671875	230.90542602539062	25	TimesNewRomanPSMT
Länder setzen alle Mittel ein, um diese Entwicklung	285.29998779296875	506.4306945800781	8.504058837890625	231.263427734375	25	TimesNewRomanPSMT
zu behindern.	285.29998779296875	517.6806640625	8.504058837890625	58.3245849609375	25	TimesNewRomanPSMT
In seiner Untersuchung über das Handwerk und die	294.0	532.231201171875	8.503387451171875	222.32421875	26	TimesNewRomanPSMT
Kleinindustrie in Tanzania gibt K. Schädler (1968)	284.3999938964844	542.880859375	8.5269775390625	230.86801147460938	26	TimesNewRomanPS-ItalicMT
etwa folgende Ratschläge: Förderung der afrikanischen	284.25	553.5303344726562	8.50457763671875	232.14288330078125	26	TimesNewRomanPSMT
Kleinunternehmer als Kooperateure der Industrie, die	284.1000061035156	564.3311767578125	8.503387451171875	231.92422485351562	26	TimesNewRomanPSMT
sich in den Händen von Auslandskapital befindet.	283.95001220703125	574.9805908203125	8.504302978515625	216.44915771484375	26	TimesNewRomanPSMT
Abschaffung der Produzentengenossenschaften bei	293.54998779296875	590.58349609375	8.500457763671875	221.57318115234375	27	TimesNewRomanPSMT
gleichzeitiger Erweiterung der Einkaufs- und Markt­	283.04998779296875	601.5310668945312	8.503616333007812	233.361083984375	27	TimesNewRomanPSMT
genossenschaften (auf der Basis kapitalistischer Besitz­	283.04998779296875	612.0304565429688	8.504379272460938	232.48052978515625	27	TimesNewRomanPSMT
verhältnisse). Für die zukünftige Entwicklung wird die	283.04998779296875	622.83056640625	8.50421142578125	232.0814208984375	27	TimesNewRomanPSMT
Aufnahme vonAfrikanern in den Kreisder Industriellen	282.8999938964844	633.33056640625	8.504287719726562	231.39224243164062	27	TimesNewRomanPSMT
zur Sicherung der politischen Stabilität für günstig	282.75	644.13037109375	8.504486083984375	231.905029296875	27	TimesNewRomanPSMT
erachtet.	282.45001220703125	654.930419921875	8.504379272460938	36.3260498046875	27	TimesNewRomanPSMT
Die Konsequenz des kapitalistischen Entwicklungs­	291.29998779296875	669.630859375	8.50390625	223.18048095703125	28	TimesNewRomanPSMT
weges, den die Ratschläge Schädlers> propagieren, er­	282.0	680.1318359375	8.526229858398438	232.6304931640625	28	TimesNewRomanPS-ItalicMT
kannte Kahama, ein Politiker der TANU (Tanganyika	281.8500061035156	690.7808837890625	8.526626586914062	231.47195434570312	28	TimesNewRomanPS-ItalicMT
African National Union), sehr klar, wenn er feststellte:	281.70001220703125	701.4306640625	8.504058837890625	231.03021240234375	28	TimesNewRomanPSMT
„Wenn Tanganjika an die EWG gebunden wäre,	281.8500061035156	712.0806884765625	8.504058837890625	230.43942260742188	28	TimesNewRomanPSMT
würden seine Völker ewig Holzhacker und Wasser­	281.54998779296875	722.5810546875	8.503585815429688	232.18048095703125	28	TimesNewRomanPSMT
träger für den industrialisierten Westen bleiben“	281.25	733.0816650390625	8.502822875976562	231.16546630859375	28	TimesNewRomanPSMT
(Woddis, 1964, S. 139).	281.8500061035156	743.72998046875	8.526588439941406	97.34954833984375	28	TimesNewRomanPS-ItalicMT
184	132.89999389648438	55.0640869140625	9.4964599609375	13.195877075195312	29	TimesNewRomanPSMT
M. Haak: Probleme der Entwicklung und Struktur ausgewählter ostafrikanischer Städte	187.35000610351562	57.56671142578125	8.00433349609375	351.0768127441406	30	TimesNewRomanPSMT
PM 1972. 3	567.75	57.716796875	8.0042724609375	40.95172119140625	31	TimesNewRomanPSMT
Tabelle 10	342.45001220703125	83.82220458984375	7.99725341796875	49.49859619140625	32	TimesNewRomanPSMT
Die Entwicklung der Einwohneranzahl (nach amtl. Zählungen und Schätzungen)	235.5	100.853759765625	7.50335693359375	267.7975769042969	33	TimesNewRomanPSMT
1899	217.1999969482422	118.02227783203125	7.9971923828125	16.018966674804688	34	TimesNewRomanPSMT
1932	217.64999389648438	128.66741943359375	8.00347900390625	15.788894653320312	34	TimesNewRomanPSMT
1948	217.35000610351562	140.07476806640625	7.993896484375	15.974334716796875	34	TimesNewRomanPSMT
1954	217.5	150.874755859375	7.993896484375	15.974334716796875	34	TimesNewRomanPSMT
1957	217.1999969482422	161.5247802734375	7.993896484375	15.974334716796875	34	TimesNewRomanPSMT
1965	217.35000610351562	171.86798095703125	8.002685546875	15.600906372070312	34	TimesNewRomanPSMT
Lager für den Bahnbau	246.60000610351562	118.02032470703125	7.99969482421875	89.9227294921875	35	TimesNewRomanPSMT
91905	266.8500061035156	128.6697998046875	8.0003662109375	19.94580078125	35	TimesNewRomanPSMT
120 000 davon 65 000 Afrikaner, 38 000 Asiaten, 11	248.5500030517578	140.06793212890625	8.0028076171875	202.9506072998047	35	TimesNewRomanPSMT
190 000 davon 110 000 Afrikaner, 63 000 Asiaten, 17	248.39999389648438	150.8656005859375	8.00579833984375	203.10354614257812	35	TimesNewRomanPSMT
221 700 davon 115 000 Afrikaner, 84 000 Asiaten, 22	248.10000610351562	161.518798828125	8.00164794921875	203.3983154296875	35	TimesNewRomanPSMT
380000	261.45001220703125	171.8687744140625	8.00164794921875	24.907257080078125	35	TimesNewRomanPSMT
000Europäer	490.95001220703125	140.0675048828125	8.0032958984375	47.79559326171875	36	TimesNewRomanPSMT
000Europäer	490.79998779296875	150.869140625	8.001220703125	47.94561767578125	36	TimesNewRomanPSMT
200Europäer	490.79998779296875	161.51751708984375	8.0032958984375	47.79559326171875	36	TimesNewRomanPSMT
Eisenbahnverwaltung und übernahm auch die Provinz­	130.5	200.6304931640625	8.50433349609375	230.23049926757812	37	TimesNewRomanPSMT
verwaltung von Machakos. Das Klima war für die An-	130.64999389648438	211.23101806640625	8.50360107421875	229.23284912109375	37	TimesNewRomanPSMT
siodlung von Europäern außerordentlich günstig, da­	129.14999389648438	222.33135986328125	8.50323486328125	231.43051147460938	37	TimesNewRomanPSMT
gegen bereiteten der sumpfige Untergrund und die	129.3000030517578	232.9815673828125	8.5029296875	230.8813934326172	37	TimesNewRomanPSMT
Wasserversorgung der Stadt Schwierigkeiten. Diese	130.35000610351562	243.78240966796875	8.50189208984375	229.79592895507812	37	TimesNewRomanPSMT
Hindernisse konnte die sich entwickelnde Großstadt	130.5	254.43121337890625	8.50335693359375	233.27621459960938	37	TimesNewRomanPSMT
Nairobi in einem weiteren Rahmen lösen. Nach be­	130.1999969482422	265.2303466796875	8.5045166015625	230.38050842285156	37	TimesNewRomanPSMT
ginnender Besiedlung des Hochlands durch Europäer	129.60000610351562	276.03057861328125	8.5042724609375	230.78131103515625	37	TimesNewRomanPSMT
(,,White Highlands“) wurde Nairobi Einkaufs- und	130.1999969482422	286.6556396484375	8.5364990234375	229.7917022705078	37	TimesNewRomanPSMT
Versorgungszentrum der stärksten Konzentration von	130.64999389648438	297.4820556640625	8.50225830078125	231.72637939453125	37	TimesNewRomanPSMT
Europäern in Ostafrika, in deren Gefolge es auch zur	130.35000610351562	308.131103515625	8.5035400390625	229.86569213867188	37	TimesNewRomanPSMT
Ansiedlung zahlreicher Inder kam.	130.35000610351562	318.7802734375	8.504638671875	145.80453491210938	37	TimesNewRomanPSMT
Anfangs bestand Nairobi aus verschiedenen ge­	139.64999389648438	330.7801513671875	8.50482177734375	220.63052368164062	37	TimesNewRomanPSMT
trennten Teilen, die sich jeweils auch für sich ent­	130.35000610351562	341.28179931640625	8.502685546875	230.71420288085938	37	TimesNewRomanPSMT
wickelten. 1948 wurde der „Master Plan for a Colonial	130.5	351.931396484375	8.50311279296875	228.60928344726562	37	TimesNewRomanPSMT
Capital“ als Gesamtplanungsgrundlage des Stadt­	130.35000610351562	362.88067626953125	8.50408935546875	230.63192749023438	37	TimesNewRomanPSMT
gebiets aufgestellt. Er zielte auf die Entwicklung ge­	129.75	373.380859375	8.50384521484375	230.23049926757812	37	TimesNewRomanPSMT
trennter Geschäfts-, Wohn- und Industrieviertel. Zu	129.75	384.18048095703125	8.50433349609375	229.63327026367188	37	TimesNewRomanPSMT
dieser Zeit bestand bereits eine spontane Tendenz für	129.4499969482422	394.98126220703125	8.50335693359375	229.9558868408203	37	TimesNewRomanPSMT
diese Entwicklung. Durch den Plan konnte die enorme	129.4499969482422	405.630859375	8.50384521484375	229.73426818847656	37	TimesNewRomanPSMT
Entwicklung nachdem zweiten Weltkrieg im Sinne der	130.0500030517578	416.4310607910156	8.503570556640625	229.55055236816406	37	TimesNewRomanPSMT
Kolonialmacht in geregelte Bahnen geleitet werden.	130.0500030517578	427.0832214355469	8.500823974609375	229.1883087158203	37	TimesNewRomanPSMT
Die Verwirklichung des Plans hat neben einer Reihe	130.0500030517578	437.7325439453125	8.501678466796875	229.4892120361328	37	TimesNewRomanPSMT
großzügiger und günstiger Lösungen auchzu Problemen	129.3000030517578	448.5310974121094	8.5035400390625	230.54212951660156	37	TimesNewRomanPSMT
für die Hauptstadt Kenias geführt. In der Innenstadt	129.60000610351562	459.3310546875	8.503631591796875	234.03167724609375	37	TimesNewRomanPSMT
gibt es zu wenig Parkraum (die Motorisierung eines	129.0	469.981201171875	8.50341796875	232.65316772460938	37	TimesNewRomanPSMT
bestimmten Teils der Bevölkerung ist außerordentlich	129.75	480.7812194824219	8.503387451171875	232.451171875	37	TimesNewRomanPSMT
hoch). Gründe dafür sind die weitausgedehnte Anlage	129.60000610351562	491.4303283691406	8.5045166015625	230.59854125976562	37	TimesNewRomanPSMT
der Wohnviertel, die fast vollständige Leerung der	129.0	502.0827941894531	8.501373291015625	231.4862060546875	37	TimesNewRomanPSMT
City von Wohnbevölkerung und der Mangel an öffent­	129.60000610351562	512.7318115234375	8.502685546875	231.78640747070312	37	TimesNewRomanPSMT
lichen Verkehrsmitteln. Die Bodenpreise im Stadt­	128.85000610351562	523.5321044921875	8.502197265625	233.36062622070312	37	TimesNewRomanPSMT
zentrum und damit die Mieten sind selbst für hohe	129.14999389648438	534.1812744140625	8.503265380859375	231.28253173828125	37	TimesNewRomanPSMT
Einkommensgruppen unerschwinglich. Afrikanerhütten	129.89999389648438	544.8306884765625	8.504180908203125	230.43280029296875	37	TimesNewRomanPSMT
wurden aus dem Stadtgebiet verdrängt, die Rassen­	129.0	555.6309814453125	8.503631591796875	232.18051147460938	37	TimesNewRomanPSMT
trennung „säuberlich“ verwirklicht.	128.6999969482422	566.13037109375	8.504547119140625	152.20191955566406	37	TimesNewRomanPSMT
Auf Grund der sich entwickelnden Lagegunst und	138.14999389648438	577.9818115234375	8.50262451171875	222.758056640625	37	TimesNewRomanPSMT
der künstlichen Standortvorteile, die Großbritannien	128.6999969482422	588.7832641601562	8.500732421875	232.2673797607422	37	TimesNewRomanPSMT
der Stadtam Rande des Hochlandsinnerhalb Ostafrikas	128.6999969482422	599.431884765625	8.502593994140625	234.0534210205078	37	TimesNewRomanPSMT
verschaffte, kam es zu einem unerreichtstarken Wachs­	128.85000610351562	610.2303466796875	8.5045166015625	232.6304931640625	37	TimesNewRomanPSMT
tum.	129.0	620.283203125	8.5008544921875	18.000152587890625	37	TimesNewRomanPSMT
Für die Funktion als Hauptstadt ergeben sich	138.4499969482422	631.5308227539062	8.50390625	225.09022521972656	37	TimesNewRomanPSMT
Vergleichsmöglichkeiten mit Dar-es-Salaam. Obwohl	129.3000030517578	642.3300170898438	8.50494384765625	231.9669647216797	37	TimesNewRomanPSMT
dieses Hauptstadt eines größeren Landes mit zahl­	128.5500030517578	652.9838256835938	8.5	233.53050231933594	37	TimesNewRomanPSMT
reicherer Bevölkerung ist, weisen die stadtbildenden	128.85000610351562	663.6312866210938	8.503372192382812	232.67861938476562	37	TimesNewRomanPSMT
Faktoren Nairobis eine höhere Wertigkeit auf. Im	129.0	674.2805786132812	8.504196166992188	233.84429931640625	37	TimesNewRomanPSMT
Rahmen der Kolonialverwaltung wurde Nairobi Haupt­	129.75	685.2310791015625	8.503616333007812	232.75460815429688	37	TimesNewRomanPSMT
sitz der Banken und Verwaltungen für ganz Ostafrika.	128.25	695.8807983398438	8.503982543945312	232.26968383789062	37	TimesNewRomanPSMT
Der Flugplatz ist der weitaus bedeutendste, und die	128.6999969482422	706.5305786132812	8.50421142578125	231.0242156982422	37	TimesNewRomanPSMT
Stadt hat die am meisten spezialisierten Handels­	129.0	717.3312377929688	8.503372192382812	232.780517578125	37	TimesNewRomanPSMT
einrichtungen. Auch der industrielle Sektor ist vor	128.25	728.130859375	8.50390625	233.603271484375	37	TimesNewRomanPSMT
allem mitZweigen der Leichtindustrie am besten ent­	128.39999389648438	738.7803344726562	8.5045166015625	234.8408203125	37	TimesNewRomanPSMT
wickelt. Manche der Standortvorteile Nairobis gingen	128.6999969482422	749.7310791015625	8.503616333007812	233.17698669433594	37	TimesNewRomanPSMT
durch Verstärkung des ökonomischen Selbständigkeits-	377.25	201.18182373046875	8.5025634765625	232.51116943359375	38	TimesNewRomanPSMT
strebens von Tanzania und Uganda verloren (z. B.	377.1000061035156	211.98040771484375	8.50439453125	232.52908325195312	38	TimesNewRomanPSMT
Einführung separater Währungen und Verrechnung	377.54998779296875	222.6318359375	8.50262451171875	232.98614501953125	38	TimesNewRomanPSMT
über Staatsbanken). Jedoch gilt gerade Kenia bei	377.54998779296875	233.58056640625	8.5042724609375	232.68182373046875	38	TimesNewRomanPSMT
kapitalistischen Ländern als sicheres und hohen Profit	377.8500061035156	244.38079833984375	8.50396728515625	236.22525024414062	38	TimesNewRomanPSMT
versprechendes Anlagegebiet. Die Investitionstätigkeit	377.8500061035156	254.880859375	8.50384521484375	236.72091674804688	38	TimesNewRomanPSMT
istdaher besonders im GebietvonNairobi sehr lebhaft,	377.54998779296875	265.83050537109375	8.50433349609375	233.75927734375	38	TimesNewRomanPSMT
und die rasche Entwicklung der Stadt hält auf der	377.8500061035156	276.48101806640625	8.50360107421875	232.98672485351562	38	TimesNewRomanPSMT
Basis des Zustroms neuer stadtbildender Faktoren an.	377.8500061035156	286.9818115234375	8.50262451171875	232.66757202148438	38	TimesNewRomanPSMT
Eine Reihe von Autoren haben Nairobi als die	387.0	302.1304931640625	8.50433349609375	224.09722900390625	39	TimesNewRomanPSMT
„Amerikanische Stadt“ bezeichnet. Tatsächlich macht	377.54998779296875	312.9306640625	8.50408935546875	236.70440673828125	39	TimesNewRomanPSMT
das Stadtzentrum den Eindruck einer britischen oder	377.25	323.58062744140625	8.504150390625	234.3812255859375	39	TimesNewRomanPSMT
nordamerikanischon Mittelstadt mit Standardbauten	377.1000061035156	334.23150634765625	8.50299072265625	234.05618286132812	39	TimesNewRomanPSMT
aus Beton und Glas. Die Wohnviertel der Europäer	377.1000061035156	344.73101806640625	8.50360107421875	234.74075317382812	39	TimesNewRomanPSMT
dehnen sich westlich des Zentrums weithin in Gärten	376.6499938964844	355.53070068359375	8.50408935546875	234.26412963867188	39	TimesNewRomanPSMT
und Plantagen aus. Die an das indische Basarviertel	376.95001220703125	366.0303955078125	8.5045166015625	233.888671875	39	TimesNewRomanPSMT
anschließenden Wohngebiete der Inder haben seitden	376.6499938964844	376.830810546875	8.50396728515625	234.71615600585938	39	TimesNewRomanPSMT
Pioniertagen eine weitgehende Umgestaltung erfahren,	376.79998779296875	387.4825439453125	8.501678466796875	234.17108154296875	39	TimesNewRomanPSMT
indem die einstöckigen Gebäude zunehmend durch	376.6499938964844	398.2807922363281	8.503936767578125	236.88833618164062	39	TimesNewRomanPSMT
modernere mehrstöckige Bauten ersetzt wurden. In	376.6499938964844	408.9311828613281	8.50341796875	234.43807983398438	39	TimesNewRomanPSMT
den Afrikanervierteln, die weithin den Charakter von	376.6499938964844	419.73052978515625	8.504302978515625	236.69961547851562	39	TimesNewRomanPSMT
Slums trugen, wurden große Teile durch kommunalen	377.70001220703125	430.2308349609375	8.50390625	233.13665771484375	39	TimesNewRomanPSMT
Wohnungsbau und Wohnungsbau von Firmen für ihre	377.8500061035156	441.03179931640625	8.50262451171875	232.79983520507812	39	TimesNewRomanPSMT
Angestellten umgestaltet. Eine rigorose Stadtverwal­	377.25	451.6810607910156	8.503570556640625	234.58050537109375	39	TimesNewRomanPSMT
tung hat weitgehend eine Räumung des Stadtgebiets	377.3999938964844	462.3318176269531	8.50262451171875	235.43551635742188	39	TimesNewRomanPSMT
von Elendsquartieren erreicht, konnte aber deren	377.8500061035156	473.1314392089844	8.50311279296875	233.06576538085938	39	TimesNewRomanPSMT
Neubildung am Stadtrand nichtverhindern.	378.0	483.9308166503906	8.50390625	188.77288818359375	39	TimesNewRomanPSMT
Die Eisenbahn mitihren Anlagen und Einrichtungen	387.45001220703125	494.5821533203125	8.502197265625	223.73089599609375	39	TimesNewRomanPSMT
bildete den Ansatzpunkt der Entwicklung Nairobis	377.8500061035156	505.38140869140625	8.50311279296875	235.17868041992188	39	TimesNewRomanPSMT
und bildetauchheute nochdaswirtschaftliche Zentrum.	378.0	516.1815185546875	8.503021240234375	232.63909912109375	39	TimesNewRomanPSMT
In Anlehnung daran entwickelte sichsüdlichund östlich	378.1499938964844	526.8318481445312	8.50262451171875	235.20358276367188	39	TimesNewRomanPSMT
das Industrieviertel. Die wichtigen Betriebe haben	377.8500061035156	537.6322021484375	8.502044677734375	233.22415161132812	39	TimesNewRomanPSMT
Gleisanschluß. Nördlich des Bahngeländes bildete sich	378.6000061035156	548.281005859375	8.503631591796875	234.54025268554688	39	TimesNewRomanPSMT
das Verwaltungs- und Geschäftsviertel, dem nach	378.29998779296875	559.0823364257812	8.501953125	234.82855224609375	39	TimesNewRomanPSMT
Norden indische Wohngebiete folgen. Wohnviertel der	378.29998779296875	569.7322998046875	8.501953125	233.61187744140625	39	TimesNewRomanPSMT
Afrikaner schließen besonders östlich an die Industrie-	378.29998779296875	580.5303344726562	8.5045166015625	233.093017578125	39	TimesNewRomanPSMT
und Verkehrsanlagen an. Weiten Raum nehmen	378.29998779296875	591.030517578125	8.504302978515625	233.08184814453125	39	TimesNewRomanPSMT
westlich des Zentrums die Wohnviertel der Europäer	378.45001220703125	601.8316040039062	8.5029296875	233.25921630859375	39	TimesNewRomanPSMT
bzw. der sozial höher gestellten Schichten ein.	378.75	612.6304931640625	8.504302978515625	199.83319091796875	39	TimesNewRomanPSMT
5. Schlußbetrachtung	455.3999938964844	648.9951171875	9.003265380859375	80.41995239257812	40	TimesNewRomanPSMT
Die Städte Ostafrikas sind meistZentren eines sehr	388.5	664.9810791015625	8.50360107421875	223.09442138671875	41	TimesNewRomanPSMT
weiträumigen Gebietes, zum direktangrenzenden Um­	378.8999938964844	675.6327514648438	8.501388549804688	232.78048706054688	41	TimesNewRomanPSMT
land haben sie geringere Beziehungen. Eine Ausnahme	378.75	686.4307861328125	8.503982543945312	232.12420654296875	41	TimesNewRomanPSMT
macht nur Nairobi. Im allgemeinen sind die Städte	379.04998779296875	697.2310180664062	8.503677368164062	232.0657958984375	41	TimesNewRomanPSMT
Fremdkörper innerhalb ausgedehnter Gebiete mit	379.20001220703125	708.031005859375	8.503677368164062	235.51318359375	41	TimesNewRomanPSMT
traditioneller Selbstversorgungswirtschaft. Der Be­	379.20001220703125	718.9812622070312	8.503372192382812	232.33050537109375	41	TimesNewRomanPSMT
völkerungsaustausch mit der Umgebung ist noch	379.3500061035156	729.4824829101562	8.50177001953125	233.49899291992188	41	TimesNewRomanPSMT
gering. Die Städte bilden wichtige Ansatzpunkte für	378.8999938964844	740.1314086914062	8.503143310546875	231.94491577148438	41	TimesNewRomanPSMT
die weitere industrielle Erschließung. Durch die Politik	379.20001220703125	751.080810546875	8.50390625	231.385498046875	41	TimesNewRomanPSMT
PM 1972, 3	53.099998474121094	60.265625	8.00579833984375	42.90177917480469	42	TimesNewRomanPSMT
M. Haak: Probleme der Entwicklung und Struktur ausgewählter ostafrikanischer Städte	140.6999969482422	58.4664306640625	8.0047607421875	340.8663787841797	43	TimesNewRomanPSMT
185	520.7999877929688	55.208740234375	9.50341796875	13.9505615234375	44	TimesNewRomanPSMT
der Afrikanisierung (z. T. nur Durchsetzung der	52.04999923706055	86.28057861328125	8.5042724609375	233.88618850708008	45	TimesNewRomanPSMT
Gleichberechtigung) werden die Beziehungen der Städte	52.79999923706055	97.0821533203125	8.502197265625	232.96571731567383	45	TimesNewRomanPSMT
zu ihrem Umland intensiver. Die Hauptstädte haben	52.349998474121094	107.88079833984375	8.50396728515625	233.27921295166016	45	TimesNewRomanPSMT
ein starkes Übergewicht, während die Anzahl der mittle­	51.900001525878906	118.53076171875	8.5040283203125	234.28050994873047	45	TimesNewRomanPSMT
ren und kleineren Städte noch einen geringen Teil	52.04999923706055	129.331298828125	8.5032958984375	233.4213752746582	45	TimesNewRomanPSMT
der Bevölkerung umfaßt.	52.650001525878906	140.5855712890625	8.497802734375	106.83248138427734	45	TimesNewRomanPSMT
Literatur	153.0	170.8006591796875	8.99603271484375	33.518829345703125	46	TimesNewRomanPSMT
Afrikanische Gegenwartsfragen. (Deutsche Außenpolitik,	52.349998474121094	188.21826171875	8.00238037109375	232.6855239868164	47	TimesNewRomanPSMT
Sonderheft, Berlin 1960.)	61.79999923706055	197.51727294921875	8.003662109375	97.59778213500977	47	TimesNewRomanPSMT
Blij, H. J. de: Dar-es-Salaam, a Study in Urban Geography.	53.099998474121094	207.71728515625	8.0250244140625	231.45941925048828	47	TimesNewRomanPS-ItalicMT
Northwestern University Press 1963.	60.900001525878906	216.56732177734375	8.00360107421875	146.48836517333984	47	TimesNewRomanPSMT
Bürger, K., u. B. Zuckermann: Beiträge zur ökonomischen	52.5	227.21942138671875	8.022705078125	232.5120849609375	47	TimesNewRomanPS-ItalicMT
Geographie Afrikas. (Lehrbrief f. d. Fernstud. d. Lehrer,	61.04999923706055	235.9180908203125	8.00262451171875	223.52275466918945	47	TimesNewRomanPSMT
Potsdam 1964.)	60.75	245.21929931640625	8.00103759765625	60.479644775390625	47	TimesNewRomanPSMT
Buech-Zantner, R.: Zur Kenntnis der osmanischen Stadt.	52.349998474121094	255.26690673828125	8.02490234375	232.85303497314453	47	TimesNewRomanPS-ItalicMT
(Geographische Zeitschrift, 1932.)	60.599998474121094	264.4173583984375	8.0035400390625	131.79265594482422	47	TimesNewRomanPSMT
Dar-es-Salaam, A guide to. Tanganyika Standard 1964.	51.75	274.91705322265625	8.00396728515625	218.02667236328125	47	TimesNewRomanPSMT
Fröhlich, W.: Das afrikanische Marktwesen. (Zeitschr. f.	51.0	285.4183349609375	8.02423095703125	233.25	47	TimesNewRomanPS-ItalicMT
Ethnologie, 1940, S. 234 ff.)	60.75	294.56976318359375	8.0003662109375	111.12698364257812	47	TimesNewRomanPSMT
Gillman, C.: Population Problems of Tanganyika Territory	51.29999923706055	304.91644287109375	8.0255126953125	232.91298294067383	47	TimesNewRomanPS-ItalicMT
(EastAfrican Agricultural Journal, 11, 1945.)	60.599998474121094	313.6182861328125	8.00238037109375	179.64778900146484	47	TimesNewRomanPSMT
Haak, M.: Bilder von Sansibar. (Zeitschr. f. d. Erdkunde­	51.45000076293945	324.1148681640625	8.02813720703125	233.51398849487305	47	TimesNewRomanPS-ItalicMT
unterricht, 1, 1965.)	60.29999923706055	333.1180419921875	8.002685546875	79.07963943481445	47	TimesNewRomanPSMT
—: Beiträge zur Geographie der Inseln Sansibar und	50.70000076293945	343.31640625	8.0047607421875	233.53831100463867	47	TimesNewRomanPSMT
Pemba. (Wiss. Zeitschr. d. P. H. Potsdam, 3, 1967.)	60.0	352.01690673828125	8.004150390625	204.17962646484375	47	TimesNewRomanPSMT
—: Die StadtSansibar — Eine ökonomisch-geographische	51.0	362.66485595703125	8.00677490234375	232.84124755859375	47	TimesNewRomanPSMT
Untersuchung. (Diss. Jena 1969.)	60.45000076293945	371.2213134765625	7.9984130859375	130.74265670776367	47	TimesNewRomanPSMT
Harrison Church, R. J.: Africa and the Islands. London	51.150001525878906	381.86810302734375	8.02496337890625	232.59783172607422	47	TimesNewRomanPS-ItalicMT
1964.	61.20000076293945	390.86981201171875	8.0003662109375	18.44369888305664	47	TimesNewRomanPSMT
Hickman, G. M., u. W. H. G. Dickins: The Lands and	51.29999923706055	400.9847412109375	8.49884033203125	232.35097122192383	47	TimesNewRomanPS-ItalicMT
Peoples of EastAfrica. London 1961.	59.849998474121094	410.0679931640625	8.00274658203125	142.36125946044922	47	TimesNewRomanPSMT
Jürgens, H. W.: Untersuchungen zur Binnenwanderung in	50.849998474121094	420.71875	8.0238037109375	232.94312286376953	47	TimesNewRomanPS-ItalicMT
Tanzania. München 1968.	60.29999923706055	429.42059326171875	7.999359130859375	101.02666091918945	47	TimesNewRomanPSMT
Klute, F.: Afrika. Handbuch der geographischen Wissen­	51.0	440.0648498535156	8.027191162109375	232.91400146484375	47	TimesNewRomanPS-ItalicMT
schaft. Potsdam 1930.	60.150001525878906	448.91925048828125	8.0010986328125	86.69368743896484	47	TimesNewRomanPSMT
Kramer, H., u. a.: Die Länder Afrikas. Berlin 1969.	51.29999923706055	459.71673583984375	8.025604248046875	202.73018264770508	47	TimesNewRomanPS-ItalicMT
Loth, H. : Griff nach Ostafrika. Berlin 1968.	51.45000076293945	470.667236328125	8.025634765625	168.9883689880371	47	TimesNewRomanPS-ItalicMT
Marsh, Z. A., u. G. W. Kingsnorth: An Introduction to the	51.75	481.46673583984375	8.025482177734375	232.08148193359375	47	TimesNewRomanPS-ItalicMT
History of EastAfrica. Cambridge 1965.	60.0	490.0186767578125	8.0018310546875	161.02667236328125	47	TimesNewRomanPSMT
Mecking, L.: Bau und Bild afrikanischer Küstenstädte.	303.1499938964844	83.369140625	8.023193359375	230.78591918945312	48	TimesNewRomanPS-ItalicMT
(Zeitschr. f. Erdkunde, 22/23, 1938.)	312.29998779296875	92.51727294921875	8.003662109375	138.62969970703125	48	TimesNewRomanPSMT
Nairobi. Master Plan for a Colonial Capital. London 1948.	303.29998779296875	102.86798095703125	8.00274658203125	230.788330078125	48	TimesNewRomanPSMT
Olderogge, D. A., u. J. Potechin: Die Völker Afrikas. Bd. II.	303.0	113.51678466796875	8.02581787109375	230.880859375	48	TimesNewRomanPS-ItalicMT
Berlin 1961.	312.0	123.1171875	8.0037841796875	46.43017578125	48	TimesNewRomanPSMT
Pritchard, J. M. : A Geography of EastAfrica. London 1962.	303.75	133.0194091796875	8.02252197265625	230.32672119140625	48	TimesNewRomanPS-ItalicMT
Reitemeyer, E.: Die Städtegründung der Araber im Islam.	303.29998779296875	143.81640625	8.026611328125	230.52740478515625	48	TimesNewRomanPS-ItalicMT
(Diss. München 1912.)	311.8500061035156	153.1202392578125	7.99981689453125	86.64776611328125	48	TimesNewRomanPSMT
Republic of Tanganyika: Statistical Abstract 1963. Dar-es-	303.0	163.31646728515625	8.00469970703125	230.7071533203125	48	TimesNewRomanPSMT
Salaam 1964.	312.1499938964844	172.76715087890625	8.0037841796875	51.380157470703125	48	TimesNewRomanPSMT
Schädler, K.: Crafts, Small-scale Industries and Industrial	302.54998779296875	182.66778564453125	8.024658203125	231.4913330078125	48	TimesNewRomanPS-ItalicMT
Education in Tanzania. München 1968.	311.54998779296875	191.51727294921875	8.003662109375	154.793701171875	48	TimesNewRomanPSMT
Schmidt-Renner, Q.: Standort, Stadt und Territorium.	302.54998779296875	202.01910400390625	8.0234375	230.9237060546875	48	TimesNewRomanPS-ItalicMT
(Geogr. Berichte, 1958, S. 106 ff.)	311.8500061035156	211.16827392578125	8.00238037109375	130.54150390625	48	TimesNewRomanPSMT
—: Elementare Theorie der Ökonomischen Geographie.	302.3999938964844	221.366943359375	8.004150390625	231.27847290039062	48	TimesNewRomanPSMT
Gotha und Leipzig 1966.	312.1499938964844	230.81793212890625	8.00274658203125	95.77667236328125	48	TimesNewRomanPSMT
Schneider, K. G.: Dar-es-Salaam, Stadtentwicklung unter	302.3999938964844	240.86773681640625	8.02459716796875	231.47439575195312	48	TimesNewRomanPS-ItalicMT
dem Einfluß der Araber und Inder. Wiesbaden 1965.	310.95001220703125	249.5677490234375	8.00299072265625	202.7266845703125	48	TimesNewRomanPSMT
Schultze, J. H.: Evolution und Revolution in der Land­	302.1000061035156	260.369140625	8.02386474609375	232.01400756835938	48	TimesNewRomanPS-ItalicMT
schaftsentwicklung Ostafrikas. (Geogr. Zeitschr., Beiheft	310.79998779296875	268.76861572265625	8.00189208984375	226.1131591796875	48	TimesNewRomanPSMT
14, 1966.)	312.1499938964844	278.3695068359375	8.00079345703125	37.21209716796875	48	TimesNewRomanPSMT
Schwarz, G.: Allgemeine Siedlungsgeographie. [West-]Berlin	302.1000061035156	288.116455078125	8.0264892578125	231.71853637695312	48	TimesNewRomanPS-ItalicMT
1966.	311.8500061035156	298.0238037109375	7.99517822265625	18.688446044921875	48	TimesNewRomanPSMT
The United Republic of Tanganyika and Zanzibar: Tan­	302.25	308.81756591796875	8.00323486328125	231.864013671875	48	TimesNewRomanPSMT
ganyika five year plan for economic and social develop­	310.79998779296875	317.51666259765625	8.00445556640625	223.16400146484375	48	TimesNewRomanPSMT
ment. Dar-es-Salaam 1964.	310.95001220703125	326.66741943359375	8.00347900390625	106.57666015625	48	TimesNewRomanPSMT
Thole, G.: Der nichtkapitalistische Entwicklungsweg afrika­	303.0	337.6148681640625	8.0274658203125	230.81402587890625	48	TimesNewRomanPS-ItalicMT
nischer Staaten. (Zeitschr. f. Erdkundeunterricht, 11,	310.3500061035156	346.1666259765625	8.0045166015625	222.73031616210938	48	TimesNewRomanPSMT
1969 a)	311.54998779296875	355.92108154296875	7.99871826171875	26.275909423828125	48	TimesNewRomanPSMT
—: Einführung in die politische Situation Afrikas. (Zeit­	301.20001220703125	366.71484375	8.00677490234375	233.1925048828125	48	TimesNewRomanPSMT
schr. f. Erdkundeunterricht, 10, 1969 b)	310.04998779296875	375.7191162109375	8.00128173828125	156.33657836914062	48	TimesNewRomanPSMT
Thole, G., u. R. König: Der Industrialisierungsprozeß in	302.54998779296875	387.11700439453125	8.0252685546875	230.396728515625	49	TimesNewRomanPS-ItalicMT
den Entwicklungsländern Afrikas. (Zeitschr. f. Erdkunde­	309.75	395.66680908203125	8.0042724609375	223.91400146484375	49	TimesNewRomanPSMT
unterricht, 12, 1969 c)	309.8999938964844	405.1180114746094	8.002685546875	87.74227905273438	49	TimesNewRomanPSMT
Trewartha, G. T.: Population Patterns in Tropical Africa.	302.25	416.3696594238281	8.022979736328125	230.05987548828125	50	TimesNewRomanPS-ItalicMT
(Annual of the Assoc. of Americ. Geographers, 44, 1954.)	310.20001220703125	424.9164733886719	8.00469970703125	222.24761962890625	50	TimesNewRomanPSMT
Ullerich, K.: Tansania. (Geogr. Berichte, 2, 1967.)	302.54998779296875	437.0666198730469	8.026092529296875	196.15298461914062	51	TimesNewRomanPS-ItalicMT
Unesco: Social implications of industrialization and urbani-	301.5	448.6177673339844	8.003021240234375	231.268310546875	52	TimesNewRomanPSMT
zation in Africa south of the Sahara. Paris 1956.	310.20001220703125	457.6194152832031	8.000885009765625	188.3936767578125	52	TimesNewRomanPSMT
Walmsley, R. JF.: Nairobi — The Geography of a New	302.54998779296875	469.3166198730469	8.025634765625	230.17010498046875	53	TimesNewRomanPS-ItalicMT
City. The Eagle Press, Nairobi 1957.	310.3500061035156	478.317138671875	8.00384521484375	144.53842163085938	53	TimesNewRomanPSMT
Woddis, J.: Afrika — Der Weg nach vorn. Berlin 1964.	302.70001220703125	488.667236328125	8.02581787109375	214.7120361328125	53	TimesNewRomanPS-ItalicMT
