Petermanns Geographische Mitteilungen, 136, 1992/1, pp. 49 —59.	36.45000076293945	55.76568603515625	8.005615234375	242.44059371948242	0	TimesNewRomanPSMT
49	506.1000061035156	53.62359619140625	10.00189208984375	9.474090576171875	1	TimesNewRomanPSMT
Heinz Fassmann	36.29999923706055	128.7158203125	9.49420166015625	74.64953994750977	2	TimesNewRomanPSMT
4 Figuren im Text	36.0	201.9752197265625	9.999755859375	83.2253189086914	3	TimesNewRomanPSMT
Phänomene der Transformation — Ökonomische Restrukturierung	36.75	151.030517578125	14.0419921875	419.32952880859375	4	TimesNewRomanPS-BoldMT
und Arbeitslosigkeit in Ost-Mitteleuropa	36.45000076293945	169.0062255859375	14.00830078125	256.07038497924805	4	TimesNewRomanPS-BoldMT
Summary:	36.150001525878906	233.672607421875	7.5025634765625	36.63420867919922	5	TimesNewRomanPS-BoldMT
Phenomena of transformation — economic restructuring and	36.599998474121094	243.4212646484375	7.50433349609375	229.97138214111328	5	TimesNewRomanPS-BoldMT
unemployment in east-central Europe	36.29999923706055	253.17041015625	7.50543212890625	132.96571731567383	5	TimesNewRomanPS-BoldMT
The paper discusses two central aspects of the process of	36.150001525878906	266.66790771484375	8.0028076171875	233.62215423583984	6	TimesNewRomanPSMT
economicand societaltransformation. The firstone deals with	36.150001525878906	276.117431640625	8.00341796875	232.3585433959961	6	TimesNewRomanPSMT
endogenous and exogenous barriers ofeconomic transforma­	36.150001525878906	285.7178955078125	8.00274658203125	230.8139877319336	6	TimesNewRomanPSMT
tion, e.g. the strictlysegmentedlabourand housingmarket, the	36.45000076293945	295.317138671875	8.0037841796875	231.76041793823242	6	TimesNewRomanPSMT
dominance ofmonopolies, the absence ofa capitalistdass of	36.29999923706055	304.9193115234375	8.0009765625	233.4721565246582	6	TimesNewRomanPSMT
entrepreneurs andtheproblemsofthedestructuredCOMECON.	36.150001525878906	314.22119140625	7.99847412109375	230.19210052490234	6	TimesNewRomanPSMT
The second aspectis the strong increase ofunemployment. In	36.29999923706055	323.6676025390625	8.003173828125	232.15462112426758	6	TimesNewRomanPSMT
allcountries ofEastand CentralEurope the rate is higherthan	36.29999923706055	333.2662353515625	8.00494384765625	232.36085891723633	6	TimesNewRomanPSMT
10% now orexpected forthe nextyear. The reasons forthat	37.20000076293945	342.8663024902344	8.0048828125	232.54233932495117	6	TimesNewRomanPSMT
increase are the badeconomicSituation, the absenceofalabour	36.45000076293945	352.4670715332031	8.00384521484375	233.60285568237305	6	TimesNewRomanPSMT
marketin a more technicalsense and the „over-employment“	36.45000076293945	362.06695556640625	8.003997802734375	229.99210739135742	6	TimesNewRomanPSMT
in former times. Some groups are especially affected: young	36.45000076293945	371.6674499511719	8.00335693359375	232.15616989135742	6	TimesNewRomanPSMT
persons who wantto getinto the labourmarket, old persons	36.45000076293945	381.2670593261719	8.003875732421875	231.64011764526367	6	TimesNewRomanPSMT
whoare forced outofthe labourmarket, women and the rural	36.29999923706055	390.866943359375	8.0040283203125	232.96101760864258	6	TimesNewRomanPSMT
Population. Thepaperdemonstrates thatequilibrium ofeconom­	36.45000076293945	400.4664306640625	8.004669189453125	230.51398849487305	6	TimesNewRomanPSMT
ic parameters between countries of the East and the West is	36.45000076293945	410.07049560546875	7.999420166015625	231.5319938659668	6	TimesNewRomanPSMT
alongterm question. Problemsofsocialdisturbancemayarise.	36.45000076293945	419.5166320800781	8.004425048828125	222.05753707885742	6	TimesNewRomanPSMT
PeiioMe:	36.900001525878906	441.2728271484375	7.99639892578125	30.74022674560547	7	TimesNewRomanPSMT
d>eHOMCHEl himchchhu — ^KOHOMHHCCKHe iipeoüpaiOBanHH II	36.45000076293945	451.47015380859375	7.50579833984375	229.96043014526367	7	TimesNewRomanPS-BoldMT
öespaöortma b BOCTOMHo-ueHTpajibHOH Eßpone	36.29999923706055	461.37384033203125	7.5009765625	168.04660415649414	7	TimesNewRomanPS-BoldMT
CTaTbH paccMaTpnBaeT asarjiaBHbixacnexTanpoueccasxoho-	36.45000076293945	474.7156982421875	8.005615234375	230.11130905151367	8	TimesNewRomanPSMT
MHqecKHx h oömecTBeHHbix H3MeHeHHH. IlepBbiH acnexT 3a-	36.599998474121094	484.31732177734375	8.003509521484375	229.95520782470703	8	TimesNewRomanPSMT
TparHBaeT pa3JiH4Hbie npenjrrcTBHa Ha nyTH 3xoHOMH4ecxHX	36.29999923706055	493.9164123535156	8.00469970703125	229.94524002075195	8	TimesNewRomanPSMT
H3MeHeHHfi: CTporo perjiaMeHTHpoßaHHbiH pbiHox cöbrra h	36.599998474121094	503.6669006347656	8.004058837890625	229.6679458618164	8	TimesNewRomanPSMT
nocTaßox, rocno^CTBO MOHonojiHH, OTcyTCBHe xjiacca xann-	36.45000076293945	513.2695922851562	8.00054931640625	229.91694259643555	8	TimesNewRomanPSMT
TajiHCTHnecxHx npeanpHHHMaTejiefi h npoÖJieMbi pa3ÖajiaHCH-	36.29999923706055	522.7156982421875	8.005645751953125	230.01051712036133	8	TimesNewRomanPSMT
poßaHHoro C3B. Btopoh acnexT — 3to öbicrpoe yBejinneHHe	36.45000076293945	532.3162841796875	8.004852294921875	231.40824508666992	8	TimesNewRomanPSMT
6e3pa6oTHUbi. Bo Bcex cTpaHax Boctohhoh h UeHTpajibHofi	36.45000076293945	541.6163940429688	8.0047607421875	230.22639083862305	8	TimesNewRomanPSMT
Eßponbi ypoßeHb6e3pa6oTHUbi cocTaßjiaeT CBbiuie 10% cennac	36.900001525878906	551.3663330078125	8.0048828125	231.55635833740234	8	TimesNewRomanPSMT
hjih OÄH^aeTca b nocjieayiouiHe roflbi. EIphhhhoh pocTaöe3-	36.29999923706055	560.9671020507812	8.00384521484375	229.93733596801758	8	TimesNewRomanPSMT
paöoTHUbi HBjiaeTCfl iuioxaa axoHOMHHecxaa CHTyaima, ot-	36.45000076293945	570.4166259765625	8.00439453125	229.81132125854492	8	TimesNewRomanPSMT
cyTCTBHepbiHxaTpy.uab öojieeiunpoxoM TexHHnecxoM CMbicjie,	36.0	579.8656005859375	8.005767822265625	230.07305908203125	8	TimesNewRomanPSMT
1. Einführung	36.900001525878906	608.7142944335938	10.00238037109375	61.96092987060547	9	TimesNewRomanPS-BoldMT
Nach 40 bis 50 Jahren Ausnahmezustand kehren die	36.45000076293945	633.6454467773438	10.03839111328125	231.39680099487305	10	TimesNewRomanPSMT
meisten Staaten des ehemaligen Comecon unddes	36.150001525878906	645.1908569335938	10.0443115234375	231.71273040771484	10	TimesNewRomanPSMT
WarschauerPakts wiederindas demokratische Euro­	36.29999923706055	656.8900756835938	10.045364379882812	230.27998733520508	10	TimesNewRomanPSMT
pazurück. Damitistzwardie Richtungklar, derWeg	36.150001525878906	668.5900268554688	10.04534912109375	232.3985824584961	10	TimesNewRomanPSMT
aber weitgehend unbekannt. Historische Vorbilder	36.29999923706055	680.441650390625	10.043243408203125	233.5329475402832	10	TimesNewRomanPSMT
odertheoretische Leitlinienfüreinenderartradikalen	36.29999923706055	691.992431640625	10.042205810546875	232.17961502075195	10	TimesNewRomanPSMT
undparadoxerweise zugleich sanften politischen und	36.45000076293945	703.7077026367188	10.022476196289062	236.5183219909668	10	TimesNewRomanPSMT
ökonomischen Systemwechsel fehlen weitgehend.	36.29999923706055	715.3948364257812	10.03912353515625	229.20708084106445	10	TimesNewRomanPSMT
Gangbare Wege zur Marktwirtschaft müssen erst	36.45000076293945	726.9635620117188	10.014900207519531	233.21134567260742	10	TimesNewRomanPSMT
© 1992 Justus Perthes Gotha	36.45000076293945	751.167236328125	8.003654479980469	111.56026840209961	11	TimesNewRomanPSMT
a Taxxe «4pe3Bbi4aÖHaa 3aH«TocTb» b npe>xHHe BpeMeHa.	286.20001220703125	233.06982421875	8.00030517578125	229.1259765625	12	TimesNewRomanPS-BoldMT
HexoTopbie rpynnbi ocoöeHHO 3aTpoHyTbi — 3to MOJioflbie	286.3500061035156	242.666259765625	8.0048828125	230.49618530273438	12	TimesNewRomanPSMT
juo/ih, xoTopbie xotat BCTynHTb Ha pbiHox Tpy.ua, noxmibie	285.8999938964844	252.266845703125	8.004150390625	231.24978637695312	12	TimesNewRomanPSMT
juoä h, xoTopbie BbiHy^cneHbi noxHHyTb pbiHox Tpy/ia,	285.75	261.86676025390625	8.0042724609375	229.956298828125	12	TimesNewRomanPSMT
xeHiHHHbi h cejibcxoe HacejieHHe. B craTbe nonnepxHBaeTca,	286.04998779296875	271.46600341796875	8.0052490234375	229.46221923828125	12	TimesNewRomanPSMT
4to paBHOBecne3xohomh4ccxhx napaMeTpoß Mexc^yCTpaHaMH	286.04998779296875	281.06536865234375	8.006103515625	229.180419921875	12	TimesNewRomanPSMT
BocTOxah 3ana.ua — 3to Bonpocnpo/tojnxHTejibHoroOTpe3xa	286.20001220703125	290.6689453125	8.00140380859375	231.2010498046875	12	TimesNewRomanPSMT
BpeMeHH. ripoÖJieMbi coimajibHoro HepaßeHCTBa MoryT BO3-	286.04998779296875	301.21636962890625	6.00433349609375	229.27264404296875	12	TimesNewRomanPS-BoldMT
pacTH.	285.8999938964844	309.72344970703125	7.99560546875	23.271514892578125	12	TimesNewRomanPSMT
Zusammenfassung:	286.20001220703125	335.67242431640625	7.5028076171875	67.976806640625	13	TimesNewRomanPS-BoldMT
Nach derEuphorie überden raschen undgrößtenteils unblutig	286.04998779296875	350.066650390625	8.00439453125	231.31903076171875	14	TimesNewRomanPSMT
verlaufenen politischen Systemwechsel in den Staaten Ost-	285.8999938964844	359.8187255859375	8.001708984375	229.38699340820312	14	TimesNewRomanPSMT
Mitteleuropas werden die Probleme der ökonomischen und	286.20001220703125	369.41717529296875	8.00372314453125	234.54119873046875	14	TimesNewRomanPSMT
gesellschaftlichen Transformation sichtbar. Eine Reihe von	285.8999938964844	379.0180969238281	8.002532958984375	234.92056274414062	14	TimesNewRomanPSMT
endogenen undexogenen Barrieren verhindern die rasche In­	285.8999938964844	388.6175842285156	8.003204345703125	229.76400756835938	14	TimesNewRomanPSMT
stallierung der Marktwirtschaft. Anzuführen sind: die Do­	286.04998779296875	398.21868896484375	8.001739501953125	229.4639892578125	14	TimesNewRomanPSMT
minanz von Monopolen, strikt voneinander abgeschottete	286.04998779296875	407.81689453125	8.00408935546875	230.8909912109375	14	TimesNewRomanPSMT
Arbeitsmärkte, das Fehlen einer„kapitalistisch“ sozialisierten	286.04998779296875	417.4171142578125	8.003814697265625	230.9281005859375	14	TimesNewRomanPSMT
UnternehmerschichtundderZusammenbruchdesCOMECON.	286.04998779296875	427.01654052734375	8.004547119140625	228.72283935546875	14	TimesNewRomanPSMT
Der Übergang vom „Plan zum Markt“ macht erhebliche	286.20001220703125	436.4173278808594	8.003509521484375	230.4063720703125	14	TimesNewRomanPSMT
Anpassungsvorgänge am Arbeitsmarkt erforderlich. Rasch	286.20001220703125	446.0691833496094	8.001129150390625	230.72576904296875	14	TimesNewRomanPSMT
wachsende Arbeitslosenzahlen signalisieren, daß diese An­	286.20001220703125	455.8164978027344	8.00457763671875	229.16400146484375	14	TimesNewRomanPSMT
passung keineswegs friktionsfrei abläuft. In allen Staaten	286.20001220703125	465.26654052734375	8.004547119140625	230.5869140625	14	TimesNewRomanPSMT
Ost-Mitteleuropas liegt die Arbeitslosenquote gegenwärtig	286.20001220703125	475.01873779296875	8.001708984375	230.9390869140625	14	TimesNewRomanPSMT
oder in absehbarer Zeit über 10%. Besonders betroffen sind	286.3500061035156	484.4671936035156	8.003692626953125	230.33578491210938	14	TimesNewRomanPSMT
davon junge Arbeitskräfte, die nicht in das Beschäftigungs­	286.20001220703125	494.2178649902344	8.0028076171875	229.16400146484375	14	TimesNewRomanPSMT
system aufgenommen werden, ältere Personen, die aus dem	286.3500061035156	503.8161926269531	8.004974365234375	229.43588256835938	14	TimesNewRomanPSMT
Arbeitsmarktgedrängtwerden, mehrFrauen als Männerund	286.3500061035156	513.4169921875	8.003875732421875	234.09121704101562	14	TimesNewRomanPSMT
generell eher ländliche Gebiete als Städte. Der Aufsatz geht	286.20001220703125	523.0186157226562	8.00189208984375	231.73565673828125	14	TimesNewRomanPSMT
abschließendaufgrundeinereinfachen Modellrechnungunddes	286.20001220703125	532.767333984375	8.003509521484375	230.3173828125	14	TimesNewRomanPSMT
historischen Vergleichs mit der Wiederaufbauphase in Öster­	286.3500061035156	541.4185791015625	8.001983642578125	229.34738159179688	14	TimesNewRomanPSMT
reich davon aus, daß derAufholprozeß derost-mitteleuropäi­	286.3500061035156	551.9666137695312	8.00445556640625	229.01400756835938	14	TimesNewRomanPSMT
schen Staaten noch Jahrzehnte erfordern wird. Poltisiche	286.20001220703125	561.416748046875	8.004302978515625	230.34735107421875	14	TimesNewRomanPSMT
odersoziale Desorganisationserscheinungen können die Folge	286.20001220703125	570.8670654296875	8.003875732421875	230.30194091796875	14	TimesNewRomanPSMT
sein.	286.04998779296875	580.6229858398438	7.99615478515625	15.149169921875	14	TimesNewRomanPSMT
gefunden werden. Dabei zeigt sich eines sehr deut­	285.8999938964844	634.54248046875	10.042205810546875	229.55532836914062	15	TimesNewRomanPSMT
lich:	286.04998779296875	646.1358642578125	9.986007690429688	17.666656494140625	15	TimesNewRomanPSMT
Die Abschaffung derPlanwirtschaftbedeutetkei­	296.1000061035156	657.7932739257812	10.04119873046875	219.02999877929688	15	TimesNewRomanPSMT
nesfalls die automatische Installierung der Markt­	285.8999938964844	669.649658203125	10.032882690429688	229.65481567382812	15	TimesNewRomanPSMT
wirtschaft. Die Außerkraftsetzung bisheriger Steue­	285.8999938964844	681.367919921875	10.009262084960938	229.07998657226562	15	TimesNewRomanPSMT
rungsinstrumente hinterläßtzunächst ein ordnungs­	286.04998779296875	693.0609130859375	10.018325805664062	228.92999267578125	15	TimesNewRomanPSMT
politisches Vakuum. Märkte, als alternative Steue-	285.8999938964844	704.7609252929688	10.018310546875	228.34786987304688	15	TimesNewRomanPSMT
rungsinstumente zum Plan, müssen erst geschaffen	286.04998779296875	716.3017578125	10.030143737792969	230.37457275390625	15	TimesNewRomanPSMT
werden. Und erstdas Zusammenspielfunktionieren­	285.75	727.9974365234375	10.035781860351562	228.92999267578125	15	TimesNewRomanPSMT
wandelt. Damit verlieren die Möglichkeiten eines	102.30000305175781	92.2916259765625	10.04327392578125	230.22047424316406	16	TimesNewRomanPSMT
Doppelverdienstes im staatlichen und im quasi­	102.75	104.14739990234375	10.0357666015625	228.62997436523438	16	TimesNewRomanPSMT
privatwirtschaftlichen Bereichimmermehran Bedeu­	102.75	115.87506103515625	10.0	228.77999877929688	16	TimesNewRomanPSMT
tung.	103.05001831054688	128.47503662109375	10.0	26.910003662109375	16	TimesNewRomanPSMT
6. Ausblick	103.3499984741211	163.65985107421875	10.0081787109375	49.863731384277344	17	TimesNewRomanPS-BoldMT
Es gibt wedereine Theorie des Systemwechsels, die	103.94999694824219	187.09539794921875	10.03839111328125	229.98255920410156	18	TimesNewRomanPSMT
bei derAuswahlderrichtigenStrategie behilflichsein,	104.0999984741211	198.7938232421875	10.04046630859375	228.1125259399414	18	TimesNewRomanPSMT
noch eine Rezeptur, die den Erfolg einer raschen	104.25	210.66009521484375	10.01934814453125	230.44332885742188	18	TimesNewRomanPSMT
Transformation garantieren könnte. Es bleiben nur	104.0999984741211	222.49249267578125	10.042236328125	232.34607696533203	18	TimesNewRomanPSMT
historische Beispiele, um Aussagen über Rahmen­	104.4000015258789	234.20611572265625	10.02459716796875	228.77999114990234	18	TimesNewRomanPSMT
bedingungen, Maßnahmen, Erfolg undZeitperspek­	104.69999694824219	246.04901123046875	10.03375244140625	228.62998962402344	18	TimesNewRomanPSMT
tive treffen zu können. Die Situation Ost-Mittel­	104.8499984741211	257.90447998046875	10.026611328125	228.8610610961914	18	TimesNewRomanPSMT
europas erinnertmiteinigen Aspekten an Österreichs	104.8499984741211	269.5977783203125	10.03533935546875	229.91886138916016	18	TimesNewRomanPSMT
Nachkriegsgeschichte. Der Zweite Weltkrieg hinter­	105.30000305175781	281.43927001953125	10.04638671875	228.84840393066406	18	TimesNewRomanPSMT
ließ eine weitgehend zerstörte undebenfalls planwirt­	105.30000305175781	293.13897705078125	10.04669189453125	228.8199920654297	18	TimesNewRomanPSMT
schaftlich organisierte Wirtschaft. Die Nachkriegszeit	105.44999694824219	305.000244140625	10.03216552734375	231.2305145263672	18	TimesNewRomanPSMT
war— unddiesistähnlichzurökonomischen Realität	105.5999984741211	316.38916015625	10.04644775390625	231.14173126220703	18	TimesNewRomanPSMT
der postsozialistischen Staaten — durch einen	105.75	328.252197265625	10.029632568359375	229.9798583984375	18	TimesNewRomanPSMT
enormen Geldüberhang, durch hohe Nachfrage	105.9000015258789	339.98101806640625	9.9923095703125	229.81175994873047	18	TimesNewRomanPSMT
nachnichtvorhandenenGüternunddamitdurcheine	106.19999694824219	351.79931640625	10.033355712890625	229.3849639892578	18	TimesNewRomanPSMT
galoppierende Inflation in der Größenordnung von	106.19999694824219	363.6390686035156	10.046630859375	234.6350555419922	18	TimesNewRomanPSMT
20 — 90% pro Jahrgekennzeichnet. Ebenfalls analog	106.5	375.4947509765625	10.039276123046875	230.28878784179688	18	TimesNewRomanPSMT
war das Nachhinken Österreichs beim sektoralen	106.6500015258789	387.1957092285156	10.03802490234375	229.8780746459961	18	TimesNewRomanPSMT
Strukturwandel. 1951 beispielsweise betrugderAnteil	106.94999694824219	399.0547790527344	10.026275634765625	230.64076232910156	18	TimesNewRomanPSMT
derLand- undForstwirtschaftan allen Berufstätigen	106.80000305175781	410.74981689453125	10.03271484375	229.9325408935547	18	TimesNewRomanPSMT
noch 32,7%, im tertiären Sektorlediglich 28,5%. In	107.0999984741211	422.44775390625	10.035369873046875	229.47684478759766	18	TimesNewRomanPSMT
anderen westeuropäischen Staaten war damals der	107.25	434.2900390625	10.04534912109375	231.12313842773438	18	TimesNewRomanPSMT
Anteil des Agrarsektors bereits deutlich geringer.	107.4000015258789	446.0210876464844	10.00518798828125	228.10900115966797	18	TimesNewRomanPSMT
Hoch war auch die Arbeitslosenquote in der	107.8499984741211	457.8470153808594	10.03631591796875	230.88513946533203	18	TimesNewRomanPSMT
unmittelbaren Nachkriegszeit. Sie betrug am Beginn	107.8499984741211	469.6883850097656	10.0474853515625	229.2243423461914	18	TimesNewRomanPSMT
der50erJahreoffiziellrund8% — bei einerweiblichen	107.69999694824219	481.414794921875	10.013336181640625	229.54551696777344	18	TimesNewRomanPSMT
Erwerbsquote der15 —60jährigen vonunter50%.	108.1500015258789	493.2447509765625	10.039276123046875	214.79769134521484	18	TimesNewRomanPSMT
MitBeginnder60erJahre, also rund 16 Jahre nach	118.19999694824219	504.947021484375	10.03631591796875	219.12657165527344	18	TimesNewRomanPSMT
dem EndedesZweitenWeltkriegs, endetdieseEpoche.	108.1500015258789	516.7890625	10.046630859375	226.81551361083984	18	TimesNewRomanPSMT
Österreichhataufgeholt, denAgrarsektorzurück- und	108.5999984741211	527.7872314453125	10.049041748046875	233.51831817626953	18	TimesNewRomanPSMT
die Industrie aufgebaut, die Währung stabilisiert, die	108.5999984741211	540.1883544921875	10.047454833984375	228.35001373291016	18	TimesNewRomanPSMT
Inflation auf unter 5% gedrückt und mit einer	109.05000305175781	551.9017944335938	10.0301513671875	230.0661163330078	18	TimesNewRomanPSMT
Arbeitslosenquote vonunter 3% Vollbeschäftigung	109.05000305175781	563.7647705078125	10.013336181640625	228.7606658935547	18	TimesNewRomanPSMT
erreicht. Die Maßnahmen diesererfolgreichen Politik	108.9000015258789	575.4427490234375	10.041900634765625	228.8567123413086	18	TimesNewRomanPSMT
lassen sich benennen: eine enge Sozialpartnerschaft,	109.3499984741211	587.3062744140625	10.024261474609375	227.06714630126953	18	TimesNewRomanPSMT
die über Lohn- undPreisabkommen die Inflation	109.5	598.9940185546875	10.0401611328125	228.28369140625	18	TimesNewRomanPSMT
bekämpfte, ein Staat, der „deutsches Eigentum“	109.80000305175781	610.8504638671875	10.031829833984375	225.77589416503906	18	TimesNewRomanPSMT
übernahm undals mächtige verstaatlichte Industrie	109.94999694824219	622.6981811523438	10.03485107421875	227.64036560058594	18	TimesNewRomanPSMT
wiederaufbaute, undeine opferbereite Bevölkerung,	110.0999984741211	634.39111328125	10.0439453125	226.02576446533203	18	TimesNewRomanPSMT
die reale Einkommensverluste akzeptierte. Begleitet	110.4000015258789	646.2430419921875	10.041473388671875	229.09066009521484	18	TimesNewRomanPSMT
war diese Entwicklung voneiner günstigen inter­	110.55000305175781	657.9419555664062	10.04290771484375	226.7294464111328	18	TimesNewRomanPSMT
nationalen Konjunktur undeiner effizienten inter­	110.8499984741211	669.7932739257812	10.04119873046875	226.57947540283203	18	TimesNewRomanPSMT
nationalen Wirtschaftshilfe (ERP-Fonds).	111.1500015258789	681.3914794921875	10.043533325195312	174.11540985107422	18	TimesNewRomanPSMT
Die Voraussetzungen für ost-mitteleuropäische	121.3499984741211	693.117431640625	10.0098876953125	217.23831939697266	18	TimesNewRomanPSMT
Staaten sind heute teilweise besser. Die technische	111.75	704.525390625	9.9996337890625	226.9478759765625	18	TimesNewRomanPSMT
Infrastruktur ist zwar in einem vonStaat zu Staat	112.05000305175781	716.1876220703125	10.048492431640625	228.5513458251953	18	TimesNewRomanPSMT
unterschiedlichen Zustand, aber doch großteils	112.3499984741211	728.4923095703125	10.042427062988281	226.71002960205078	18	TimesNewRomanPSMT
vorhanden, die Industrie veraltet, aber nicht zer­	112.3499984741211	739.7537841796875	10.027496337890625	225.77759552001953	18	TimesNewRomanPSMT
Fassmank	545.8499755859375	63.421630859375	7.9979248046875	43.3360595703125	19	TimesNewRomanPSMT
stört, die Versorgung der Bevölkerung mit Wohn­	350.8500061035156	92.46160888671875	10.0174560546875	237.02999877929688	20	TimesNewRomanPSMT
raum, dem Grundbedarf an Lebensmitteln und	351.29998779296875	104.05450439453125	10.026611328125	246.5838623046875	20	TimesNewRomanPSMT
Energie sichergestellt. Dies war im Österreich der	351.45001220703125	116.00323486328125	10.0283203125	242.43597412109375	20	TimesNewRomanPSMT
Nachkriegsjahre nicht der Fall. Im Gegensatz dazu	351.45001220703125	127.84161376953125	10.04327392578125	240.1522216796875	20	TimesNewRomanPSMT
zeigte die internationale Konjunkturin den 50erund	351.45001220703125	139.6927490234375	10.0418701171875	246.22711181640625	20	TimesNewRomanPSMT
frühen 60er Jahren eine klare Wachstumstendenz,	351.75	151.25921630859375	10.02056884765625	236.97021484375	20	TimesNewRomanPSMT
unddie „planwirtschaftliche“ Unterbrechung wäh­	352.04998779296875	163.262451171875	10.016357421875	235.6800537109375	20	TimesNewRomanPSMT
rend des Zweiten Weltkrieges dauerte nur wenige	352.20001220703125	175.09490966796875	10.0390625	238.71246337890625	20	TimesNewRomanPSMT
Jahre.	352.04998779296875	187.24969482421875	10.03289794921875	25.254058837890625	20	TimesNewRomanPSMT
Sieht man vondiesen Unterschieden ab, so lassen	362.70001220703125	198.7998046875	10.03271484375	228.62713623046875	20	TimesNewRomanPSMT
sichfolgendeAussagenabstrahieren: DerTransforma­	352.3500061035156	210.4962158203125	10.037353515625	235.52999877929688	20	TimesNewRomanPSMT
tionsprozeß erforderteinerealistische Einstellungaller	352.6499938964844	222.35736083984375	10.02294921875	240.58718872070312	20	TimesNewRomanPSMT
gesellschaftlichenGruppenhinsichtlichdesErfolgs der	352.6499938964844	234.05218505859375	10.02960205078125	240.88034057617188	20	TimesNewRomanPSMT
politischen Maßnahmen undsehr viel Zeit. Der	352.79998779296875	245.89324951171875	10.04119873046875	240.53375244140625	20	TimesNewRomanPSMT
Eiserne Vorhangwird daherals Wohlstandsgrenze in	353.1000061035156	257.45220947265625	10.02960205078125	238.42288208007812	20	TimesNewRomanPSMT
Europaauch in den nächsten Jahrzehnten erkennbar	353.1000061035156	269.2939453125	10.040283203125	240.01828002929688	20	TimesNewRomanPSMT
bleiben. DerOst-West-Gegensatz wird als politischer,	353.25	280.9930419921875	10.04150390625	236.34271240234375	20	TimesNewRomanPSMT
nichtaberalsökonomischerGegensatz verschwinden.	353.3999938964844	292.69232177734375	10.04241943359375	234.93130493164062	20	TimesNewRomanPSMT
Aus dieserneuen osteuropäischen Peripherie werden	353.54998779296875	304.55450439453125	10.026611328125	237.45062255859375	20	TimesNewRomanPSMT
sich aber einige Metropolen und ausgesuchte	353.54998779296875	316.106689453125	10.0238037109375	237.14385986328125	20	TimesNewRomanPSMT
Regionen abheben und sehr bald europäischen	354.29998779296875	327.80206298828125	10.02978515625	236.7081298828125	20	TimesNewRomanPSMT
Standard erreichen. Das heißt aber auch: Verstär­	354.0	339.64312744140625	10.0413818359375	234.69219970703125	20	TimesNewRomanPSMT
kung regionaler Disparitäten und Bevorzugung	354.1499938964844	351.3554382324219	10.025421142578125	236.90707397460938	20	TimesNewRomanPSMT
westlicherGebiete innerhalb derStaaten. Die Frage,	354.1499938964844	363.1932373046875	10.04119873046875	234.25704956054688	20	TimesNewRomanPSMT
dieüberErfolgoderMißerfolgentscheidet, wirddaher	354.1499938964844	375.04541015625	10.03839111328125	238.67465209960938	20	TimesNewRomanPSMT
folgende sein: Wie ist ein tragfähiger Interessenaus­	354.29998779296875	386.74542236328125	10.03839111328125	233.73004150390625	20	TimesNewRomanPSMT
gleich durchzusetzen, undwann profitiert die breite	354.45001220703125	398.4448547363281	10.03912353515625	236.1490478515625	20	TimesNewRomanPSMT
Masse der Bevölkerung auch außerhalb der Me­	355.04998779296875	410.292724609375	10.041900634765625	232.98004150390625	20	TimesNewRomanPSMT
tropolen vom Umbruch? Denn eines ist klar:	354.75	421.9989929199219	10.033782958984375	234.1715087890625	20	TimesNewRomanPSMT
ExistentielleNotundkrasseGegensätzezwischenarm	355.04998779296875	433.84063720703125	10.0445556640625	234.6048583984375	20	TimesNewRomanPSMT
undreich liquidieren auch im Westen die offene	355.04998779296875	445.542236328125	10.042510986328125	235.4521484375	20	TimesNewRomanPSMT
Gesellschaft.	354.8999938964844	457.7510070800781	9.9664306640625	54.890045166015625	20	TimesNewRomanPSMT
7. Literatur	355.04998779296875	502.8169250488281	9.998992919921875	54.17828369140625	21	TimesNewRomanPS-BoldMT
Altmann, F.-L. (1990): Wirtschaftsreformen und System­	355.20001220703125	529.3167724609375	8.0042724609375	233.06396484375	22	TimesNewRomanPSMT
veränderungen in den Planwirtschaften Osteuropas. Wirt­	363.8999938964844	538.916259765625	8.0048828125	225.04373168945312	22	TimesNewRomanPSMT
schaftspolitische Blätter, 5/90: 426 — 436.	364.04998779296875	548.9673461914062	8.00347900390625	151.5087890625	22	TimesNewRomanPSMT
Csefalvay, Z., u. W. Rohn (1991): DerWeg des ungarischen	355.3500061035156	558.216552734375	8.004547119140625	235.05441284179688	22	TimesNewRomanPSMT
Arbeitsmarktes in die duale Ökonomie. ISR-Forschungsbe-	364.04998779296875	567.517822265625	8.002838134765625	224.3233642578125	22	TimesNewRomanPSMT
richte, 1, Wien.	364.20001220703125	578.2174072265625	8.003387451171875	57.19183349609375	22	ArialMT
Fassmann, H.: Ökonomische Voraussetzungen undReformen.	355.95001220703125	586.9166259765625	8.00445556640625	231.9371337890625	22	TimesNewRomanPSMT
In: Lichtenberger, E. [Hrsg.]: Vom Plan zum Markt.	364.6499938964844	596.7666015625	8.004547119140625	224.20590209960938	22	TimesNewRomanPSMT
Forschungsbericht Nr. 3 des Instituts für Stadt- und	364.79998779296875	606.3682250976562	8.00238037109375	230.02020263671875	22	TimesNewRomanPSMT
Regionalforschung, 9—15.	364.95001220703125	616.3165893554688	8.0045166015625	98.08026123046875	22	TimesNewRomanPSMT
Fiejka, Z., & A. Joz efowicz (1991): Human Resources	356.3999938964844	625.6167602539062	8.0042724609375	233.60366821289062	22	TimesNewRomanPSMT
Development in the 1990s: The Polish Dilemma. Paper	364.95001220703125	635.2189331054688	8.001449584960938	226.8250732421875	22	TimesNewRomanPSMT
presentedattheInternationalConference„HumanResources	364.95001220703125	644.8181762695312	8.00244140625	224.97222900390625	22	TimesNewRomanPSMT
in Europe atthe Dawn of the 2Ist Century“. Luxemburg.	364.95001220703125	654.3665771484375	8.0045166015625	223.086669921875	22	TimesNewRomanPSMT
27.-29. Nov. 1991.	365.1000061035156	664.767822265625	8.002838134765625	73.4140625	22	TimesNewRomanPSMT
Fischer, G. (1991): Labour Market and Social Development	356.8500061035156	673.6168212890625	8.004150390625	234.15158081054688	22	TimesNewRomanPSMT
in Centraland Eastem Europe: ImpactonWestern Europe.	365.25	683.2166748046875	8.004379272460938	222.5855712890625	22	TimesNewRomanPSMT
Paper presented at the Conference on Medium Term	365.70001220703125	692.76806640625	8.002578735351562	223.5267333984375	22	TimesNewRomanPSMT
Economic Assessment. Wien, 14. —16. Okt. 1991.	365.8500061035156	702.7171630859375	8.0037841796875	181.88534545898438	22	TimesNewRomanPSMT
Holz mann, R. (1991): Migrationspotential derpostsozialisti­	357.29998779296875	711.516845703125	8.004150390625	231.114013671875	22	TimesNewRomanPSMT
schen Reformländer Europas: Hintergründe, Daten und	365.8500061035156	721.1175537109375	8.003227233886719	228.06387329101562	22	TimesNewRomanPSMT
Einschätzungen. In: Fassmann, H., Findl, P., u. R. Münz :	366.0	731.0162963867188	8.004898071289062	221.70819091796875	22	TimesNewRomanPSMT
Die Auswirkungen der internationalen Wanderungen auf	366.1499938964844	740.167724609375	8.003028869628906	225.29263305664062	22	TimesNewRomanPSMT
Petermanns Geographische Mitteilungen, 136, 1992/1	391.79998779296875	763.7156982421875	8.005645751953125	195.59808349609375	23	TimesNewRomanPSMT
Transformation in Ost-Mitteleuropa	43.04999923706055	63.41851806640625	8.00201416015625	136.31966018676758	24	TimesNewRomanPSMT
Österreich. Szenarien zur regionalen Bevölkerungsentwick­	51.45000076293945	90.6671142578125	8.0037841796875	222.26398849487305	25	TimesNewRomanPSMT
lung 1991—2031 des Instituts fürDemographie derÖAW.	51.45000076293945	100.11737060546875	8.00347900390625	221.57538986206055	25	TimesNewRomanPSMT
Schriftenreihe derÖROK 89, Wien, 18 — 31.	51.45000076293945	110.0177001953125	8.00311279296875	162.30057907104492	25	TimesNewRomanPSMT
Kä dä r, B. (1990): WirtschaftsreformeninUngarn. Wirtschafts­	43.349998474121094	120.11572265625	8.005615234375	230.5140151977539	25	TimesNewRomanPSMT
politische Blätter, 5/90: 458 — 463.	51.29999923706055	129.86688232421875	8.004150390625	124.77380752563477	25	TimesNewRomanPSMT
Kapl, M., Sojka, M., & T. Tepper (1991): Unemploymentand	43.20000076293945	139.3167724609375	8.0042724609375	231.94889450073242	25	TimesNewRomanPSMT
market-oriented reform in Czechoslovakia. International	51.29999923706055	149.07122802734375	7.99853515625	224.8719367980957	25	TimesNewRomanPSMT
LabourReview, 130: 199 — 210.	51.599998474121094	158.81793212890625	8.0028076171875	115.88603973388672	25	TimesNewRomanPSMT
Klaus, V. (1990): Argumente füreine Strategie der Radikal­	43.04999923706055	168.416748046875	8.0042724609375	230.99684524536133	25	TimesNewRomanPSMT
reform der tschechoslowakischen Wirtschaft und gegen	51.29999923706055	177.86737060546875	8.00347900390625	223.66664505004883	25	TimesNewRomanPSMT
den Gradualismus. Wirtschaftspolitische Blätter, 5/90:	51.150001525878906	187.617431640625	8.00341796875	221.49309539794922	25	TimesNewRomanPSMT
476-481.	51.0	197.072021484375	7.99749755859375	35.433326721191406	25	TimesNewRomanPSMT
Laski, K. (1990): ThestabilizationplanforPoland. Wirtschafts­	43.04999923706055	206.6668701171875	8.004150390625	230.21400833129883	25	TimesNewRomanPSMT
politische Blätter, 5/90: 444—457.	51.150001525878906	216.26690673828125	8.004150390625	124.6238021850586	25	TimesNewRomanPSMT
Stankovsky, J. (1990): Österreich, Osteuropa unddie EG.	42.900001525878906	225.51800537109375	8.002685546875	229.49581146240234	25	TimesNewRomanPSMT
Wirtschaftspolitische Blätter, 5/90: 513 — 519.	51.29999923706055	235.61737060546875	8.00347900390625	166.57194900512695	25	TimesNewRomanPSMT
59	513.4500122070312	62.32318115234375	10.00244140625	9.003173828125	26	TimesNewRomanPSMT
Vintrova, R. (1991): DerÜbergangderehemaligenOstblocklän­	293.25	92.0162353515625	8.0050048828125	229.614013671875	27	TimesNewRomanPSMT
der zur Marktwirtschaft. Wirtschaft undGesellschaft, 17:	301.79998779296875	102.1175537109375	8.00323486328125	220.2322998046875	27	TimesNewRomanPSMT
55-68.	302.1000061035156	111.42138671875	7.998291015625	26.842437744140625	27	TimesNewRomanPSMT
WienerInstitutfürinternationale Wirtschaftsvergleiche (1991):	293.3999938964844	121.16986083984375	8.000244140625	228.57888793945312	27	TimesNewRomanPSMT
Stabilisierung undRezession. Die Wirtschaft der früheren	301.95001220703125	130.61737060546875	8.00347900390625	222.17669677734375	27	TimesNewRomanPSMT
RGW-Länder undJugoslawiens 1990/91. WIFO-Monats-	302.1000061035156	140.21759033203125	8.003173828125	220.21078491210938	27	TimesNewRomanPSMT
berichte, 5/91: 257-272.	301.79998779296875	149.52056884765625	7.9993896484375	90.60357666015625	27	TimesNewRomanPSMT
Witkowski, J. (1991): Labour Market in Poland: Recent	293.1000061035156	159.11688232421875	8.004150390625	232.01473999023438	27	TimesNewRomanPSMT
Changes and Prospects. Paperpresented atthe International	301.6499938964844	168.71661376953125	8.00445556640625	223.20169067382812	27	TimesNewRomanPSMT
Conference “Human Resources in Europe at the Dawn of	301.5	178.167236328125	8.003662109375	223.664794921875	27	TimesNewRomanPSMT
the 2IstCentury”. Luxemburg, 27.-29. Nov. 1991.	301.5	187.6168212890625	8.00421142578125	189.81622314453125	27	TimesNewRomanPSMT
Zwass, A. (1991): Strategien des Wandels im Osten. Zukunft,	292.79998779296875	197.0667724609375	8.0042724609375	229.777587890625	27	TimesNewRomanPSMT
3/91: 21-27.	301.5	206.36737060546875	8.00347900390625	48.44244384765625	27	TimesNewRomanPSMT
Manuskripteingang: 30. 1. 1992	292.95001220703125	221.0662841796875	8.0048828125	115.0509033203125	28	TimesNewRomanPSMT
Manuskriptannahme: 4. 3. 1992	292.95001220703125	235.01739501953125	8.00347900390625	115.8388671875	29	TimesNewRomanPSMT
Univ.-Doz. Dr. Heinz Fassmann, Österreichische Akademie der Wissenschaften, Institut für Stadt- undRegionalforschung,	41.70000076293945	726.9667358398438	8.004264831542969	476.5549430847168	30	TimesNewRomanPSMT
Postgasse 7, A-1010 Wien	41.849998474121094	736.616943359375	8.003997802734375	95.35572052001953	30	TimesNewRomanPSMT
© 1992 Justus Perthes Gotha	41.70000076293945	759.7171630859375	8.003700256347656	111.14770126342773	31	TimesNewRomanPSMT
