HOCHGEBIRGE	111.30000305175781	1.2939453125	11.0274658203125	86.1568603515625	0	Calibri
ANDEN	222.89999389648438	1.00567626953125	11.01220703125	39.3326416015625	1	Calibri
STEFAN DITTMANN	106.05000305175781	47.6845703125	10.97454833984375	93.21914672851562	2	Calibri
Ernährungssicherung zwischen	108.30000305175781	71.10888671875	34.03399658203125	438.60057067871094	3	Tahoma-Bold
Tradition und Grüner Revolution	107.0999984741211	107.2523193359375	34.0430908203125	455.36331939697266	3	Tahoma-Bold
Die Bedeutung der Kartoffel in den Anden und weltweit	107.55000305175781	153.58648681640625	14.0450439453125	331.5448760986328	4	Calibri-Bold
Jeder Schüler kennt sie, und sei es auch nur	183.4499969482422	207.530029296875	11.045654296875	207.18385314941406	5	Calibri
in Form von Pommes und Chips: die Kartoffel.	183.15000915527344	225.83306884765625	11.041748046875	215.03736877441406	6	Calibri
Dass die stärkehaltige Knolle ursprünglich	183.89999389648438	243.8414306640625	11.03082275390625	197.11285400390625	7	Calibri
gar nicht aus Deutschland, sondern aus den	183.4499969482422	261.97918701171875	11.0467529296875	205.96766662597656	8	Calibri
mittel- und südamerikanischen Hochgebirgen	183.60000610351562	280.28302001953125	11.041748046875	214.63430786132812	9	Calibri
stammt, dürfte hingegen den wenigsten	183.3000030517578	297.9813232421875	11.043975830078125	187.9117889404297	10	Calibri
bekannt sein. Ihre Rolle für die andine und	183.75	316.2830810546875	11.04168701171875	202.3988037109375	11	Calibri
weltweite Ernährungssicherung ist das	183.14999389648438	334.4351501464844	11.038970947265625	181.9354248046875	12	Calibri
Thema dieses Beitrags.	183.14999389648438	351.99737548828125	11.023040771484375	107.77444458007812	13	Calibri
Abb. 1: Ein Indianer dankt in einer Zeremonie der Erdmutter	182.85000610351562	727.6082763671875	8.004425048828125	207.13818359375	14	Calibri-Bold
für die erfolgreiche Kartoffelernte.	182.85000610351562	739.4570922851562	8.0059814453125	117.63186645507812	14	Calibri-Bold
Foto: Salazar, M (2008) Rescate de la papa andina en al corazön de Cusco.	183.14999389648438	752.36279296875	6.5037994384765625	202.09262084960938	14	Calibri
http://ipsnotidas.net. Mit freundlicher Genehmigung von Inter Press Service	183.14999389648438	761.8624267578125	6.504299163818359	206.58834838867188	14	Calibri
eit ca. 8000 Jahren werden im Bereich des Alti-	453.8999938964844	210.63079833984375	8.50390625	180.38815307617188	15	TimesNewRomanPSMT
SZum einen konnte die Größe der Knollen gesteigert	417.75	219.28521728515625	82.09133911132812	216.62713623046875	15	TimesNewRomanPSMT
plano Kartoffeln kultiviert. Die Entfaltung indige-	454.04998779296875	222.7811279296875	8.5035400390625	180.347900390625	15	TimesNewRomanPSMT
ner Kulturen und deren Sesshaftwerdung sind eng	453.8999938964844	234.78076171875	8.5040283203125	180.26852416992188	15	TimesNewRomanPSMT
mit der Züchtung dieser Nutzpflanze verbunden:	454.04998779296875	246.931396484375	8.503173828125	180.332763671875	15	TimesNewRomanPSMT
werden. Die modernen Sorten der Kulturkartoffel Sola	453.8999938964844	271.08056640625	8.52618408203125	203.31478881835938	15	TimesNewRomanPS-ItalicMT
tuberosum gehen auf diese Züchtungserfolge zurück (Spo	453.8999938964844	283.2320556640625	8.524658203125	203.21542358398438	15	TimesNewRomanPS-ItalicMT
u. a. 2005). Zum anderen entdeckte man, dass sich einige Kar­	415.6499938964844	295.3800048828125	8.504974365234375	220.33053588867188	15	TimesNewRomanPSMT
toffelsorten durch Gefriertrocknen dauerhaft konservieren	415.79998779296875	307.23101806640625	8.503662109375	219.10498046875	15	TimesNewRomanPSMT
lassen. Die sogenannten Chunos sind auch heute noch strate­	415.79998779296875	319.380615234375	8.504180908203125	220.1805419921875	15	TimesNewRomanPSMT
gischer Bestandteil der lokalen Ernährungssicherung.	415.79998779296875	331.53314208984375	8.500946044921875	190.45489501953125	15	TimesNewRomanPSMT
Während die Inkas bereits einige hundert Kartoffelsorten	427.04998779296875	343.5312194824219	8.50341796875	207.85943603515625	15	TimesNewRomanPSMT
anbauten, wird ihre Zahl allein in Peru heute mit etwa 3 500	415.95001220703125	355.678466796875	8.506988525390625	219.00482177734375	15	TimesNewRomanPSMT
angegeben (Melissis 2007, S. 3). Der Wert dieser Agrobiodiver-	415.95001220703125	367.6820068359375	8.50238037109375	218.82781982421875	15	TimesNewRomanPSMT
sität hegt nicht so sehr im unterschiedlichen Geschmack der	415.95001220703125	379.6781005859375	8.5074462890625	219.48944091796875	15	TimesNewRomanPSMT
Knollen, sondern in der Angepasstheit der einzelnen Sorten	415.95001220703125	391.6796569824219	8.50543212890625	219.2884521484375	15	TimesNewRomanPSMT
an unterschiedliche Boden- und Klimaverhältnisse, Schäd	415.95001220703125	403.681884765625	8.5025634765625	217.46624755859375	15	TimesNewRomanPSMT
linge und Krankheiten (Corves 2009, Devaux u.a. 2010, S. 9f.).	416.1000061035156	415.83026123046875	8.504638671875	218.88265991210938	15	TimesNewRomanPSMT
Durch die Sortenvielfalt kann ein weites Spektrum an Stand­	416.1000061035156	427.8310241699219	8.503662109375	220.63052368164062	15	TimesNewRomanPSMT
orten der tierra fria und tierra helada zwischen 2000 und	416.1000061035156	439.8310546875	8.503631591796875	219.15365600585938	15	TimesNewRomanPSMT
4 000 m Höhe für den Anbau genutzt werden. Der Ernährungs	416.1000061035156	451.68060302734375	8.50421142578125	217.38796997070312	15	TimesNewRomanPSMT
Sicherung im Subsistenzanbau wird dabei eine höhere Bedeu­	416.25	463.830322265625	8.50457763671875	220.6304931640625	15	TimesNewRomanPSMT
tung beigemessen als einer risikobehafteten Ertragsmaximie­	416.1000061035156	475.68011474609375	8.504852294921875	220.78048706054688	15	TimesNewRomanPSMT
rung (vgl. M 3).	416.25	487.5273132324219	8.50848388671875	51.342864990234375	15	TimesNewRomanPSMT
Anfang der 1970er wurde der Marktfruchtanbau mit Hoch­	427.20001220703125	499.68060302734375	8.50421142578125	209.68048095703125	15	TimesNewRomanPSMT
ertragssorten in den Anden eingeführt (vgl. Melissis 2007.	416.25	511.6803283691406	8.504608154296875	218.93743896484375	15	TimesNewRomanPSMT
BMZ 2008). Diese Grüne Revolution muss heute als geschei	416.25	523.6820678710938	8.5023193359375	217.09747314453125	15	TimesNewRomanPSMT
tert angesehen werden, da die neuen Kartoffelsorten an das	416.25	535.6805419921875	8.504302978515625	219.1964111328125	15	TimesNewRomanPSMT
extreme Klima nicht ausreichend angepasst sind und Schäd­	416.3999938964844	547.6800537109375	8.5048828125	220.48049926757812	15	TimesNewRomanPSMT
linge sich in den Monokulturen ausbreiten (vgl. M4). Der	416.25	559.53076171875	8.504043579101562	219.48291015625	15	TimesNewRomanPSMT
intensivierte Anbau führt zur Degradierung der empfind	416.1000061035156	571.5302734375	8.504669189453125	217.51266479492188	15	TimesNewRomanPSMT
liehen Hochgebirgsböden. Gleichzeitig verschulden sich die	416.1000061035156	583.38134765625	8.503250122070312	219.29183959960938	15	TimesNewRomanPSMT
Bauern für den teuren Einsatz von Pestiziden, ohne die eine	416.1000061035156	595.3806762695312	8.504104614257812	219.35549926757812	15	TimesNewRomanPSMT
sichere Ernte unmöglich ist. Für den Großhandel waren aus	416.1000061035156	607.0802001953125	8.5047607421875	219.32876586914062	15	TimesNewRomanPSMT
der Vielzahl von Kartoffelvarianten bislang nur die Hoch	416.1000061035156	618.9319458007812	8.502517700195312	217.38455200195312	15	TimesNewRomanPSMT
ertragssorten interessant - die Schaffung von Anbaualterna	416.1000061035156	630.9324951171875	8.501754760742188	217.59042358398438	15	TimesNewRomanPSMT
tiven ist daher eine Herausforderung (s.u.).	415.95001220703125	642.93115234375	8.503555297851562	151.2657470703125	15	TimesNewRomanPSMT
Ernährungssicherheit und regionale	416.54998779296875	666.7643432617188	11.002059936523438	174.9239501953125	16	Calibri-Bold
Entwicklung in den Anden	416.70001220703125	681.439208984375	11.035621643066406	126.3917236328125	16	Calibri-Bold
Aus heutiger Sicht stellt die hohe Zahl von Kartoffelsorten	416.25	702.3328857421875	8.501220703125	218.94329833984375	17	TimesNewRomanPSMT
eine wichtige genetische Ressource dar. Im Zuge des Klima­	416.3999938964844	714.1806640625	8.504173278808594	220.03048706054688	17	TimesNewRomanPSMT
wandels werden sich Umweltbedingungen regional erheblich	416.25	726.1803588867188	8.504493713378906	218.87310791015625	17	TimesNewRomanPSMT
verändern, sodass standardisierte Hochertragssorten auch	416.25	738.0311889648438	8.50341796875	218.8533935546875	17	TimesNewRomanPSMT
auf bislang günstigen Standorten unprofitabel werden kön­	416.70001220703125	749.8810424804688	8.503643035888672	219.43048095703125	17	TimesNewRomanPSMT
nen. Aus einem Pool genetisch unterschiedlicher Typen die	416.70001220703125	761.7315673828125	8.502952575683594	218.14105224609375	17	TimesNewRomanPSMT
PRAXIS GEOGRAPHIE 1012010	530.25	798.9298706054688	7.003190040588379	104.32025146484375	18	Calibri
DAS THEMA IM	28.5	49.6702880859375	10.9940185546875	89.70440673828125	19	Calibri-Bold
UNTERRICHT	124.94999694824219	49.65087890625	11.01995849609375	76.4027099609375	20	Calibri-Bold
Planung und Zeitrahmen	49.5	80.66741943359375	10.018798828125	123.01004028320312	21	Calibri
Klassenstufe:	40.95000076293945	102.16790771484375	7.996826171875	44.20549392700195	22	Calibri
Zeitbedarf:	40.79999923706055	117.6129150390625	8.00335693359375	36.88698959350586	23	Calibri
a b Klasse 7	101.0999984741211	102.163330078125	8.0028076171875	36.341514587402344	24	Calibri
2-3 Stunden	101.0999984741211	117.61212158203125	8.00439453125	41.352989196777344	25	Calibri
Lehrplanbezüge: Landschaftszonen der Erde;	40.95000076293945	133.2099609375	8.00714111328125	153.44330978393555	26	Calibri
landwirtschaftliche Produktion	102.75	144.61358642578125	8.00244140625	103.04331970214844	26	Calibri
Download:	40.95000076293945	160.0623779296875	8.0040283203125	36.360172271728516	27	Calibri
Folienvorlage als Einstiegsidee,	102.5999984741211	160.06341552734375	8.002685546875	106.47614288330078	28	Calibri
Lösungshinweise	102.75	171.463134765625	8.00299072265625	57.641754150390625	28	Calibri
Ziel dieser Minisequenz ist es, das Konzept der Höhenzonierung um	32.54999923706055	210.01275634765625	8.00347900390625	246.46217727661133	29	Calibri
sozio-ökonomische Fragestellungen der dort lebenden Bevölkerung	32.54999923706055	222.01312255859375	8.00299072265625	246.3880500793457	29	Calibri
zu erweitern. Dazu wird die schwierige Balance zwischen der Siche­	32.400001525878906	234.01226806640625	8.004150390625	246.64800262451172	29	Calibri
rung natürlicher Lebensgrundlagen und der Ernährungssicherung am	32.849998474121094	245.8623046875	8.004150390625	246.02558135986328	29	Calibri
Beispiel des Kartoffelanbaus thematisiert. Die Temperaturabnahme als	32.849998474121094	258.01373291015625	8.002197265625	246.49671173095703	29	Calibri
Grundlage der Höhenzonierung sollte bereits erarbeitet worden sein.	32.70000076293945	269.862060546875	8.00445556640625	246.3520622253418	29	Calibri
Als Einstieg kann eine Folie dienen, die einen traditionell gekleideten	32.54999923706055	281.86090087890625	8.0059814453125	246.3262825012207	29	Calibri
Indianer mit geernteten Kartoffeln auf dem Feld zeigt. Aus seiner Gestik	32.54999923706055	293.86090087890625	8.005950927734375	246.79268264770508	29	Calibri
lässt sich die Bedeutung der Kartoffelernte erschließen (evtl, dankt er	33.0	305.86334228515625	8.002777099609375	246.50656127929688	29	Calibri
der „Erdmutter“, der „pachamama“). Daraus ergibt sich die Frage nach	32.70000076293945	317.86138916015625	8.00531005859375	246.09406661987305	29	Calibri
der Bedeutung von Kartoffeln für die Ernährung der Hochlandbevöl­	32.849998474121094	329.8617858886719	8.00482177734375	246.04801177978516	29	Calibri
kerung. Um die Probleme der Nahrungsmittelerzeugung zu verstehen,	33.150001525878906	341.8624572753906	8.003936767578125	245.68663787841797	29	Calibri
muss zunächst die ökologische Ungunst des andinen Hochlandes deut­	33.150001525878906	353.8620300292969	8.004486083984375	245.74800872802734	29	Calibri
lich werden. M 2 erinnert dabei auch an das tropische Tageszeitenklima.	33.150001525878906	365.8617858886719	8.004791259765625	245.86199188232422	29	Calibri
Sollte die Frage aufkommen, warum die tierra fria trotz der schwierigen	32.849998474121094	377.8619384765625	8.004608154296875	245.84296417236328	29	Calibri
Umweltbedingungen besiedelt ist, ist eine Lehrerinformation unabding­	33.29999923706055	389.8635559082031	8.00250244140625	245.5980110168457	29	Calibri
bar: Die Besiedlung ist eine Folgewirkung der spanischen Eroberung,	33.150001525878906	401.8619079589844	8.004638671875	245.8043441772461	29	Calibri
zuvor siedelten die Ureinwohner eherin den fruchtbaren Lagen zwischen	32.70000076293945	413.86236572265625	8.004058837890625	246.06293869018555	29	Calibri
1000 und 2 500m (ausführlich: Schmidt-Wulffen 1999). M3-M<t dienen	294.45001220703125	76.81195068359375	8.004638671875	248.66900634765625	30	Calibri
der Erarbeitung der traditionellen und modernen Anbaumethode. Die	294.6000061035156	88.9622802734375	8.004150390625	248.85824584960938	30	Calibri
Partnervorträge können auch in Form eines Kugellagers erfolgen. M5	294.75	100.96319580078125	8.0029296875	248.76275634765625	30	Calibri
zeigt eine Alternative für die Bauern des Hochlandes auf, mit der sich die	294.29998779296875	113.1116943359375	8.00494384765625	249.18780517578125	30	Calibri
Schülerin einem Brief produktiv auseinander setzen sollen.	294.45001220703125	124.96246337890625	8.00390625	205.34027099609375	30	Calibri
Der zweite Teil des Unterrichtsvorschlags vertieft die Bedeutung von	306.0	137.26287841796875	8.00335693359375	237.295166015625	30	Calibri
Kartoffeln für die Nahrungssicherung weltweit. Es wird deutlich, dass die	294.75	149.263916015625	8.001953125	248.69677734375	30	Calibri
Potenziale der Kartoffel als Grundnahrungsmittel nur zum Tragen kom­	294.6000061035156	161.41229248046875	8.004150390625	248.74801635742188	30	Calibri
men, wenn nicht in Monokultur angebaut wird. Auch die Veränderung	294.6000061035156	173.4119873046875	8.0045166015625	248.50656127929688	30	Calibri
der Essgewohnheiten in Deutschland kann thematisiert und damit eine	294.45001220703125	185.41265869140625	8.003662109375	248.883056640625	30	Calibri
Brücke zur Lebenswelt der Schüler hergestellt werden.	294.75	197.71240234375	8.00396728515625	185.4471435546875	30	Calibri
Vorteile	296.54998779296875	260.66943359375	6.49505615234375	21.736480712890625	31	Calibri
Nachteile	296.8500061035156	282.86688232421875	6.4984130859375	25.4027099609375	32	Calibri
Traditioneller Anbau	349.04998779296875	237.7154541015625	6.50030517578125	56.443359375	33	Calibri
- Vermeidung von	349.3500061035156	260.21337890625	6.5030517578125	50.68609619140625	34	Calibri
Ernteausfallen	355.20001220703125	269.2132568359375	6.503173828125	39.40960693359375	34	Calibri
- wenig Überschüsse, die	349.3500061035156	282.71588134765625	6.499755859375	70.79965209960938	35	Calibri
verkauft werden können	354.75	291.56597900390625	6.4996337890625	66.84600830078125	35	Calibri
Bewertung:	296.70001220703125	323.2195129394531	6.4949951171875	32.410858154296875	36	Calibri
wirtschaftlich	296.54998779296875	332.21875	6.496002197265625	37.888580322265625	36	Calibri
- Anbau sichert das	349.3500061035156	323.21441650390625	6.50164794921875	55.071075439453125	37	Calibri
Überleben der Menschen	355.20001220703125	332.2118835449219	6.50494384765625	69.08486938476562	37	Calibri
Bewertung:	296.70001220703125	363.5651550292969	6.50067138671875	32.334503173828125	38	Calibri
Umweltschutz	296.70001220703125	372.71697998046875	6.498291015625	38.64898681640625	38	Calibri
- Anbaumethode ist an die	349.20001220703125	363.71405029296875	6.502105712890625	74.75775146484375	39	Calibri
Umweltbedingungen des	355.04998779296875	372.7138366699219	6.502410888671875	69.60873413085938	39	Calibri
Hochlandes angepasst	355.04998779296875	381.7151794433594	6.500640869140625	62.2625732421875	39	Calibri
Tafelbildvorschlag (Aufg. 4)	293.70001220703125	414.1578369140625	8.004913330078125	93.9310302734375	40	Calibri-Bold
Moderner Anbau	434.25	237.5625	6.504150390625	45.4683837890625	41	Calibri
(Grüne Revolution)	434.1000061035156	246.56500244140625	6.50091552734375	50.977630615234375	41	Calibri
- anfänglich Steigerung der Ernte	434.1000061035156	260.06292724609375	6.50360107421875	91.96426391601562	42	Calibri
- Erfolg nur bei Bauern in den Tälern	434.1000061035156	269.063232421875	6.503173828125	100.52224731445312	42	Calibri
- Missernten	434.25	282.5672607421875	6.4979248046875	34.9525146484375	43	Calibri
- Auslaugung des Bodens	434.25	291.7130126953125	6.50347900390625	71.2386474609375	43	Calibri
- Kosten für Pflanzenschutzmittel,	434.25	300.71673583984375	6.498626708984375	92.26556396484375	43	Calibri
Dünger	440.1000061035156	309.5633850097656	6.50299072265625	19.604522705078125	43	Calibri
- nur wenige Bauern können vom	434.3999938964844	323.0623474121094	6.50433349609375	91.82913208007812	44	Calibri
Verkauf der Ernte gut leben	439.79998779296875	332.0630187988281	6.50347900390625	73.291015625	44	Calibri
- wirtschaftliche Verschlechterung für	434.54998779296875	341.0619201660156	6.504913330078125	102.7691650390625	44	Calibri
die meisten Menschen	439.95001220703125	350.064453125	6.501617431640625	60.05352783203125	44	Calibri
- Anbaumethode ist nicht an die	434.3999938964844	363.5635070800781	6.502838134765625	87.59970092773438	45	Calibri
Umwelt angepasst	440.25	372.7109680175781	6.506134033203125	49.17462158203125	45	Calibri
- Zerstörung des Bodens	434.3999938964844	381.7130126953125	6.50347900390625	67.33865356445312	45	Calibri
- Belastung durch Pflanzenschutz­	434.3999938964844	390.5628967285156	6.503631591796875	94.53903198242188	45	Calibri
mittel	440.1000061035156	399.7196350097656	6.494842529296875	14.9844970703125	45	Calibri
lokal am besten geeigneten auswählen zu können, wird für	23.399999618530273	449.58050537109375	8.504302978515625	216.06431007385254	46	TimesNewRomanPSMT
die Ernährungssicherheit weltweit möglicherweise zukunfts­	23.549999237060547	461.7309265136719	8.503753662109375	217.0305061340332	46	TimesNewRomanPSMT
entscheidend sein (Kotschi 2007).	23.549999237060547	473.8814697265625	8.503021240234375	116.94250869750977	46	TimesNewRomanPSMT
Die Vielfalt der lokalen Sorten kann nur genutzt werden,	34.79999923706055	485.7322998046875	8.501953125	204.3409309387207	46	TimesNewRomanPSMT
wenn Kenntnisse um die jeweiligen Standorteigenschaften	23.549999237060547	497.730712890625	8.5040283203125	215.61903762817383	46	TimesNewRomanPSMT
und Verwendungsmöglichkeiten der Pflanzen tradiert wer­	23.700000762939453	509.7314147949219	8.503082275390625	216.73051071166992	46	TimesNewRomanPSMT
den. Dass dieses Wissen in vielen Indio-Gemeinschaften durch	23.700000762939453	521.8809814453125	8.503662109375	215.47556686401367	46	TimesNewRomanPSMT
die landwirtschaftliche Modernisierung verloren gegangen	23.700000762939453	534.0299072265625	8.5050048828125	215.47729110717773	46	TimesNewRomanPSMT
ist, erschwert eine Rückkehr zum traditionellen Anbau­	23.700000762939453	546.0294799804688	8.50555419921875	216.8805046081543	46	TimesNewRomanPSMT
system. Inzwischen haben sich in der Bevölkerung Initiativen	23.850000381469727	558.0316162109375	8.50286865234375	215.2886257171631	46	TimesNewRomanPSMT
gebildet, die Tauschmärkte für traditionelle Sorten anbieten	23.850000381469727	570.1804809570312	8.504318237304688	215.6096706390381	46	TimesNewRomanPSMT
und das Wissen um Anbaubedingungen und Verwendung	23.850000381469727	582.1813354492188	8.503250122070312	215.5896816253662	46	TimesNewRomanPSMT
vermitteln (vgl. BMZ 2008). Eine wichtige Rolle nimmt auch	23.850000381469727	594.3305053710938	8.504287719726562	215.56818199157715	46	TimesNewRomanPSMT
das internationale Kartoffelforschungszentrum (CIP) in Lima	24.149999618530273	606.031005859375	8.503677368164062	215.4394931793213	46	TimesNewRomanPSMT
ein, das Dorfgemeinschaften im Anbau traditioneller Sorten	24.299999237060547	618.0299682617188	8.504959106445312	215.19997024536133	46	TimesNewRomanPSMT
unterstützt, einheimische Sorten archiviert und züchtet. Auch	24.299999237060547	630.1802978515625	8.504531860351562	215.41240310668945	46	TimesNewRomanPSMT
die Vermarktung der „papas nativas“ in den städtischen Zen­	24.450000762939453	642.330810546875	8.503921508789062	216.58050155639648	46	TimesNewRomanPSMT
tren wird forciert. Die farbigen und ungewöhnlich geform­	24.450000762939453	654.4800415039062	8.504867553710938	216.58050155639648	46	TimesNewRomanPSMT
ten Knollen stellen momentan noch ein Nischensegment in	24.449996948242188	666.4808959960938	8.503799438476562	215.539306640625	46	TimesNewRomanPSMT
Supermärkten und der Gastronomie dar (Mayo 2010). Der­	24.600000381469727	678.6305541992188	8.50421142578125	216.4305019378662	46	TimesNewRomanPSMT
zeit übersteigt die Nachfrage die Produktion. Aufgrund der	24.450000762939453	690.7811889648438	8.50341796875	215.71964645385742	46	TimesNewRomanPSMT
im Vergleich zu „Standard“-Kartoffeln etwa 50% höheren	24.600000381469727	702.9296264648438	8.505439758300781	215.3870449066162	46	TimesNewRomanPSMT
Preise kann vom traditionellen Kartoffelanbau ein gewisser	24.75	714.9303588867188	8.504440307617188	215.5701904296875	46	TimesNewRomanPSMT
Entwicklungsimpuls für die hochandinen Regionen ausge­	24.899999618530273	727.2300415039062	8.504867553710938	216.2805118560791	46	TimesNewRomanPSMT
hen. Die Möglichkeiten der Produktionsausweitung sind aller­	24.899999618530273	739.23046875	8.504364013671875	216.43050575256348	46	TimesNewRomanPSMT
dings begrenzt, wenn ein nachhaltiger Anbau gewährleistet	25.200000762939453	751.3815307617188	8.502925872802734	214.92144393920898	46	TimesNewRomanPSMT
bleiben soll. ■■	25.200000762939453	763.3786010742188	8.506797790527344	215.4465446472168	46	TimesNewRomanPSMT
PRAXIS GEOGRAPHIE 1012010	26.100000381469727	801.2308959960938	7.001855850219727	100.60406303405762	47	Calibri
LITERATUR	255.89999389648438	449.3934326171875	11.029937744140625	71.34286499023438	48	Calibri-Bold
Die Bundesregierung (Hrsg.): Die Kartoffel: Erfolgsgeschichte einer	255.4499969482422	471.480224609375	7.002655029296875	203.8560028076172	49	Calibri
„ärmlichen Knolle“. Magazin zur Entwicklungspolitik Nr. 69/2008	263.8500061035156	480.4802551269531	7.00262451171875	198.0196533203125	49	Calibri
(www.bundesregierung.de)	264.0	489.6272888183594	7.006500244140625	81.91290283203125	49	Calibri
Corves, C.: Biologische Vielfalt in der Landwirtschaft. Ihre Bedeutung	255.3000030517578	498.6289367675781	7.004364013671875	209.64369201660156	49	Calibri
für die Ernährungssicherung in Zeiten des Klimawandels.	263.3999938964844	507.63018798828125	7.00274658203125	174.80197143554688	49	Calibri
Geographische Rundschau 61 (2009) H.4, S. 38-45	263.70001220703125	516.7802734375	7.00262451171875	152.9351806640625	49	Calibri
Devaux, A. u. a.: Anälisis comparativo del sector papa en Bolivia,	255.4499969482422	525.7764892578125	7.007598876953125	198.1724395751953	49	Calibri
Ecuador y Peru. In: Devaux, A. u. a. (Hrsg.): El sector papa en la	263.8500061035156	534.9285888671875	7.004791259765625	195.296630859375	49	Calibri
regiön andina. Diagnöstico y elementos para una vision estrategica	263.8500061035156	543.9293212890625	7.003936767578125	204.22393798828125	49	Calibri
(Bolivia, Ecuador y Peru). Lima 2010, S. 8-22	263.8500061035156	552.9288940429688	7.00445556640625	134.96966552734375	49	Calibri
Kotschi, J.: Agricultural Biodiversity is Essential for Adapting to Climate	255.4499969482422	562.0797119140625	7.00335693359375	215.43763732910156	49	Calibri
Change. GAIA 16 (2007) H.2, S. 98-101	263.70001220703125	571.0784912109375	7.0048828125	115.79806518554688	49	Calibri
Melissis, A.: Die Kraft der Knolle. Die Kartoffel und ihre Bedeutung als	255.4499969482422	580.2304077148438	7.0024566650390625	213.94300842285156	49	Calibri
Kulturpflanze, die zeitung - terre des hommes 4/2007, S.3	263.8500061035156	589.229248046875	7.00396728515625	177.36398315429688	49	Calibri
Mayo, R.: Las papas nativas conquistan el mundo. El Comercio vom	255.60000610351562	598.228515625	7.0048675537109375	204.32470703125	49	Calibri
11.01. 2010	263.70001220703125	606.3305053710938	7.0022430419921875	31.314605712890625	49	Calibri
Schmidt-Wulffen, W.-D.: Zweimal „Höhenstufen der Anden“ -	255.4499969482422	616.079833984375	7.003173828125	188.6106719970703	49	Calibri
Ein neuer didaktischer und inhaltlicher Zugang zu einem „alten“	264.0	625.22998046875	7.003082275390625	198.022216796875	49	Calibri
Thema des Geographieunterrichts. In: Materialien zur Didaktik der	263.70001220703125	634.3785400390625	7.0048828125	202.79638671875	49	Calibri
Geographie und Wirtschaftskunde (1999) Bd. 15, S. 99-106	264.0	643.3804931640625	7.0023345947265625	176.189697265625	49	Calibri
Spooner, D. M. u.a.: A single domestication for potato based on	255.60000610351562	652.37744140625	7.006317138671875	195.32467651367188	49	Calibri
multilocus amplified fragment length polymorphism genotyping.	264.29998779296875	661.5291137695312	7.00408935546875	195.90609741210938	49	Calibri
PNAS 102 (2005) H.41	264.29998779296875	669.9271240234375	7.006744384765625	64.39962768554688	49	Calibri
Filme	256.04998779296875	727.3817138671875	7.000709533691406	15.80474853515625	50	Calibri
Bundesministerium für wirtschaftliche Zusammenarbeit und Entwick­	256.3500061035156	736.829345703125	7.0037994384765625	209.59197998046875	50	Calibri
lung (BMZ) (Hrsg.): Das grüne Gold der Inkas. Wie die Kartoffel in	264.75	745.8287963867188	7.004497528076172	200.57070922851562	50	Calibri
Zeiten des Klimawandels die Ernährung sichern kann. Bonn/Berlin	264.6000061035156	754.9796752929688	7.003368377685547	201.96267700195312	50	Calibri
2008 (BMZ Filmservice 017)	264.6000061035156	763.9796142578125	7.003467559814453	81.86831665039062	50	Calibri
9	542.25	792.79638671875	12.949800491333008	4.93072509765625	51	TimesNewRomanPSMT
