niedersächsischen Raum werden durch den	76.05000305175781	42.6331787109375	8.50079345703125	179.88998413085938	0	TimesNewRomanPSMT
Nordsüdkanal gleichsam zu einem Hütten­	76.05000305175781	52.2303466796875	8.5045166015625	180.4304962158203	0	TimesNewRomanPSMT
werk an der Küste und können daher mit	75.75	61.98052978515625	8.5042724609375	180.30947875976562	0	TimesNewRomanPSMT
gleichen Fazilitäten konkurrieren wie die	76.3499984741211	71.58306884765625	8.50091552734375	179.74097442626953	0	TimesNewRomanPSMT
„nassen" Hütten und haben überdies den zu­	76.5	81.333251953125	8.50067138671875	179.98049926757812	0	TimesNewRomanPSMT
sätzlichen Vorteil der eigenen Rohstoffbasis.	76.19999694824219	91.0819091796875	8.50244140625	179.624755859375	0	TimesNewRomanPSMT
V. Der Nordsüdkanal —	76.3499984741211	104.58038330078125	8.50439453125	98.39339447021484	1	TimesNewRomanPSMT
ein anerkannter Verkehrsweg	89.25	114.48004150390625	8.5048828125	120.49577331542969	1	TimesNewRomanPSMT
der Europäischen Wirtschaftsgemeinschaft	89.25	124.00872802734375	8.50323486328125	167.0482177734375	1	TimesNewRomanPS-BoldMT
Der Verkehr ist nicht nur Gegenstand der	84.5999984741211	135.78045654296875	8.50433349609375	171.62097930908203	2	TimesNewRomanPSMT
Integration, sondern ebensosehr Mittel der	76.6500015258789	145.230712890625	8.5040283203125	179.43944549560547	2	TimesNewRomanPSMT
Integration, weil durch ihn die technischen	76.5	154.98211669921875	8.502197265625	179.43406677246094	2	TimesNewRomanPSMT
Voraussetzungen zur Mobilität der Produk­	76.3499984741211	164.58065795898438	8.504058837890625	180.2804946899414	2	TimesNewRomanPSMT
tionsfaktoren geschaffen werden.	76.80000305175781	174.1832275390625	8.500732421875	131.93124389648438	2	TimesNewRomanPSMT
Quantität und Qualität der Verkehrswege	84.9000015258789	184.98391723632812	8.4998779296875	171.1208724975586	2	TimesNewRomanPSMT
entscheiden wesentlich über den Ertrag und	76.6500015258789	194.58145141601562	8.503021240234375	179.3983383178711	2	TimesNewRomanPSMT
das Tempo der Integration. Die Verkehrs­	76.94999694824219	204.1810302734375	8.503570556640625	179.53050231933594	2	TimesNewRomanPSMT
investitionen haben daher eine Schlüssel­	77.25	213.78106689453125	8.5035400390625	179.23049926757812	2	TimesNewRomanPSMT
funktion im Gemeinsamen Markt. Es ist lo­	76.80000305175781	223.3800048828125	8.50494384765625	179.6804962158203	2	TimesNewRomanPSMT
gisch, daß die Kommission der EWG in ihren	76.80000305175781	232.980712890625	8.5040283203125	179.07594299316406	2	TimesNewRomanPSMT
„Empfehlungen zum Ausbau der Verkehrs­	77.4000015258789	242.73068237304688	8.504058837890625	179.08049774169922	2	TimesNewRomanPSMT
wege der Gemeinschaft" vom 21. 6. 1960 und	76.5	252.3304443359375	8.50433349609375	179.55364990234375	2	TimesNewRomanPSMT
25. 7. 1961 ein konkretes Programm vo-rge-	76.6500015258789	261.93115234375	8.50341796875	179.28050994873047	2	TimesNewRomanPSMT
legt hat.	76.80000305175781	271.2347106933594	8.49884033203125	31.94916534423828	2	TimesNewRomanPSMT
Ehe Kommission hat in ihren Empfehlun­	85.05000305175781	281.28076171875	8.503936767578125	171.5804901123047	2	TimesNewRomanPSMT
gen auf die Gefahren der bisherigen Ab­	76.94999694824219	290.88006591796875	8.504852294921875	179.6804962158203	2	TimesNewRomanPSMT
kapselung der nationalen Verkehrsnetze	76.6500015258789	300.47991943359375	8.505035400390625	179.51412200927734	2	TimesNewRomanPSMT
gegenüber dem Ausland, der Unzulänglich­	76.6500015258789	310.0806579589844	8.504058837890625	179.9804916381836	2	TimesNewRomanPSMT
keit der Anschlußstellen, der Uneinheitlich­	76.5	319.8321533203125	8.50213623046875	180.1304931640625	2	TimesNewRomanPSMT
keit der strukturellen Gegebenheiten der	76.6500015258789	329.4321594238281	8.50213623046875	179.27098846435547	2	TimesNewRomanPSMT
Verkehrswege diesseits und jenseits der	76.80000305175781	339.0311584472656	8.50341796875	179.12098693847656	2	TimesNewRomanPSMT
Grenzen, der in einzelnen Fällen	76.80000305175781	348.6023254394531	8.540771484375	178.9545440673828	2	TimesNewRomanPSMT
schlechten Verbindung zwi­	76.94999694824219	358.23382568359375	8.5	179.2305145263672	2	TimesNewRomanPSMT
schen den großen Seehäfen und	76.6500015258789	367.8126525878906	8.527374267578125	179.46358489990234	2	TimesNewRomanPSMT
den Industriegebieten und einer	77.0999984741211	377.4167175292969	8.5220947265625	178.86429595947266	2	TimesNewRomanPSMT
Ausrichtung der Verbindungswege auf die	76.6500015258789	386.8809814453125	8.503662109375	179.24750518798828	2	TimesNewRomanPSMT
Hauptstadt oder auf gewisse industrielle,	76.6500015258789	396.63067626953125	8.504058837890625	179.09612274169922	2	TimesNewRomanPSMT
regional mangelhaft entwickelte Ballungs­	76.80000305175781	406.232177734375	8.50213623046875	179.6804962158203	2	TimesNewRomanPSMT
räume hingewiesen. Die Kommission hat aus­	76.80000305175781	415.83074951171875	8.50396728515625	179.6804962158203	2	TimesNewRomanPSMT
drücklich den Anschluß Hamburgs an das	76.80000305175781	425.4306640625	8.504058837890625	179.28843688964844	2	TimesNewRomanPSMT
westeuropäische Binnenwasserstraßennetz	76.3499984741211	435.03375244140625	8.50006103515625	179.82025909423828	2	TimesNewRomanPSMT
WILHELM LEITNER	76.6500015258789	476.28070068359375	8.504013061523438	81.40779876708984	3	TimesNewRomanPSMT
durch eine Großschiffahrtsstraße empfohlen.	269.1000061035156	43.2340087890625	8.499755859375	180.52554321289062	4	TimesNewRomanPSMT
Damit ist der europäische Charakter des	268.79998779296875	52.980712890625	8.5040283203125	180.61868286132812	4	TimesNewRomanPSMT
Nordsüdkanals anerkannt.	268.95001220703125	62.73309326171875	8.50091552734375	104.01861572265625	4	TimesNewRomanPSMT
Der Nordsüdkanal ist im gemeinsamen	277.5	74.28192138671875	8.50244140625	171.895751953125	5	TimesNewRomanPSMT
Markt nicht nur eine nationale Maßnahme,	268.79998779296875	84.03167724609375	8.50274658203125	180.51043701171875	5	TimesNewRomanPSMT
sondern eine europäische Gemeinschaftsauf­	269.1000061035156	93.63104248046875	8.5035400390625	180.8804931640625	5	TimesNewRomanPSMT
gabe. Der Nordsüdkanal führt den norddeut­	268.95001220703125	103.23211669921875	8.502197265625	181.03048706054688	5	TimesNewRomanPSMT
schen Raum verkehrswirtschaftlich an das	269.25	112.8306884765625	8.5040283203125	180.16622924804688	5	TimesNewRomanPSMT
industrielle Kerngebiet der EWG und an die	269.1000061035156	122.280029296875	8.5048828125	180.4554443359375	5	TimesNewRomanPSMT
Partnerstaaten heran.	269.1000061035156	132.03253173828125	8.50164794921875	84.96893310546875	5	TimesNewRomanPSMT
Der Nordsüdkanal ist ein wesentlicher Be­	277.5	144.782470703125	8.501708984375	172.6304931640625	6	TimesNewRomanPSMT
standteil eines europäischen Binnen­	268.95001220703125	154.22637939453125	8.509613037109375	181.18048095703125	6	TimesNewRomanPSMT
wasserstraßennetzes. Ein solches ist bisher	269.1000061035156	163.98052978515625	8.504241943359375	180.4610595703125	6	TimesNewRomanPSMT
nur in Ansätzen vorhanden. Um dieses Netz	268.79998779296875	173.58135986328125	8.503143310546875	180.61550903320312	6	TimesNewRomanPSMT
zu bilden, soll der Rhein-Rhöne-Kanal den	268.79998779296875	183.18096923828125	8.503662109375	180.74554443359375	6	TimesNewRomanPSMT
Süden des EWG-Gebietes erschließen und	269.1000061035156	192.93167114257812	8.50274658203125	180.44461059570312	6	TimesNewRomanPSMT
der Nordsüdkanal den äußersten Norden des	269.1000061035156	202.53323364257812	8.500732421875	180.321533203125	6	TimesNewRomanPSMT
EWG-Gebietes der Binnenschiffahrt zugängig	268.79998779296875	212.28280639648438	8.50128173828125	180.59344482421875	6	TimesNewRomanPSMT
machen. Von der Infrastruktur her kann von	268.95001220703125	221.73052978515625	8.504241943359375	180.45553588867188	6	TimesNewRomanPSMT
einem „Europäischen Verkehrsnetz" nur ge­	268.95001220703125	231.48345947265625	8.500457763671875	181.03048706054688	6	TimesNewRomanPSMT
sprochen werden, wenn die Netze der be­	269.1000061035156	241.23095703125	8.503692626953125	180.8804931640625	6	TimesNewRomanPSMT
deutenden Verkehrsträger — hierzu zählt	269.3999938964844	250.83255004882812	8.501617431640625	179.9781494140625	6	TimesNewRomanPSMT
die Binnenschiffahrt — flächenhaft ent­	269.1000061035156	260.4311828613281	8.503387451171875	180.73049926757812	6	TimesNewRomanPSMT
wickelt werden und nicht nur im Kerngebiet	268.79998779296875	270.031005859375	8.503631591796875	180.57730102539062	6	TimesNewRomanPSMT
der EWG, sondern auch an den Rändern	269.3999938964844	279.63067626953125	8.504058837890625	179.8258056640625	6	TimesNewRomanPSMT
bestehen. Das Fehlen eines Nordsüdkanals	269.1000061035156	289.23272705078125	8.50140380859375	180.14633178710938	6	TimesNewRomanPSMT
ist in diesem Sinne eine wesentliche Be­	269.25	298.9803771972656	8.50445556640625	180.43051147460938	6	TimesNewRomanPSMT
schneidung der Verkehrsmöglichkeiten in	268.95001220703125	308.4306640625	8.504058837890625	180.57904052734375	6	TimesNewRomanPSMT
der EWG.	268.95001220703125	318.18096923828125	8.503662109375	39.033935546875	6	TimesNewRomanPSMT
Der Nordsüdkanal erfüllt daher in opti­	277.5	330.032470703125	8.501708984375	172.18051147460938	7	TimesNewRomanPSMT
maler Weise die Zielsetzungen des EWG-	269.1000061035156	339.4814147949219	8.50311279296875	180.0469970703125	7	TimesNewRomanPSMT
Vertrages. Er ist Hinterlandverbindung für	268.95001220703125	349.2311096191406	8.503509521484375	180.32672119140625	7	TimesNewRomanPSMT
die Elbmündungshäfen und gewährt damit	269.25	358.83099365234375	8.503631591796875	179.81643676757812	7	TimesNewRomanPSMT
diesen Häfen ähnliche Wettbewerbsbedin­	268.95001220703125	368.43243408203125	8.50177001953125	180.73049926757812	7	TimesNewRomanPSMT
gungen wie den Konkurrenzhäfen. Er dient	269.1000061035156	377.7333068847656	8.50067138671875	179.97378540039062	7	TimesNewRomanPSMT
ferner der europäischen Netzbildung der	269.1000061035156	387.3335266113281	8.500335693359375	180.08111572265625	7	TimesNewRomanPSMT
Binnenwasserstraßen und schließlich ist er	269.1000061035156	396.93109130859375	8.503509521484375	179.90890502929688	7	TimesNewRomanPSMT
durch Erschließung der wirtschaftlich schwä­	269.1000061035156	406.68096923828125	8.503662109375	180.43051147460938	7	TimesNewRomanPSMT
cheren Räume in Niedersachsen ein Mittel	269.3999938964844	416.2800598144531	8.504852294921875	179.44619750976562	7	TimesNewRomanPSMT
der Regionalpolitik. Der Baubeginn des	269.25	425.8807678222656	8.503936767578125	179.56866455078125	7	TimesNewRomanPSMT
Nordsüdkanals ist daher mehr als überfällig.	269.25	435.4803161621094	8.5045166015625	179.3658447265625	7	TimesNewRomanPSMT
Die Agrarstruktur der Grazer Bucht	146.25	500.84149169921875	20.011245727539062	302.4126892089844	8	TimesNewRomanPSMT
Mit zwei mächtigen Flügeln umspannt der	85.19999694824219	540.480712890625	8.504058837890625	170.8894500732422	9	TimesNewRomanPSMT
Steirische Gneisbogen vom Remschnig (Poß-	76.94999694824219	550.2305908203125	8.504173278808594	179.10169982910156	9	TimesNewRomanPSMT
ruck) iim SW bis zum Wechsel im NO auf	77.4000015258789	559.8274536132812	8.50823974609375	178.94417572021484	9	TimesNewRomanPSMT
eine Strecke von ca. 200 km einen Lebens­	77.55000305175781	569.5809936523438	8.503639221191406	179.23048400878906	9	TimesNewRomanPSMT
und Wirtschaftsraum, der in der administra­	77.25	579.1802978515625	8.504493713378906	179.53048706054688	9	TimesNewRomanPSMT
tiven Terminologie als die „Mittelsteier­	77.55000305175781	588.7809448242188	8.503639221191406	179.23048400878906	9	TimesNewRomanPSMT
mark" bezeichnet wird. Für diese südlich und	77.69999694824219	598.3818359375	8.502548217773438	178.4961395263672	9	TimesNewRomanPSMT
südöstlich des Steirischen Randgebirges lie­	269.1000061035156	541.3806762695312	8.504051208496094	179.83050537109375	10	TimesNewRomanPSMT
gende Großlandschaft prägten die Geologen	268.6499938964844	550.97998046875	8.504959106445312	179.69436645507812	10	TimesNewRomanPSMT
den Ausdruck „Grazer Bucht", ein Begriff,	269.3999938964844	560.5799560546875	8.5050048828125	178.65411376953125	10	TimesNewRomanPSMT
der besonders im länderkundlichen Sinne	269.1000061035156	570.3348999023438	8.498588562011719	179.26556396484375	10	TimesNewRomanPSMT
angewendet wird. An den buchtig zerklüfte­	269.1000061035156	579.9300537109375	8.504859924316406	179.83050537109375	10	TimesNewRomanPSMT
ten Rand des Gebirgswalles schmiegt sich	269.25	589.6799926757812	8.504936218261719	178.80850219726562	10	TimesNewRomanPSMT
die aus Meeressedimenten hervorgegangene	268.95001220703125	599.4330444335938	8.500968933105469	179.47830200195312	10	TimesNewRomanPSMT
150	80.4000015258789	620.4288940429688	8.50632095336914	11.403938293457031	11	TimesNewRomanPSMT
jungtertiäre Hügelwelt. Sie umfaßt ein­	31.649999618530273	43.6805419921875	8.5042724609375	180.13050270080566	12	TimesNewRomanPSMT
schließlich der Landeshauptstadt eine Fläche	31.950000762939453	53.43072509765625	8.5040283203125	179.44659042358398	12	TimesNewRomanPSMT
von 3 900 km2 und gliedert sich in die Mur­	31.950000762939453	63.03131103515625	8.5032958984375	179.83050155639648	12	TimesNewRomanPSMT
felder (Grazer-, Leibnitzer-, Murecker- und	31.950000762939453	72.63104248046875	8.50360107421875	179.24833297729492	12	TimesNewRomanPSMT
Radkersburger Feld) und in die ost- und	32.099998474121094	82.53033447265625	8.50457763671875	179.09833526611328	12	TimesNewRomanPSMT
weststeirische Riedel- und Plattenzone. Die	31.649999618530273	92.13043212890625	8.50439453125	179.4279270172119	12	TimesNewRomanPSMT
Bevölkerungszahl von 639 000 und die daraus	31.649999618530273	101.73150634765625	8.5030517578125	179.2824192047119	12	TimesNewRomanPSMT
resultierende weit über dem steirischen	31.649999618530273	111.481689453125	8.5028076171875	179.2453556060791	12	TimesNewRomanPSMT
Landesdurchschnitt liegende Landschaftsdich­	31.350000381469727	120.78289794921875	8.50128173828125	180.28050804138184	12	TimesNewRomanPSMT
te von 158 Einwohner/km2 lassen auf eine	31.649999618530273	130.53076171875	8.5040283203125	179.14837074279785	12	TimesNewRomanPSMT
vielseitige wirtschaftliche Betätigung schlie­	31.5	140.13385009765625	8.5	179.98049926757812	12	TimesNewRomanPSMT
ßen. Untersucht man jedoch den Großraum	31.350000381469727	149.7308349609375	8.50390625	179.4178066253662	12	TimesNewRomanPSMT
näher (allerdings unter Beiseitelassen der	31.649999618530273	159.330078125	8.5048828125	179.11838722229004	12	TimesNewRomanPSMT
Stadtlandschaft Graz), so fällt einem sofort	31.350000381469727	169.08001708984375	8.504974365234375	179.03513145446777	12	TimesNewRomanPSMT
der stark agrarische Charakter der Einzel-	31.5	178.6812744140625	8.50335693359375	179.04296875	12	TimesNewRomanPSMT
und Kleinräume auf. Aus der soziologischen	31.350000381469727	188.43106079101562	8.503631591796875	179.0433406829834	12	TimesNewRomanPSMT
Verteilung geht klar hervor, daß der Anteil	31.200000762939453	198.03192138671875	8.50250244140625	179.25808334350586	12	TimesNewRomanPSMT
der land- und forstwirtschaftlichen Bevölke­	31.200000762939453	207.63278198242188	8.501373291015625	179.83050155639648	12	TimesNewRomanPSMT
rung in der Regel über 65®/o an der Wohn­	31.200000762939453	217.23101806640625	8.503662109375	179.83050155639648	12	TimesNewRomanPSMT
bevölkerung beträgt. Sehen wir von der	31.350000381469727	226.98065185546875	8.504150390625	179.28946495056152	12	TimesNewRomanPSMT
Köflacher Bucht mit ihren rohstofforientierten	31.049999237060547	236.4306640625	8.504119873046875	179.06084060668945	12	TimesNewRomanPSMT
Industrien, der Landeshauptstadt und einigen	31.049999237060547	246.33151245117188	8.503021240234375	179.25351333618164	12	TimesNewRomanPSMT
anderen Industriesiedlungen (Weiz, Gleis­	31.799999237060547	255.92996215820312	8.505035400390625	178.93050003051758	12	TimesNewRomanPSMT
dorf, Feldbach, Leibnitz, Deutschlandsberg)	30.899999618530273	265.38104248046875	8.503631591796875	178.9715518951416	12	TimesNewRomanPSMT
ab, liegt der Anteil der in der Land- und	31.049999237060547	275.2807312011719	8.504058837890625	179.2536506652832	12	TimesNewRomanPSMT
Forstwirtschaft tätigen Bevölkerung in man­	30.600000381469727	284.8809814453125	8.503692626953125	180.28050804138184	12	TimesNewRomanPSMT
chen Gemeinden sogar bei 85 °/», bei einer	30.75	294.4805603027344	8.504241943359375	179.73709106445312	12	TimesNewRomanPSMT
bezirksweisen Gliederung bei 77®/«.	30.450000762939453	304.2301025390625	8.504852294921875	145.05022811889648	12	TimesNewRomanPSMT
Da die landwirtschaftliche Produktions­	38.54999923706055	318.03387451171875	8.5	172.33050918579102	13	TimesNewRomanPSMT
kraft aber weitestgehend von der Morpholo­	30.450000762939453	327.63104248046875	8.503631591796875	180.28049850463867	13	TimesNewRomanPSMT
gie, den Kräften des Bodens, den Gesetzen	30.600000381469727	337.2310485839844	8.503631591796875	179.38815879821777	13	TimesNewRomanPSMT
und Launen der Witterung und der mensch­	30.75	346.98101806640625	8.503662109375	179.98049926757812	13	TimesNewRomanPSMT
lichen Betätigung abhängt, sei im einzelnen	30.450000762939453	356.58349609375	8.500457763671875	179.3829460144043	13	TimesNewRomanPSMT
auf diese Faktoren besonders hingewiesen.	30.600000381469727	366.1814880371094	8.503082275390625	179.2444667816162	13	TimesNewRomanPSMT
Das Grazer Feld	30.600006103515625	383.9576416015625	8.50469970703125	64.439697265625	14	TimesNewRomanPS-BoldMT
In der Nähe der Mur überwiegen graue	38.849998474121094	397.83099365234375	8.503692626953125	171.0273208618164	15	TimesNewRomanPSMT
und braune Auböden (echte Grundwasser­	30.75	407.5823974609375	8.50189208984375	179.68051147460938	15	TimesNewRomanPSMT
böden sind selten), auf den niederen und	30.600000381469727	417.1812744140625	8.503341674804688	179.39833641052246	15	TimesNewRomanPSMT
mittleren Terassenniveaus flachgründige,	30.299999237060547	426.7812194824219	8.503387451171875	179.3758888244629	15	TimesNewRomanPSMT
steinige, oligotrophe Braunerden (in der	30.75	436.531005859375	8.503646850585938	179.27098083496094	15	TimesNewRomanPSMT
Regel leichtere Bodenarten) über lockeren	30.600000381469727	446.13372802734375	8.500198364257812	179.50279808044434	15	TimesNewRomanPSMT
würm- und spätdiluvialen Schottern. Klima­	30.0	455.730712890625	8.504043579101562	180.43051147460938	15	TimesNewRomanPSMT
einwirkung und Pflanzenbedeckung schufen	30.450000762939453	465.331298828125	8.503280639648438	179.3845329284668	15	TimesNewRomanPSMT
tiefgründige, humose, garefähige Braun­	30.450000762939453	475.08099365234375	8.50372314453125	179.83050155639648	15	TimesNewRomanPSMT
erden. Die höheren Schottermassen sind mit	30.450000762939453	484.5309753417969	8.50372314453125	179.25945663452148	15	TimesNewRomanPSMT
Wald bestanden (z. B. der Kaiserwald). Die	30.299999237060547	494.2807312011719	8.504058837890625	179.27792739868164	15	TimesNewRomanPSMT
Wachstumsperiode beträgt ca. 230 Tage, die	30.149999618530273	504.0311584472656	8.503509521484375	179.44097328186035	15	TimesNewRomanPSMT
Durchschnittstemperatur zwischen Mai und	30.299999237060547	513.6307983398438	8.503952026367188	179.2483253479004	15	TimesNewRomanPSMT
Juli 15,9 Grad, das Julimittel 18,1 Grad, die	30.149999618530273	523.230712890625	8.504058837890625	179.54749488830566	15	TimesNewRomanPSMT
Sonnenscheindauer im Sommer über 800	30.299999237060547	532.9827880859375	8.501312255859375	179.25368118286133	15	TimesNewRomanPSMT
Stunden. Die Wärmesummen der Haupt­	30.149999618530273	542.5834350585938	8.500556945800781	179.83049964904785	15	TimesNewRomanPSMT
vegetationsperiode erreichen 2 754 Grad	30.299999237060547	552.332763671875	8.50140380859375	179.41279983520508	15	TimesNewRomanPSMT
(Grenze des Weinbaues bei 2 360 Grad).	30.899999618530273	561.931396484375	8.503196716308594	178.47632789611816	15	TimesNewRomanPSMT
Die durchschnittliche jährliche Niederschlags­	30.0	571.5308227539062	8.503929138183594	179.98049926757812	15	TimesNewRomanPSMT
menge beläuft sich auf 886 mm, davon fallen	30.149999618530273	581.12939453125	8.505744934082031	179.0931339263916	15	TimesNewRomanPSMT
5O°/o zwischen Mai und August, vornehmlich	30.0	590.7313842773438	8.503196716308594	179.54513549804688	15	TimesNewRomanPSMT
durch Konvektionsgewitter.	30.450000762939453	600.6368408203125	8.49615478515625	109.44282150268555	15	TimesNewRomanPSMT
Gewannfluren, vereinzelt gewannartige	232.8000030517578	43.23175048828125	8.50274658203125	170.78440856933594	16	TimesNewRomanPSMT
Streifen in der Nähe von Graz, östlich der	224.25	52.98077392578125	8.5040283203125	179.43948364257812	16	TimesNewRomanPSMT
Mur Hof- und Hausackerflluren, charakteri­	224.25	62.58056640625	8.5042724609375	179.98049926757812	16	TimesNewRomanPSMT
sieren die bäuerliche Agrarverfassung. Bei	224.39999389648438	72.1793212890625	8.505859375	178.96597290039062	16	TimesNewRomanPSMT
der Einstufung der Landbauzonen muß das	224.25	81.93096923828125	8.50372314453125	179.29696655273438	16	TimesNewRomanPSMT
Grazer Feld zur vorherrschenden Ackerland­	224.10000610351562	91.531005859375	8.50372314453125	180.1304931640625	16	TimesNewRomanPSMT
wirtschaft gerechnet werden. (Acker- und	223.9499969482422	101.2835693359375	8.5003662109375	179.5484161376953	16	TimesNewRomanPSMT
Gartenland über 55°/o der landw. genutzten	224.10000610351562	110.880859375	8.50384521484375	179.46243286132812	16	TimesNewRomanPSMT
Fläche), wobei das Hackfruchtareal die Ge­	223.9499969482422	120.33245849609375	8.5018310546875	180.13050842285156	16	TimesNewRomanPSMT
treidefläche geringfügig übersteigt.	224.25	129.9317626953125	8.502685546875	142.69097900390625	16	TimesNewRomanPSMT
Weizen, besonders Winterweizen (z. T.	232.5	139.5302734375	8.504638671875	170.72845458984375	16	TimesNewRomanPSMT
40 % und mehr der Getreidefläche und durch­	223.8000030517578	149.28277587890625	8.50140380859375	180.28050231933594	16	TimesNewRomanPSMT
schnittlich lO°/o v. Feldland) überwiegt,	223.9499969482422	158.879638671875	8.50543212890625	178.87489318847656	16	TimesNewRomanPSMT
Sommer- und Wintergerste, Hafer und Win­	223.64999389648438	168.4815673828125	8.502960205078125	180.58050537109375	16	TimesNewRomanPSMT
terroggen scheinen arealmäßig geringer auf	223.64999389648438	178.38064575195312	8.504150390625	179.87570190429688	16	TimesNewRomanPSMT
(nicht über 3°/'o der agr. gen. Fläche, mit	224.25	187.83038330078125	8.5810546875	179.281005859375	16	TimesNewRomanPS-BoldMT
Ausnahme der Gemeinde Kainach/Wildon,	223.8000030517578	197.43215942382812	8.502197265625	179.52781677246094	16	TimesNewRomanPSMT
wo Gerste mit über 40 °/o des Getreide­	223.0500030517578	207.18081665039062	8.580078125	181.03050231933594	16	TimesNewRomanPS-BoldMT
landes voranliegt). Körnermais gedeiht gut	223.64999389648438	216.93081665039062	8.503936767578125	180.16885375976562	16	TimesNewRomanPSMT
(bei Werndorf mit 15 °/o d. agr. gen. Fläche	224.10000610351562	226.53082275390625	8.503936767578125	179.52264404296875	16	TimesNewRomanPSMT
an der Spitze der Feldfrüchte). Die übrigen	223.5	236.28152465820312	8.503021240234375	180.00860595703125	16	TimesNewRomanPSMT
Hackfrüchte, Spät- und Frühkartoffeln, Fut­	223.35000610351562	245.88070678710938	8.504058837890625	180.8804931640625	16	TimesNewRomanPSMT
terrüben nehmen ebenfalls relativ große	223.8000030517578	255.482177734375	8.502166748046875	179.8313446044922	16	TimesNewRomanPSMT
Areale ein.	223.0500030517578	265.2350158691406	8.49847412109375	44.00660705566406	16	TimesNewRomanPSMT
Der starke Feldgemüsebau ist durch die	231.4499969482422	276.9305419921875	8.504302978515625	171.9374542236328	16	TimesNewRomanPSMT
Nähe des Absatzzentrums (Landes-Haupt-	223.1999969482422	286.6813659667969	8.50323486328125	180.59510803222656	16	TimesNewRomanPSMT
stadt) bedingt. (Die Obst- und Gemüsever­	223.1999969482422	296.280517578125	8.50433349609375	180.7305145263672	16	TimesNewRomanPSMT
wertungsgenossenschaft Graz-Liebenau hat	222.89999389648438	306.18011474609375	8.504852294921875	180.5977783203125	16	TimesNewRomanPSMT
z. B. in den Jahren 1960/1961 über 700 Wag­	223.0500030517578	315.780029296875	8.504974365234375	180.88050842285156	16	TimesNewRomanPSMT
gon Gemüse kurzfristig eingelagert und dann	223.0500030517578	325.5315246582031	8.503021240234375	180.26625061035156	16	TimesNewRomanPSMT
stoßweise auf den Markt gebracht.)	223.1999969482422	335.1310119628906	8.503662109375	145.07945251464844	16	TimesNewRomanPSMT
Die Feldfrüchtegemeinschaft Weizen-Rot­	231.89999389648438	346.8316955566406	8.5028076171875	171.73049926757812	16	TimesNewRomanPSMT
klee (Luzerne) — Hackfrüchte (vereinzelt	222.75	356.4312438964844	8.503387451171875	180.3564453125	16	TimesNewRomanPSMT
Zuckerrüben) wird abgerundet durch Raps,	223.0500030517578	366.1802978515625	8.504608154296875	179.85914611816406	16	TimesNewRomanPSMT
Rübsen, etwas Olkürbis bei Wundschuh,	222.60000610351562	375.4814453125	8.50311279296875	180.3326416015625	16	TimesNewRomanPSMT
selten Sonnenblumen; Wein findet sich nur	222.89999389648438	385.0854187011719	8.49798583984375	180.174560546875	16	TimesNewRomanPSMT
am westlichen Talrand (0,09 °/o d. agr. gen.	222.89999389648438	394.6808166503906	8.580047607421875	179.71475219726562	16	TimesNewRomanPS-BoldMT
Fläche, Gemeinde Seiersberg 1 °/o).	222.75	404.2813415527344	8.580841064453125	143.56784057617188	16	TimesNewRomanPS-BoldMT
Das Leibnitzer-, Murecker­	222.89999389648438	422.28179931640625	8.502700805664062	108.73049926757812	17	TimesNewRomanPSMT
und Radkersburger Feld	222.89999389648438	432.18304443359375	8.501052856445312	96.75912475585938	17	TimesNewRomanPSMT
Die Mur begleiten wiederum Auböden	231.14999389648438	443.88250732421875	8.50177001953125	171.33419799804688	17	TimesNewRomanPSMT
(alluviale und jungdiluviale Schwemmland­	223.35000610351562	453.48095703125	8.50372314453125	179.3804931640625	17	TimesNewRomanPSMT
streifen), die .im Altwassergebiet Auwiesen	222.75	463.2300109863281	8.504974365234375	179.418701171875	17	TimesNewRomanPSMT
und Hutweiden, im Bereiche tiefgründiger	222.89999389648438	472.8310546875	8.503646850585938	179.3948974609375	17	TimesNewRomanPSMT
Lehmwiesen dem Futterrübenanbau Vorbe­	222.60000610351562	482.4311828613281	8.503448486328125	179.68051147460938	17	TimesNewRomanPSMT
halten sind.	222.4499969482422	492.1805419921875	8.504318237304688	45.93046569824219	17	TimesNewRomanPSMT
Der im Murecker- und Radkersburger Feld	230.6999969482422	503.730712890625	8.504043579101562	171.1324920654297	17	TimesNewRomanPSMT
besonders breite Grundwasserboden-Streifen	222.14999389648438	513.3307495117188	8.504043579101562	179.68829345703125	17	TimesNewRomanPSMT
trägt ausschließlich Grünland. Für den Acker­	222.75	523.0820922851562	8.50225830078125	179.23049926757812	17	TimesNewRomanPSMT
bau geeignet sind in erster Linie die aller­	222.4499969482422	532.6813354492188	8.503250122070312	179.38050842285156	17	TimesNewRomanPSMT
dings sehr sandigen, oligotrophen Braun­	222.3000030517578	542.2818603515625	8.502540588378906	179.53050231933594	17	TimesNewRomanPSMT
erden. Die jungdiluvialen, gelegentlich terti­	222.3000030517578	552.0300903320312	8.504859924316406	179.2305145263672	17	TimesNewRomanPSMT
ären, stark terrassierten Schotterkörper (bis	222.14999389648438	561.6314086914062	8.503150939941406	178.96224975585938	17	TimesNewRomanPSMT
8 m über dem Niveau der Mur) sind die	222.4499969482422	571.2301025390625	8.504859924316406	178.6634063720703	17	TimesNewRomanPSMT
Träger des Anbaues. Bircherde, bircherde-	222.4499969482422	580.8305053710938	8.504325866699219	178.5780487060547	17	TimesNewRomanPSMT
ähnliche Typen (marmorierte Böden) scheinen	222.14999389648438	590.4303588867188	8.504539489746094	178.93453979492188	17	TimesNewRomanPSMT
nur selten auf und sind bewaldet. Die	222.60000610351562	600.1806640625	8.504112243652344	178.37789916992188	17	TimesNewRomanPSMT
151	387.8999938964844	621.9366455078125	8.496417999267578	10.4952392578125	18	TimesNewRomanPSMT
im Sulm-Laßnitz-Hüggelland doppelt so groß	65.8499984741211	49.83380126953125	8.50006103515625	179.65813446044922	19	TimesNewRomanPSMT
als das Weizenland. Der Maisbau könnte	66.0	59.28070068359375	8.5040283203125	179.77972412109375	19	TimesNewRomanPSMT
aber noch weiter intensiviert werden.	66.0	69.03173828125	8.502685546875	154.2978973388672	19	TimesNewRomanPSMT
Wenn man bedenkt, daß der Getreide­	74.0999984741211	78.7825927734375	8.5015869140625	172.33051300048828	19	TimesNewRomanPSMT
ertrag den Bedarf der Bevölkerung nicht	66.30000305175781	88.3804931640625	8.50433349609375	179.67657470703125	19	TimesNewRomanPSMT
deckt (die Tierhaltung zwingt ja zu beträcht­	66.44999694824219	98.13079833984375	8.50396728515625	179.9805145263672	19	TimesNewRomanPSMT
lichen Abstrichen, ein Teil der Maisernte	66.75	107.88140869140625	8.503173828125	179.1478729248047	19	TimesNewRomanPSMT
muß der menschlichen Ernährung dienen),	66.44999694824219	117.48095703125	8.50372314453125	179.3784942626953	19	TimesNewRomanPSMT
wird das gesteckte Ziel vorerst nicht erreicht,	66.44999694824219	127.23175048828125	8.502685546875	179.37237548828125	19	TimesNewRomanPSMT
die im Lande bestehende, empfindliche Fut­	66.5999984741211	136.9805908203125	8.504150390625	179.98050689697266	19	TimesNewRomanPSMT
terlücke zu schließen.	66.75	146.4300537109375	8.5048828125	87.34115600585938	19	TimesNewRomanPSMT
Um den Schwierigkeiten des Kleinbauern­	74.8499984741211	156.3314208984375	8.503143310546875	171.88050079345703	19	TimesNewRomanPSMT
standes, in erster Linie im Grenzland, eini­	66.9000015258789	165.93136596679688	8.503204345703125	179.83049774169922	19	TimesNewRomanPSMT
germaßen zu steuern (hier ergeben sich die	67.05000305175781	175.5308837890625	8.503814697265625	178.9418182373047	19	TimesNewRomanPSMT
Schwierigkeiten nicht aus dem Leutemangel	66.9000015258789	185.28115844726562	8.503448486328125	179.09095001220703	19	TimesNewRomanPSMT
oder mangelhafter Mechanisierung infolge	67.05000305175781	195.03225708007812	8.502044677734375	179.04684448242188	19	TimesNewRomanPSMT
Kapitalmangels, sondern im Gegenteil aus	67.5	204.63247680664062	8.50177001953125	178.50477600097656	19	TimesNewRomanPSMT
einem Ubersatz der Betriebe mit Arbeits­	67.5	214.23052978515625	8.504241943359375	179.23049926757812	19	TimesNewRomanPSMT
kraft aus einer gewissen „inneren latenten	67.05000305175781	223.83053588867188	8.504241943359375	179.1608123779297	19	TimesNewRomanPSMT
Arbeitslosigkeit") versuchte man, Spezial­	67.05000305175781	233.58184814453125	8.5025634765625	179.98049926757812	19	TimesNewRomanPSMT
betriebe zu schaffen. Durch die steirischen	67.3499984741211	243.18008422851562	8.504852294921875	178.93614959716797	19	TimesNewRomanPSMT
Brauereien Göß, Reininghaus-Puntigam wa­	67.3499984741211	252.93313598632812	8.500885009765625	179.68050384521484	19	TimesNewRomanPSMT
ren schon 1951 bei zunächst 4 Bauern des	67.5	262.3807067871094	8.504058837890625	178.66799926757812	19	TimesNewRomanPSMT
Bez. Leutschach Hopfenversuchsanlagen ein­	67.5	272.13385009765625	8.5	179.83050537109375	19	TimesNewRomanPSMT
gerichtet worden, wozu Fechser der Sorte	67.80000305175781	281.88079833984375	8.503936767578125	178.70750427246094	19	TimesNewRomanPSMT
„Golding“ aus Jugoslawien (Sanntal) be­	68.0999984741211	291.481201171875	8.503387451171875	179.23050689697266	19	TimesNewRomanPSMT
schafft wurden.	67.6500015258789	300.78240966796875	8.5018310546875	59.864524841308594	19	TimesNewRomanPSMT
Nach den guten Ergebnissen des ersten	76.05000305175781	310.68377685546875	8.50006103515625	170.4021453857422	19	TimesNewRomanPSMT
Anbaujahres befaßten sich 1952 schon 6 und	67.6500015258789	320.2807312011719	8.5040283203125	179.10730743408203	19	TimesNewRomanPSMT
1953 8 Hopfenbauern, die sich zum „Leut­	68.4000015258789	330.03076171875	8.50396728515625	179.08049774169922	19	TimesNewRomanPSMT
schacher Hopfenbauverein" zusammenschlos­	67.6500015258789	339.7838439941406	8.5	179.83049774169922	19	TimesNewRomanPSMT
sen, mit der Kultur. 1952 wurde mit der Er­	67.94999694824219	349.23052978515625	8.5042724609375	179.38050842285156	19	TimesNewRomanPSMT
stellung moderner Drahtgerüstanlagen nach	67.94999694824219	358.981689453125	8.50274658203125	179.09616088867188	19	TimesNewRomanPSMT
Art des Holledauer-Systems begonnen. Im	68.0999984741211	368.73065185546875	8.50408935546875	178.6312026977539	19	TimesNewRomanPSMT
gleichen Jahr erntete man von insgesamt	68.4000015258789	378.18121337890625	8.503387451171875	178.50597381591797	19	TimesNewRomanPSMT
10 615 Stöcken. Bis zum Jahre 1961 stieg die	68.69999694824219	387.78070068359375	8.504058837890625	178.19664001464844	19	TimesNewRomanPSMT
Zahl der Hopfenbauern auf 77 (55 ha) mit	67.94999694824219	397.3802490234375	8.504638671875	178.76686096191406	19	TimesNewRomanPSMT
einem Ernteergebnis von 92 600 kg auf 229 000	67.94999694824219	407.12939453125	8.505767822265625	179.25369262695312	19	TimesNewRomanPSMT
Stöcken (Gern. Leutschach, Arnfeln, Glanz,	68.4000015258789	416.882568359375	8.501663208007812	178.46871185302734	19	TimesNewRomanPSMT
Eichberg-Trautenburg). Nach wie vor besteht	68.0999984741211	426.4832458496094	8.500762939453125	179.25049591064453	19	TimesNewRomanPSMT
Interesse an der Ausweitung dieser Kultur.	68.25	436.08197021484375	8.502365112304688	178.7472686767578	19	TimesNewRomanPSMT
Was den Weinbau anbelangt, so zeigt der	76.5	445.8328857421875	8.501220703125	171.02098083496094	19	TimesNewRomanPSMT
Vergleich der Bodennutzungserhebungen der	68.0999984741211	455.43218994140625	8.502120971679688	179.57099151611328	19	TimesNewRomanPSMT
Jahre 1951 und 1961 einen Rückgang der	68.69999694824219	465.0325012207031	8.501739501953125	178.9709930419922	19	TimesNewRomanPSMT
Weingartflächen im weststeirischen Hügel­	68.55000305175781	474.63006591796875	8.504867553710938	179.38050842285156	19	TimesNewRomanPSMT
land um 9 °/o (schwer bearbeitbare Hang­	69.0	484.23248291015625	8.578384399414062	179.08050537109375	19	TimesNewRomanPS-BoldMT
IRMFRIED SIEDENTOP	68.55000305175781	514.6821899414062	8.50213623046875	93.89237976074219	20	TimesNewRomanPSMT
lagen), im eigentlichen „Weinbauerngebiet"	258.75	49.68206787109375	8.50225830078125	178.84405517578125	21	TimesNewRomanPSMT
trat keine wesentliche Änderung ein. Zur	259.04998779296875	59.4345703125	8.4990234375	179.27395629882812	21	TimesNewRomanPSMT
Illustration seien die zwei Schwerpunkte des	258.75	69.1810302734375	8.50360107421875	179.596435546875	21	TimesNewRomanPSMT
Weinbaues aufgezählt: Gamlitzer Hügelland	258.75	78.7830810546875	8.50091552734375	179.82803344726562	21	TimesNewRomanPSMT
bis zu 18°/o des landw. gen. Areals, (Gern.	258.6000061035156	88.38116455078125	8.50347900390625	179.50540161132812	21	TimesNewRomanPSMT
Gamlitz 214 ha, Glanz 185 ha, Spielfeld	258.75	97.97894287109375	8.50628662109375	179.74075317382812	21	TimesNewRomanPSMT
87 ha, Ratsch 54 ha, Schloßberg 50 ha, Sulz­	258.75	107.5828857421875	8.50128173828125	180.280517578125	21	TimesNewRomanPSMT
tal 45 ha, Seggauberg 45 ha, Oberfahrenbach	259.04998779296875	117.33172607421875	8.50274658203125	179.1387939453125	21	TimesNewRomanPSMT
26 ha, Ottenberg 24 ha) und der Sausal, bis	258.75	126.9310302734375	8.50360107421875	179.55780029296875	21	TimesNewRomanPSMT
zu 100/o d. landw. gen. Fläche (Gern Kitzeck	258.8999938964844	136.529296875	8.505859375	179.55093383789062	21	TimesNewRomanPSMT
91 ha, Kaindorf-Sulm 44 ha, Berghausen	258.75	146.2802734375	8.50457763671875	179.89602661132812	21	TimesNewRomanPSMT
44 ha, Hoch 39 ha, Klein 21 ha.	258.8999938964844	156.0328369140625	8.501251220703125	129.34259033203125	21	TimesNewRomanPSMT
Der bisher schier unaufhaltsame Rückgang	267.45001220703125	165.63070678710938	8.504058837890625	171.43106079101562	21	TimesNewRomanPSMT
der Grenzland-Weinareale wird nun durch	258.8999938964844	175.53103637695312	8.503631591796875	179.68194580078125	21	TimesNewRomanPSMT
den 1961 in Kraft gesetzten steirischen Wein­	259.20001220703125	184.98025512695312	8.504608154296875	179.83050537109375	21	TimesNewRomanPSMT
bauplan (Umstellung von Pfahl- auf Hoch­	259.04998779296875	194.73165893554688	8.5028076171875	180.280517578125	21	TimesNewRomanPSMT
kultur) gestoppt. Für die unbedingte Er­	259.04998779296875	204.48211669921875	8.502197265625	180.13052368164062	21	TimesNewRomanPSMT
haltung der Weinbaubetriebe spricht neben	259.04998779296875	214.08331298828125	8.50067138671875	179.67630004882812	21	TimesNewRomanPSMT
der Sicherung der Existenzen die Tatsache,	259.20001220703125	223.68096923828125	8.503692626953125	179.22637939453125	21	TimesNewRomanPSMT
daß sie an der Staats- und Sprachengrenze	259.3500061035156	233.43069458007812	8.504058837890625	179.48834228515625	21	TimesNewRomanPSMT
liegen und sie daher eine siedlungspolitische	259.3500061035156	243.03143310546875	8.50311279296875	179.5762939453125	21	TimesNewRomanPSMT
Aufgabe zu erfüllen haben.	259.20001220703125	252.7803955078125	8.50445556640625	111.098388671875	21	TimesNewRomanPSMT
Aus den folgenden Angaben kann auf die	267.8999938964844	262.3815002441406	8.503021240234375	170.8475341796875	21	TimesNewRomanPSMT
große Vielfalt der Agrarproduktion geschlos­	259.5	271.9806823730469	8.504058837890625	179.83050537109375	21	TimesNewRomanPSMT
sen werden. Als Marktfrüchte stehen im	259.6499938964844	281.5804138183594	8.504425048828125	179.08993530273438	21	TimesNewRomanPSMT
Vordergrund: Olkürbis (Laßnitz-Stainz Hü­	259.79998779296875	291.1813659667969	8.503204345703125	179.530517578125	21	TimesNewRomanPSMT
gelland über 25 ha, im Laßnitz-Stainztal bes.	259.5	300.9315490722656	8.502960205078125	179.1077880859375	21	TimesNewRomanPSMT
die Gemeinde Wetzelsdorf mit 10 ha und	259.95001220703125	310.5312194824219	8.503387451171875	178.79840087890625	21	TimesNewRomanPSMT
Wettmannstetten 8 ha, im Sulmtal bei Pre-	259.79998779296875	320.1312561035156	8.50335693359375	178.96649169921875	21	TimesNewRomanPSMT
ding 20 ha) und Frühkartoffeln (z. B. St.	259.79998779296875	329.7303161621094	8.504547119140625	178.82504272460938	21	TimesNewRomanPSMT
Peter im Sulmtal 25 ha), Sonnenblumen vor­	259.6499938964844	339.3318176269531	8.502593994140625	179.83050537109375	21	TimesNewRomanPSMT
nehmlich im Sulm-Laßnitz-Hügelland), Mohn,	259.5	349.0832824707031	8.500701904296875	179.36663818359375	21	TimesNewRomanPSMT
Öllein, Hirse, Buchweizen, Flachs, Zichorien,	259.5	358.6801452636719	8.5047607421875	179.2440185546875	21	TimesNewRomanPSMT
Feldgemüse (Kraut, Kohl, Gurken, Spargel,	259.5	368.2804870605469	8.50433349609375	179.39300537109375	21	TimesNewRomanPSMT
Bohnen), Ananaserdbeeren, Gartenheidelbee­	259.20001220703125	377.8807678222656	8.50396728515625	180.28048706054688	21	TimesNewRomanPSMT
ren, Obst u. a. m. vervollständigen das Bild.	259.95001220703125	387.63043212890625	8.504425048828125	178.8388671875	21	TimesNewRomanPSMT
Literatur:	259.3500061035156	400.6241149902344	7.500640869140625	32.522064208984375	22	TimesNewRomanPS-BoldMT
Leitner, Wilhelm: Morphographische Karte der	266.70001220703125	410.30499267578125	7.501708984375	172.40521240234375	22	TimesNewRomanPSMT
Steiermark. (Manuskr. 1953). 1:300 000. Leitner,	259.5	417.95208740234375	7.5054779052734375	179.53070068359375	22	TimesNewRomanPSMT
Wilh.: Die Flurformen der Steiermark (Steiermark-	259.6499938964844	425.6043701171875	7.5025177001953125	179.1883544921875	22	TimesNewRomanPSMT
Atlas, 1:300 000, 1953). Leitner, Wilh.: Die Vertei­	259.6499938964844	433.2521057128906	7.505462646484375	179.947509765625	22	TimesNewRomanPSMT
lung der Bevölkerung nach natürlichen Landschaf­	259.79998779296875	440.9039306640625	7.503082275390625	179.64752197265625	22	TimesNewRomanPSMT
ten in der Steiermark. Mitt. d. Gg. Ges. Wien,	259.95001220703125	448.5531005859375	7.504150390625	178.85113525390625	22	TimesNewRomanPSMT
Bd. 101, 1959). Leitner, Wilhelm: Die Landbau­	259.79998779296875	456.2027587890625	7.5045623779296875	179.64752197265625	22	TimesNewRomanPSMT
zonen der Steiermark (Steiermark-Atlas 1:500 000,	259.6499938964844	463.8520812988281	7.505462646484375	179.061279296875	22	TimesNewRomanPSMT
1963). Leitner, Wilhelm: Die vorherrschende Ge­	260.25	471.505615234375	7.5009002685546875	179.34750366210938	22	TimesNewRomanPSMT
treideart der Steiermark. (Steiermark-Atlas,	259.79998779296875	479.30291748046875	7.50439453125	179.04721069335938	22	TimesNewRomanPSMT
1:500 000, 1963).	260.3999938964844	486.8062744140625	7.50006103515625	55.097015380859375	22	TimesNewRomanPSMT
Wellerdölförderung im Jahre 1962	159.14999389648438	534.8982543945312	20.00250244140625	280.510986328125	23	TimesNewRomanPSMT
Die Kurve der Welterdölförderung ist im­	77.0999984741211	566.1307373046875	8.504058837890625	170.98050689697266	24	TimesNewRomanPSMT
mer noch im Anstieg begriffen, und es hat	68.8499984741211	575.7310180664062	8.503639221191406	179.0971450805664	24	TimesNewRomanPSMT
den Anschein, als ob diese Aufwärtsentwick­	69.0	585.3313598632812	8.503250122070312	179.08050537109375	24	TimesNewRomanPSMT
lung auch im Laufe der kommenden Jahr­	69.1500015258789	595.0806274414062	8.504173278808594	179.08049774169922	24	TimesNewRomanPSMT
zehnte anhalten wird. Aus der folgenden	68.69999694824219	604.6806030273438	8.504146575927734	179.32273864746094	24	TimesNewRomanPSMT
Tabelle kann die Entwicklung der Erdöl­	260.3999938964844	566.4306640625	8.504058837890625	179.530517578125	25	TimesNewRomanPSMT
förderung auf der Erde ersehen werden:	260.3999938964844	576.0306396484375	8.504058837890625	161.80209350585938	25	TimesNewRomanPSMT
Jahr	260.3999938964844	591.033203125	8.500770568847656	16.94696044921875	26	TimesNewRomanPSMT
1900 1920 1940 1960 1962	323.1000061035156	591.0341796875	8.499481201171875	115.9119873046875	27	TimesNewRomanPSMT
Förder. (Mill t)	260.25	604.8336791992188	8.50015640258789	55.956573486328125	28	TimesNewRomanPSMT
20	331.04998779296875	604.8333129882812	8.50069808959961	8.400146484375	29	TimesNewRomanPSMT
98	356.1000061035156	604.8333129882812	8.50069808959961	8.400146484375	30	TimesNewRomanPSMT
293 1 062 1 211	377.25	604.8298950195312	8.50509262084961	61.19921875	31	TimesNewRomanPSMT
156	70.3499984741211	626.5830688476562	8.500961303710938	11.099220275878906	32	TimesNewRomanPSMT
Die Welterdölförderung betrug also im	51.0	47.73236083984375	8.50189208984375	171.43992614746094	33	TimesNewRomanPSMT
Jahre 1962: 1 211 Mill. Tonnen, d.s. 92 Mill.	42.75	57.47894287109375	8.50628662109375	179.52357482910156	33	TimesNewRomanPSMT
Tonnen oder 8 v. H. mehr als im Vorjahr	42.900001525878906	67.23077392578125	8.50390625	179.70659637451172	33	TimesNewRomanPSMT
(1961: 1 119 Mill. Tonnen). Knapp ein Drittel	43.349998474121094	76.82940673828125	8.5057373046875	179.04863739013672	33	TimesNewRomanPSMT
der Mehrförderung stammt aus den 'Ölfel­	43.04999923706055	86.5819091796875	8.50250244140625	179.9805030822754	33	TimesNewRomanPSMT
dern des Nahen Ostens.	42.599998474121094	96.3314208984375	8.503173828125	96.07022857666016	33	TimesNewRomanPSMT
Der junge Ölkontinent Afrika steigerte	50.849998474121094	105.93035888671875	8.5045166015625	171.5271987915039	33	TimesNewRomanPSMT
seine Förderung um 70 v. H. Die afrikanische	42.45000076293945	115.68084716796875	8.50384521484375	180.02514266967773	33	TimesNewRomanPSMT
Wirtschaft basiert heute nicht mehr aus­	42.599998474121094	125.43121337890625	8.50335693359375	180.43050384521484	33	TimesNewRomanPSMT
schließlich auf der Ernte von Bananen, Kaf­	42.599998474121094	135.0306396484375	8.50408935546875	180.43050384521484	33	TimesNewRomanPSMT
fee oder anderen typischen Produkten die­	42.599998474121094	144.63287353515625	8.501220703125	180.43050384521484	33	TimesNewRomanPSMT
ses Kontinentes. In den letzten Jahren wur­	42.599998474121094	154.2315673828125	8.5029296875	180.58051300048828	33	TimesNewRomanPSMT
den auch zahlreiche Erdöl- und Naturgas­	42.75	163.982666015625	8.501495361328125	180.28050231933594	33	TimesNewRomanPSMT
vorkommen erschlossen, die für einige der	42.599998474121094	173.580078125	8.504852294921875	179.87097930908203	33	TimesNewRomanPSMT
jungen Nationen so etwas wie ein Grund­	42.29999923706055	183.18142700195312	8.50311279296875	180.7305030822754	33	TimesNewRomanPSMT
kapital, ja in einzelnen Fällen sogar einen	42.599998474121094	192.7802734375	8.504608154296875	179.65840911865234	33	TimesNewRomanPSMT
gewissen Wohlstand darstellen beziehungs­	42.45000076293945	202.38055419921875	8.504241943359375	180.58050155639648	33	TimesNewRomanPSMT
weise garantieren. Bis zum Jahre 1956 betrug	42.150001525878906	212.13079833984375	8.503936767578125	180.09650421142578	33	TimesNewRomanPSMT
die Rohölförderung in Afrika jährlich nur	42.599998474121094	221.73037719726562	8.50445556640625	179.72455596923828	33	TimesNewRomanPSMT
etwa 1,9 Mill. Tonnen, die zudem fast aus­	42.45000076293945	231.33090209960938	8.5037841796875	180.4305076599121	33	TimesNewRomanPSMT
schließlich auf Ägypten entfielen. Der „große	42.45000076293945	241.0806884765625	8.504058837890625	180.0452995300293	33	TimesNewRomanPSMT
Durchbruch" kam erst 1960, als das heute	42.599998474121094	250.6822509765625	8.502044677734375	179.83332061767578	33	TimesNewRomanPSMT
selbständige Algerien mit einer Jahresförde­	42.29999923706055	260.13055419921875	8.504241943359375	180.7305030822754	33	TimesNewRomanPSMT
rung von 8,4 Millionen Tonnen an die 14.	42.75	269.7310791015625	8.5035400390625	179.38584899902344	33	TimesNewRomanPSMT
Stelle in der Liste der Erdölländer rückte. Im	42.45000076293945	279.4800720214844	8.504852294921875	179.9988670349121	33	TimesNewRomanPSMT
Jahre 1962 waren es bereits 20,4 Millionen	42.150001525878906	289.08251953125	8.501678466796875	180.16387176513672	33	TimesNewRomanPSMT
Tonnen Erdöl, also erheblich mehr, als bei­	42.29999923706055	298.6809387207031	8.50372314453125	180.7305030822754	33	TimesNewRomanPSMT
spielsweise im gesamten westlichen Europa	42.150001525878906	308.43170166015625	8.50274658203125	180.28893280029297	33	TimesNewRomanPSMT
gefördert wurde. Daneben entdeckte man in	42.45000076293945	318.02996826171875	8.5050048828125	180.1392936706543	33	TimesNewRomanPSMT
der algerischen Sahara große und ausge­	42.75	327.6307067871094	8.504058837890625	180.43051147460938	33	TimesNewRomanPSMT
dehnte Erdgasfelder, mit deren wirtschaft­	42.150001525878906	337.2303161621094	8.504547119140625	180.88050079345703	33	TimesNewRomanPSMT
licher Auswertung erst begonnen wurde.	42.599998474121094	346.8322448730469	8.502044677734375	179.74909210205078	33	TimesNewRomanPSMT
Außer in Algerien wurde die Erdölförderung	42.45000076293945	356.5809631347656	8.503692626953125	179.75329208374023	33	TimesNewRomanPSMT
inzwischen in folgenden afrikanischen Län­	42.45000076293945	366.0311279296875	8.503509521484375	180.58050155639648	33	TimesNewRomanPSMT
dern mit unterschiedlichem Erfolg aufgenom­	42.29999923706055	375.63238525390625	8.50189208984375	180.58050918579102	33	TimesNewRomanPSMT
men: Angola, Gabun, Libyen, Marokko und	42.29999923706055	385.2312927246094	8.503265380859375	179.85731887817383	33	TimesNewRomanPSMT
Nigeria. Zusammen mit Ägypten förderten	42.29999923706055	394.8320617675781	8.502288818359375	179.8983039855957	33	TimesNewRomanPSMT
diese Länder des afrikanischen Erdteils:	42.29999923706055	404.58203125	8.5023193359375	179.5751075744629	33	TimesNewRomanPSMT
38,83 Millionen Tonnen. Afrikas Anteil an	42.29999923706055	414.18194580078125	8.50244140625	179.72156143188477	33	TimesNewRomanPSMT
der Weltförderung des Jahres 1962 erreicht	42.29999923706055	423.6307067871094	8.504058837890625	179.81746292114258	33	TimesNewRomanPSMT
zwar erst 3,2 v. H., doch muß wegen der	42.599998474121094	433.2311096191406	8.503509521484375	179.72098541259766	33	TimesNewRomanPSMT
günstigen Lage vieler afrikanischer Fund­	42.599998474121094	442.9825439453125	8.50164794921875	179.98050689697266	33	TimesNewRomanPSMT
stätten die Bedeutung der dortigen Öl­	42.29999923706055	452.43353271484375	8.500350952148438	180.43050003051758	33	TimesNewRomanPSMT
produktion erheblich höher eingeschätzt	42.29999923706055	462.18060302734375	8.504180908203125	180.07858657836914	33	TimesNewRomanPSMT
werden. Denn von den Endpunkten der	42.29999923706055	471.781005859375	8.503677368164062	180.16838455200195	33	TimesNewRomanPSMT
algerischen und libyschen Pipelines an	42.29999923706055	481.531005859375	8.503646850585938	179.72156143188477	33	TimesNewRomanPSMT
der nordafrikanischen Mittelmeerküste sind	42.45000076293945	490.98260498046875	8.501602172851562	179.7243766784668	33	TimesNewRomanPSMT
es nur wenige Stunden Tankerfahrt etwa zur	42.45000076293945	500.43023681640625	8.504623413085938	179.72098922729492	33	TimesNewRomanPSMT
Kopfstation der südeuropäischen Pipeline bei	235.5	46.6802978515625	8.50457763671875	180.487060546875	34	TimesNewRomanPSMT
Marseille. Libyen steht bereits unter den	235.8000030517578	56.4324951171875	8.501708984375	179.99388122558594	34	TimesNewRomanPSMT
Erdölländern Afrikas hinsichtlich der Förde­	235.64999389648438	66.03070068359375	8.5040283203125	180.73049926757812	34	TimesNewRomanPSMT
rung an zweiter Stelle,- es hofft im Laufe der	235.9499969482422	75.78094482421875	8.50372314453125	179.56834411621094	34	TimesNewRomanPSMT
nächsten Jahre seine Förderungszahlen	235.8000030517578	85.38177490234375	8.502685546875	179.7332305908203	34	TimesNewRomanPSMT
schnell steigern zu können, so daß es auch	235.64999389648438	95.131103515625	8.5035400390625	179.84616088867188	34	TimesNewRomanPSMT
auf der Welterdöl-Rangliste mit zu den gro­	235.8000030517578	104.73004150390625	8.5048828125	180.4304962158203	34	TimesNewRomanPSMT
ßen Erdölländern gehören wird. Auch Nige-	235.5	114.481689453125	8.50274658203125	180.06179809570312	34	TimesNewRomanPSMT
rien weist große Erfolge auf, wenn auch die	235.8000030517578	124.08001708984375	8.50494384765625	179.71339416503906	34	TimesNewRomanPSMT
vermuteten Ölreserven (55 Mill. Tonnen)	235.8000030517578	133.677490234375	8.50823974609375	179.1857147216797	34	TimesNewRomanPSMT
hinter denen von Algerien (846), Libyen (598)	235.64999389648438	143.27996826171875	8.50494384765625	179.27078247070312	34	TimesNewRomanPSMT
und Ägypten (104 Millionen Tonnen) weit	235.64999389648438	153.0289306640625	8.50628662109375	180.17483520507812	34	TimesNewRomanPSMT
Zurückbleiben. Inzwischen ist das Land be­	235.64999389648438	162.78070068359375	8.504058837890625	180.58050537109375	34	TimesNewRomanPSMT
reits zum Ölexporteur ’) geworden. Man	235.9499969482422	172.38034057617188	8.504547119140625	179.72962951660156	34	TimesNewRomanPSMT
glaubt im Jahre 1970 bereits zehn Millionen	235.5	182.13253784179688	8.501678466796875	180.10791015625	34	TimesNewRomanPSMT
Tonnen Erdöl fördern zu können, während	235.5	191.73101806640625	8.503631591796875	180.13265991210938	34	TimesNewRomanPSMT
man in Libyen auf ein Mehrfaches dieses Be­	235.64999389648438	201.48141479492188	8.50311279296875	180.58050537109375	34	TimesNewRomanPSMT
trages zu kommen hofft. Wenn wir nun die	235.64999389648438	211.08102416992188	8.503631591796875	180.04095458984375	34	TimesNewRomanPSMT
Kontinente und Großräume hinsichtlich ihrer	235.64999389648438	220.68167114257812	8.5028076171875	180.18206787109375	34	TimesNewRomanPSMT
Erdölförderung einer Betrachtung unter­	235.64999389648438	230.28213500976562	8.502197265625	180.73049926757812	34	TimesNewRomanPSMT
ziehen, so ergibt sich folgendes Bild für das	235.35000610351562	240.182861328125	8.501251220703125	180.19696044921875	34	TimesNewRomanPSMT
Jahr 1962:	235.5	250.08120727539062	8.503387451171875	40.939239501953125	34	TimesNewRomanPSMT
Kontinente Förderung	235.9499969482422	261.4231872558594	8.446258544921875	149.26377868652344	35	TimesNewRomanPSMT
(Großräume) in Mil). In v. H.	236.25	267.7186279296875	8.75042724609375	179.24661254882812	35	TimesNewRomanPSMT
Tonnen	355.20001220703125	274.1688232421875	8.001617431640625	25.18194580078125	35	TimesNewRomanPSMT
Nordamerika 409 ~ 33,8	235.5	282.6300354003906	9.254302978515625	180.17965698242188	35	TimesNewRomanPSMT
Naher Osten 306 25,3	235.64999389648438	292.530029296875	9.103271484375	180.17965698242188	35	TimesNewRomanPSMT
UdSSR, China, Osteuropa 206 17,0	235.8000030517578	302.13922119140625	9.094940185546875	179.99867248535156	35	TimesNewRomanPSMT
Südamerika 204 16,8	235.8000030517578	312.0352478027344	8.94744873046875	180.18370056152344	35	TimesNewRomanPSMT
Afrika 39 3,2	235.64999389648438	321.4850158691406	9.2481689453125	180.1416015625	35	TimesNewRomanPSMT
Ferner Osten, Australien 29 2,4	235.64999389648438	331.2310791015625	9.102569580078125	180.03073120117188	35	TimesNewRomanPSMT
Westeuropa 18 1,5	235.8000030517578	341.1335754394531	8.949676513671875	179.7285919189453	35	TimesNewRomanPSMT
Wenn wir die Kontinente bzw. Großräume	244.1999969482422	351.1806335449219	8.504119873046875	171.33790588378906	35	TimesNewRomanPSMT
aber hinsichtlich der Erdölreserven ordnen,	235.64999389648438	360.781005859375	8.503662109375	179.353759765625	35	TimesNewRomanPSMT
ergibt sich eine etwas andere Reihenfolge:	235.5	370.5310974121094	8.5035400390625	171.09136962890625	35	TimesNewRomanPSMT
Vorhandene	348.0	381.8725280761719	7.996795654296875	40.472442626953125	35	TimesNewRomanPSMT
Reserven ln v. H.	352.3500061035156	388.317138671875	8.0037841796875	62.9854736328125	35	TimesNewRomanPSMT
Kontinente_______________ in Mill. Tonnen____	235.64999389648438	394.91119384765625	8.500030517578125	176.89999389648438	35	TimesNewRomanPS-BoldMT
Naher Osten 26,4 61,6	235.1999969482422	403.8307800292969	8.503936767578125	180.12168884277344	35	TimesNewRomanPSMT
Nordamerika 5,7 13,4	235.1999969482422	413.28216552734375	8.502120971679688	180.0066680908203	35	TimesNewRomanPSMT
UdSSR, China, Osteuropa 4,1 9,6	235.1999969482422	423.0308837890625	8.503860473632812	180.11619567871094	35	TimesNewRomanPSMT
Südamerika 3,1 7,3	235.35000610351562	432.78106689453125	8.503555297851562	179.88070678710938	35	TimesNewRomanPSMT
Afrika 1,6 3,8	235.1999969482422	442.38092041015625	8.503768920898438	179.99159240722656	35	TimesNewRomanPSMT
Ferner Osten, Australien 1,5 3,6	235.0500030517578	451.8309326171875	8.503768920898438	179.99159240722656	35	TimesNewRomanPSMT
Westeuropa 0,3 0,7	235.1999969482422	461.5823669433594	8.501861572265625	179.6916046142578	35	TimesNewRomanPSMT
Sehr instruktiv ist noch ein Vergleich	243.75	471.03070068359375	8.504058837890625	171.18890380859375	35	TimesNewRomanPSMT
zwischen dem Mineralölverbrauch und der in	235.0500030517578	480.63116455078125	8.503448486328125	179.98121643066406	35	TimesNewRomanPSMT
diesen Kontinenten beziehungsweise Wirt­	235.5	490.3838195800781	8.5	179.68051147460938	35	TimesNewRomanPSMT
schaftsräumen vorhandenen Bevölkerung:	235.0500030517578	499.67999267578125	8.504928588867188	166.2960662841797	35	TimesNewRomanPSMT
Kontinente	68.4000015258789	515.0676879882812	8.00311279296875	37.18638610839844	36	TimesNewRomanPSMT
(Großräume)	68.25	521.5200805664062	8.0	41.564002990722656	36	TimesNewRomanPSMT
Nordamerika	67.6500015258789	531.4867553710938	8.496200561523438	51.46769714355469	36	TimesNewRomanPSMT
Westeuropa	67.5	541.0818481445312	8.502586364746094	47.25825500488281	36	TimesNewRomanPSMT
UdSSR, China etc.	67.5	550.5337524414062	8.500045776367188	73.66683959960938	36	TimesNewRomanPSMT
Ferner Osten etc.	67.6500015258789	560.2821655273438	8.502151489257812	68.8938980102539	36	TimesNewRomanPSMT
Südamerika	67.80000305175781	569.8834838867188	8.500404357910156	46.089080810546875	36	TimesNewRomanPSMT
Naher Osten	67.5	579.4854125976562	8.497993469238281	50.57414245605469	36	TimesNewRomanPSMT
Afrika	67.6500015258789	589.2359619140625	8.497230529785156	24.908531188964844	36	TimesNewRomanPSMT
Mineralöl-	186.0	515.2208251953125	7.998992919921875	34.336181640625	37	TimesNewRomanPSMT
verbrauch in 1000 t	170.6999969482422	521.51708984375	8.003860473632812	66.76762390136719	37	TimesNewRomanPSMT
571	196.9499969482422	531.2719116210938	7.9976043701171875	11.0943603515625	37	TimesNewRomanPSMT
255	196.64999389648438	540.9332275390625	8.500801086425781	12.451309204101562	37	TimesNewRomanPSMT
167	197.39999389648438	550.38525390625	8.498161315917969	11.695953369140625	37	TimesNewRomanPSMT
96	200.85000610351562	560.1344604492188	8.499198913574219	8.102447509765625	37	TimesNewRomanPSMT
80	200.85000610351562	569.8844604492188	8.499198913574219	8.102447509765625	37	TimesNewRomanPSMT
33	200.85000610351562	579.4842529296875	8.499481201171875	7.974700927734375	37	TimesNewRomanPSMT
30	200.6999969482422	588.937255859375	8.495552062988281	8.272720336914062	37	TimesNewRomanPSMT
in v. H.	255.75	515.2185668945312	8.001876831054688	24.296630859375	38	TimesNewRomanPSMT
46,3	259.79998779296875	531.1874389648438	8.495285034179688	14.13372802734375	39	TimesNewRomanPSMT
20,7	259.79998779296875	540.637451171875	8.495285034179688	14.13372802734375	39	TimesNewRomanPSMT
13,5	260.3999938964844	550.3812866210938	8.5032958984375	13.322235107421875	39	TimesNewRomanPSMT
7,8	263.54998779296875	559.8350219726562	8.498458862304688	10.19158935546875	39	TimesNewRomanPSMT
6,5	263.1000061035156	569.4349975585938	8.498458862304688	10.19158935546875	39	TimesNewRomanPSMT
2,7	263.54998779296875	578.881103515625	8.503562927246094	10.080718994140625	39	TimesNewRomanPSMT
2,5	263.25	588.48583984375	8.497352600097656	9.866943359375	39	TimesNewRomanPSMT
Bevölkerung	309.8999938964844	514.3219604492188	7.9975738525390625	42.01898193359375	40	TimesNewRomanPSMT
in Mill.	319.3500061035156	521.0693359375	8.000991821289062	23.71380615234375	40	TimesNewRomanPSMT
239	325.04998779296875	530.585205078125	8.498153686523438	11.695953369140625	40	TimesNewRomanPSMT
339	325.20001220703125	540.3391723632812	8.493034362792969	11.843963623046875	40	TimesNewRomanPSMT
1 065	319.20001220703125	549.9293823242188	8.505744934082031	17.554962158203125	40	TimesNewRomanPSMT
958	324.75	559.37939453125	8.505744934082031	12.004974365234375	40	TimesNewRomanPSMT
182	325.04998779296875	568.97900390625	8.506317138671875	11.4039306640625	40	TimesNewRomanPSMT
56	328.79998779296875	578.4352416992188	8.498161315917969	7.79730224609375	40	TimesNewRomanPSMT
265	324.1499938964844	588.0391845703125	8.493026733398438	11.843963623046875	40	TimesNewRomanPSMT
in v. H.	370.04998779296875	514.1671752929688	8.0037841796875	24.446624755859375	41	TimesNewRomanPSMT
7,7	378.8999938964844	529.9810791015625	8.503555297851562	10.080718994140625	42	TimesNewRomanPSMT
10,9	375.45001220703125	539.8809814453125	8.503684997558594	13.942901611328125	42	TimesNewRomanPSMT
34,3	374.54998779296875	549.4800415039062	8.504928588867188	14.2796630859375	42	TimesNewRomanPSMT
30,8	374.54998779296875	559.0800170898438	8.504928588867188	14.2796630859375	42	TimesNewRomanPSMT
5,9	378.45001220703125	568.6849975585938	8.498458862304688	10.19158935546875	42	TimesNewRomanPSMT
1,8	379.79998779296875	578.7335205078125	8.500404357910156	9.120025634765625	42	TimesNewRomanPSMT
8,6	378.45001220703125	588.0311279296875	8.503562927246094	10.080718994140625	42	TimesNewRomanPSMT
*) Zeitschrift für WiGeo, 7. Jahrg. 63, Heft 2	234.4499969482422	602.7301025390625	9.104534149169922	178.9515838623047	43	TimesNewRomanPSMT
157	399.75	624.7852172851562	8.498161315917969	11.695953369140625	44	TimesNewRomanPSMT
