Tourismus und Terrorismus im	28.649999618530273	92.98065185546875	16.022705078125	213.3208713531494	0	SegoeUI
Zeichen der Postmoderne	29.25	111.26104736328125	16.0484619140625	184.5857391357422	0	SegoeUI
Heinz-Günter Vetter	28.799999237060547	149.33328247070312	8.001129150390625	75.95312881469727	1	SegoeUI-Italic
Zusammenfassung:	28.799999237060547	173.9267578125	7.99627685546875	71.36286544799805	2	SegoeUI
Die Auswirkungen des Terrorismus auf den Tourismus liegen nicht nur in den - knapp ange­	29.100000381469727	185.9212646484375	8.003509521484375	342.9419918060303	2	SegoeUI
sprochenen - Veränderungen von Reisehäufigkeiten und in der Veränderung der Sicherheit	28.799999237060547	197.920166015625	8.00494384765625	342.3448677062988	2	SegoeUI
von Destinationen. Darüber hinaus beleuchtet der Aufsatz in einer gesellschafts- und kultur­	28.649999618530273	210.07061767578125	8.004364013671875	343.3919925689697	2	SegoeUI
theoretischen Perspektive die postmodernen Charakteristika des Terrorismus und des Touris­	28.5	222.22308349609375	8.0010986328125	343.2419738769531	2	SegoeUI
mus und arbeitet Beziehungen zwischen ihnen heraus.	28.799999237060547	234.52133178710938	8.003448486328125	201.14719009399414	2	SegoeUI
Stichworte: Terrorismus, Tourismus, Postmoderne	28.649999618530273	246.5205078125	8.0045166015625	180.40793800354004	2	SegoeUI
Abstract:	28.5	270.37591552734375	7.997406005859375	31.719684600830078	3	SegoeUI
Effects ofterrorism on tourism can be seen in numbers oftourist arrivals or in terms of saftey and	28.649999618530273	282.3702087402344	8.004913330078125	341.5898380279541	3	SegoeUI
security. Beyond these perspectives, the article develops a social and cultural theory perspec­	28.5	294.5201721191406	8.004974365234375	342.7919921875	3	SegoeUI
tive. Terrorism, tourism, and their relationships are interpreted as postmodern phenomena.	28.049999237060547	306.67138671875	8.00335693359375	332.6906929016113	3	SegoeUI
Key words: terrorism, tourism, postmodernity	28.649993896484375	318.97235107421875	8.0020751953125	165.90234375	3	SegoeUI
1 Post Nine/Eleven	28.950000762939453	377.9158630371094	9.49920654296875	79.09724807739258	4	Calibri
Am 11. September 2001 schien die Welt	27.75	402.00665283203125	9.506072998046875	164.25302124023438	5	TimesNewRomanPSMT
den Atem anzuhalten. Die terroristischen	28.049999237060547	414.0052490234375	9.50787353515625	163.67474746704102	5	TimesNewRomanPSMT
Anschläge auf das World Trade Center	27.600000381469727	426.15924072265625	9.502670288085938	164.32034873962402	5	TimesNewRomanPSMT
brachten nicht nur zwei Hochhäuser zum	28.200000762939453	438.159912109375	9.501846313476562	163.37165451049805	5	TimesNewRomanPSMT
Einsturz, sondern erschütterten auch das	28.200000762939453	450.00830078125	9.50396728515625	163.36921310424805	5	TimesNewRomanPSMT
Selbstverständnis der modernen oder post­	28.049999237060547	462.15789794921875	9.504470825195312	163.81349563598633	5	TimesNewRomanPSMT
modernen Zivilisation gravierend und	28.200000762939453	474.1561279296875	9.506698608398438	163.35525131225586	5	TimesNewRomanPSMT
nachhaltig. In vielen Bereichen des Lebens	28.200000762939453	486.00872802734375	9.503402709960938	163.21572494506836	5	TimesNewRomanPSMT
hinterließen die „Nine/eleven“-Terroran-	28.049999237060547	498.0078430175781	9.504547119140625	163.4736671447754	5	TimesNewRomanPSMT
schläge (9/11) und in der Folge vor allem	27.899999618530273	510.1600036621094	9.501747131347656	163.33999061584473	5	TimesNewRomanPSMT
die Attentate von Madrid am 11.3.2004	27.899999618530273	522.0098266601562	9.501945495605469	163.1166477203369	5	TimesNewRomanPSMT
(3/11) und London am 7.7.2005 (7/7)	28.200000762939453	534.306640625	9.506080627441406	162.4898796081543	5	TimesNewRomanPSMT
Spuren in Wirtschaft, Gesellschaft, Kultur	28.04998779296875	546.0104370117188	9.501182556152344	163.24436950683594	5	TimesNewRomanPSMT
und kollektivem (Un-)Bewusstsein. Dass	28.049999237060547	557.8604125976562	9.501182556152344	162.94438552856445	5	TimesNewRomanPSMT
auch der Tourismus — direktes oder indi­	27.899999618530273	569.8561401367188	9.506698608398438	163.5134983062744	5	TimesNewRomanPSMT
rektes - Opfer des Terrorismus sein würde,	28.049999237060547	581.8400268554688	9.527580261230469	162.7997932434082	5	TimesNewRomanPSMT
wurde in den Tagen nach dem 11. Sep­	27.600000381469727	593.8561401367188	9.506698608398438	163.6635036468506	5	TimesNewRomanPSMT
tember deutlich, als Flüge gestrichen und	206.39999389648438	401.559814453125	9.501937866210938	163.20660400390625	6	TimesNewRomanPSMT
Flughäfen geschlossen wurden. Während	206.39999389648438	413.55975341796875	9.502044677734375	163.16375732421875	6	TimesNewRomanPSMT
die Anschläge von New York, Madrid und	206.10000610351562	425.55609130859375	9.506759643554688	163.35659790039062	6	TimesNewRomanPSMT
London mittelbar auch den Tourismus	206.25	437.55804443359375	9.504287719726562	163.29135131835938	6	TimesNewRomanPSMT
trafen, sind auch speziell touristische De­	206.10000610351562	449.55780029296875	9.504592895507812	163.66351318359375	6	TimesNewRomanPSMT
stinationen direkt ausgesuchte Ziele von	205.8000030517578	461.5587158203125	9.503402709960938	163.3505401611328	6	TimesNewRomanPSMT
Terroristen (in Ägypten, in der Türkei, auf	205.64999389648438	473.5589294433594	9.50311279296875	165.04458618164062	6	TimesNewRomanPSMT
Bali, Djerba und andernorts).	205.9499969482422	485.85772705078125	9.504714965820312	114.21046447753906	6	TimesNewRomanPSMT
Sieben Jahre nach dem 11. September	220.0500030517578	497.5570373535156	9.50555419921875	149.16014099121094	6	TimesNewRomanPSMT
2001 — eine Epoche, die im Zeichen des	205.64999389648438	509.5548095703125	9.508438110351562	163.22488403320312	6	TimesNewRomanPSMT
von US-Präsident George W. Bush ausge­	205.5	521.5585327148438	9.503669738769531	163.66351318359375	6	TimesNewRomanPSMT
rufenen Krieges gegen den Terror stand, in	205.64999389648438	533.5584716796875	9.503692626953125	162.90106201171875	6	TimesNewRomanPSMT
der es zu weiteren Anschlägen auf touri­	205.35000610351562	545.2559814453125	9.506973266601562	163.51351928710938	6	TimesNewRomanPSMT
stische und nicht-touristische Ziele kam	205.35000610351562	557.4071655273438	9.505439758300781	162.97003173828125	6	TimesNewRomanPSMT
und in der Menschen, Organisationen,	205.64999389648438	569.4088134765625	9.503326416015625	162.52557373046875	6	TimesNewRomanPSMT
Institutionen und Gesellschaften mit den	205.5	581.2571411132812	9.505439758300781	162.48150634765625	6	TimesNewRomanPSMT
Gefahren des Terrorismus umzugehen	205.35000610351562	593.2599487304688	9.501750946044922	162.3623046875	6	TimesNewRomanPSMT
Heinz-Günter Vester / Tourismus und Terrorismus im Zeichen der Postmoderne	77.8499984741211	36.5284423828125	8.50469970703125	287.2117385864258	7	Calibri
60	422.1000061035156	34.88397216796875	8.49749755859375	8.10125732421875	8	Calibri
durch die Ausweitung von Sperrzonen und	80.25	88.96075439453125	9.500732421875	169.9413604736328	9	TimesNewRomanPSMT
videoüberwachten Bereichen. Ausgerech­	80.8499984741211	101.11126708984375	9.5001220703125	169.96349334716797	9	TimesNewRomanPSMT
net das Vehikel und Symbol des globalen	81.9000015258789	113.4066162109375	9.53179931640625	168.91922760009766	9	TimesNewRomanPS-ItalicMT
Tourismus, der Jet, wird von den Terro­	81.75	125.70751953125	9.50494384765625	169.6634979248047	9	TimesNewRomanPSMT
risten als Waffe und Geisel missbraucht.	82.94999694824219	137.85638427734375	9.506378173828125	168.44891357421875	9	TimesNewRomanPSMT
Ausgerechnet der Jet, Sinnbild für „gren­	83.0999984741211	150.00811767578125	9.504150390625	169.3635025024414	9	TimesNewRomanPSMT
zenlose Freiheit über den Wolken“, bringt	83.69999694824219	162.15823364257812	9.5040283203125	168.7197723388672	9	TimesNewRomanPSMT
die Twin Towers zum Einsturz, die ihrer­	84.30000305175781	174.15911865234375	9.50286865234375	168.76348876953125	9	TimesNewRomanPSMT
seits Zeichen postmoderner Urbanität und	85.05000305175781	186.158203125	9.504058837890625	168.15570068359375	9	TimesNewRomanPSMT
Globalität sind. Der Tourismus wird zum	85.5	198.30838012695312	9.503814697265625	168.05130004882812	9	TimesNewRomanPSMT
Schauplatz und Opfer des Terrorismus,	86.25	210.45925903320312	9.502685546875	167.6019744873047	9	TimesNewRomanPSMT
aber auch des Krieges gegen den Terror.	86.69999694824219	222.45712280273438	9.50543212890625	167.29031372070312	9	TimesNewRomanPSMT
Touristische Symbole und Destinationen	86.8499984741211	234.60818481445312	9.504058837890625	167.66468048095703	9	TimesNewRomanPSMT
sind Werkzeuge und Geiseln des Terrors	87.9000015258789	246.75909423828125	9.50286865234375	167.2138900756836	9	TimesNewRomanPSMT
wie auch seiner Bekämpfung geworden.	88.19999694824219	258.60614013671875	9.5067138671875	156.8146514892578	9	TimesNewRomanPSMT
Was H. V. Savitch (2008, S. 171)	103.3499984741211	270.9087219238281	9.503387451171875	151.9493179321289	9	TimesNewRomanPSMT
für die Auswirkungen des Terrorismus	89.69999694824219	282.9077453613281	9.504638671875	166.6402130126953	9	TimesNewRomanPSMT
auf Städte feststellt, dass der Terrorismus	90.1500015258789	294.91021728515625	9.50146484375	166.49022674560547	9	TimesNewRomanPSMT
die Stärken der Stadt (Freizügigkeit, Of­	90.75	306.908935546875	9.50311279296875	166.36349487304688	9	TimesNewRomanPSMT
fenheit, Mobilität, Interdependenz der	91.3499984741211	318.9077453613281	9.504638671875	165.87537384033203	9	TimesNewRomanPSMT
Funktionen, Größe und Heterogenität	92.0999984741211	330.9096984863281	9.50213623046875	165.35089874267578	9	TimesNewRomanPSMT
der Bevölkerung) nutze, um sie gegen sie	92.25	342.908935546875	9.50311279296875	165.77755737304688	9	TimesNewRomanPSMT
zu wenden, und so eine Art Implosion	92.69999694824219	354.7561340332031	9.5067138671875	165.2783966064453	9	TimesNewRomanPSMT
des städtischen Raumes und der urbanen	93.30000305175781	366.7592468261719	9.502685546875	164.9263153076172	9	TimesNewRomanPSMT
Organisation bewirke, gilt auch für die	94.05000305175781	378.6056823730469	9.507293701171875	164.9013214111328	9	TimesNewRomanPSMT
touristischen Räume. Verglichen mit	94.5	390.608154296875	9.504104614257812	164.89083862304688	9	TimesNewRomanPSMT
„normalen“, polyfunktionalen Städten,	95.25	402.6097717285156	9.50201416015625	164.13751220703125	9	TimesNewRomanPSMT
deren Bevölkerung und Klientel ansäs­	95.55000305175781	414.45965576171875	9.502120971679688	164.86351013183594	9	TimesNewRomanPSMT
sig sind, sind touristische Destinationen	96.0	426.30682373046875	9.505813598632812	164.24298095703125	9	TimesNewRomanPSMT
auf Grund ihrer auf den Tourismus aus­	96.5999984741211	438.3083801269531	9.503814697265625	164.41352081298828	9	TimesNewRomanPSMT
gerichteten (Mono-)Funktionalität und	97.19999694824219	450.1581726074219	9.504058837890625	163.9552459716797	9	TimesNewRomanPSMT
des hohen Prozentsatzes nichtansässiger	97.6500015258789	462.00994873046875	9.501754760742188	164.19759368896484	9	TimesNewRomanPSMT
„Bevölkerung“ bzw. Klientel verletzlicher.	98.25	473.55694580078125	9.505661010742188	163.31716918945312	9	TimesNewRomanPSMT
Während ortsansässige Bevölkerungen ihre	98.25	485.4110107421875	9.500396728515625	163.92849731445312	9	TimesNewRomanPSMT
von Anschlägen, Katastrophen oder Krie­	98.8499984741211	497.2591552734375	9.502792358398438	163.96350860595703	9	TimesNewRomanPSMT
gen getroffenen Städte wieder aufbauen	99.9000015258789	509.1097717285156	9.502052307128906	162.66442108154297	9	TimesNewRomanPSMT
(müssen), haben Touristen die Option, die	100.6500015258789	520.809814453125	9.501945495605469	162.65129852294922	9	TimesNewRomanPSMT
betroffene Destination einfach nicht mehr	100.6500015258789	532.6581420898438	9.504096984863281	163.0494613647461	9	TimesNewRomanPSMT
zu bereisen. Die Tendenz, diese Option	101.0999984741211	544.3587036132812	9.503395080566406	162.63068389892578	9	TimesNewRomanPSMT
auszuüben, wird fatalerweise dadurch ver­	101.69999694824219	556.210693359375	9.500762939453125	163.0635223388672	9	TimesNewRomanPSMT
stärkt, dass potentielle Investoren und Rei­	102.30000305175781	568.0548095703125	9.508441925048828	162.61351013183594	9	TimesNewRomanPSMT
severanstalter genau dieses Verhalten der	102.9000015258789	579.7581787109375	9.504100799560547	162.27535247802734	9	TimesNewRomanPSMT
Touristen erwarten und sich ihrerseits mit	264.8999938964844	88.355712890625	9.50726318359375	165.79083251953125	10	TimesNewRomanPSMT
ihrem Engagement für die Rekonstruktion	265.95001220703125	100.35662841796875	9.506103515625	164.58938598632812	10	TimesNewRomanPSMT
der getroffenen Destination zurückhalten.	265.79998779296875	112.50738525390625	9.50506591796875	165.13748168945312	10	TimesNewRomanPSMT
Dieser Mechanismus wirkt dann im Sinne	266.54998779296875	125.10955810546875	9.502288818359375	165.24002075195312	10	TimesNewRomanPSMT
einer self-fulfilling prophecy. Dieser steht	266.54998779296875	136.86093139648438	9.50048828125	165.33551025390625	10	TimesNewRomanPSMT
in der Realität allerdings auch oft entge­	267.1499938964844	149.40826416015625	9.50396728515625	165.46353149414062	10	TimesNewRomanPSMT
gen, dass „touristische Pioniere“ eine ge­	267.29998779296875	161.25567626953125	9.507293701171875	165.46353149414062	10	TimesNewRomanPSMT
troffene Destination wieder ansteuern,	267.75	173.26028442382812	9.5013427734375	164.6319580078125	10	TimesNewRomanPSMT
noch ehe die Flaggschiffe der Tourismus­	268.3500061035156	185.55874633789062	9.50335693359375	165.01351928710938	10	TimesNewRomanPSMT
industrie wieder Kurs aufnehmen5. Es ist	268.6499938964844	197.70767211914062	9.504730224609375	164.6986083984375	10	TimesNewRomanPSMT
auch denkbar, dass von Terroranschlägen	268.6499938964844	209.40826416015625	9.50396728515625	164.62203979492188	10	TimesNewRomanPSMT
getroffene Sites zum Sightseeing-Objekt	269.1000061035156	221.30569458007812	9.507293701171875	164.72515869140625	10	TimesNewRomanPSMT
mutieren, so wie ehemalige Kriegsschau­	269.54998779296875	233.85614013671875	9.5067138671875	165.01351928710938	10	TimesNewRomanPSMT
plätze als touristische Attraktionen ent­	270.0	246.00921630859375	9.502716064453125	164.863525390625	10	TimesNewRomanPSMT
deckt wurden (Smith 1996). Dann wür­	270.0	258.30780029296875	9.50457763671875	165.16351318359375	10	TimesNewRomanPSMT
den nicht nur Räume revitalisiert, sondern	270.45001220703125	270.0584716796875	9.503692626953125	164.20504760742188	10	TimesNewRomanPSMT
auch Ereignisse, also Zeit recycelt.	270.75	282.75823974609375	9.50396728515625	131.64129638671875	10	TimesNewRomanPSMT
3 Fazit	271.6499938964844	307.2668151855469	9.4979248046875	29.738616943359375	11	Calibri
Die Postmodernisierung der Gesellschaft	272.3999938964844	329.91021728515625	9.50146484375	163.9815673828125	12	TimesNewRomanPSMT
und Kultur schreitet durch Prozesse vo­	272.54998779296875	342.60968017578125	9.50213623046875	164.56353759765625	12	TimesNewRomanPSMT
ran, die auch vor dem Tourismus und dem	273.1499938964844	354.50799560546875	9.504302978515625	163.68212890625	12	TimesNewRomanPSMT
Terrorismus nicht halt machen. Gerade	272.8500061035156	366.35894775390625	9.503082275390625	164.64117431640625	12	TimesNewRomanPSMT
der Tourismus und der Terrorismus tragen	273.45001220703125	378.3089294433594	9.50311279296875	163.9383544921875	12	TimesNewRomanPSMT
zu einer postmodernen Transformation	273.75	390.1561279296875	9.506698608398438	163.982666015625	12	TimesNewRomanPSMT
der modernen Zivilisation bei. Tourismus	274.20001220703125	402.3099365234375	9.501846313476562	163.86660766601562	12	TimesNewRomanPSMT
und Terrorismus sind zwar nicht unbe­	274.6499938964844	414.6109924316406	9.500396728515625	164.113525390625	12	TimesNewRomanPSMT
dingt „logical companions“ (Richter &	274.95001220703125	426.45697021484375	9.505661010742188	163.5338134765625	12	TimesNewRomanPSMT
Waugh 1986), befinden sich aber in ei­	274.95001220703125	438.457763671875	9.504653930664062	164.26348876953125	12	TimesNewRomanPSMT
ner funktionalen Nähe und symbolhaften	275.8500061035156	450.158203125	9.504043579101562	163.12985229492188	12	TimesNewRomanPSMT
Beziehung. Sie bilden gewissermaßen	276.1499938964844	462.00927734375	9.502670288085938	163.128662109375	12	TimesNewRomanPSMT
eine „Wahlverwandtschaft“. Diese Meta­	276.29998779296875	473.8592529296875	9.502670288085938	163.66351318359375	12	TimesNewRomanPSMT
pher soll freilich nicht darüber hinweg­	276.75	485.8556823730469	9.507293701171875	163.51351928710938	12	TimesNewRomanPSMT
täuschen, dass es der Tourismus ist, der	277.04998779296875	497.7083740234375	9.503814697265625	163.519287109375	12	TimesNewRomanPSMT
vom Terrorismus als Opfer „ausgewählt“	277.04998779296875	509.55828857421875	9.50396728515625	163.20684814453125	12	TimesNewRomanPSMT
und in Geiselhaft genommen wird. Die	277.79998779296875	521.4080200195312	9.504295349121094	163.18142700195312	12	TimesNewRomanPSMT
„Wahlverwandtschaft“ ist asymmetrisch.	278.25	533.2569580078125	9.505645751953125	162.39199829101562	12	TimesNewRomanPSMT
Dabei speisen sich Ressentiments, Wut	278.54998779296875	545.2550659179688	9.50811767578125	162.95773315429688	12	TimesNewRomanPSMT
und Hass der Terroristen auch aus post­	278.8500061035156	557.1085205078125	9.503593444824219	163.06350708007812	12	TimesNewRomanPSMT
modernen Veränderungen der Welt, zu	279.1499938964844	568.960205078125	9.501441955566406	162.7689208984375	12	TimesNewRomanPSMT
denen der Tourismus beigetragen hat oder	279.45001220703125	580.8112182617188	9.500106811523438	162.86038208007812	12	TimesNewRomanPSMT
61	31.950000762939453	34.57598876953125	8.50787353515625	6.602149963378906	13	Calibri
TWI.Jg., Heft 1/2009	299.25	33.83319091796875	8.49847412109375	75.112060546875	14	Calibri
deren Symptom und Symbol er doch zu­	31.950000762939453	86.25982666015625	9.501953125	164.56350326538086	15	TimesNewRomanPSMT
mindest ist. Andererseits profitiert gerade	32.099998474121094	98.55767822265625	9.5047607421875	163.87781524658203	15	TimesNewRomanPSMT
der Terrorismus auf parasitäre Weise von	31.799999237060547	110.55804443359375	9.5042724609375	163.95000076293945	15	TimesNewRomanPSMT
Strukturen des Tourismus.	31.799999237060547	122.8582763671875	9.50396728515625	102.45990371704102	15	TimesNewRomanPSMT
Die Begriffe postmoderner Theorie­	45.900001525878906	134.85885620117188	9.50323486328125	150.3134994506836	15	TimesNewRomanPSMT
ansätze bzw. die Konzepte postmoderni­	31.649999618530273	147.00506591796875	9.50811767578125	164.7134952545166	15	TimesNewRomanPSMT
stischer Diskurse bieten die Möglichkeit,	31.649999618530273	158.8594970703125	9.502410888671875	164.05344581604004	15	TimesNewRomanPSMT
Zusammenhänge von Tourismus und Ter­	31.649999618530273	171.15878295898438	9.503326416015625	164.4134922027588	15	TimesNewRomanPSMT
rorismus zu erfassen. Aus den Konzepten	31.799999237060547	183.1593017578125	9.50262451171875	163.65483474731445	15	TimesNewRomanPSMT
bzw. Charakteristika oder Leitmotiven der	31.649999618530273	195.30892944335938	9.50311279296875	164.1020450592041	15	TimesNewRomanPSMT
Postmoderne lässt sich ein theoretischer	31.799999237060547	207.30599975585938	9.50689697265625	163.90080642700195	15	TimesNewRomanPSMT
Bezugsrahmen zimmern, in dem sich	31.799999237060547	219.4622802734375	9.498779296875	163.49200820922852	15	TimesNewRomanPSMT
Tourismus und Terrorismus interpretie­	31.200000762939453	231.608154296875	9.504150390625	164.56350326538086	15	TimesNewRomanPSMT
ren und aufeinander beziehen lassen. Die	31.649999618530273	243.60818481445312	9.50408935546875	163.65850257873535	15	TimesNewRomanPSMT
wissenschaftliche Beschäftigung mit dem	31.200000762939453	255.90570068359375	9.507293701171875	163.65893173217773	15	TimesNewRomanPSMT
Tourismus wie mit dem Terrorismus ist	31.200000762939453	267.908447265625	9.503753662109375	163.94860458374023	15	TimesNewRomanPSMT
in weiten Teilen theoriearm. Dabei halten	31.5	279.9092712402344	9.502685546875	163.399658203125	15	TimesNewRomanPSMT
Anmerkungen	31.200000762939453	315.9672546386719	9.49737548828125	58.2547721862793	16	Calibri
1. „According to D Amore and Anunza (1986),	31.799999237060547	338.90313720703125	7.504150390625	162.73230361938477	17	TimesNewRomanPSMT
terrorism increased from 206 major events in	45.150001525878906	347.90093994140625	7.506988525390625	149.2370834350586	17	TimesNewRomanPSMT
1972 to 3010 in 1985: since then it has tended	45.900001525878906	357.0545349121094	7.5023193359375	148.6709976196289	17	TimesNewRomanPSMT
to decline. Both media and acadcmic interest	45.150001525878906	366.0531311035156	7.504150390625	149.57671356201172	17	TimesNewRomanPSMT
escalated, peaking in 1986. Since then it has	44.849998474121094	375.05328369140625	7.503936767578125	149.74730682373047	17	TimesNewRomanPSMT
subsided but not to pre-1986 levels, waxing and	44.849998474121094	384.05328369140625	7.503936767578125	149.56116485595703	17	TimesNewRomanPSMT
waning with the rise and fall of terrorist activi-	44.849998474121094	393.05328369140625	7.5039215087890625	149.48409271240234	17	TimesNewRomanPSMT
ties.“ (Wall 1996, S. I43f.)	45.150001525878906	402.0531921386719	7.504058837890625	83.77783966064453	17	TimesNewRomanPSMT
2. Immerhin hat die renommierte soziologische	30.899999618530273	411.05389404296875	7.503143310546875	163.3933506011963	17	TimesNewRomanPSMT
Fachzeitschrift Sociological Theory im März	45.150001525878906	420.2044372558594	7.50244140625	149.3990707397461	17	TimesNewRomanPSMT
2004 - zweieinhalb Jahre nach 9/11 - ein The-	45.0	429.2042236328125	7.502716064453125	149.1079864501953	17	TimesNewRomanPSMT
menschwerpunktheft zum Terrorismus heraus­	45.0	438.2044677734375	7.50238037109375	149.49749755859375	17	TimesNewRomanPSMT
gebracht. Von den nicht uninteressanten Auf­	44.70000076293945	447.05255126953125	7.5048828125	149.7974967956543	17	TimesNewRomanPSMT
sätzen von fünf prominenten US-Soziologen	44.70000076293945	456.2037658691406	7.503326416015625	149.1249656677246	17	TimesNewRomanPSMT
beschäftigt sich allerdings keiner mit der Bezie­	44.70000076293945	464.90289306640625	7.5044097900390625	149.64750289916992	17	TimesNewRomanPSMT
hung Terrorismus und Tourismus.	44.849998474121094	473.90509033203125	7.5015869140625	108.5088882446289	17	TimesNewRomanPSMT
Literatur	31.049999237060547	496.1151123046875	9.500167846679688	33.860050201416016	18	Calibri
Ankersen, C. (2007). Introduction. In:	30.149999618530273	517.4676513671875	8.003105163574219	163.34981727600098	19	TimesNewRomanPSMT
Ankersen, C./ O’Leary, M. (Hg.), Understan-	38.54999923706055	526.3176879882812	8.003105163574219	155.04494094848633	19	TimesNewRomanPSMT
ding Global Terror. Cambridge: Polity Press,	39.0	535.31689453125	8.004066467285156	154.3700408935547	19	TimesNewRomanPSMT
S. 1-16	39.0	544.4656372070312	8.005744934082031	24.594802856445312	19	TimesNewRomanPSMT
Aschauer, W. (2008). Tourismus im Schatten	30.149999618530273	553.3170166015625	8.003936767578125	163.26607704162598	19	TimesNewRomanPSMT
des Terrors. Eine vergleichende Analyse der	38.849998474121094	562.3162841796875	8.004859924316406	154.82830047607422	19	TimesNewRomanPSMT
Auswirkungen von Terroranschlägen (Bali,	38.400001525878906	571.3175048828125	8.003326416015625	154.79999542236328	19	TimesNewRomanPSMT
Sinai, Spanien). München, Wien: Profil	38.849998474121094	580.1702270507812	7.999809265136719	137.2138900756836	19	TimesNewRomanPSMT
die Sozialwissenschaften durchaus ein viel­	210.60000610351562	85.8060302734375	9.50689697265625	164.26351928710938	20	TimesNewRomanPSMT
fältiges - bislang leider unausgeschöpftes	210.89999389648438	97.94000244140625	9.527587890625	163.5113525390625	20	TimesNewRomanPSMT
- Theorieangebot bereit (Vester 1999),	210.14999389648438	110.2578125	9.5045166015625	164.12393188476562	20	TimesNewRomanPSMT
aus dem sich die Tourismuswissenschaft	210.4499969482422	122.40924072265625	9.502716064453125	164.1315155029297	20	TimesNewRomanPSMT
bedienen könnte, um für ihren Gegen­	210.60000610351562	134.5548095703125	9.508453369140625	164.11349487304688	20	TimesNewRomanPSMT
stand Konzepte, Hypothesen oder gar Er­	210.3000030517578	146.7080078125	9.504302978515625	164.4134979248047	20	TimesNewRomanPSMT
klärungen zu konstruieren. Ähnliches gilt	210.60000610351562	158.5604248046875	9.501190185546875	163.52822875976562	20	TimesNewRomanPSMT
für die Erforschung des Terrorismus. Es ist	210.4499969482422	170.70523071289062	9.50787353515625	163.65223693847656	20	TimesNewRomanPSMT
an der Zeit, die Irritationen und Diskus­	210.3000030517578	182.85665893554688	9.506072998046875	164.11351013183594	20	TimesNewRomanPSMT
sionen, die der Terrorismus, insbesondere	210.0	195.00665283203125	9.506072998046875	163.8631591796875	20	TimesNewRomanPSMT
9/11, ausgelöst hat, nicht schon mit der	210.14999389648438	207.15878295898438	9.5032958984375	163.77536010742188	20	TimesNewRomanPSMT
Aufzählung der unmittelbaren Auswir­	209.6999969482422	219.158935546875	9.50311279296875	164.5635223388672	20	TimesNewRomanPSMT
kungen der Terroranschläge (z. B. auf die	210.14999389648438	231.30776977539062	9.504608154296875	163.55130004882812	20	TimesNewRomanPSMT
Touristenzahlen und Reisehäufigkeiten)	209.6999969482422	243.30770874023438	9.50469970703125	163.4421844482422	20	TimesNewRomanPSMT
zu beruhigen, sondern darüber hinaus in	209.6999969482422	255.45849609375	9.503662109375	163.5072784423828	20	TimesNewRomanPSMT
theoretisch imprägnierte und interessante	209.85000610351562	267.6081237792969	9.504180908203125	163.6800537109375	20	TimesNewRomanPSMT
Themenstellungen zu überfuhren.	209.39999389648438	279.7587890625	9.5032958984375	130.84213256835938	20	TimesNewRomanPSMT
3. So beziffert Bar-On (1996, S. 162 f.) die Zahl	209.10000610351562	339.9536437988281	7.50347900390625	163.5406494140625	21	TimesNewRomanPSMT
der „visitor arrivals“ in Israel für das Jahr 1970	223.35000610351562	348.802978515625	7.50433349609375	149.403076171875	21	TimesNewRomanPSMT
mit 441.000, für 1994 mit 2.170.000 und die	223.5	357.9557800292969	7.500701904296875	149.25253295898438	21	TimesNewRomanPSMT
Zahl der „tourists by air“ für 1970 mit 382.000,	223.35000610351562	366.9529724121094	7.50433349609375	149.07015991210938	21	TimesNewRomanPSMT
für 1994 mit 1.503.000.	223.35000610351562	376.10565185546875	7.5008544921875	76.55279541015625	21	TimesNewRomanPSMT
4. Seidler (2007) zeichnet die Debatte nach, die	208.64999389648438	385.10296630859375	7.50433349609375	163.8446044921875	21	TimesNewRomanPSMT
nach den Terroranschlägen von London (7/7)	223.5	393.955810546875	7.50067138671875	148.54598999023438	21	TimesNewRomanPSMT
in Großbritannien über Multikulturalismus,	223.35000610351562	402.950927734375	7.5069580078125	148.53878784179688	21	TimesNewRomanPSMT
Rassismus, Ethik und Werte geführt wurde.	223.35000610351562	412.10430908203125	7.5026397705078125	139.46395874023438	21	TimesNewRomanPSMT
5. Vgl. hierzu Tanja Mihalic (1996), die dies für	208.9499969482422	421.1024169921875	7.50506591796875	163.4376983642578	21	TimesNewRomanPSMT
den Fall der Wiederbelebung des slowenischen	222.89999389648438	429.95452880859375	7.5023040771484375	148.70849609375	21	TimesNewRomanPSMT
Tourismus Anfang der 1990er Jahre nach den	222.75	439.1040954589844	7.50286865234375	148.95758056640625	21	TimesNewRomanPSMT
Kriegen in Jugoslawien darstellt.	223.1999969482422	448.10296630859375	7.50433349609375	102.78520202636719	21	TimesNewRomanPSMT
Barber, B. (1995). Jihad vs McWorld. New	208.35000610351562	517.9173583984375	8.003509521484375	162.93231201171875	22	TimesNewRomanPSMT
York: Random House	216.4499969482422	526.91650390625	8.004638671875	75.54228210449219	22	TimesNewRomanPSMT
Bar-On, R. R. (1996). Measuring the Effects	208.35000610351562	535.76708984375	8.003860473632812	162.66580200195312	22	TimesNewRomanPSMT
on Tourism of Violence and of Promo­	216.60000610351562	544.7688598632812	8.001510620117188	154.31399536132812	22	TimesNewRomanPSMT
tion Following Violent Acts. In: Pizam, A./	216.75	553.6180419921875	8.002647399902344	153.90597534179688	22	TimesNewRomanPSMT
Mansfeld, Y. (Hg.), Tourism, Crime and In­	216.60000610351562	562.6146240234375	8.006988525390625	154.16400146484375	22	TimesNewRomanPSMT
ternational Security Issues. Chichester u. a.:	216.60000610351562	571.61669921875	8.004386901855469	153.4595947265625	22	TimesNewRomanPSMT
John Wiley & Sons, S. 159-174	215.6999969482422	580.76806640625	8.002639770507812	111.27220153808594	22	TimesNewRomanPSMT
Heinz-Günter Vester / Tourismus und Terrorismus im Zeichen der Postmoderne	80.25	33.97845458984375	8.50469970703125	280.9415588378906	23	Calibri
62	419.25	33.8292236328125	8.50372314453125	7.50262451171875	24	Calibri
Baudrillard, J. (1982). Der symbolische Tausch	81.5999984741211	78.26678466796875	8.0042724609375	164.55941009521484	25	TimesNewRomanPSMT
und der Tod. München: Matthes & Seitz	90.1500015258789	87.416748046875	8.00433349609375	144.0396957397461	25	TimesNewRomanPSMT
Baudrillard, J. (1985). Die fatalen Strategien.	82.19999694824219	96.5667724609375	8.0042724609375	164.23416137695312	25	TimesNewRomanPSMT
München: Matthes & Seitz	90.75	105.56671142578125	8.00433349609375	95.61441040039062	25	TimesNewRomanPSMT
Baudrillard, J. (1991). La guerre du Golfe n’a	82.6500015258789	114.86669921875	8.00439453125	164.59227752685547	25	TimesNewRomanPSMT
pas eu lieu. Paris: Edition Galilee	91.19999694824219	123.86669921875	8.00439453125	115.68409729003906	25	TimesNewRomanPSMT
Bauman, Z. (2000). Liquid Modernity. Cam­	83.0999984741211	133.167236328125	8.003692626953125	164.66400909423828	25	TimesNewRomanPSMT
bridge: Polity Press (Flüchtige Moderne.	91.5	142.31851196289062	8.00201416015625	155.722412109375	25	TimesNewRomanPSMT
Frankfurt am Main: Suhrkamp 2003)	91.94999694824219	151.31619262695312	8.005035400390625	131.51995849609375	25	TimesNewRomanPSMT
Bauman, Z. (2005). Liquid Life. Cambridge:	83.8499984741211	160.31570434570312	8.005645751953125	163.90595245361328	25	TimesNewRomanPSMT
Polity Press (Leben in der flüchtigen Moder­	92.4000015258789	169.31680297851562	8.004241943359375	156.11400604248047	25	TimesNewRomanPSMT
ne. Frankfurt am Main: Suhrkamp 2007)	92.69999694824219	178.31707763671875	8.003875732421875	144.4952850341797	25	TimesNewRomanPSMT
Bergesen, A. J./ Lizado, O. (2004). Interna­	84.44999694824219	187.4678955078125	8.002838134765625	164.51400756835938	25	TimesNewRomanPSMT
tional Terrorism and the World System. In:	93.0	196.61688232421875	8.004150390625	155.69979858398438	25	TimesNewRomanPSMT
Sociological Theory 22 (1), S. 38-52	93.1500015258789	205.61660766601562	8.0045166015625	127.3159408569336	25	TimesNewRomanPSMT
Best, S./ Kellner, D. (2001). The Postmodern	85.19999694824219	214.76547241210938	8.0059814453125	163.77882385253906	25	TimesNewRomanPSMT
Adventure. Science, Technology, and Cultur-	93.44999694824219	223.9173583984375	8.003509521484375	156.05361938476562	25	TimesNewRomanPSMT
al Studies at the Third Millenium. London:	93.9000015258789	232.91650390625	8.004638671875	155.69940948486328	25	TimesNewRomanPSMT
Routledge	94.5	241.76950073242188	8.000762939453125	34.37603759765625	25	TimesNewRomanPSMT
D’Amore, L. J./ Anunza, T. E. (1986). Interna­	86.0999984741211	251.06680297851562	8.004241943359375	164.21399688720703	25	TimesNewRomanPSMT
tional Terrorism: Implications and Challenge	94.80000305175781	260.06829833984375	8.002288818359375	155.79893493652344	25	TimesNewRomanPSMT
for Global Tourism. In: Business Quarterly,	94.94999694824219	269.0678405761719	8.002899169921875	155.46340942382812	25	TimesNewRomanPSMT
November, S. 20-29	95.0999984741211	278.2178955078125	8.002838134765625	70.3159408569336	25	TimesNewRomanPSMT
Eco, U. (1985). Über Gott und die Welt. Mün­	87.0	286.56744384765625	8.00341796875	164.06399536132812	25	TimesNewRomanPSMT
chen: Hanser	95.4000015258789	296.0701904296875	7.999847412109375	46.084571838378906	25	TimesNewRomanPSMT
Freedman, L. (2007). Globalization and the	87.5999984741211	305.3662414550781	8.004974365234375	163.84101104736328	25	TimesNewRomanPSMT
War against Terrorism. In: Ankersen, C./	96.0	314.2181396484375	8.002532958984375	155.40847778320312	25	TimesNewRomanPSMT
O’Leary, M. (Hg.), Understanding Global	96.30000305175781	323.2178039550781	8.002960205078125	155.2633819580078	25	TimesNewRomanPSMT
Terror. Cambridge: Polity Press, S. 217-229	96.30000305175781	332.2156677246094	8.0057373046875	152.601318359375	25	TimesNewRomanPSMT
Freyer, W./ Groß, S. (Hg.) (2004). Sicherheit in	88.6500015258789	341.2156677246094	8.0057373046875	163.5116958618164	25	TimesNewRomanPSMT
Tourismus und Verkehr. Schutz vor Risiken	96.9000015258789	350.2162170410156	8.005035400390625	155.4136734008789	25	TimesNewRomanPSMT
und Krisen. Dresden: FIT - Forschungsin­	97.6500015258789	359.216796875	8.0042724609375	155.06400299072266	25	TimesNewRomanPSMT
stitut für Tourismus	97.6500015258789	368.0705261230469	7.999420166015625	69.37178802490234	25	TimesNewRomanPSMT
Gray, C. H. (1997). Postmodern War: The New	89.4000015258789	377.21636962890625	8.004806518554688	163.83209991455078	25	TimesNewRomanPSMT
Politics of Conflict. London: Routledge	98.55000305175781	386.06610107421875	8.005157470703125	137.49557495117188	25	TimesNewRomanPSMT
Hammond, P. (2007). Media, War and Post-	90.1500015258789	395.21661376953125	8.004470825195312	163.2108383178711	25	TimesNewRomanPSMT
modernity. London: Routledge	99.0	403.91888427734375	8.001510620117188	108.05198669433594	25	TimesNewRomanPSMT
Hall, C. M./ O’Sullivan, V. (1996). Tourism,	90.5999984741211	413.0675354003906	8.003326416015625	162.82482147216797	25	TimesNewRomanPSMT
Political Stability and Violence. In: Pizam,	99.44999694824219	422.0670471191406	8.003936767578125	154.19859313964844	25	TimesNewRomanPSMT
A./ Mansfeld, Y. (Hg.), Tourism, Crime and	99.30000305175781	430.91851806640625	8.002029418945312	154.8227081298828	25	TimesNewRomanPSMT
International Security Issues. Chichester	100.05000305175781	439.917724609375	8.003036499023438	154.4710693359375	25	TimesNewRomanPSMT
u. a.: John Wiley & Sons, S. 105-121	100.19999694824219	448.765625	8.005752563476562	129.20089721679688	25	TimesNewRomanPSMT
Hassani, B. (2007). Trauma and Terrorism: How	92.0999984741211	457.76690673828125	8.004119873046875	162.79657745361328	25	TimesNewRomanPSMT
Do Humans Respond? In: Trappier, B. (Hg.),	100.94999694824219	466.61566162109375	8.005722045898438	153.9453887939453	25	TimesNewRomanPSMT
Modern Terrorism and Psychological Trauma.	101.25	475.4700622558594	8.000030517578125	153.65347290039062	25	TimesNewRomanPSMT
New York: Gordian Knot Books, S. 1-13	101.0999984741211	484.3165283203125	8.004653930664062	139.0152816772461	25	TimesNewRomanPSMT
Hutchinson, E./ Bleiker, R. (2008). Emotions	93.1500015258789	493.3179931640625	8.002700805664062	162.5360336303711	25	TimesNewRomanPSMT
in the War on Terror. In: Bellamy, A. J./	102.0	502.16546630859375	8.0059814453125	153.60121154785156	25	TimesNewRomanPSMT
Bleiker, R./ Davies, S. E./ Devetak, R. (Hg.),	102.30000305175781	511.015625	8.005744934082031	153.4660186767578	25	TimesNewRomanPSMT
Security and the War on Terror. London,	102.5999984741211	520.01708984375	8.003883361816406	153.36417388916016	25	TimesNewRomanPSMT
New York: Routledge, S. 57-70	102.5999984741211	528.8656616210938	8.005744934082031	107.92342376708984	25	TimesNewRomanPSMT
Laqueur, W. (1996). Postmodern Terrorism. In:	94.6500015258789	537.8663330078125	8.004798889160156	161.59166717529297	25	TimesNewRomanPSMT
Foreign Affairs 75, S. 24	103.5	546.7200317382812	8.000083923339844	83.54829406738281	25	TimesNewRomanPSMT
MacCannell, D. (1992). Empty Meeting	95.0999984741211	555.71728515625	8.003692626953125	161.95215606689453	25	TimesNewRomanPSMT
Grounds. The Tourist Papers. London: Rout­	103.80000305175781	564.5673828125	8.003482818603516	153.56398010253906	25	TimesNewRomanPSMT
ledge	104.0999984741211	573.1170043945312	8.00394058227539	17.22504425048828	25	TimesNewRomanPSMT
Mihalic, T. (1996). Tourism and Warfare - the	261.6000061035156	78.4012451171875	8.0244140625	165.17086791992188	26	TimesNewRomanPSMT
Case of Slovenia. In: Pizam, A./ Mansfeld,	270.29998779296875	87.41693115234375	8.004150390625	156.31570434570312	26	TimesNewRomanPSMT
Y. (Hg.), Tourism, Crime and International	270.45001220703125	96.517822265625	8.0029296875	156.26751708984375	26	TimesNewRomanPSMT
Security Issues. Chichester u. a.: John Wiley	270.8999938964844	105.66741943359375	8.00347900390625	156.26089477539062	26	TimesNewRomanPSMT
& Sons, S. 231-246	271.04998779296875	115.16754150390625	8.0032958984375	70.42239379882812	26	TimesNewRomanPSMT
Pedahzur, A./ Perliger, A./ Bialsky, A. (2007).	262.6499938964844	124.01467895507812	8.006988525390625	164.32498168945312	26	TimesNewRomanPSMT
Explaining Suiciae Terrorism. In: Ankersen,	271.5	133.16693115234375	8.004058837890625	155.62515258789062	26	TimesNewRomanPSMT
C./ O’Leary, M. (Hg.), Understanding Glob­	271.3500061035156	142.01776123046875	8.003021240234375	156.56399536132812	26	TimesNewRomanPSMT
al Terror. Cambridge: Polity Press, S. 37-56	271.6499938964844	151.26565551757812	8.0057373046875	152.14605712890625	26	TimesNewRomanPSMT
Richter, L. K./ Waugh, W. L. Jr. (1986). Terror­	263.3999938964844	160.16848754882812	8.002044677734375	164.66400146484375	26	TimesNewRomanPSMT
ism and Tourism as Logical Companions. In:	272.25	169.16741943359375	8.003448486328125	155.42779541015625	26	TimesNewRomanPSMT
Tourism Management 7 (4), S. 230-238	271.95001220703125	178.46566772460938	8.0057373046875	141.50003051757812	26	TimesNewRomanPSMT
Sageman, M. (2004). Understanding Terrorist	263.8500061035156	187.01705932617188	8.00390625	164.44046020507812	26	TimesNewRomanPSMT
Networks. Philadelphia: University of Penn­	272.70001220703125	196.417236328125	8.003692626953125	155.9639892578125	26	TimesNewRomanPSMT
sylvania Press	272.54998779296875	205.91702270507812	8.00396728515625	47.144012451171875	26	TimesNewRomanPSMT
Savitch, H. V. (2008). Cities in aTime of Ter­	264.29998779296875	214.56402587890625	8.007843017578125	164.66400146484375	26	TimesNewRomanPSMT
ror. Space, Territory, and Local Resilience.	273.29998779296875	223.71670532226562	8.00439453125	155.13742065429688	26	TimesNewRomanPSMT
Armonk, NY: M.E. Sharpe	273.1499938964844	233.06671142578125	8.004364013671875	95.01437377929688	26	TimesNewRomanPSMT
Seidler, V. J. (2007). Urban Fears and Global	264.8999938964844	241.56402587890625	8.007843017578125	163.985595703125	26	TimesNewRomanPSMT
Terrors. Citizenship, Multicultures and Be-	273.29998779296875	250.86572265625	8.005645751953125	155.72955322265625	26	TimesNewRomanPSMT
longings after 7/7. London: Routledge	273.8999938964844	260.0675354003906	8.0032958984375	131.36724853515625	26	TimesNewRomanPSMT
Smith, V. L. (1996). War and Its Tourist At-	265.5	269.0663146972656	8.004852294921875	163.6729736328125	26	TimesNewRomanPSMT
tractions. In: Pizam, A./ Mansfeld, Y. (Hg.),	274.3500061035156	278.0146789550781	8.006988525390625	154.99539184570312	26	TimesNewRomanPSMT
Tourism, Crime and International Security	274.20001220703125	287.068359375	8.002227783203125	155.63482666015625	26	TimesNewRomanPSMT
Issues. Chichester u. a.: John Wiley & Sons,	274.95001220703125	296.2169189453125	8.004119873046875	154.67916870117188	26	TimesNewRomanPSMT
S. 247-264	274.79998779296875	305.37109375	7.99871826171875	38.600067138671875	26	TimesNewRomanPSMT
Trappier, B. (Hg.) (2007). Modern Terrorism	266.1000061035156	314.21575927734375	8.005615234375	163.84835815429688	26	TimesNewRomanPSMT
and Psychological Trauma. New York: Gord­	275.25	323.0198669433594	8.000274658203125	155.364013671875	26	TimesNewRomanPSMT
ian Knot Books	275.70001220703125	332.5191955566406	8.00115966796875	54.1531982421875	26	TimesNewRomanPSMT
Vester, H.-G. (1993). Soziologie der Postmo­	266.8500061035156	341.3670959472656	8.003875732421875	164.06399536132812	26	TimesNewRomanPSMT
derne. München: Quintessenz	275.70001220703125	350.51934814453125	8.000946044921875	105.2965087890625	26	TimesNewRomanPSMT
Vester, H.-G. (1999). Tourismustheorie. Sozi­	267.1499938964844	359.3676452636719	8.003173828125	164.06399536132812	26	TimesNewRomanPSMT
ologische Wegweiser zum Verständnis touri­	276.0	368.36767578125	8.00311279296875	155.2139892578125	26	TimesNewRomanPSMT
stischer Phänomene. München, Wien: Profil	276.1499938964844	377.1667785644531	8.0042724609375	154.4638671875	26	TimesNewRomanPSMT
Vester, H.-G. (2004). Tourismus und Terro­	267.75	386.36859130859375	8.001968383789062	163.76400756835938	26	TimesNewRomanPSMT
rismus in Äypten. Die Entwicklung in der	276.8999938964844	395.318603515625	8.001876831054688	154.4896240234375	26	TimesNewRomanPSMT
letzten Dekade des 20. Jahrhunderts. In: Lu-	276.8999938964844	404.3669738769531	8.004058837890625	154.47366333007812	26	TimesNewRomanPSMT
ger, K./ Baumgartner, C./ Wöhler, K. (Hg.),	276.8999938964844	413.3671875	8.0037841796875	154.46450805664062	26	TimesNewRomanPSMT
Ferntourismus wohin? Der globale Touris­	277.3500061035156	422.36676025390625	8.004287719726562	154.76400756835938	26	TimesNewRomanPSMT
mus erobert den Horizont. Innsbruck u. a.:	277.6499938964844	431.3641357421875	8.007675170898438	153.916748046875	26	TimesNewRomanPSMT
StudienVerlag, S. 287-295	277.6499938964844	440.66864013671875	8.001907348632812	91.10006713867188	26	TimesNewRomanPSMT
Wall, G. (1996). Terrorism and Tourism: an	268.95001220703125	449.36724853515625	8.003677368164062	162.88055419921875	26	TimesNewRomanPSMT
OverView and an Irish Example. In: Pizam,	277.95001220703125	458.3674011230469	8.003509521484375	154.048583984375	26	TimesNewRomanPSMT
A./ Mansfeld, Y. (Hg.), Tourism, Crime and	277.95001220703125	467.06854248046875	8.002029418945312	154.53411865234375	26	TimesNewRomanPSMT
International Security Issues. Chichester	278.54998779296875	475.917724609375	8.003036499023438	154.17108154296875	26	TimesNewRomanPSMT
u. a.: John Wiley & Sons, S. 143-158	278.70001220703125	484.91802978515625	8.002700805664062	129.3944091796875	26	TimesNewRomanPSMT
Wallace, W. (2007). Europe and the War on	270.0	494.0670471191406	8.003936767578125	162.74859619140625	26	TimesNewRomanPSMT
Terror. In: Ankersen, C./ O’Leary, M. (Hg.),	278.70001220703125	502.91729736328125	8.003616333007812	154.2359619140625	26	TimesNewRomanPSMT
Understanding Global Terror. Cambridge:	279.29998779296875	511.7671203613281	8.003883361816406	153.44586181640625	26	TimesNewRomanPSMT
Polity Press, S. 83-94	279.45001220703125	520.6173706054688	8.003524780273438	72.5234375	26	TimesNewRomanPSMT
Wernick, A. (1991). Promotional Culture. Ad-	270.8999938964844	529.7671508789062	8.003791809082031	162.47271728515625	26	TimesNewRomanPSMT
vertising, Ideology and Symbolic Expression.	279.45001220703125	538.7681274414062	8.002517700195312	153.8292236328125	26	TimesNewRomanPSMT
London: Sage	279.8999938964844	547.468017578125	8.002700805664062	47.30389404296875	26	TimesNewRomanPSMT
Tourismus und Terrorismus aus	27.899999618530273	79.04779052734375	16.0	219.1840000152588	27	SegoeUI
ökonomischer Sicht	28.649999618530273	97.77569580078125	16.02911376953125	139.6526584625244	27	SegoeUI
Bruno S. Frey & Simon Lüchinger	28.5	136.13064575195312	8.004302978515625	126.79917907714844	28	SegoeUI-Italic
Zusammenfassung:	28.350000381469727	160.72695922851562	7.996002197265625	70.32501792907715	29	SegoeUI
Der Artikel gibt eine Übersicht über die ökonomische Literatur zu den wirtschaftlichen und ge­	28.649999618530273	171.82089233398438	8.003936767578125	342.6419925689697	29	SegoeUI
samtgesellschaftlichen Auswirkungen des Terrorismus mit besonderer Berücksichtigung der	28.649999618530273	183.970703125	8.004241943359375	341.890588760376	29	SegoeUI
Auswirkungen auf den Tourismus. Zahlreiche Studien für verschiedene Länder stellen negative	28.5	196.12075805664062	8.004150390625	342.0540466308594	29	SegoeUI
und quantitativ wichtige Effekte von Terrorismus auf die Tourismusnachfrage fest. Die Studien	28.649999618530273	208.27029418945312	8.0047607421875	341.387903213501	29	SegoeUI
beleuchten ferner Unterschiede in den Auswirkungen unterschiedlicher Terroranschläge, die	28.799999237060547	220.2706298828125	8.00433349609375	341.5986518859863	29	SegoeUI
Kausalität und die zeitliche Inzidenz sowie Interdependenzen zwischen derTourismusnachfra­	28.799999237060547	232.42129516601562	8.003448486328125	342.3419990539551	29	SegoeUI
ge verschiedener Länder. Kurz gestreift werden auch die Auswirkungen auf die ausländischen	28.5	244.57070922851562	8.004180908203125	341.6801452636719	29	SegoeUI
Direktinvestitionen, Konsum-, Spar- und Investitionsverhalten, den internationalen Handel,	28.950000762939453	256.7209167480469	8.003936767578125	341.1185722351074	29	SegoeUI
das Sozialprodukt insgesamt und die subjektive Lebenszufriedenheit.	28.799999237060547	269.3204650878906	8.0045166015625	253.20656204223633	29	SegoeUI
Abstract:	28.950000762939453	293.3207702636719	8.004119873046875	31.157634735107422	30	SegoeUI
This article reviews the economic literature on the economic and social costs of terrorism with	28.649999618530273	304.8703918457031	8.004638671875	341.2996768951416	30	SegoeUI
a special emphasis on the consequences on the tourism industry. Several studies find a ne­	28.950000762939453	316.87091064453125	8.003936767578125	342.0419731140137	30	SegoeUI
gative and economically important effect of terrorism on tourism demand. The studies also	28.950000762939453	329.0201721191406	8.004913330078125	341.1236686706543	30	SegoeUI
highlight differences in the consequences of different types of terror attacks, causality, the	29.25	341.0201721191406	8.004913330078125	340.96533203125	30	SegoeUI
temporal patterns of the impact as well as interdependencies between different countries'	28.950000762939453	353.02154541015625	8.00311279296875	341.8526420593262	30	SegoeUI
tourism industries and their terrorist campaigns. Further, the paper briefly discusses studies	28.950000762939453	365.0214538574219	8.00323486328125	341.10773849487305	30	SegoeUI
on the consequences on foreign direct Investment, consumption, savings and investment, in­	29.100000381469727	377.02105712890625	8.003799438476562	341.8919734954834	30	SegoeUI
ternational trade, overall economic development and on subjective life satisfaction.	28.950000762939453	389.321044921875	8.003799438476562	304.1829032897949	30	SegoeUI
1 Wirtschaftliche Auswirkungen	29.850000381469727	448.56195068359375	9.5042724609375	131.93503379821777	31	Calibri
des Terrorismus	40.5	460.563232421875	9.502639770507812	62.6923828125	31	Calibri
Terrorismus erscheint für viele Leute als	29.25	484.20928955078125	9.502639770507812	162.64065551757812	32	TimesNewRomanPSMT
die Plage des 21. Jahrhunderts. Seine Be­	29.25	496.0579833984375	9.530769348144531	163.2135009765625	32	TimesNewRomanPS-ItalicMT
deutung wurde durch die terroristischen	29.25	507.7581481933594	9.504058837890625	162.5643768310547	32	TimesNewRomanPSMT
Attacken gegen die beiden Wolkenkratzer	28.950000762939453	519.756591796875	9.506080627441406	163.1745262145996	32	TimesNewRomanPSMT
des World Trade Center in New York vom	29.25	531.7579956054688	9.50433349609375	162.49014282226562	32	TimesNewRomanPSMT
11. September 2001, gegen einen Nacht­	30.299999237060547	543.6080932617188	9.504158020019531	162.16350173950195	32	TimesNewRomanPSMT
club in Bali vom 12. Oktober 2002, ge­	29.25	555.6084594726562	9.503669738769531	163.2135009765625	32	TimesNewRomanPSMT
gen die drei Bahnhöfe in Madrid vom 11.	29.25	567.4566040039062	9.50607681274414	162.5159149169922	32	TimesNewRomanPSMT
März 2004 und die Attacken in London	29.549999237060547	579.1566162109375	9.50607681274414	162.5141944885254	32	TimesNewRomanPSMT
vom 7. Juli 2005 besonders deutlich. Ter­	206.5500030517578	483.00714111328125	9.505447387695312	163.8135223388672	33	TimesNewRomanPSMT
rorismus beschränkt sich allerdings nicht	206.85000610351562	494.708984375	9.50299072265625	163.2442626953125	33	TimesNewRomanPSMT
auf Al Kaida. Vielmehr gehen die Aktivi­	206.85000610351562	506.7066345214844	9.506080627441406	163.363525390625	33	TimesNewRomanPSMT
täten weit über islamistische Extremisten	207.0	518.558837890625	9.503204345703125	162.70022583007812	33	TimesNewRomanPSMT
hinaus. So ist Terrorismus in den Kon­	206.85000610351562	530.70849609375	9.503692626953125	163.363525390625	33	TimesNewRomanPSMT
flikten um Nordirland, dem Baskenland	207.0	542.5588989257812	9.50311279296875	162.53005981445312	33	TimesNewRomanPSMT
und Korsika eine häufig eingesetzte Waffe.	207.14999389648438	554.407958984375	9.504356384277344	162.0426025390625	33	TimesNewRomanPSMT
Noch vor kurzem gab es in Deutschland	206.85000610351562	566.2556762695312	9.507266998291016	162.68572998046875	33	TimesNewRomanPSMT
und Italien Terror durch die RAF und die	207.14999389648438	578.1063842773438	9.506401062011719	162.3052978515625	33	TimesNewRomanPSMT
