sehe Strecke. Die Städteschnellzüge zwischen	101.8499984741211	45.544921875	9.00341796875	178.0828628540039	0	TimesNewRomanPSMT
Salzburg und Innsbruck fahren dann exakt im	101.69999694824219	54.09393310546875	9.00482177734375	178.25770568847656	0	TimesNewRomanPSMT
Zwei-Stunden-Takt. Die Baukosten für die Ver­	101.8499984741211	62.797607421875	9.0	178.9469985961914	0	TimesNewRomanPSMT
bindungskurve betrugen rund acht Millionen	101.8499984741211	71.3447265625	9.0037841796875	178.3226089477539	0	TimesNewRomanPSMT
Mark, sie wurden von den österreichischen Bun­	102.0	80.04473876953125	9.003662109375	178.947021484375	0	TimesNewRomanPSMT
desbahnen getragen; ihnen steht die Gleisver­	101.8499984741211	88.59393310546875	9.00482177734375	179.0970230102539	0	TimesNewRomanPSMT
bindung auf deutschem Boden dafür auch zur	102.0	97.14422607421875	9.00439453125	178.55404663085938	0	TimesNewRomanPSMT
exklusiven Benutzung zur Verfügung.	101.8499984741211	105.69378662109375	9.00494384765625	141.9941635131836	0	TimesNewRomanPSMT
(Quelle: DB)	236.10000610351562	117.205810546875	7.50067138671875	44.3013916015625	1	TimesNewRomanPSMT
Frankfurt wird Schnellbahnstadt	101.69999694824219	139.79742431640625	10.0245361328125	143.6934814453125	2	TimesNewRomanPS-BoldMT
In den nächsten Jahren soll sich die Main­	110.0999984741211	152.0472412109375	9.00048828125	171.4469985961914	3	TimesNewRomanPSMT
metropole mehr und mehr zur Schnellbahnstadt	102.0	160.59469604492188	9.003753662109375	178.86822509765625	3	TimesNewRomanPSMT
entwickeln. Schon 1983 wird die S-Bahn, die bis­	102.0	169.14471435546875	9.003753662109375	179.84701538085938	3	TimesNewRomanPSMT
her im Stadtkern an der Hauptwache endet, bis	102.1500015258789	177.69467163085938	9.003814697265625	178.91268157958984	3	TimesNewRomanPSMT
zur nächsten Station Konstablerwache verlän­	101.8499984741211	186.24478149414062	9.003631591796875	180.29700469970703	3	TimesNewRomanPSMT
gert. Zwei Jahre später erreicht die U-Bahn von	101.69999694824219	194.79330444335938	9.005584716796875	179.54981994628906	3	TimesNewRomanPSMT
der gegenwärtigen Endstation Theaterplatz über	102.0	203.34429931640625	9.0042724609375	179.82571411132812	3	TimesNewRomanPSMT
den Schweizer Platz den am jenseitigen Main­	101.8499984741211	212.0465087890625	9.001434326171875	180.5970230102539	3	TimesNewRomanPSMT
ufer gelegenen Südbahnhof. Bis 1986 werden	102.1500015258789	220.59304809570312	9.005889892578125	179.57540130615234	3	TimesNewRomanPSMT
zwei neue U-Bahn-Linien aus dem Westen der	102.0	229.14492797851562	9.00347900390625	180.20404052734375	3	TimesNewRomanPSMT
Stadt die City erreichen und unterirdisch bis zur	102.0	237.54544067382812	9.0028076171875	180.48849487304688	3	TimesNewRomanPSMT
neuen Station Zoo durchqueren.	102.1500015258789	246.24591064453125	9.002197265625	123.63790130615234	3	TimesNewRomanPSMT
Der gegenwärtige „Fahrplan” für den Ausbau	110.55000305175781	257.49481201171875	9.00360107421875	171.67701721191406	4	TimesNewRomanPSMT
des Schnellbahnnetzes endet 1988 mit der Fer­	102.30000305175781	266.1941833496094	9.004425048828125	180.8970184326172	4	TimesNewRomanPSMT
tigstellung der S-Bahn über Konstablerwache	102.30000305175781	274.4439697265625	9.00469970703125	180.1068878173828	4	TimesNewRomanPSMT
hinaus zur Ostendstraße, unter dem Main hin­	102.44999694824219	283.14471435546875	9.003753662109375	180.8970184326172	4	TimesNewRomanPSMT
durch zur Darmstädter Landstraße und zum	102.30000305175781	291.6943054199219	9.0042724609375	180.4916229248047	4	TimesNewRomanPSMT
Südbahnhof, wo eine neue Verknüpfung mit der	102.30000305175781	300.2442626953125	9.004302978515625	180.8040313720703	4	TimesNewRomanPSMT
U-Bahn entsteht sowie zur neuen Station Mühl­	102.5999984741211	308.6476135253906	9.0	181.04700469970703	4	TimesNewRomanPSMT
berg an der in Richtung Oberrad, Offenbach und	102.5999984741211	317.19390869140625	9.004791259765625	180.30359649658203	4	TimesNewRomanPSMT
Hanau abzweigenden Strecke, die später eben­	102.5999984741211	325.7475891113281	9.0	181.1969985961914	4	TimesNewRomanPSMT
falls als S-Bahn ausgebaut wird. Weite Bereiche	102.5999984741211	334.29541015625	9.002838134765625	180.50305938720703	4	TimesNewRomanPSMT
der Stadt sollen bis 1988 frei von „oberirdi­	102.5999984741211	342.8446960449219	9.003753662109375	181.3470230102539	4	TimesNewRomanPSMT
schem” Verkehr, neue Fußgängerzonen und die	102.75	351.243896484375	9.004791259765625	180.50112915039062	4	TimesNewRomanPSMT
Verwirklichung ebenfalls neuer städtebaulicher	102.5999984741211	359.7942810058594	9.004302978515625	181.2216567993164	4	TimesNewRomanPSMT
Perspektiven möglich sein.	103.05000305175781	368.3481140136719	8.99932861328125	102.1619873046875	4	TimesNewRomanPSMT
(Quelle: DB)	240.4499969482422	377.4543151855469	7.50262451171875	43.25138854980469	5	TimesNewRomanPSMT
Das Staatsgut von Kecskemet-Szikra	103.3499984741211	404.08917236328125	10.035354614257812	169.84650421142578	6	TimesNewRomanPS-BoldMT
Im Donau-Theiß-Zwischenstromland (Un­	112.19999694824219	416.0462646484375	9.00177001953125	172.4970245361328	7	TimesNewRomanPSMT
garn) liegt das Staatsgut von Kecskemet-Szikra.	103.5	424.5940246582031	9.004638671875	180.10238647460938	7	TimesNewRomanPSMT
Es ist ein Großbetrieb für Gartenbau, der auf	103.6500015258789	433.14398193359375	9.004714965820312	181.6747055053711	7	TimesNewRomanPSMT
trockenem Sandboden Wein, Obst und Gemüse	103.80000305175781	441.39447021484375	9.004058837890625	180.20399475097656	7	TimesNewRomanPSMT
produziert.	103.94999694824219	450.1006164550781	8.99609375	40.662841796875	7	TimesNewRomanPSMT
Der Weinbau ist in diesem Gebiet sehr alt.	112.80000305175781	461.34307861328125	9.005874633789062	171.1192169189453	8	TimesNewRomanPSMT
Schon Ende des vorigen Jahrhunderts waren die	104.4000015258789	469.7423400878906	9.006805419921875	179.74727630615234	8	TimesNewRomanPSMT
Weinsorten des Weingutes von Szikra der Stadt	104.4000015258789	478.1441955566406	9.004425048828125	180.19109344482422	8	TimesNewRomanPSMT
Kecskemet weit bekannt. Nach dem Zweiten	104.55000305175781	486.5465087890625	9.001434326171875	179.89256286621094	8	TimesNewRomanPSMT
Weltkrieg (1966) entstand auf dem ehemaligen	104.8499984741211	495.0940246582031	9.004608154296875	179.71524810791016	8	TimesNewRomanPSMT
Weingut von Szikra das Staatsgut Kecskemet-	104.8499984741211	503.6445007324219	9.003997802734375	179.88248443603516	8	TimesNewRomanPSMT
Szikra. Die Rebfläche wurde wesentlich vergrö­	105.1500015258789	512.04736328125	9.000289916992188	180.44701385498047	8	TimesNewRomanPSMT
ßert und erstreckt sich heute vom alten Weingut	105.44999694824219	520.59521484375	9.003036499023438	179.4529571533203	8	TimesNewRomanPSMT
in Szikra bis an die Theiß. 1979 reiften hier 3 Mio	105.5999984741211	528.993896484375	9.004806518554688	179.27298736572266	8	TimesNewRomanPSMT
kg Weintrauben. Weitere 2,5 Mio kg wurden von	105.5999984741211	537.5466918945312	9.00115966796875	179.25000762939453	8	TimesNewRomanPSMT
anderen landwirtschaftlichen Betrieben an das	105.9000015258789	545.9414672851562	9.008010864257812	178.93004608154297	8	TimesNewRomanPSMT
Staatsgut geliefert. 1979 konnten 90000 Hekto­	106.05000305175781	554.3442993164062	9.004257202148438	179.8470001220703	8	TimesNewRomanPSMT
liter Wein, Wermut und Sekt verkauft werden,	106.19999694824219	562.8938598632812	9.004798889160156	178.79225158691406	8	TimesNewRomanPSMT
davon allein 63 000 Hektoliter ins Ausland (Sow­	106.3499984741211	571.2938842773438	9.004798889160156	179.8470230102539	8	TimesNewRomanPSMT
jetunion, DDR, CSSR).	105.5999984741211	579.546630859375	9.001274108886719	89.41655731201172	8	TimesNewRomanPSMT
Neben dem Weinbau spielt die Gemüsepro­	115.19999694824219	591.0924072265625	9.006805419921875	171.1470184326172	9	TimesNewRomanPSMT
duktion (Tomaten) eine große Rolle. 1979 ernte­	107.0999984741211	599.4939575195312	9.00472640991211	179.39701080322266	9	TimesNewRomanPSMT
68	107.25	615.398193359375	8.999282836914062	8.276725769042969	10	TimesNewRomanPSMT
te man 37000 kg pro Hektar, etwa 22 000 Tonnen	295.20001220703125	45.98193359375	9.020263671875	186.06423950195312	11	TimesNewRomanPSMT
davon gelangten zum Verkauf.	295.20001220703125	54.69573974609375	9.00244140625	116.9383544921875	11	TimesNewRomanPSMT
Das Staatsgut Kecskemet-Szikra unterhält	304.20001220703125	65.79571533203125	9.00244140625	177.11688232421875	12	TimesNewRomanPSMT
weiterhin eine der größten und modernsten	295.3500061035156	74.3466796875	9.001220703125	185.67083740234375	12	TimesNewRomanPSMT
Baumschulen des Landes. Jährlich verlassen ca.	295.5	83.04376220703125	9.00494384765625	185.05865478515625	12	TimesNewRomanPSMT
eine Million Pfröpflinge die Baumschule. Die	295.5	91.56494140625	9.04229736328125	185.447265625	12	TimesNewRomanPSMT
Produktion erfolgt nicht nur für den inländi­	295.79998779296875	100.29498291015625	9.00335693359375	185.697021484375	12	TimesNewRomanPSMT
schen Bedarf, sondern auch für den Export.	295.6499938964844	108.84503173828125	9.00335693359375	170.12564086914062	12	TimesNewRomanPSMT
Unter den Obstkulturen des Staatsgutes sind	304.5	119.783447265625	9.018310546875	176.25665283203125	13	TimesNewRomanPSMT
der Anbau von Pfirsichen und Äpfeln von großer	295.95001220703125	128.493896484375	9.0047607421875	185.494873046875	13	TimesNewRomanPSMT
Bedeutung. 1979 wurden 25000 Tonnen Apfel	296.1000061035156	137.0455322265625	9.002685546875	184.835205078125	13	TimesNewRomanPSMT
und 2000 Tonnen Pfirsiche geerntet. Einen Teil	296.25	145.7452392578125	9.0030517578125	184.56243896484375	13	TimesNewRomanPSMT
verkauft man als Frischobst, den anderen verar­	296.1000061035156	154.29400634765625	9.004669189453125	185.39700317382812	13	TimesNewRomanPSMT
beitet man zu Obstsäften und Erfrischungsge­	296.3999938964844	162.5452880859375	9.003021240234375	185.09701538085938	13	TimesNewRomanPSMT
tränken im eigenen Betrieb, der seit 1978 produ­	296.54998779296875	171.39419555664062	9.004425048828125	184.947021484375	13	TimesNewRomanPSMT
ziert. Bereits 1979 wurden hier 7300 Tonnen	296.54998779296875	179.94497680664062	9.00341796875	184.10894775390625	13	TimesNewRomanPSMT
Frachtsaft hergestellt, z.T. in Zusammenarbeit	296.8500061035156	188.3466796875	9.001190185546875	184.30624389648438	13	TimesNewRomanPSMT
mit einer griechischen Firma Der griechische	297.0	196.89547729492188	9.002777099609375	184.15292358398438	13	TimesNewRomanPSMT
Betrieb (ARVANITIS) liefert Südfruchtextrakte	297.0	205.44451904296875	9.003997802734375	184.03390502929688	13	TimesNewRomanPSMT
an den ungarischen Partner. Hier erfolgt die Ver­	296.8500061035156	213.99398803710938	9.004669189453125	184.64700317382812	13	TimesNewRomanPSMT
arbeitung zu Juice. Im Gegengeschäft liefert das	297.0	222.5443115234375	9.0042724609375	184.05450439453125	13	TimesNewRomanPSMT
ungarische Staatsgut Apfelsaft ohne Kohlensäu­	297.29998779296875	231.09503173828125	9.003326416015625	184.197021484375	13	TimesNewRomanPSMT
regehalt bzw. ein aus Weintrauben hergestelltes	297.6000061035156	239.644287109375	9.004302978515625	183.58056640625	13	TimesNewRomanPSMT
Erfrischungsgetränk.	297.45001220703125	248.49520874023438	9.003082275390625	77.46585083007812	13	TimesNewRomanPSMT
(Quelle: Budapester Rundschau 49/1981, S. 11)	322.04998779296875	259.4031982421875	7.504058837890625	159.04937744140625	14	TimesNewRomanPSMT
Arktis verunreinigt	297.6000061035156	282.59765625	10.024261474609375	84.41558837890625	15	TimesNewRomanPS-BoldMT
Auch in den menschenleeren Gebieten der	306.6000061035156	294.37518310546875	9.029052734375	174.990966796875	16	TimesNewRomanPSMT
Arktis wurden jetzt bei Untersuchungen, wie die	298.20001220703125	302.9454040527344	9.00286865234375	182.7205810546875	16	TimesNewRomanPSMT
amerikanische Zeitschrift „Science” berichtet,	298.04998779296875	311.4942321777344	9.004364013671875	182.94741821289062	16	TimesNewRomanPSMT
eine zunehmende Belastung der Atmosphäre	298.20001220703125	320.0439758300781	9.00469970703125	182.814697265625	16	TimesNewRomanPSMT
durch verschmutzte Luft aus Industrieländern	298.3500061035156	328.5949401855469	9.003448486328125	182.741943359375	16	TimesNewRomanPSMT
der Nordhalbkugel der Erde festgestellt.	298.3500061035156	337.1441345214844	9.0045166015625	153.07220458984375	16	TimesNewRomanPSMT
Besonders im Winter und im Frühjahr häufen	307.04998779296875	348.5442810058594	9.004302978515625	173.7593994140625	17	TimesNewRomanPSMT
sich ungünstige meteorologische Bedingungen,	298.6499938964844	356.9482727050781	8.9991455078125	182.11770629882812	17	TimesNewRomanPSMT
unter denen Windströmungen mit Ruß, Schwe­	298.79998779296875	365.49664306640625	9.001220703125	182.697021484375	17	TimesNewRomanPSMT
feloxyden und organischen Verbindungen ver­	298.6499938964844	373.7444763183594	9.0040283203125	182.84701538085938	17	TimesNewRomanPSMT
schmutzte Luftmassen aus den Industriegebie­	298.79998779296875	382.2940979003906	9.004547119140625	182.84701538085938	17	TimesNewRomanPSMT
ten in die arktischen Regionen bringen. Wäh­	298.95001220703125	390.8439025878906	9.004791259765625	182.69699096679688	17	TimesNewRomanPSMT
rend dieser Zeit werden die Schadstoffpartikel	299.1000061035156	399.2452087402344	9.003082275390625	182.05078125	17	TimesNewRomanPSMT
bis zu 5 000 Kilometer weit getrieben. Aus ande­	298.95001220703125	407.7957458496094	9.002410888671875	182.69699096679688	17	TimesNewRomanPSMT
ren Gebieten der Erde war bisher bekannt, daß	299.25	416.34423828125	9.004379272460938	181.76467895507812	17	TimesNewRomanPSMT
sie höchstens 2000 bis 3000 Kilometer von ih­	299.25	425.04608154296875	9.002029418945312	182.39700317382812	17	TimesNewRomanPSMT
rem Entstehungsort nachgewiesen werden	299.25	433.4454040527344	9.002838134765625	181.7808837890625	17	TimesNewRomanPSMT
konnten.	299.3999938964844	441.54571533203125	9.002456665039062	32.2451171875	17	TimesNewRomanPSMT
In welchem Maße wärmeabsorbierende	308.1000061035156	453.3946838378906	9.0037841796875	173.0452880859375	18	TimesNewRomanPSMT
Schmutzpartikel imstande sein können, die	299.3999938964844	461.79534912109375	9.0029296875	181.72003173828125	18	TimesNewRomanPSMT
Luft am Nordpol tatsächlich aufzuheizen, ließe	299.70001220703125	470.34503173828125	9.003372192382812	181.43453979492188	18	TimesNewRomanPSMT
sich allerdings noch nicht konkret sagen.	299.54998779296875	478.745361328125	9.0029296875	155.239501953125	18	TimesNewRomanPSMT
(Quelle: Prager Volkszeitung, 30.10.1981)	339.1499938964844	490.102783203125	7.5045928955078125	142.04348754882812	19	TimesNewRomanPSMT
Kurz-Notizen	300.1499938964844	534.0283203125	17.050994873046875	92.621337890625	20	TimesNewRomanPSMT
Der Verkehr auf der Zürcher Flughafenbahn hat	308.54998779296875	558.4909057617188	8.00262451171875	172.798095703125	21	TimesNewRomanPS-BoldMT
sich sich sehr günstig entwickelt. Auf dieser	300.29998779296875	566.1953735351562	9.002944946289062	181.2655029296875	21	TimesNewRomanPSMT
über ein Jahr eröffneten Bahnstrecke, die teil­	300.45001220703125	574.5955810546875	9.002616882324219	181.19699096679688	21	TimesNewRomanPSMT
weise unterirdisch verläuft, wurden annähernd	300.29998779296875	583.1438598632812	9.004798889160156	180.66262817382812	21	TimesNewRomanPSMT
drei Millionen Passagiere befördert, von denen	300.6000061035156	591.5440063476562	9.00469970703125	180.44375610351562	21	TimesNewRomanPSMT
rund zwei Fünftel Flugreisende sind.	300.8999938964844	599.9441528320312	9.004451751708984	139.146728515625	21	TimesNewRomanPSMT
DIETRICH WIEBE	44.25	51.39678955078125	9.0010986328125	74.57805633544922	22	TimesNewRomanPSMT
Sozialgeographische Aspekte	129.75	84.34869384765625	17.0245361328125	201.97576904296875	23	TimesNewRomanPSMT
ausländischer Gewerbetätigkeiten in Kiel	85.6500015258789	104.2823486328125	17.04571533203125	289.19759368896484	24	TimesNewRomanPSMT
1. Einleitung und Problemstellung. Der seit	52.79999923706055	130.59466552734375	9.00384521484375	170.46393203735352	25	TimesNewRomanPSMT
Mitte der fünfziger Jahre zu beobachtende ver­	44.099998474121094	139.1446533203125	9.00384521484375	179.84699249267578	25	TimesNewRomanPSMT
mehrte Zustrom ausländischer Arbeitskräfte in	43.95000076293945	147.69708251953125	9.00067138671875	179.1236686706543	25	TimesNewRomanPSMT
die Bundesrepublik Deutschland hat differen­	43.650001525878906	156.2459716796875	9.002105712890625	180.29698944091797	25	TimesNewRomanPSMT
zierte Auswirkungen auf das regionale und loka­	43.79999923706055	164.794189453125	9.004425048828125	179.99699783325195	25	TimesNewRomanPSMT
le sozioökonomische Gefüge gehabt. In einer	43.95000076293945	173.34561157226562	9.0025634765625	179.47253036499023	25	TimesNewRomanPSMT
Vielzahl von Untersuchungen wird den dadurch	43.650001525878906	181.89608764648438	9.001983642578125	179.29602813720703	25	TimesNewRomanPSMT
entstandenen Problemen nachgegangen. Eine	43.79999923706055	190.29733276367188	9.0003662109375	179.12807083129883	25	TimesNewRomanPSMT
Auswertung der aus verschiedenen Wissen­	43.95000076293945	198.99395751953125	9.00469970703125	179.84699630737305	25	TimesNewRomanPSMT
schaften stammenden Arbeiten zeigt, daß die	43.79999923706055	207.5423583984375	9.006805419921875	178.99725723266602	25	TimesNewRomanPSMT
Ausländer überwiegend unter dem Gesichts­	43.95000076293945	216.09503173828125	9.003326416015625	179.84699630737305	25	TimesNewRomanPSMT
punkt „unselbständige Arbeitnehmer” analy­	43.95000076293945	224.4969482421875	9.000823974609375	179.84699630737305	25	TimesNewRomanPSMT
siert werden, die Selbständigen unter ihnen wer­	43.650001525878906	233.0447998046875	9.003631591796875	180.1469955444336	25	TimesNewRomanPSMT
den aufgrund der geringen Zahl - von 2,5 Mio	43.650001525878906	241.74395751953125	9.00469970703125	179.42949676513672	25	TimesNewRomanPSMT
unselbständigen Erwerbstätigen (1973) waren	43.79999923706055	250.2945556640625	9.00396728515625	178.95656204223633	25	TimesNewRomanPSMT
nur ca. 50000 (PULS) Selbständige - meistens	43.79999923706055	258.8447570800781	9.003692626953125	178.9171485900879	25	TimesNewRomanPSMT
nur am Rande erwähnt, da sie für die Probleme	43.79999923706055	267.2423400878906	9.006805419921875	179.03398513793945	25	TimesNewRomanPSMT
der Ausländerbeschäftigung von sekundärer Be­	43.650001525878906	275.797607421875	9.0	180.14698028564453	25	TimesNewRomanPSMT
deutung sind. Die sektorale Aufgliederung der	43.650001525878906	284.1944885253906	9.0040283203125	179.62169647216797	25	TimesNewRomanPSMT
Ausländerbeschäftigung zeigt, daß sie über­	43.95000076293945	292.8948059082031	9.003631591796875	179.84699630737305	25	TimesNewRomanPSMT
durchschnittlich in Bereichen tätig sind, die	43.650001525878906	301.4423522949219	9.006805419921875	179.14725494384766	25	TimesNewRomanPSMT
schwere, schmutzige oder belastende Arbeiten	43.650001525878906	309.8449401855469	9.003448486328125	179.13997650146484	25	TimesNewRomanPSMT
erfordern oder in Branchen mit einem niedrigen	43.650001525878906	318.3939208984375	9.004791259765625	179.15192413330078	25	TimesNewRomanPSMT
Lohnniveau (z.B. Textilindustrie) arbeiten. In	43.95000076293945	326.94598388671875	9.002105712890625	178.80022811889648	25	TimesNewRomanPSMT
den Dienstleistungen sind sie wegen des Sprach­	43.650001525878906	335.6453857421875	9.002899169921875	179.99698638916016	25	TimesNewRomanPSMT
problems unterrepräsentiert. Nur bei den Reini-	43.79999923706055	344.04449462890625	9.0040283203125	179.34039688110352	25	TimesNewRomanPSMT
gungs- und Krankenpflegearbeiten ist es anders.	43.350006103515625	352.5959167480469	9.002197265625	179.08245849609375	25	TimesNewRomanPSMT
Nach Branchen aufgegliedert liegen die Türken	43.5	361.1455383300781	9.002685546875	179.30133056640625	25	TimesNewRomanPSMT
in der Industrie an der Spitze, während im Bau­	43.650001525878906	369.39306640625	9.005889892578125	180.1469955444336	25	TimesNewRomanPSMT
gewerbe und in den Dienstleistungen die Jugo­	43.349998474121094	377.7948913574219	9.0035400390625	179.99700164794922	25	TimesNewRomanPSMT
slawen, gefolgt von den Italienern dominieren.	43.650001525878906	386.3446044921875	9.003875732421875	178.90528106689453	25	TimesNewRomanPSMT
Regional zeigt sich eine Konzentration auf die	43.650001525878906	395.0439147949219	9.004791259765625	179.15113067626953	25	TimesNewRomanPSMT
Ballungsgebiete und lokal auf die Altstadtviertel	43.650001525878906	403.5935974121094	9.00518798828125	179.16905975341797	25	TimesNewRomanPSMT
mit überwiegend sanierungsbedürftigem Baube­	43.650001525878906	412.1463623046875	9.001602172851562	179.99698638916016	25	TimesNewRomanPSMT
stand, unausgewogenen Alters- und Sozialstruk­	43.650001525878906	420.54522705078125	9.00311279296875	179.99698638916016	25	TimesNewRomanPSMT
turen und mangelhafter technischer und sozialer	43.650001525878906	429.09588623046875	9.002197265625	179.47335052490234	25	TimesNewRomanPSMT
Infrastrukturausstattung.	43.650001525878906	437.496337890625	9.00164794921875	92.60588836669922	25	TimesNewRomanPSMT
Auf die Probleme der Plafondierung (PULS,	52.20000076293945	452.04534912109375	9.0029296875	170.4233512878418	26	TimesNewRomanPSMT
S. 51: „Soll es eine obere Grenze für den Zuzug	43.5	460.4439392089844	9.004730224609375	179.2764892578125	26	TimesNewRomanPSMT
geben? Administrativ festgelegte Höchstzahlen	43.20000076293945	468.9956359863281	9.002532958984375	179.39963912963867	26	TimesNewRomanPSMT
für ausländische Arbeitnehmer”, der Rotation	43.5	477.3935241699219	9.005279541015625	179.05914306640625	26	TimesNewRomanPSMT
(PULS, S. 51): „Soll jeder Ausländer nur eine	43.349998474121094	486.0914306640625	9.008010864257812	179.25926971435547	26	TimesNewRomanPSMT
Zeitlang bei uns arbeiten? Zeitlich befristeter	43.5	494.4957275390625	9.00244140625	179.51226806640625	26	TimesNewRomanPSMT
Aufenthalt mit anschließendem Austausch”,	43.5	503.19476318359375	9.003738403320312	178.9503173828125	26	TimesNewRomanPSMT
und der Integration (PULS, S. 51): „Sollen sie bei	43.650001525878906	511.743896484375	9.004806518554688	178.82091522216797	26	TimesNewRomanPSMT
uns bleiben dürfen und Staatsbürger werden,	43.5	520.2944946289062	9.004043579101562	178.97030639648438	26	TimesNewRomanPSMT
wenn sie wollen? Zeitlich unbegrenzter Aufent­	43.349998474121094	528.846435546875	9.001434326171875	180.1469955444336	26	TimesNewRomanPSMT
halt und damit Eingliederung der Ausländer in	43.5	537.3947143554688	9.003746032714844	179.12367248535156	26	TimesNewRomanPSMT
Staat und Gesellschaft der Bundesrepublik” und	43.349998474121094	545.9453125	9.003021240234375	179.10015106201172	26	TimesNewRomanPSMT
ihre möglichen sozioökologischen Auswirkun­	43.5	554.6454467773438	9.002822875976562	179.8470001220703	26	TimesNewRomanPSMT
gen soll nicht näher eingegangen werden, da es	43.20000076293945	563.0435791015625	9.005279541015625	179.26508712768555	26	TimesNewRomanPSMT
sich in dieser Untersuchung um Selbständige	43.5	571.7452392578125	9.0030517578125	179.02957153320312	26	TimesNewRomanPSMT
handelt, deren Schwierigkeiten aber wiederum	43.349998474121094	580.2946166992188	9.003860473632812	179.12494659423828	26	TimesNewRomanPSMT
aufanderen Gebieten liegen und die nur bedingt	43.20000076293945	588.6945190429688	9.003982543945312	179.52167892456055	26	TimesNewRomanPSMT
mit den Besonderheiten der Unselbständigen	43.349998474121094	597.2447509765625	9.003746032714844	179.07120513916016	26	TimesNewRomanPSMT
verknüpft sind.	43.20000076293945	605.6492309570312	8.997928619384766	56.79668045043945	26	TimesNewRomanPSMT
GEIGER (1975, S. 68) berichtet über auslän­	246.4499969482422	130.44403076171875	9.004638671875	171.8970184326172	27	TimesNewRomanPSMT
dische Gewerbetreibende in der Gemeinde	237.89999389648438	138.8447265625	9.0037841796875	179.49139404296875	27	TimesNewRomanPSMT
Tamm im Verdichtungsraum Stuttgart folgen­	237.75	147.54608154296875	9.001922607421875	180.59701538085938	27	TimesNewRomanPSMT
des: „Einzelne wirtschaftlich besonders aktive	237.89999389648438	156.0977783203125	8.999755859375	179.47946166992188	27	TimesNewRomanPSMT
Individuen ragen - wie bei allen Sozialgruppen	238.0500030517578	164.49636840820312	9.0015869140625	179.3057403564453	27	TimesNewRomanPSMT
auf der Erde - über den Durchschnitt heraus,	237.75	173.19354248046875	9.005279541015625	179.67453002929688	27	TimesNewRomanPSMT
wobei spezifische Verhaltensweisen zum Vor­	237.75	181.74603271484375	9.00201416015625	180.59701538085938	27	TimesNewRomanPSMT
schein kommen, die ein Spiegel des Herkunfts­	237.89999389648438	190.29537963867188	9.002899169921875	180.447021484375	27	TimesNewRomanPSMT
landes zu sein scheinen. So ist es sicher kein Zu­	237.89999389648438	198.84561157226562	9.0025634765625	180.447021484375	27	TimesNewRomanPSMT
fall, daß ausgerechnet einige der nur 66 Grie­	237.75	207.39480590820312	9.003631591796875	180.447021484375	27	TimesNewRomanPSMT
chen - von allen Mittelmeervölkern als das ge­	237.75	215.79141235351562	9.008026123046875	180.447021484375	27	TimesNewRomanPSMT
schäftstüchtigste bekannt - die bislang einzigen	237.75	224.493896484375	9.004791259765625	179.4578857421875	27	TimesNewRomanPSMT
Ausländer sind, welche im alten Ortskern von	237.89999389648438	233.04733276367188	9.0003662109375	179.25048828125	27	TimesNewRomanPSMT
Tamm Häuser kauften und mit erheblichem Pro­	237.60000610351562	241.59490966796875	9.00347900390625	180.59701538085938	27	TimesNewRomanPSMT
fit - meist an Italiener - vermieten. Gegenwärtig	237.75	250.145751953125	9.002410888671875	179.56204223632812	27	TimesNewRomanPSMT
nimmt ein ehemals als Kellner tätiger Grieche	237.75	258.54400634765625	9.004669189453125	179.28546142578125	27	TimesNewRomanPSMT
die örtliche Bahnhofsgaststätte (Zufall?) in	237.75	267.0939025878906	9.004791259765625	179.42367553710938	27	TimesNewRomanPSMT
Pacht. Beispiele griechischer und jugoslawischer	237.89999389648438	275.643798828125	9.00494384765625	179.69796752929688	27	TimesNewRomanPSMT
Gastronomie kennt man ja inzwischen von vie­	237.60000610351562	284.1947326660156	9.00372314453125	180.44699096679688	27	TimesNewRomanPSMT
len Stellen unseres Landes. Andererseits wun­	237.75	292.7450256347656	9.003326416015625	180.2969970703125	27	TimesNewRomanPSMT
dert es nicht, daß das bislang einzige Lebensmit­	237.60000610351562	301.2940368652344	9.004638671875	180.2969970703125	27	TimesNewRomanPSMT
telgeschäft mit ausländischem Inhaber (äußer­	237.75	309.8438415527344	9.0048828125	180.14700317382812	27	TimesNewRomanPSMT
lich durch das Schild „Alimentari” gekennzeich­	237.60000610351562	318.3939208984375	9.004791259765625	180.2969970703125	27	TimesNewRomanPSMT
net) nicht in griechischer, sondern in italieni­	237.75	326.94305419921875	9.005889892578125	179.99700927734375	27	TimesNewRomanPSMT
scher Hand ist: 425 Italiener in Tamm ergeben	237.60000610351562	335.4947509765625	9.003692626953125	179.05508422851562	27	TimesNewRomanPSMT
einen größeren potentiellen Kundenkreis als 66	237.60000610351562	343.89483642578125	9.00360107421875	179.24539184570312	27	TimesNewRomanPSMT
Griechen”. Hier scheinen also einzelne Auslän­	237.60000610351562	352.4449462890625	9.003448486328125	180.14700317382812	27	TimesNewRomanPSMT
dergruppen für bestimmte gewerbliche Aktivitä­	237.60000610351562	360.99566650390625	9.00250244140625	180.14700317382812	27	TimesNewRomanPSMT
ten geeigneter zu sein als andere Gruppen unter	237.60000610351562	369.2442321777344	9.004364013671875	179.69146728515625	27	TimesNewRomanPSMT
ihnen, d. h. es scheint bei ihnen ähnliche Präfe­	237.75	377.7938537597656	9.0048828125	179.84701538085938	27	TimesNewRomanPSMT
renzen zu geben, wie unter den unselbständigen	237.60000610351562	386.3440246582031	9.004638671875	179.07772827148438	27	TimesNewRomanPSMT
Arbeitnehmern.	237.60000610351562	394.8970947265625	9.00067138671875	59.93927001953125	27	TimesNewRomanPSMT
Die Wandlungen in der generativen Zusam­	246.14999389648438	406.2952575683594	9.0030517578125	171.29702758789062	28	TimesNewRomanPSMT
mensetzung der Ausländer sind nicht ohne Aus­	237.60000610351562	414.6940002441406	9.004669189453125	179.84701538085938	28	TimesNewRomanPSMT
wirkungen auf die Struktur mancher Selbständi­	237.4499969482422	423.243896484375	9.004806518554688	179.9970245361328	28	TimesNewRomanPSMT
ger geblieben. Während in der ersten Zeit über­	237.3000030517578	431.79473876953125	9.003738403320312	179.9969940185547	28	TimesNewRomanPSMT
wiegend junge Leute in die Bundesrepublik	237.4499969482422	440.34234619140625	9.006805419921875	179.07786560058594	28	TimesNewRomanPSMT
Deutschland kamen, sind in den letzten Jahren	237.4499969482422	448.8938903808594	9.004791259765625	178.8325958251953	28	TimesNewRomanPSMT
verstärkt Familien zugezogen, die als Konsu­	237.3000030517578	457.44390869140625	9.004806518554688	179.8470001220703	28	TimesNewRomanPSMT
menten eine Grundlage für die Schaffung selb­	237.4499969482422	465.9956359863281	9.002532958984375	179.54701232910156	28	TimesNewRomanPSMT
ständiger, ausländischer Lebensmittelhändler,	237.60000610351562	474.5458984375	9.002182006835938	178.66885375976562	28	TimesNewRomanPSMT
Altwarenhändler oder Gastronomen bilden.	237.4499969482422	482.94598388671875	9.002105712890625	178.3284454345703	28	TimesNewRomanPSMT
Hierbei sind besonders die Gruppen wichtig, de­	237.4499969482422	491.6440124511719	9.004669189453125	179.3970184326172	28	TimesNewRomanPSMT
ren Ernährungsgewohnheiten durch Tabus be­	237.4499969482422	500.044921875	9.003463745117188	179.3970184326172	28	TimesNewRomanPSMT
stimmt werden, wie z.B. islamische Türken mit	237.4499969482422	508.5939025878906	9.004791259765625	178.52088928222656	28	TimesNewRomanPSMT
dem Verbot des Schweinefleischgenusses und	237.4499969482422	517.14404296875	9.004638671875	178.20359802246094	28	TimesNewRomanPSMT
dem Gebot des Schächtens der Tiere. Auf diese	237.4499969482422	525.8455810546875	9.002639770507812	178.27818298339844	28	TimesNewRomanPSMT
Normen können deutsche Anbieter nur be­	237.0	534.3948974609375	9.003501892089844	179.5469970703125	28	TimesNewRomanPSMT
grenzt eingehen, abgesehen von den Lebensmit­	237.14999389648438	542.7947998046875	9.003692626953125	179.24700927734375	28	TimesNewRomanPSMT
telabteilungen in den Kaufhäusern, die mediter­	237.3000030517578	551.4931030273438	9.005874633789062	178.94700622558594	28	TimesNewRomanPSMT
rane Spezialitäten anbieten und in größerem	237.4499969482422	560.044677734375	9.003761291503906	177.8653106689453	28	TimesNewRomanPSMT
Umfang Türken und Griechen mit importiertem	237.3000030517578	568.5935668945312	9.005172729492188	178.03831481933594	28	TimesNewRomanPSMT
Frischgemüse, Gewürzen und Konserven ver­	237.3000030517578	576.9947509765625	9.003746032714844	178.94700622558594	28	TimesNewRomanPSMT
sorgen.	237.3000030517578	585.8430786132812	9.005882263183594	25.883773803710938	28	TimesNewRomanPSMT
In der Analyse der ausländischen Gewerbetä­	245.6999969482422	596.9466552734375	9.001243591308594	170.3970184326172	29	TimesNewRomanPSMT
tigkeiten in IGel wird den folgenden Problem­	237.3000030517578	605.4960327148438	9.00198745727539	178.79701232910156	29	TimesNewRomanPSMT
fünfziger Jahren immer mehr abnahmen, da die	93.5999984741211	48.24237060546875	9.00677490234375	177.64725494384766	30	TimesNewRomanPSMT
Löhne für Reparaturen und Änderungen an Be­	93.5999984741211	56.79473876953125	9.003662109375	178.79700469970703	30	TimesNewRomanPSMT
kleidungsstücken oft höher waren als ihr Zeit­	93.5999984741211	65.34423828125	9.00439453125	178.64701080322266	30	TimesNewRomanPSMT
wert und die Kunden demzufolge lieber zum	93.44999694824219	73.8914794921875	9.0079345703125	177.9278106689453	30	TimesNewRomanPSMT
Neukauf übergingen. Preiswerte Importe aus	93.30000305175781	82.44573974609375	9.00244140625	178.16566467285156	30	TimesNewRomanPSMT
Niedriglohnländern unterstützen diesen Trend.	93.30000305175781	90.99664306640625	9.001220703125	177.88404846191406	30	TimesNewRomanPSMT
So ist es nicht verwunderlich, daß Änderungs­	93.75	99.54351806640625	9.0052490234375	178.64700317382812	30	TimesNewRomanPSMT
schneidereien erst wieder durch Ausländer ent­	93.75	108.09423828125	9.00439453125	178.7969970703125	30	TimesNewRomanPSMT
standen, die zuerst für ihre Landsleute arbeite­	93.75	116.6439208984375	9.00482177734375	178.64700317382812	30	TimesNewRomanPSMT
ten. In Kiel gibt es zwölfausländische Unterneh­	93.75	125.1942138671875	9.00439453125	178.64700317382812	30	TimesNewRomanPSMT
men dieser Art, von denen die Hälfte von Spa­	93.9000015258789	133.743896484375	9.00482177734375	178.6469955444336	30	TimesNewRomanPSMT
niern, vier von Italienern und je eines von Grie­	94.05000305175781	142.29547119140625	9.00274658203125	178.4969940185547	30	TimesNewRomanPSMT
chen bzw. Türken betrieben werden.	93.9000015258789	150.8447265625	9.0037841796875	138.95999908447266	30	TimesNewRomanPSMT
Den drittstärksten Sektor bei den ausländi­	102.44999694824219	162.24234008789062	9.006805419921875	170.2470245361328	31	TimesNewRomanPSMT
schen Gewerbetreibenden bilden die Lebens­	94.20001220703125	170.496826171875	9.001007080078125	178.64700317382812	31	TimesNewRomanPSMT
mittelhändler mit elf Betrieben, von denen zehn	94.3499984741211	179.19476318359375	9.003692626953125	177.6999282836914	31	TimesNewRomanPSMT
Türken und einer einem Italiener gehören. Am	94.05000305175781	187.59518432617188	9.00311279296875	177.9639129638672	31	TimesNewRomanPSMT
Beispiel dieser Branche läßt sich sehr gut zeigen,	94.3499984741211	196.1448974609375	9.0035400390625	177.8066177368164	31	TimesNewRomanPSMT
wie die Kieler Türken dazu neigen, soweit wie	94.3499984741211	204.69467163085938	9.003814697265625	177.76886749267578	31	TimesNewRomanPSMT
möglich von den deutschen Angeboten unab­	94.5	213.24737548828125	9.000274658203125	178.64700317382812	31	TimesNewRomanPSMT
hängig zu werden und wie stark bei ihnen der Le­	94.6500015258789	221.79412841796875	9.0045166015625	178.49700164794922	31	TimesNewRomanPSMT
bensmittelverbrauch in seinen traditionellen	94.5	230.344482421875	9.0040283203125	177.94638061523438	31	TimesNewRomanPSMT
Formen bestehen geblieben ist. Eine, wenn auch	94.6500015258789	238.89419555664062	9.004425048828125	177.72066497802734	31	TimesNewRomanPSMT
partielle Angleichung an deutsche Speise- und	94.6500015258789	247.44464111328125	9.00384521484375	177.90831756591797	31	TimesNewRomanPSMT
Lebensmittelgewohnheiten gibt es nicht, wenn	94.80000305175781	255.99520874023438	9.003082275390625	177.77784729003906	31	TimesNewRomanPSMT
man die tägliche Arbeit bei deutschen Firmen	94.94999694824219	264.3939208984375	9.004791259765625	177.73976135253906	31	TimesNewRomanPSMT
außer Betracht läßt. Die Türken bilden im ge­	94.80000305175781	272.94427490234375	9.004302978515625	178.94700622558594	31	TimesNewRomanPSMT
werblichen Bereich eine relativ geschlossene	94.94999694824219	281.4939270019531	9.0047607421875	177.68226623535156	31	TimesNewRomanPSMT
Gruppe mit erheblichen Selbstversorgertenden­	94.94999694824219	290.0467529296875	9.0010986328125	178.79701232910156	31	TimesNewRomanPSMT
zen. Abgesehen von der Berufsarbeit spielen	94.94999694824219	298.5942687988281	9.004302978515625	178.00633239746094	31	TimesNewRomanPSMT
sich Konsum- und Freizeitaktivitäten im engen	95.0999984741211	306.9946594238281	9.003814697265625	178.10221099853516	31	TimesNewRomanPSMT
Kreis der eigenen Landsleute ab. Eine Öffnung	95.0999984741211	315.544189453125	9.004425048828125	178.18387603759766	31	TimesNewRomanPSMT
gegenüber deutschen Lebensformen ist lang­	94.94999694824219	324.0969543457031	9.0008544921875	179.2470245361328	31	TimesNewRomanPSMT
fristig nicht zu erwarten.	95.25	332.49493408203125	9.003448486328125	92.15432739257812	31	TimesNewRomanPSMT
Über die anderen Gewerbezweige sind auf­	103.6500015258789	343.9440002441406	9.004669189453125	170.69701385498047	32	TimesNewRomanPSMT
grund ihrer geringen Zahl kaum differenzierte	95.25	352.59661865234375	9.00128173828125	178.38796997070312	32	TimesNewRomanPSMT
Aussagen zu machen. Die vier iranischen Tep­	95.55000305175781	361.1476135253906	9.0	178.79701232910156	32	TimesNewRomanPSMT
pichhändler und die fünf niederländischen Blu­	95.55000305175781	369.5452880859375	9.003021240234375	178.94700622558594	32	TimesNewRomanPSMT
menhändler sind ganz auf den deutschen Ver­	95.69999694824219	378.09417724609375	9.004425048828125	178.94700622558594	32	TimesNewRomanPSMT
braucherais Kunden eingerichtet. Besonders die	95.8499984741211	386.6439208984375	9.004791259765625	177.9511489868164	32	TimesNewRomanPSMT
Blumenanbieter konkurrieren mit den deut­	96.0	395.0438537597656	9.0048828125	178.7969970703125	32	TimesNewRomanPSMT
schen Anbietern. Die restlichen ausländischen	96.0	403.59747314453125	9.000152587890625	177.83029174804688	32	TimesNewRomanPSMT
Unternehmen sind Singularitäten und können	96.0	412.1459045410156	9.002197265625	178.04437255859375	32	TimesNewRomanPSMT
vernachlässigt werden.	96.0	420.5450439453125	9.003372192382812	84.62031555175781	32	TimesNewRomanPSMT
Die ausländischen Gewerbetreibenden haben	104.55000305175781	431.94390869140625	9.004791259765625	169.5222930908203	33	TimesNewRomanPSMT
keine Bedeutung als Arbeitgeber; so arbeiten in	96.30000305175781	440.49310302734375	9.005874633789062	177.92369079589844	33	TimesNewRomanPSMT
zweidrittel aller Betriebe weniger als drei Perso­	96.1500015258789	449.04534912109375	9.0029296875	179.09700775146484	33	TimesNewRomanPSMT
nen. Branchenspezifisch ist die relativ hohe Zahl	96.44999694824219	457.44659423828125	9.001266479492188	177.91542053222656	33	TimesNewRomanPSMT
der Beschäftigten in der Gastronomie, während	96.5999984741211	465.9946594238281	9.003829956054688	177.79044342041016	33	TimesNewRomanPSMT
die Flickschneidereien als Einmannbetriebe ge­	96.5999984741211	474.39385986328125	9.004806518554688	178.79700469970703	33	TimesNewRomanPSMT
führt werden. In den Unternehmen arbeitet fast	96.75	482.9447021484375	9.003753662109375	178.0728759765625	33	TimesNewRomanPSMT
immer der Ehepartner mit, fremde Arbeitskräfte	97.05000305175781	491.494384765625	9.004180908203125	177.5485076904297	33	TimesNewRomanPSMT
werden nicht beschäftigt. Die türkischen Le­	96.9000015258789	499.744140625	9.0045166015625	178.7970199584961	33	TimesNewRomanPSMT
bensmittelläden sind wichtige Kommunika­	97.05000305175781	508.29144287109375	9.007980346679688	178.6470184326172	33	TimesNewRomanPSMT
tionsstätten für die eigenen Landsleute. Die Ge­	97.05000305175781	516.6961669921875	9.001846313476562	178.79701232910156	33	TimesNewRomanPSMT
schäfte haben nur einige Stunden am Tag geöff­	97.3499984741211	525.243896484375	9.004806518554688	178.49701690673828	33	TimesNewRomanPSMT
net, überwiegend zwischen 16.00 Uhr (Schicht­	97.5	533.9454956054688	9.002731323242188	178.49700927734375	33	TimesNewRomanPSMT
wechsel bei den Howaldswerften und bei MaK)	97.3499984741211	542.3438720703125	9.004798889160156	177.7996597290039	33	TimesNewRomanPSMT
und 18.00 Uhr und sind dann von Türken sehr	97.80000305175781	550.894287109375	9.004264831542969	177.6344451904297	33	TimesNewRomanPSMT
gut besucht, die Neuigkeiten austauschen und	97.6500015258789	559.2958984375	9.002204895019531	177.60359954833984	33	TimesNewRomanPSMT
einkaufen. Die Fachkenntnisse der Unterneh­	97.94999694824219	567.99609375	9.001960754394531	178.3470001220703	33	TimesNewRomanPSMT
mer sind recht unterschiedlich, bei den Gastwir­	98.25	576.3956298828125	9.002532958984375	178.0469970703125	33	TimesNewRomanPSMT
ten stammen 60% aus der Branche; die Flick­	98.0999984741211	584.7938842773438	9.004798889160156	178.1969985961914	33	TimesNewRomanPSMT
schneider waren in ihrer Heimat selbständig	98.4000015258789	593.4931030273438	9.005874633789062	177.39281463623047	33	TimesNewRomanPSMT
bzw. arbeiteten in der Bundesrepublik Deutsch­	98.4000015258789	601.892822265625	9.00613784790039	178.19701385498047	33	TimesNewRomanPSMT
78	98.55000305175781	618.3933715820312	9.005500793457031	7.67657470703125	34	TimesNewRomanPSMT
land in der Textilindustrie. Die türkischen Ge­	286.5	48.393798828125	9.00494384765625	182.99700927734375	35	TimesNewRomanPSMT
werbetreibenden sind ohne Fachkenntnisse,	286.3500061035156	56.9444580078125	9.00408935546875	182.78652954101562	35	TimesNewRomanPSMT
können aber aufgrund des engen Gruppenzu­	286.6499938964844	65.4940185546875	9.004638671875	182.84701538085938	35	TimesNewRomanPSMT
sammenhalts existieren.	286.5	74.34814453125	8.99932861328125	92.08544921875	35	TimesNewRomanPSMT
Wirtschaftlich gesehen sind alle Firmen mehr	295.04998779296875	85.5946044921875	9.00390625	174.6197509765625	36	TimesNewRomanPSMT
oder weniger zufällig gegründet worden. Analy­	286.5	94.14459228515625	9.00390625	182.99700927734375	36	TimesNewRomanPSMT
sen über Käuferpotential und Kundeneinzugs­	286.6499938964844	102.54522705078125	9.0030517578125	182.84701538085938	36	TimesNewRomanPSMT
bereiche werden nie angestellt. Der Mangel an	286.79998779296875	111.2470703125	9.00067138671875	182.41372680664062	36	TimesNewRomanPSMT
Markterfahrungen führt zu relativ schneller	286.95001220703125	119.6439208984375	9.00482177734375	182.80419921875	36	TimesNewRomanPSMT
Fluktuation. Keiner der Betriebe ist älter als	286.95001220703125	128.3443603515625	9.00421142578125	182.38461303710938	36	TimesNewRomanPSMT
zehn Jahre. Die meisten (37 Betriebe) wurden	286.79998779296875	136.89617919921875	9.00189208984375	182.4036865234375	36	TimesNewRomanPSMT
zwischen 1973 und 1979 aufgebaut, allein 1979	286.95001220703125	145.44268798828125	9.00634765625	182.2169189453125	36	TimesNewRomanPSMT
wurden 15 Geschäfte eröffnet. Es war leider	286.95001220703125	153.9957275390625	9.002410888671875	182.95974731445312	36	TimesNewRomanPSMT
nicht zu erfahren, wie schnell sich in Kiel Be­	287.1000061035156	162.39306640625	9.005889892578125	182.5469970703125	36	TimesNewRomanPSMT
triebsgründung und -Schließung einander ab­	287.1000061035156	170.64431762695312	9.0042724609375	182.5469970703125	36	TimesNewRomanPSMT
wechseln.	287.1000061035156	179.49838256835938	8.998992919921875	36.34234619140625	36	TimesNewRomanPSMT
4. Ergebnisformulierung. Die Analyse der ausländi­	295.6499938964844	191.90386962890625	7.503204345703125	173.947509765625	37	TimesNewRomanPSMT
schen Gewerbetätigkeiten in Kiel zeigt, daß bei den	287.25	199.55325317382812	7.5040283203125	181.840087890625	37	TimesNewRomanPSMT
Gewerbetreibenden enge Zusammenhänge zwischen	287.25	207.50363159179688	7.503509521484375	181.75408935546875	37	TimesNewRomanPSMT
Branchen- und Nationalitätszugehörigkeit bestehen.	287.54998779296875	215.15435791015625	7.5025634765625	181.66845703125	37	TimesNewRomanPSMT
In der Gastronomie dominieren Jugoslawen und Italie­	287.70001220703125	223.10348510742188	7.503692626953125	182.0474853515625	37	TimesNewRomanPSMT
ner, im Lebensmittelhandel die Türken. Mit Ausnah­	287.54998779296875	231.0531005859375	7.50421142578125	182.197509765625	37	TimesNewRomanPSMT
me der türkischen Gewerbebetriebe sind alle anderen	287.70001220703125	238.85626220703125	7.5001220703125	181.60467529296875	37	TimesNewRomanPSMT
Unternehmen auf deutsche Kunden orientiert. Viele	287.70001220703125	246.654541015625	7.5023193359375	181.73556518554688	37	TimesNewRomanPSMT
Firmen erweitern das deutsche Handclsangebot, ohne	288.0	254.45248413085938	7.5050048828125	181.44775390625	37	TimesNewRomanPSMT
aber dabei den bestehenden deutschen Firmen Kon­	287.8500061035156	262.2532958984375	7.503936767578125	181.89749145507812	37	TimesNewRomanPSMT
kurrenz zu machen; z. B. Flickschneider, türkische Le­	288.1499938964844	270.0531311035156	7.504180908203125	181.74749755859375	37	TimesNewRomanPSMT
bensmittelhändler und teilweise Spezialitätenlokale.	288.0	277.8549499511719	7.501800537109375	181.26956176757812	37	TimesNewRomanPSMT
Über das Ökonomische hinausgehend haben nur die	288.1499938964844	285.60498046875	7.50177001953125	181.40863037109375	37	TimesNewRomanPSMT
türkischen Betriebe wichtige sozialgeographische Auf­	288.1499938964844	293.4556579589844	7.500885009765625	181.74749755859375	37	TimesNewRomanPSMT
gaben. Ihre Läden bzw. Gaststätten sind die einzigen	288.1499938964844	301.4039001464844	7.503143310546875	181.2125244140625	37	TimesNewRomanPSMT
Kommunikationszentren innerhalb der Türkenge­	288.29998779296875	309.2038879394531	7.503204345703125	181.74749755859375	37	TimesNewRomanPSMT
meinde, von den öffentlichen Einrichtungen der Stadt	288.6000061035156	317.00323486328125	7.5040283203125	181.05462646484375	37	TimesNewRomanPSMT
Kiel einmal abgesehen. Die Ablehnung einer Integra­	288.45001220703125	324.9530944824219	7.50421142578125	181.59747314453125	37	TimesNewRomanPSMT
tion in die deutsche Gesellschaft wird durch diese Un­	288.45001220703125	332.75323486328125	7.5040283203125	181.59747314453125	37	TimesNewRomanPSMT
ternehmen gefordert. Nur 10% der Selbständigen er­	288.6000061035156	340.403076171875	7.50421142578125	181.44747924804688	37	TimesNewRomanPSMT
wägen, ohne zeitliche Vorstellung, eine Einbürgerung,	288.6000061035156	348.2056579589844	7.500885009765625	180.97738647460938	37	TimesNewRomanPSMT
obwohl die Geschäfte mit dem Ziel einer dauerhaften	288.6000061035156	356.1539001464844	7.503143310546875	181.02041625976562	37	TimesNewRomanPSMT
wirtschaftlichen Existenz in Kiel aufgebaut worden	288.75	364.1033630371094	7.50384521484375	180.861083984375	37	TimesNewRomanPSMT
sind. Eine Verdrängung deutscher Läden durch die	288.8999938964844	371.7529602050781	7.504364013671875	180.89749145507812	37	TimesNewRomanPSMT
Ausländer ist nicht zu erwarten, ihre „Nischenfunktio­	289.04998779296875	379.5533142089844	7.503936767578125	180.84750366210938	37	TimesNewRomanPSMT
nen” sind zu offensichtlich. Im gesamten Spektrum des	289.04998779296875	387.3533020019531	7.503936767578125	180.96337890625	37	TimesNewRomanPSMT
Kieler Dienstleistungssektors spielen die ausländi­	288.8999938964844	395.3039855957031	7.503082275390625	181.447509765625	37	TimesNewRomanPSMT
schen Gewerbetreibenden eine unbedeutende Rolle,	289.04998779296875	402.9537658691406	7.50335693359375	180.7998046875	37	TimesNewRomanPSMT
sie haben ergänzende bzw. auf eigene Landsleute aus­	289.20001220703125	410.9055480957031	7.50103759765625	181.14749145507812	37	TimesNewRomanPSMT
gerichtete Funktionen und bilden nur Facetten im	289.04998779296875	418.7024841308594	7.5050048828125	180.79806518554688	37	TimesNewRomanPSMT
breiten Spektrum des örtlichen Gewerbes.	289.20001220703125	426.50457763671875	7.50225830078125	143.04379272460938	37	TimesNewRomanPSMT
Lit.: Bartels, D.: Türkische Gastarbeiter aus der Re­	298.04998779296875	437.15325927734375	7.5040435791015625	172.447509765625	38	TimesNewRomanPSMT
gion Izmir. Erdkunde, 1968, S. 313-324. - Borris, M.:	289.20001220703125	444.95477294921875	7.502044677734375	180.9256591796875	38	TimesNewRomanPSMT
Ausländische Arbeiter in einer Großstadt. Frankfurt/	289.5	452.75274658203125	7.5046539306640625	180.64190673828125	38	TimesNewRomanPSMT
Main 1973. - Geiger, F.: Zur Konzentration von Gast­	289.6499938964844	460.70361328125	7.5035400390625	180.99749755859375	38	TimesNewRomanPSMT
arbeitern in alten Dorfkernen. Geogr. Rundschau,	289.5	468.5037841796875	7.5032806396484375	180.5845947265625	38	TimesNewRomanPSMT
1975, S. 61-71. - Puls, W. W.: Gastarbeiter oder Ein­	290.1000061035156	476.3026123046875	7.50482177734375	180.69747924804688	38	TimesNewRomanPSMT
wanderer. Geogr. Rundschau, 1975, S. 49-60. - Schret-	289.5	484.10394287109375	7.5030975341796875	181.12380981445312	38	TimesNewRomanPSMT
tenbrunner, H.: Gastarbeiter. Frankfurt/Main 1976. -	289.6499938964844	491.903564453125	7.50360107421875	180.82553100585938	38	TimesNewRomanPSMT
Stadt Kiel (Hrsg.): Ausländer in Kiel. Statistische Be­	289.79998779296875	499.40374755859375	7.5033416748046875	180.99749755859375	38	TimesNewRomanPS-BoldMT
richte, Nr. 89, Kiel 1978. - dito (Hrsg.): Ausländer	290.1000061035156	507.35284423828125	7.5045166015625	180.54534912109375	38	TimesNewRomanPSMT
1978. Statistische Berichte, Nr. 94, Kiel 1979. - dito	290.3999938964844	515.0031127929688	7.50421142578125	180.17013549804688	38	TimesNewRomanPSMT
(Hrsg.): Statistische Informationen. Nr. 52, Kiel 1980. -	289.95001220703125	522.95263671875	7.5048065185546875	180.36868286132812	38	TimesNewRomanPSMT
Thissen, G.: Ausländer in Schleswig-Holstein. Statisti­	289.79998779296875	530.7528686523438	7.50445556640625	181.14752197265625	38	TimesNewRomanPSMT
sche Monatshefte Schleswig-Holstein. 32. Jg., H. 6,	290.1000061035156	538.5536499023438	7.503486633300781	180.310302734375	38	TimesNewRomanPSMT
Kiel 1980, S. 117-124. - Toepfer, H. u. V. Suicmez: Sek­	290.1000061035156	546.3536376953125	7.5035552978515625	180.99749755859375	38	TimesNewRomanPSMT
torale und regionale Mobilität von Rückwanderern in	290.25	554.1551513671875	7.5015869140625	180.31533813476562	38	TimesNewRomanPSMT
die Türkei. Ein Beispiel aus der Provinz Trabzon.	290.3999938964844	561.9542236328125	7.502716064453125	179.91329956054688	38	TimesNewRomanPSMT
Orient, 1979, S. 92-107. - Wiebe, D.: Zur angewandten	290.25	569.9026489257812	7.5047607421875	180.30068969726562	38	TimesNewRomanPSMT
Kriminalgeogr. der Ballungsgebiete. Stadtgeogr. Ana­	290.3999938964844	577.7063598632812	7.5	180.697509765625	38	TimesNewRomanPSMT
lyse subkultureller Phänomene. 41. Deutscher Geo­	290.54998779296875	585.5037841796875	7.5032958984375	180.54751586914062	38	TimesNewRomanPSMT
graphentag Mainz, Tagungsbericht und wiss. Abhand­	290.3999938964844	593.45458984375	7.502288818359375	180.84750366210938	38	TimesNewRomanPSMT
lungen, 1978, S. 207-227.	290.3999938964844	601.1026611328125	7.504756927490234	83.90219116210938	38	TimesNewRomanPSMT
HANS JÜRGEN FAHN	33.75	46.894287109375	9.00433349609375	92.16992950439453	39	TimesNewRomanPSMT
Probleme von Inseln	146.85000610351562	73.54736328125	17.02630615234375	146.380615234375	40	TimesNewRomanPSMT
- gezeigt an Beispielen aus Nordfriesland -	119.55000305175781	93.7474365234375	10.0245361328125	196.55064392089844	41	TimesNewRomanPS-BoldMT
Sachanalyse. Im nordfriesischen Wattenmeer	42.0	114.99609375	9.001953125	170.9031524658203	42	TimesNewRomanPSMT
liegt eine Reihe von Inseln und Halligen. Einige	33.900001525878906	123.54400634765625	9.004638671875	178.69001007080078	42	TimesNewRomanPSMT
Inseln sind Geestinseln, d.h. sie bestehen	34.04999923706055	132.09405517578125	9.004638671875	178.57519912719727	42	TimesNewRomanPSMT
überwiegend aus sandigen und tonigen Ablage­	33.900001525878906	140.644287109375	9.00433349609375	179.54698944091797	42	TimesNewRomanPSMT
rungen der Eiszeit im Pleistozän, insbesondere	34.04999923706055	149.04449462890625	9.0040283203125	178.64947891235352	42	TimesNewRomanPSMT
in der Würmeiszeit. Beispiele hierfür sind Sylt,	34.04999923706055	157.7442626953125	9.004302978515625	178.6900978088379	42	TimesNewRomanPSMT
Amrun und Föhr. Daß sie kaum überflutet wer­	34.20000076293945	165.84393310546875	9.0047607421875	179.39699935913086	42	TimesNewRomanPSMT
den, verdanken sie einerseits ihrer hohen Lage,	33.900001525878906	174.545654296875	9.002532958984375	178.81476593017578	42	TimesNewRomanPSMT
andererseits ihrem Dünengürtel an der West­	33.900001525878906	183.095703125	9.00244140625	179.6969985961914	42	TimesNewRomanPSMT
seite.	34.04999923706055	191.64923095703125	8.9979248046875	18.100383758544922	42	TimesNewRomanPSMT
Die Marschinseln, Pellworm und Nord­	42.29999923706055	201.5452880859375	9.003021240234375	171.44699478149414	42	TimesNewRomanPSMT
strand, bestehen fast ausschließlich aus Marsch­	34.04999923706055	210.09402465820312	9.004638671875	179.69699478149414	42	TimesNewRomanPSMT
boden, der aus den Meeresablagerungen ent­	34.04999923706055	218.4940185546875	9.004638671875	179.69699478149414	42	TimesNewRomanPSMT
standen ist. Sie liegen durchschnittlich 0,6 -1 m	34.20000076293945	227.04428100585938	9.004302978515625	178.5405387878418	42	TimesNewRomanPSMT
unter NN; daher sind sie vor Überflutungen nur	34.20000076293945	235.59649658203125	9.001434326171875	179.13508224487305	42	TimesNewRomanPSMT
durch ringsum angebrachte hohe Deiche sicher.	34.20000076293945	244.14468383789062	9.0037841796875	178.37137985229492	42	TimesNewRomanPSMT
Die zehn Halligen: Langeneß, Hooge, Nor-	42.599998474121094	255.5369873046875	9.013763427734375	170.7364273071289	43	TimesNewRomanPSMT
deroog, Süderoog, Südfall, Nordstrandischmoor,	34.20000076293945	263.94476318359375	9.003692626953125	178.91056442260742	43	TimesNewRomanPSMT
Hamburger Hallig, Habel, Oland und Gröde lie­	34.5	272.64495849609375	9.003448486328125	179.39698791503906	43	TimesNewRomanPSMT
gen zwischen 1,9 m und 2,8 m über NN. Hier	34.04999923706055	281.1951904296875	9.00311279296875	179.48154067993164	43	TimesNewRomanPSMT
läuft das durchschnittliche Hochwasser nur auf	34.349998474121094	289.59417724609375	9.004425048828125	180.02471160888672	43	TimesNewRomanPSMT
1,25 m über NN auf, was bedeutet, daß das Hal­	34.5	298.145263671875	9.0030517578125	179.5469970703125	43	TimesNewRomanPSMT
ligland normalerweise nicht überflutet wird (au­	34.5	306.5442199707031	9.00439453125	179.5469970703125	43	TimesNewRomanPSMT
ßer bei Sturmfluten: „Landunter”). Daher (und	34.349998474121094	315.2423400878906	9.006805419921875	178.77062225341797	43	TimesNewRomanPSMT
auch aus Kostengründen) sind die Halligen nicht	34.20000076293945	323.64404296875	9.004638671875	179.28979110717773	43	TimesNewRomanPSMT
eingedeicht bzw. haben nur niedrige Deiche, die	34.349998474121094	332.1968688964844	9.000946044921875	178.80170440673828	43	TimesNewRomanPSMT
sie gegen die schwachen Fluten im Sommer	34.349998474121094	340.7446594238281	9.003814697265625	179.28234100341797	43	TimesNewRomanPSMT
schützen (Beispiel Hooge).	34.349998474121094	349.29559326171875	9.00262451171875	101.4000015258789	43	TimesNewRomanPSMT
Der Begriff „Hallig” wird unterschiedlich ge­	42.599998474121094	360.694091796875	9.004547119140625	171.59699249267578	44	TimesNewRomanPSMT
deutet. Einige Forscher setzen Hallig mit hol =	34.349998474121094	369.09381103515625	9.004913330078125	178.36357879638672	44	TimesNewRomanPSMT
niedrig (vgl. Hol-ebbe oder Hol-land) gleich, an­	34.5	377.64410400390625	9.004547119140625	179.5469970703125	44	TimesNewRomanPSMT
dere meinen, daß darin die Bedeutung „Salz­	34.5	386.1923522949219	9.006805419921875	179.69699096679688	44	TimesNewRomanPSMT
land” (hall = Salz) steckt.	34.5	394.893310546875	9.005584716796875	96.44418334960938	44	TimesNewRomanPSMT
Worin liegt die Bedeutung der Inseln und Halli­	34.349998474121094	406.98919677734375	8.004913330078125	179.21399688720703	45	TimesNewRomanPS-BoldMT
gen?	34.5	415.3912353515625	8.002227783203125	16.093067169189453	45	TimesNewRomanPS-BoldMT
a) Zum einen sind sie für den Küstenschutz als	42.75	424.5956726074219	9.00250244140625	170.69712829589844	46	TimesNewRomanPSMT
vorgelagerte Wellenbrecher und als Ansatz­	34.349998474121094	432.98712158203125	9.013534545898438	179.84699249267578	46	TimesNewRomanPSMT
punkt für die Landgewinnung bedeutsam.-	34.650001525878906	441.54754638671875	9.000106811523438	178.98575592041016	46	TimesNewRomanPSMT
Voraussetzung ist, daß auch auf den Inseln Kü­	34.5	450.2441711425781	9.004425048828125	179.8470001220703	46	TimesNewRomanPSMT
stenschutz betrieben wird, um sie vor Zerstö­	34.650001525878906	458.79534912109375	9.0029296875	179.6969985961914	46	TimesNewRomanPSMT
rung zu schützen. Nicht einmal im Hochgebirge	34.79999923706055	467.19427490234375	9.004348754882812	178.75891494750977	46	TimesNewRomanPSMT
ist die Bedrohung größer und vor allem sind dort	34.79999923706055	475.59234619140625	9.006805419921875	178.87787246704102	46	TimesNewRomanPSMT
auch bei stärkstem Unwetter nie so viele Men­	34.5	484.2948913574219	9.003509521484375	179.8470001220703	46	TimesNewRomanPSMT
schen gleichzeitig gefährdet wie etwa bei einer	34.79999923706055	492.6946716308594	9.003814697265625	179.1725196838379	46	TimesNewRomanPSMT
Sturmflut an der Nordseeküste.	34.650001525878906	501.2437744140625	9.004959106445312	119.1309585571289	46	TimesNewRomanPSMT
Die Hallig Habel (heute 4 ha groß) wurde seit	42.900001525878906	512.493896484375	9.004806518554688	171.07169342041016	47	TimesNewRomanPSMT
1804 um ca. 90% ihrer Fläche kleiner. Bei der	34.95000076293945	521.0443115234375	9.0042724609375	179.1540641784668	47	TimesNewRomanPSMT
großen Sturmflut 1976 verlor z.B. Sylt nach	34.650001525878906	529.5946044921875	9.003814697265625	178.9871597290039	47	TimesNewRomanPSMT
Schätzungen 500000 m3 bis 700000 m3 Boden­	34.79999923706055	538.1438598632812	9.004806518554688	179.69699478149414	47	TimesNewRomanPSMT
material der Randdünen und Kliffe.	34.95000076293945	546.5441284179688	9.004501342773438	135.3034782409668	47	TimesNewRomanPSMT
b) Auf dem Lebens- und Wirtschafts­	43.349998474121094	558.0956420898438	9.002578735351562	171.29698944091797	48	TimesNewRomanPSMT
raum der nordfriesischen Inseln bzw. Halligen	34.95000076293945	566.4925537109375	9.006599426269531	178.70775985717773	48	TimesNewRomanPSMT
wohnen heute rund 39000 Menschen: Sylt	34.95000076293945	575.0450439453125	9.003326416015625	179.1174430847168	48	TimesNewRomanPSMT
(25 000 E), Föhr (9 400 E), Amrun (3 000 E), Pell­	34.95000076293945	583.7415161132812	9.007896423339844	179.84699630737305	48	TimesNewRomanPSMT
worm (1 200 E); auf den zehn Halligen leben ins­	34.95000076293945	592.14306640625	9.005874633789062	179.84699630737305	48	TimesNewRomanPSMT
gesamt 450 Menschen.	34.79999923706055	600.5457763671875	9.002399444580078	86.36708450317383	48	TimesNewRomanPSMT
Die Befestigung der Ufer besonders gegen	235.9499969482422	113.794921875	9.00341796875	170.5977020263672	49	TimesNewRomanPSMT
Sturmfluten ist die wichtigste Aufgabe. Bei den	227.6999969482422	122.3460693359375	9.00201416015625	178.7860870361328	49	TimesNewRomanPSMT
größeren Inseln geschieht dies in der Regel	227.5500030517578	130.89306640625	9.00592041015625	179.0157012939453	49	TimesNewRomanPSMT
durch Deiche.	227.6999969482422	139.89483642578125	9.00360107421875	52.86598205566406	49	TimesNewRomanPSMT
Der Uferschutz wurde von den Halligbewoh­	236.10000610351562	150.843994140625	9.00469970703125	171.44699096679688	50	TimesNewRomanPSMT
nern nie in großem Ausmaß betrieben. Dazu	227.85000610351562	159.3948974609375	9.003509521484375	178.64376831054688	50	TimesNewRomanPSMT
fehlten die materiellen Voraussetzungen; auch	227.85000610351562	167.493896484375	9.004791259765625	178.78695678710938	50	TimesNewRomanPSMT
war der Küstenumfang im Verhältnis zur Bevöl­	227.85000610351562	176.19427490234375	9.004302978515625	179.69699096679688	50	TimesNewRomanPSMT
kerungszahl viel zu groß. Deshalb wurden die	228.14999389648438	184.743896484375	9.004791259765625	178.5511474609375	50	TimesNewRomanPSMT
Häuser, Stallungen und Scheunen auf künstli­	228.0	193.294189453125	9.004425048828125	179.697021484375	50	TimesNewRomanPSMT
chen Erdhügeln aus Kleiboden, den sogenann­	228.0	201.69503784179688	9.003326416015625	179.697021484375	50	TimesNewRomanPSMT
ten „Warften” (von dem Wort „aufwerfen”) ange­	228.0	210.39370727539062	9.00506591796875	179.697021484375	50	TimesNewRomanPSMT
legt. Die Warften erheben sich rund 5 m über	228.14999389648438	218.9447021484375	9.003753662109375	179.17153930664062	50	TimesNewRomanPSMT
NN, sind aber nach den Erfahrungen der Sturm­	227.85000610351562	227.4970703125	9.00067138671875	179.99700927734375	50	TimesNewRomanPSMT
fluten 1953, 1962 und 1976 nicht alle fest und	228.14999389648438	236.04568481445312	9.00250244140625	178.80831909179688	50	TimesNewRomanPSMT
hoch genug; sie müssen noch verstärkt werden.	228.14999389648438	244.44467163085938	9.003814697265625	178.55718994140625	50	TimesNewRomanPSMT
Die Wirtschaftsweise der Einwohner ist diffe­	236.5500030517578	255.84539794921875	9.00286865234375	171.44700622558594	51	TimesNewRomanPSMT
renziert. Sylt, Amrun und Föhr leben heute	228.3000030517578	264.5442810058594	9.004302978515625	178.70713806152344	51	TimesNewRomanPSMT
weitgehend vom Fremdenverkehr. Die Land­	228.14999389648438	272.9439697265625	9.00469970703125	179.84701538085938	51	TimesNewRomanPSMT
wirtschaft (meist Weidewirtschaft wegen des re­	228.14999389648438	281.49676513671875	9.001068115234375	179.84701538085938	51	TimesNewRomanPSMT
lativ unfruchtbaren Geestbodens) hat nur eine	228.4499969482422	290.0439758300781	9.00469970703125	178.5092315673828	51	TimesNewRomanPSMT
untergeordnete Bedeutung (unter 10%).	228.4499969482422	298.5948486328125	9.003570556640625	150.41123962402344	51	TimesNewRomanPSMT
Umgekehrt ist es bei den Halligen. Hier spielt	236.85000610351562	309.84429931640625	9.0042724609375	170.4833984375	52	TimesNewRomanPSMT
die Landwirtschaft die entscheidende Rolle; al­	228.3000030517578	318.3923645019531	9.006805419921875	179.69700622558594	52	TimesNewRomanPSMT
lerdings ist nur Viehzucht möglich, da regelmä­	228.60000610351562	327.09503173828125	9.003326416015625	179.39700317382812	52	TimesNewRomanPSMT
ßige Salzwasserüberflutungen keinen Anbau	228.4499969482422	335.3461608886719	9.001861572265625	178.5189971923828	52	TimesNewRomanPSMT
von Getreide oder Feldfrüchten zulassen (z.B.	228.3000030517578	344.0450439453125	9.003326416015625	178.3803253173828	52	TimesNewRomanPSMT
wird Hallig Gröde etwa 20 mal, Langeneß ca. 7 -	228.3000030517578	352.7442626953125	9.004302978515625	178.9857635498047	52	TimesNewRomanPSMT
8 mal im Jahr überflutet). Versuchsfelder mit	228.3000030517578	361.1435546875	9.005279541015625	178.8716278076172	52	TimesNewRomanPSMT
Hafer, Gerste, Rüben und Kartoffeln auf de Hal­	228.60000610351562	369.544189453125	9.004425048828125	179.39700317382812	52	TimesNewRomanPSMT
lig Hooge 1933 - 41 scheiterten.	228.4499969482422	378.3937072753906	9.00506591796875	119.10029602050781	52	TimesNewRomanPSMT
Eine Zwischenstellung nimmt die Insel Pell­	236.6999969482422	389.49420166015625	9.00439453125	171.29701232910156	53	TimesNewRomanPSMT
worm ein. Der Hauptanteil der Erwerbstätigen	228.4499969482422	398.0430603027344	9.005889892578125	178.65916442871094	53	TimesNewRomanPSMT
lebt von der Landwirtschaft (rd. 50%), während	228.60000610351562	406.59649658203125	9.001434326171875	178.33172607421875	53	TimesNewRomanPSMT
40% im tertiären Wirtschaftssektor (vorwiegend	228.14999389648438	414.9947509765625	9.003707885742188	179.00216674804688	53	TimesNewRomanPSMT
Fremdenverkehr und Versorgungsbetriebe) be­	228.60000610351562	423.5449523925781	9.003448486328125	179.39700317382812	53	TimesNewRomanPSMT
schäftigt sind.	228.4499969482422	432.5495910644531	8.9974365234375	51.43574523925781	53	TimesNewRomanPSMT
Allen Inseln bzw. Halligen ist gemeinsam, daß	236.85000610351562	443.49249267578125	9.006607055664062	170.13235473632812	54	TimesNewRomanPSMT
der geringste Teil der Erwerbstätigen im sekun­	228.60000610351562	452.04425048828125	9.004318237304688	179.39700317382812	54	TimesNewRomanPSMT
dären Wirtschaftssektor (Handwerk, Industrie)	228.60000610351562	460.5945129394531	9.003997802734375	178.4517822265625	54	TimesNewRomanPSMT
arbeitet; dies hängt u.a. mit der speziellen Pro­	228.4499969482422	469.1438903808594	9.004791259765625	179.54701232910156	54	TimesNewRomanPSMT
blematik der Insellage (erhöhte Betriebskosten!)	228.60000610351562	477.547607421875	9.000015258789062	178.5447998046875	54	TimesNewRomanPSMT
zusammen.	228.60000610351562	486.5494384765625	8.99761962890625	41.67742919921875	54	TimesNewRomanPSMT
c) Schließlich sind Inseln Anziehungspunkte	236.85000610351562	495.84423828125	9.004318237304688	170.85498046875	54	TimesNewRomanPSMT
für den Tourismus. Neben dem Abwechs­	228.75	504.3751220703125	9.029037475585938	179.09701538085938	54	TimesNewRomanPSMT
lungsreichtum der Landschaft spielt das günsti­	228.75	512.7914428710938	9.008010864257812	179.09701538085938	54	TimesNewRomanPSMT
ge Klima eine wichtige Rolle. Die hohe Luft­	228.60000610351562	521.493896484375	9.004776000976562	179.24700927734375	54	TimesNewRomanPSMT
feuchtigkeit mit starkem Salzgehalt und der ho­	228.75	530.0445556640625	9.003997802734375	179.09701538085938	54	TimesNewRomanPSMT
he Anteil ultravioletter Strahlung lassen ein aus­	228.89999389648438	538.59423828125	9.004425048828125	178.79702758789062	54	TimesNewRomanPSMT
gesprochenes Reizklima entstehen, dessen Heil­	228.60000610351562	546.9957275390625	9.002449035644531	179.09701538085938	54	TimesNewRomanPSMT
kraft bei vielerlei Erkrankungen nachgewiesen	228.89999389648438	555.5467529296875	9.001068115234375	178.07940673828125	54	TimesNewRomanPSMT
ist. Auch ist die Zahl der Sonnentage hier we­	228.75	564.2423095703125	9.006805419921875	179.09701538085938	54	TimesNewRomanPSMT
sentlich höher als auf dem Festland.	228.75	572.7941284179688	9.004447937011719	138.0712890625	54	TimesNewRomanPSMT
Sylt, Amrun und Föhr entwickelten sich zu	237.14999389648438	582.54150390625	9.007957458496094	169.484619140625	54	TimesNewRomanPSMT
großen Nordseebädern. Daher konnten auch	228.60000610351562	591.0960083007812	9.002098083496094	178.05398559570312	54	TimesNewRomanPSMT
viele Arbeitsplätze für die einheimische Bevöl-	228.75	599.795654296875	9.002498626708984	178.39306640625	54	TimesNewRomanPSMT
79	398.70001220703125	616.2964477539062	9.001441955566406	7.975982666015625	55	TimesNewRomanPSMT
