4	79.80000305175781	669.55859375	9.499489784240723	3.7735443115234375	0	ArialMT
Z. Geomorph. N. F.	140.10000610351562	59.28082275390625	8.50384521484375	70.20939636230469	1	TimesNewRomanPSMT
24	233.39999389648438	59.58416748046875	8.49951171875	7.974700927734375	2	TimesNewRomanPSMT
3	270.1499938964844	59.883544921875	8.50030517578125	3.5987548828125	3	TimesNewRomanPSMT
332-344	296.25	60.03302001953125	8.50103759765625	29.020721435546875	4	TimesNewRomanPSMT
Berlin • Stuttgart	340.95001220703125	60.03369140625	8.50018310546875	63.9984130859375	5	TimesNewRomanPSMT
September1980	421.6499938964844	59.73297119140625	8.5010986328125	55.954925537109375	6	TimesNewRomanPSMT
Untersuchungen zurGeomorphologie des jungquartären	157.0500030517578	179.54779052734375	12.04180908203125	307.5114288330078	7	TimesNewRomanPSMT
Vergletscherungsgebietes im Oberlauf des Middle	177.60000610351562	194.54437255859375	12.046234130859375	265.5702819824219	7	TimesNewRomanPSMT
BoulderCreek (Colorado FrontRange, Rocky Mountains)	150.89999389648438	209.54452514648438	12.0460205078125	315.9988708496094	7	TimesNewRomanPSMT
von	302.70001220703125	232.90826416015625	9.95703125	23.068328857421875	8	TimesNewRomanPSMT
Manfred Gabriel, Bamberg	246.0	254.32852172851562	9.99554443359375	129.90164184570312	9	TimesNewRomanPSMT
Mit4 Figuren und1 Tabelle	246.4499969482422	275.5908203125	10.044342041015625	129.6044464111328	10	TimesNewRomanPSMT
Zusammenfassung. In der vorliegenden Arbeit wird der glaziale Formenschatz im Bereich des	131.5500030517578	306.7771301269531	8.508636474609375	359.96348571777344	11	TimesNewRomanPSMT
Oberlaufs des Middle BoulderCreeks untersuchtundin Verfeinerung derquartären Chronologie	131.85000610351562	316.68096923828125	8.503662109375	359.442626953125	11	TimesNewRomanPSMT
derRocky Mountains vonRichmond (1965) zeitlich gegliedert. Spuren derältesten drei pleisto-	131.85000610351562	326.28021240234375	8.504638671875	358.2297668457031	11	TimesNewRomanPSMT
zänen Vergletscherungen sind im Middle Boulder Valley nicht zu finden. Fürdas Jungpleistozän	132.14999389648438	336.0303039550781	8.504547119140625	359.8243408203125	11	TimesNewRomanPSMT
undPostglazial kann Richmonds Gliederung zwar grundsätzlich bestätigtwerden; doch erweist	132.0	345.7804870605469	8.504302978515625	361.1741027832031	11	TimesNewRomanPSMT
sich, daß das Early Stade derPinedale Glaciation hiersehr viel differenzierter ablief, als bisher	132.14999389648438	355.5280456542969	8.5074462890625	360.9158020019531	11	TimesNewRomanPSMT
bekanntwar. Morphologische Befunde erlauben es, die „multiple ridges“ des Early Stade in drei	132.3000030517578	365.2809753417969	8.503662109375	358.4187469482422	11	TimesNewRomanPSMT
getrennte Stadien zu gliedern.	132.3000030517578	374.73138427734375	8.503143310546875	108.79055786132812	11	TimesNewRomanPSMT
Summary. The paper describes and correlates the glacial and glacifluvial features in the head-	132.75	395.43096923828125	8.503662109375	357.5763854980469	12	TimesNewRomanPSMT
waters of Middle Boulder Creek and compares the results with the Quaternary Chronology of	132.4499969482422	405.1799621582031	8.504974365234375	360.53221130371094	12	TimesNewRomanPSMT
the Rocky Mountains ofRichmond (1965). There were noindications of the oldestthree Pleisto-	132.75	414.9300537109375	8.504852294921875	357.7112731933594	12	TimesNewRomanPSMT
cene glaciations in upperMiddle BoulderCreek. Richmond’s classification ofthe late-Quaternary	132.60000610351562	424.53033447265625	8.504531860351562	359.9623107910156	12	TimesNewRomanPSMT
and the Postglacial could generally be confirmed; however, with the modification that the	133.0500030517578	434.2811279296875	8.50347900390625	359.13987731933594	12	TimesNewRomanPSMT
“moraine with multiple ridges” of the Early Stade of Pinedale Glaciation is notthe depositof a	133.1999969482422	444.0306396484375	8.504104614257812	359.93495178222656	12	TimesNewRomanPSMT
single glacialadvance butof three separate advances as morphologicalevidence indicates.	133.1999969482422	453.77996826171875	8.504959106445312	331.3188934326172	12	TimesNewRomanPSMT
Resume. Dans le präsent travail, les formes glaciaires de la r6gion du cours sup£rieur du	134.25	474.33050537109375	8.504287719726562	358.61248779296875	13	TimesNewRomanPSMT
« Middle BoulderCreek» sontetudi^es etdat£es suivantlaChronologie duQuaternaire des Rocky	133.64999389648438	483.7801818847656	8.504669189453125	359.0263366699219	13	TimesNewRomanPSMT
Mountains de Richmond (1965). Des traces des trois plus anciennes glaciations pleistocenes n’ont	133.5	493.23077392578125	8.503921508789062	360.2589416503906	13	TimesNewRomanPSMT
pas ete trouvees dans la « Middle BoulderValley». Pourle P16istocene recent etle Postglaciaire,	133.64999389648438	502.53045654296875	8.504348754882812	357.1409912109375	13	TimesNewRomanPSMT
laStratigraphie de Richmond esten principe confirm^e. Des d^couvertes morphologiques montrent	133.8000030517578	512.1303100585938	8.504531860351562	360.2252655029297	13	TimesNewRomanPSMT
que le stade inferieur de la glaciation de Pinedale peut etre subdivise en trois stades distincts.	134.25	521.4304809570312	8.504287719726562	356.8349609375	13	TimesNewRomanPSMT
0372-8854/80/0024-0332 S 3.25	364.6499938964844	593.1082763671875	9.503997802734375	126.7415771484375	14	TimesNewRomanPSMT
© 1980 Gebrüder Borntraeger, D-1000 Berlin • D-7000 Stuttgart	300.8999938964844	603.5892944335938	7.00421142578125	193.8809814453125	14	TimesNewRomanPSMT
Geomorphologie des jungquartären Vergletscherungsgebietes	107.55000305175781	52.38092041015625	8.5037841796875	221.1977996826172	15	TimesNewRomanPSMT
333	381.1499938964844	52.12689208984375	9.99774169921875	14.551910400390625	16	TimesNewRomanPSMT
1	38.25	74.17108154296875	10.0052490234375	3.001575469970703	17	TimesNewRomanPSMT
Fragestellung, Grundlagen, Methoden	58.20000076293945	74.1964111328125	10.0079345703125	166.73960494995117	18	TimesNewRomanPS-ItalicMT
Vor allem während des letzten Jahrzehnts sind aus dem Bereich verschiedener	38.25	93.211181640625	10.01800537109375	361.1697082519531	19	TimesNewRomanPSMT
Täler auf der Ostabdachung der südlichen Rocky Mountains eine Reihe von	38.099998474121094	103.994873046875	10.03912353515625	364.4683303833008	19	TimesNewRomanPSMT
Arbeiten erschienen, die sich an jeweils detaillierten Beispielen um eine differen­	37.650001525878906	114.6448974609375	10.03912353515625	358.0799789428711	19	TimesNewRomanPSMT
zierte Gliederung des Hochglazials bemühen (u.a. Millett 1956, Bonnett 1970,	37.650001525878906	125.1383056640625	10.04766845703125	357.9498825073242	19	TimesNewRomanPSMT
Madole 1969, 1972, Richmond 1965). Dabei wurde vonRichmond für den	38.099998474121094	135.79315185546875	10.0413818359375	359.9227066040039	19	TimesNewRomanPSMT
Hochstand des letzten Glazials (Early Stade derPinedale Glaciation seinerTer­	37.04999923706055	146.589111328125	10.046630859375	359.0178413391113	19	TimesNewRomanPSMT
minologie) das Vorhandensein mehrererStadiale verneint, obwohldie damitkor­	36.900001525878906	157.239013671875	10.04669189453125	359.05138397216797	19	TimesNewRomanPSMT
relierenden Ablagerungen häufig eine stärkere morphographische Differenzierung	37.349998474121094	167.744140625	10.04010009765625	360.04105377197266	19	TimesNewRomanPSMT
aufweisen. FürMadole sowie Bonnett wardagegen die Tatsache des Auftretens	37.04999923706055	179.14724731445312	10.03607177734375	359.85747146606445	19	TimesNewRomanPSMT
verschiedener Wälle im Zuge der entsprechenden Endmoränenlagen Anlaß, die	37.349998474121094	189.79544067382812	10.03839111328125	359.3467788696289	19	TimesNewRomanPSMT
Vermutung einerUntergliederung des letzteiszeitlichen Hochstandes zu formulie­	37.349998474121094	200.609375	10.0203857421875	357.6299819946289	19	TimesNewRomanPSMT
ren undzwei Stadiale des Early Stade derPinedale Glaciation zu postulieren.	37.04999923706055	211.2432861328125	10.04119873046875	357.4033393859863	19	TimesNewRomanPSMT
DenBeweis fürihre Vermutungen glaubten jedoch wederMadole noch Bonnett	37.20000076293945	221.90179443359375	10.030181884765625	357.4823112487793	19	TimesNewRomanPSMT
erbringen zu können, da die verwitterungsmorphologischen Kriterien keine ein­	37.349998474121094	232.390869140625	10.044342041015625	357.6299819946289	19	TimesNewRomanPSMT
deutigen Hinweise auf entsprechende Altersunterschiede ergaben.	37.04999923706055	243.34945678710938	10.033233642578125	286.7238960266113	19	TimesNewRomanPSMT
Die offensichtliche Diskrepanz zwischen der geltenden Lehrmeinung von	57.75	253.85052490234375	10.0318603515625	343.1955261230469	19	TimesNewRomanPSMT
einem in sich ungegliederten letzteiszeitlichen Hochstand undden davon abwei­	37.04999923706055	264.4954528808594	10.03839111328125	357.4799995422363	19	TimesNewRomanPSMT
chenden, aber noch unbelegten Thesen einer Untergliederung in zwei Stadiale	37.20000076293945	275.145751953125	10.03802490234375	358.86616134643555	19	TimesNewRomanPSMT
warAnlaß, den Problemkreis bei Felduntersuchungen im Jahre 1974/75 erneut	36.75	285.95343017578125	10.028045654296875	360.8813171386719	19	TimesNewRomanPSMT
aufzugreifen. Am Beispiel des MiddelBoulderCreek sollte versuchtwerden, zur	37.20000076293945	296.5965270996094	10.037017822265625	360.8731498718262	19	TimesNewRomanPSMT
Klärung deroffenen Frage beizutragen1.	36.75	307.3933410644531	10.0411376953125	179.99917602539062	19	TimesNewRomanPSMT
Richmond (1965) gliedertdas jüngere Quartärin die Bull Lake undPine­	57.900001525878906	318.0419616699219	10.04290771484375	336.47997283935547	19	TimesNewRomanPSMT
dale Glaciation; bei erstererunterscheideterzwei (Early and Late), bei letzterer	36.29999923706055	328.68988037109375	10.04559326171875	361.4827766418457	19	TimesNewRomanPSMT
drei Stadiale (Early, Middle undLate): Im Holozän - nach dem postglazialen	36.900001525878906	339.3384704589844	10.047454833984375	359.12401580810547	19	TimesNewRomanPSMT
Wärmeoptimum - gliederterzwei Stadien des Neoglacialaus: Temple Lake und	36.75	350.1392822265625	10.04638671875	363.7790832519531	19	TimesNewRomanPSMT
GannettPeak. Da jedoch Benedict (1967, 1968) aufgrund detaillierterlicheno-	35.849998474121094	360.80133056640625	10.030792236328125	357.75769805908203	19	TimesNewRomanPSMT
metrischerUntersuchungen eine Gruppe vonglazialen Ablagerungen nachweisen	36.29999923706055	371.440673828125	10.0445556640625	359.3460578918457	19	TimesNewRomanPSMT
konnte, die zeitlich zwischen den beiden Stadien Richmonds liegen, muß mit	36.599998474121094	381.7882995605469	10.047637939453125	360.45572662353516	19	TimesNewRomanPSMT
drei neoglazialen Kaltphasen gerechnetwerden. In dervorliegenden Arbeitwer­	36.599998474121094	392.43927001953125	10.04638671875	357.20313262939453	19	TimesNewRomanPSMT
den die ältesten Ablagerungen des Neoglacial2 als „Early Neoglacial“ bezeich­	36.45000076293945	403.0911865234375	10.0439453125	357.02997970581055	19	TimesNewRomanPSMT
net, die beiden jüngeren Gletscherstände als Audubon3 undGannettPeak.	36.29999923706055	413.89312744140625	10.041366577148438	331.06645584106445	19	TimesNewRomanPSMT
ZurGliederung derpleistozänen Ablagerungen - es handeltsich vorallem	57.150001525878906	424.5505065917969	10.031829833984375	336.8972702026367	19	TimesNewRomanPSMT
umMoränen undglazifluviale Terrassen - wurden im Rahmen dereigenen Un­	36.75	435.19732666015625	10.035995483398438	356.72998046875	19	TimesNewRomanPSMT
tersuchungen vorzugsweise geomorphologische Methoden im engeren Sinne an­	36.45000076293945	445.8521728515625	10.02972412109375	356.8799858093262	19	TimesNewRomanPSMT
gewand.tDarüber hinaus fanden auch verwitterungsmorphologische Methoden	35.70000076293945	456.51898193359375	10.007919311523438	359.3379936218262	19	TimesNewRomanPSMT
(i. S. Birkelands 1973, 1974) Anwendung. Sie dienten erstens der Bestätigung	36.29999923706055	466.9986572265625	10.034255981445312	358.7106513977051	19	TimesNewRomanPSMT
dermitgeomorphologischen Methoden gewonnenen Ergebnisse undzweitens zum	35.849998474121094	477.69866943359375	10.034255981445312	357.8972854614258	19	TimesNewRomanPSMT
1 Für die freundliche Unterstützung undBeratung während der Geländearbeiten habe ich Herrn	34.79999923706055	501.47991943359375	8.505081176757812	359.5802803039551	20	TimesNewRomanPSMT
Prof. Dr. P. Birkeland (Boulder) undden Mitarbeitern des Institute of Arctic and Alpine	35.099998474121094	510.330810546875	8.503921508789062	358.9634780883789	20	TimesNewRomanPSMT
Research in Boulderzu danken. Herrn Prof. Dr. K. A. Habbe (Erlangen) bin ich fürdie Anre­	34.95000076293945	518.8784790039062	8.506973266601562	357.8805046081543	20	TimesNewRomanPSMT
gung zurBearbeitung des Themas sowie für mannigfache Hilfen bei der Ausarbeitung der Er­	35.099998474121094	527.4307250976562	8.50408935546875	357.9523391723633	20	TimesNewRomanPSMT
gebnisse zu Dank verpflichtet.	34.79999923706055	535.6807861328125	8.503952026367188	110.76315689086914	20	TimesNewRomanPSMT
2 Richmonds „Temple Lake Stade“, deren Bezeichnung abernoch diskutiertwird (Currey 1974,	34.5	546.178466796875	8.506973266601562	357.8214416503906	20	TimesNewRomanPSMT
Birkeland & Miller 1973).	34.79999923706055	554.583251953125	8.500801086425781	103.82265090942383	20	TimesNewRomanPSMT
8 Benedicts „Arikaree“ (vgl. Mahaney 1972).	34.5	565.3839721679688	8.499862670898438	173.23606872558594	20	TimesNewRomanPSMT
342	130.9499969482422	51.07586669921875	9.99896240234375	14.70001220703125	21	TimesNewRomanPSMT
M. Gabriel	289.6499938964844	50.87957763671875	8.50543212890625	42.13671875	22	TimesNewRomanPSMT
Tabelle 1. Zusammenstellung derWerte verschiedener Datierungskriterien zurrelativen Alters­	130.64999389648438	71.73101806640625	8.50360107421875	359.530517578125	23	TimesNewRomanPSMT
bestimmung fürdas Neoglacial.	130.9499969482422	80.58026123046875	8.50457763671875	116.95590209960938	23	TimesNewRomanPSMT
Verwitte-	267.8999938964844	102.48052978515625	8.5042724609375	34.8909912109375	24	TimesNewRomanPSMT
rung	276.6000061035156	111.03057861328125	8.50421142578125	18.464508056640625	24	TimesNewRomanPSMT
Kanten­	345.45001220703125	102.4814453125	8.5030517578125	29.980499267578125	25	TimesNewRomanPSMT
rundung	345.8999938964844	111.03045654296875	8.50433349609375	32.330963134765625	25	TimesNewRomanPSMT
u>	297.75	175.57852172851562	5.00592041015625	4.381927490234375	26	TimesNewRomanPS-BoldMT
JQ	295.3500061035156	180.0794677734375	5.004669189453125	6.78326416015625	26	TimesNewRomanPS-BoldMT
Ui	298.20001220703125	183.23446655273438	4.998138427734375	3.79925537109375	26	TimesNewRomanPS-BoldMT
3	297.8999938964844	186.93270874023438	5.00042724609375	4.6512451171875	26	TimesNewRomanPS-BoldMT
c	298.20001220703125	192.08126831054688	5.0023193359375	3.92694091796875	26	TimesNewRomanPS-BoldMT
o	298.3500061035156	195.68533325195312	4.996978759765625	3.748504638671875	26	TimesNewRomanPS-BoldMT
bß	298.20001220703125	199.88064575195312	5.003143310546875	5.90655517578125	26	TimesNewRomanPS-BoldMT
0	299.8500061035156	218.28521728515625	8.4981689453125	3.898651123046875	27	TimesNewRomanPSMT
0	300.1499938964844	229.23483276367188	8.498687744140625	3.747802734375	27	TimesNewRomanPSMT
0	300.29998779296875	250.383544921875	8.500335693359375	3.5987548828125	28	TimesNewRomanPSMT
0	300.29998779296875	261.0348205566406	8.498687744140625	3.747802734375	28	TimesNewRomanPSMT
0	300.1499938964844	271.9848327636719	8.498687744140625	3.747802734375	28	TimesNewRomanPSMT
50	295.95001220703125	314.5841979980469	8.499481201171875	7.9747314453125	29	TimesNewRomanPSMT
55	296.25	325.38482666015625	8.498687744140625	7.49560546875	29	TimesNewRomanPSMT
0	300.45001220703125	346.8335266113281	8.500335693359375	3.5987548828125	30	TimesNewRomanPSMT
0	300.75	443.88482666015625	8.498703002929688	3.747802734375	31	TimesNewRomanPSMT
53	296.25	454.5374755859375	8.4952392578125	7.673095703125	31	TimesNewRomanPSMT
18	296.54998779296875	465.18353271484375	8.500335693359375	7.197509765625	31	TimesNewRomanPSMT
's	321.6000061035156	126.7822265625	5.0010986328125	6.233734130859375	32	TimesNewRomanPS-BoldMT
E,	323.3999938964844	135.48504638671875	4.99737548828125	6.473663330078125	32	TimesNewRomanPS-BoldMT
c	323.70001220703125	147.08544921875	4.996826171875	4.0758056640625	32	TimesNewRomanPS-BoldMT
<□	323.8500061035156	150.53466796875	4.99786376953125	3.930572509765625	32	TimesNewRomanPS-BoldMT
uo	321.1499938964844	154.28277587890625	5.0003662109375	6.765472412109375	32	TimesNewRomanPS-BoldMT
rt	323.70001220703125	162.3848876953125	4.997589111328125	4.2138671875	32	TimesNewRomanPS-BoldMT
z	321.75	167.43295288085938	5.0001220703125	6.192230224609375	32	TimesNewRomanPS-BoldMT
•x)	321.29998779296875	178.73175048828125	5.001708984375	6.615234375	32	TimesNewRomanPS-BoldMT
<u	323.8500061035156	191.33291625976562	5.000152587890625	4.07806396484375	33	TimesNewRomanPS-BoldMT
5	325.3500061035156	218.28179931640625	8.502593994140625	3.450836181640625	34	TimesNewRomanPSMT
0	325.5	229.23483276367188	8.498687744140625	3.747802734375	34	TimesNewRomanPSMT
0	325.5	250.38522338867188	8.4981689453125	3.898651123046875	35	TimesNewRomanPSMT
0	325.6499938964844	261.0348205566406	8.498687744140625	3.747802734375	35	TimesNewRomanPSMT
0	325.5	271.8348083496094	8.498687744140625	3.747802734375	35	TimesNewRomanPSMT
1-3	318.0	282.48193359375	8.50244140625	11.384368896484375	35	TimesNewRomanPSMT
36	321.45001220703125	314.585205078125	8.4981689453125	7.79730224609375	36	TimesNewRomanPSMT
35	321.6000061035156	325.5374755859375	8.4952392578125	7.673095703125	36	TimesNewRomanPSMT
0	325.6499938964844	346.835205078125	8.4981689453125	3.898651123046875	37	TimesNewRomanPSMT
30	321.75	357.4852294921875	8.4981689453125	7.79730224609375	37	TimesNewRomanPSMT
8-10	317.70001220703125	379.23046875	8.50433349609375	16.089385986328125	38	TimesNewRomanPSMT
3-7	317.3999938964844	389.8852844238281	8.498077392578125	12.485565185546875	38	TimesNewRomanPSMT
10 80 70 10 40	270.8999938964844	411.339599609375	8.944091796875	95.12472534179688	39	TimesNewRomanPSMT
67-100 75 40-80 0 50	261.6000061035156	422.13458251953125	9.09912109375	104.42471313476562	39	TimesNewRomanPSMT
80	321.75	454.68524169921875	8.498153686523438	7.79730224609375	40	TimesNewRomanPSMT
52 15	321.6000061035156	465.335205078125	8.648681640625	24.447509765625	40	TimesNewRomanPSMT
10-20	309.1499938964844	476.132080078125	8.502273559570312	20.479644775390625	40	TimesNewRomanPSMT
6-14	313.3500061035156	486.63092041015625	8.503738403320312	16.31488037109375	40	TimesNewRomanPSMT
45	357.45001220703125	465.48748779296875	8.4952392578125	7.673095703125	41	TimesNewRomanPSMT
§	152.6999969482422	121.08270263671875	5.00042724609375	8.100006103515625	42	TimesNewRomanPS-BoldMT
bß	155.10000610351562	134.78314208984375	4.9998779296875	5.73138427734375	43	TimesNewRomanPS-BoldMT
c	155.10000610351562	139.58123779296875	5.0023193359375	3.9269561767578125	43	TimesNewRomanPS-BoldMT
a	155.10000610351562	144.08355712890625	4.99932861328125	4.19903564453125	43	TimesNewRomanPS-BoldMT
"C	152.85000610351562	151.43402099609375	4.99871826171875	6.14593505859375	43	TimesNewRomanPS-BoldMT
ö	154.9499969482422	163.53179931640625	5.001617431640625	4.502410888671875	44	TimesNewRomanPS-BoldMT
—	153.0	167.48187255859375	5.001556396484375	5.8536224365234375	44	TimesNewRomanPS-BoldMT
ö	155.25	171.38531494140625	4.997039794921875	4.0481414794921875	44	TimesNewRomanPS-BoldMT
V	155.25	176.18545532226562	4.996826171875	4.060028076171875	44	TimesNewRomanPS-BoldMT
N	155.25	180.23599243164062	4.99615478515625	3.9083251953125	44	TimesNewRomanPS-BoldMT
c	155.25	184.88128662109375	5.0023193359375	3.9269561767578125	44	TimesNewRomanPS-BoldMT
Ci	155.25	188.9337158203125	4.999114990234375	4.0820465087890625	44	TimesNewRomanPS-BoldMT
CS	152.25	193.83248901367188	5.000701904296875	7.368743896484375	44	TimesNewRomanPS-BoldMT
Ph	153.14999389648438	199.94036865234375	4.997589111328125	6.031524658203125	44	ArialMT
5	154.9499969482422	217.622314453125	8.9998779296875	3.5999603271484375	45	TimesNewRomanPS-ItalicMT
0-5	151.0500030517578	228.93325805664062	8.500701904296875	11.96990966796875	45	TimesNewRomanPSMT
30	153.75	314.4352111816406	8.4981689453125	7.79730224609375	46	TimesNewRomanPSMT
25	153.89999389648438	325.2352294921875	8.4981689453125	7.79730224609375	46	TimesNewRomanPSMT
§	178.5	123.9342041015625	4.99853515625	8.249176025390625	47	TimesNewRomanPS-BoldMT
bß	180.75	137.03094482421875	5.00274658203125	6.2080078125	48	TimesNewRomanPS-BoldMT
c	180.75	141.98248291015625	5.000732421875	4.2304840087890625	48	TimesNewRomanPS-BoldMT
9	180.4499969482422	146.48199462890625	5.00140380859375	4.802490234375	48	TimesNewRomanPS-BoldMT
’S	178.1999969482422	151.38043212890625	5.00335693359375	6.7969970703125	48	TimesNewRomanPS-BoldMT
o	180.89999389648438	157.43634033203125	4.9957275390625	3.896881103515625	48	TimesNewRomanPS-BoldMT
u	180.75	165.6817626953125	5.001678466796875	4.0971527099609375	48	TimesNewRomanPS-BoldMT
-Q	178.1999969482422	170.18231201171875	5.000946044921875	6.81927490234375	48	TimesNewRomanPS-BoldMT
C	180.89999389648438	174.83544921875	4.996826171875	4.060028076171875	48	TimesNewRomanPS-BoldMT
9	180.60000610351562	178.13272094726562	5.00042724609375	4.6512451171875	48	TimesNewRomanPS-BoldMT
’S	178.35000610351562	186.33065795898438	5.00311279296875	6.654876708984375	48	TimesNewRomanPS-BoldMT
<u	180.89999389648438	192.23294067382812	5.000152587890625	4.0780487060546875	48	TimesNewRomanPS-BoldMT
s	178.0500030517578	197.13385009765625	4.99896240234375	7.214935302734375	48	TimesNewRomanPS-BoldMT
0-3	176.85000610351562	218.13723754882812	8.495574951171875	11.8548583984375	49	TimesNewRomanPSMT
0-10	176.85000610351562	229.0804443359375	8.50433349609375	16.656234741210938	49	TimesNewRomanPSMT
0-5	177.0	239.88327026367188	8.500701904296875	11.96990966796875	49	TimesNewRomanPSMT
0-5	177.0	250.2332763671875	8.500701904296875	11.96990966796875	49	TimesNewRomanPSMT
0-5	177.0	261.03662109375	8.496368408203125	12.118377685546875	49	TimesNewRomanPSMT
0	181.35000610351562	271.6852111816406	8.4981689453125	3.898651123046875	49	TimesNewRomanPSMT
5	181.64999389648438	282.4818115234375	8.502593994140625	3.450836181640625	49	TimesNewRomanPSMT
40	179.5500030517578	314.4372253417969	8.495574951171875	8.272720336914062	50	TimesNewRomanPSMT
50	179.85000610351562	325.0841979980469	8.499481201171875	7.974700927734375	50	TimesNewRomanPSMT
10-40	174.14999389648438	335.8809814453125	8.503662109375	20.241241455078125	50	TimesNewRomanPSMT
50	180.0	346.6842041015625	8.499481201171875	7.974700927734375	50	TimesNewRomanPSMT
30-50	173.5500030517578	357.3367004394531	8.496246337890625	20.95947265625	50	TimesNewRomanPSMT
10-20 25-40	148.1999969482422	378.6309814453125	8.801971435546875	46.45947265625	51	TimesNewRomanPSMT
50	180.4499969482422	389.585205078125	8.4981689453125	7.79730224609375	51	TimesNewRomanPSMT
’q	133.35000610351562	432.6343994140625	8.499282836914062	6.606353759765625	52	TimesNewRomanPSMT
"5b	133.35000610351562	444.59564208984375	6.9959564208984375	9.5465087890625	52	TimesNewRomanPSMT
Q	135.89999389648438	447.59344482421875	6.9988555908203125	4.2010040283203125	52	TimesNewRomanPSMT
O	136.0500030517578	452.539794921875	7.0035858154296875	4.0538787841796875	52	TimesNewRomanPSMT
£	133.9499969482422	458.39306640625	6.9993133544921875	6.300689697265625	52	TimesNewRomanPSMT
60-90 80 131	147.89999389648438	411.0330505371094	8.65032958984375	71.69921875	53	TimesNewRomanPSMT
35 60-80 55-70	154.64999389648438	421.835205078125	8.648300170898438	72.332275390625	53	TimesNewRomanPSMT
80-95 107-150	174.4499969482422	432.6309814453125	8.651809692382812	56.978057861328125	53	TimesNewRomanPSMT
50 50	180.75	443.4342041015625	8.499481201171875	40.05244445800781	53	TimesNewRomanPSMT
85 107	180.89999389648438	454.079345703125	8.505752563476562	39.904998779296875	53	TimesNewRomanPSMT
15-30 75	174.4499969482422	464.88330078125	8.500656127929688	45.595611572265625	53	TimesNewRomanPSMT
ci 60-90 50-80 102	136.35000610351562	475.2332763671875	9.100082397460938	84.595947265625	53	TimesNewRomanPSMT
60 80-85	181.1999969482422	486.1842041015625	8.798660278320312	45.72230529785156	53	TimesNewRomanPSMT
g	208.8000030517578	102.4832763671875	8.50067138671875	6.064910888671875	54	TimesNewRomanPSMT
-G	206.39999389648438	122.786376953125	4.99560546875	6.5029449462890625	55	TimesNewRomanPS-BoldMT
CU	208.8000030517578	127.13079833984375	5.0029296875	6.3101654052734375	55	TimesNewRomanPS-BoldMT
rut	208.9499969482422	131.3316650390625	8.45050048828125	4.0529937744140625	55	TimesNewRomanPS-BoldMT
bß	208.9499969482422	138.98065185546875	5.003173828125	5.90655517578125	55	TimesNewRomanPS-BoldMT
8	208.8000030517578	144.0303955078125	5.00347900390625	4.3527069091796875	55	TimesNewRomanPS-BoldMT
bß g	208.9499969482422	151.28485107421875	4.99761962890625	12.74688720703125	55	TimesNewRomanPS-BoldMT
&GeP	208.8000030517578	158.3316650390625	9.751800537109375	13.107208251953125	55	TimesNewRomanPS-BoldMT
u •-<	208.9499969482422	170.1817626953125	5.001678466796875	12.760574340820312	55	TimesNewRomanPS-BoldMT
8^	208.64999389648438	177.78128051757812	5.0023193359375	15.3321533203125	55	TimesNewRomanPS-BoldMT
•S K	206.5500030517578	187.67977905273438	5.0042724609375	15.64404296875	55	TimesNewRomanPS-BoldMT
-G Ert	206.39999389648438	193.28097534179688	10.0518798828125	15.487045288085938	55	TimesNewRomanPS-BoldMT
17	211.64999389648438	218.13522338867188	8.4981689453125	7.79730224609375	56	TimesNewRomanPSMT
20	211.1999969482422	229.08721923828125	8.495574951171875	8.272720336914062	56	TimesNewRomanPSMT
20	211.5	240.03326416015625	8.500701904296875	8.400146484375	56	TimesNewRomanPSMT
22	211.5	250.23443603515625	8.49920654296875	8.102447509765625	56	TimesNewRomanPSMT
7	216.0	261.03521728515625	8.4981689453125	3.898651123046875	56	TimesNewRomanPSMT
0	215.85000610351562	271.835205078125	8.4981689453125	3.898651123046875	56	TimesNewRomanPSMT
15	212.39999389648438	282.4896240234375	8.49249267578125	7.3731842041015625	56	TimesNewRomanPSMT
43	211.9499969482422	314.4374694824219	8.4952392578125	7.6730804443359375	57	TimesNewRomanPSMT
30-55	205.64999389648438	325.2347412109375	8.498809814453125	20.732269287109375	57	TimesNewRomanPSMT
42-71	205.9499969482422	336.0309753417969	8.503662109375	20.241241455078125	57	TimesNewRomanPSMT
42	212.10000610351562	346.6844177246094	8.49920654296875	8.102447509765625	57	TimesNewRomanPSMT
46	212.25	357.48443603515625	8.49920654296875	8.102447509765625	57	TimesNewRomanPSMT
41	212.25	379.0848083496094	8.498687744140625	7.49560546875	58	TimesNewRomanPSMT
60	212.6999969482422	389.73443603515625	8.49920654296875	8.102447509765625	58	TimesNewRomanPSMT
*3	238.8000030517578	136.68524169921875	4.99713134765625	6.897247314453125	59	TimesNewRomanPS-BoldMT
§	241.0500030517578	141.33197021484375	5.00140380859375	4.802490234375	59	TimesNewRomanPS-BoldMT
5 E	241.5	152.1297607421875	5.0042724609375	12.63824462890625	59	TimesNewRomanPS-BoldMT
J e	238.8000030517578	157.98101806640625	5.002685546875	15.478683471679688	59	TimesNewRomanPS-BoldMT
£.S	241.0500030517578	166.68072509765625	5.003021240234375	13.5753173828125	59	TimesNewRomanPS-BoldMT
p s	241.1999969482422	190.83416748046875	4.998504638671875	13.30377197265625	60	TimesNewRomanPS-BoldMT
j E	239.5500030517578	198.18124389648438	5.002349853515625	15.03704833984375	60	TimesNewRomanPS-BoldMT
63	243.75	218.2874755859375	8.4952392578125	7.6730804443359375	61	TimesNewRomanPSMT
52	244.0500030517578	250.38421630859375	8.499481201171875	7.974700927734375	62	TimesNewRomanPSMT
25	244.35000610351562	282.6352233886719	8.4981689453125	7.79730224609375	63	TimesNewRomanPSMT
130	240.4499969482422	314.58917236328125	8.4930419921875	11.843963623046875	64	TimesNewRomanPSMT
80	244.9499969482422	379.085205078125	8.4981689453125	7.79730224609375	65	TimesNewRomanPSMT
220	240.75	411.329345703125	8.505752563476562	12.004989624023438	66	TimesNewRomanPSMT
252	241.0500030517578	443.8843994140625	8.499191284179688	12.1536865234375	67	TimesNewRomanPSMT
143	240.89999389648438	475.82891845703125	8.506332397460938	11.403945922851562	68	TimesNewRomanPSMT
. 153	233.6999969482422	346.6817932128906	8.502593994140625	18.60009765625	69	TimesNewRomanPSMT
U»	271.6499938964844	161.03570556640625	4.996490478515625	4.332275390625	70	TimesNewRomanPS-BoldMT
Ui	272.1000061035156	164.330078125	5.003875732421875	3.941741943359375	70	TimesNewRomanPS-BoldMT
O	271.6499938964844	168.22979736328125	5.0042724609375	4.5440673828125	70	TimesNewRomanPS-BoldMT
u»	271.6499938964844	174.08270263671875	5.00042724609375	4.371246337890625	70	TimesNewRomanPS-BoldMT
<u	272.1000061035156	186.83291625976562	5.000152587890625	4.07806396484375	71	TimesNewRomanPS-BoldMT
60	271.79998779296875	190.88211059570312	5.001220703125	6.476318359375	71	TimesNewRomanPS-BoldMT
rGt	271.95001220703125	195.3817138671875	9.350311279296875	4.37982177734375	71	TimesNewRomanPS-BoldMT
5	273.75	218.28179931640625	8.502593994140625	3.450836181640625	72	TimesNewRomanPSMT
5	274.04998779296875	229.08291625976562	8.501129150390625	3.300079345703125	72	TimesNewRomanPSMT
0	274.04998779296875	250.23483276367188	8.498687744140625	3.747802734375	73	TimesNewRomanPSMT
0	274.04998779296875	261.0348205566406	8.498687744140625	3.747802734375	73	TimesNewRomanPSMT
0	273.8999938964844	271.8348083496094	8.498687744140625	3.747802734375	73	TimesNewRomanPSMT
20	270.0	314.5841979980469	8.499481201171875	7.9747314453125	74	TimesNewRomanPSMT
15	270.75	325.38494873046875	8.49853515625	7.074310302734375	74	TimesNewRomanPSMT
27	270.0	346.6872253417969	8.495574951171875	8.272705078125	75	TimesNewRomanPSMT
48	270.6000061035156	443.88525390625	8.498153686523438	7.79730224609375	76	TimesNewRomanPSMT
30	270.45001220703125	454.6842041015625	8.499481201171875	7.9747314453125	76	TimesNewRomanPSMT
65	270.29998779296875	465.18524169921875	8.498153686523438	7.79730224609375	76	TimesNewRomanPSMT
Terrasse undPinedale-3-Moräne bilden folglich eine Einheit. Eine solche End-	134.5500030517578	519.4930419921875	10.041473388671875	356.74082946777344	77	TimesNewRomanPSMT
moränen-Schotter-Sequenz ist fastimmermiteinem Gletschervorstoß verbunden	134.5500030517578	530.1395874023438	10.045974731445312	359.1114044189453	77	TimesNewRomanPSMT
(I. SCHAEFFER 1950).	135.14999389648438	540.1930541992188	10.041419982910156	89.69566345214844	77	TimesNewRomanPSMT
Damitist ein sehr starkes Argument dafür erbracht, daß es sich bei Pine-	156.14999389648438	551.4424438476562	10.042243957519531	335.82281494140625	77	TimesNewRomanPSMT
dale 3 um ein eigenes Stadium handelt. Die Beziehung derzwei 300 bzw. 350 m	135.14999389648438	561.9398193359375	10.045585632324219	357.0792541503906	77	TimesNewRomanPSMT
<u	362.3999938964844	150.528564453125	5.005859375	4.38055419921875	78	TimesNewRomanPS-BoldMT
9	362.3999938964844	159.98040771484375	5.00347900390625	4.352691650390625	78	TimesNewRomanPS-BoldMT
3	362.54998779296875	164.18356323242188	4.999298095703125	4.19903564453125	78	TimesNewRomanPS-BoldMT
Ui	362.54998779296875	167.63372802734375	4.999114990234375	4.082061767578125	78	TimesNewRomanPS-BoldMT
9	362.3999938964844	171.53179931640625	5.001617431640625	4.502410888671875	78	TimesNewRomanPS-BoldMT
bß	362.54998779296875	175.43063354492188	5.003143310546875	5.90655517578125	78	TimesNewRomanPS-BoldMT
9	362.54998779296875	180.08526611328125	4.9970703125	4.048126220703125	78	TimesNewRomanPS-BoldMT
v	362.3999938964844	183.9818115234375	5.001617431640625	4.502410888671875	78	TimesNewRomanPS-BoldMT
u>	362.1000061035156	186.6820068359375	5.0013427734375	4.6854248046875	78	TimesNewRomanPS-BoldMT
9	362.54998779296875	191.33038330078125	5.00347900390625	4.352691650390625	78	TimesNewRomanPS-BoldMT
bß	377.8500061035156	180.98065185546875	5.003143310546875	5.90655517578125	79	TimesNewRomanPS-BoldMT
rGt	377.8500061035156	191.03170776367188	8.9007568359375	4.2138671875	79	TimesNewRomanPS-BoldMT
<u	345.29998779296875	175.1329345703125	5.000152587890625	4.07806396484375	80	TimesNewRomanPS-BoldMT
ns	342.45001220703125	179.88427734375	4.998382568359375	7.258209228515625	80	TimesNewRomanPS-BoldMT
G	345.29998779296875	184.28170776367188	5.001739501953125	4.08966064453125	80	TimesNewRomanPS-BoldMT
3	345.45001220703125	188.78628540039062	4.995758056640625	3.896881103515625	80	TimesNewRomanPS-BoldMT
u,	345.45001220703125	191.9298095703125	5.00421142578125	3.91900634765625	80	TimesNewRomanPS-BoldMT
V	345.29998779296875	196.13357543945312	4.99932861328125	4.210693359375	80	TimesNewRomanPS-BoldMT
bß	345.29998779296875	200.03485107421875	4.99761962890625	6.028411865234375	80	TimesNewRomanPS-BoldMT
0	343.04998779296875	218.58480834960938	8.498687744140625	3.747802734375	81	TimesNewRomanPSMT
0	342.8999938964844	229.085205078125	8.4981689453125	3.898651123046875	81	TimesNewRomanPSMT
0	342.8999938964844	271.9848327636719	8.498687744140625	3.747802734375	82	TimesNewRomanPSMT
0 55	343.20001220703125	314.7335510253906	8.500335693359375	22.64727783203125	83	TimesNewRomanPSMT
0 45	342.8999938964844	325.38482666015625	8.498687744140625	22.497314453125	83	TimesNewRomanPSMT
5 95 vorliegende Arbeit	362.1000061035156	217.68527221679688	9.09912109375	97.71377563476562	84	TimesNewRomanPSMT
10 90 Agard (1974)	358.04998779296875	228.634765625	8.949188232421875	81.52261352539062	84	TimesNewRomanPSMT
Benedict (1968)	390.1499938964844	239.28076171875	8.503936767578125	58.89410400390625	84	TimesNewRomanPSMT
Birkeland (1973)	390.1499938964844	249.78076171875	8.503936767578125	63.694091796875	84	TimesNewRomanPSMT
Birkeland & Miller (1974)	391.04998779296875	260.1331787109375	8.500823974609375	101.31210327148438	84	TimesNewRomanPSMT
0 100 Carroll (1974)	361.95001220703125	271.3823547363281	8.951019287109375	85.41207885742188	84	TimesNewRomanPSMT
Mahaney (1973)	390.75	282.18109130859375	8.503509521484375	60.21209716796875	84	TimesNewRomanPSMT
Williams (1973)	390.0	293.2831726074219	8.500823974609375	58.862091064453125	84	TimesNewRomanPSMT
45 vorliegendeArbeit	377.1000061035156	314.585205078125	8.649078369140625	83.0908203125	85	TimesNewRomanPSMT
55 Agard (1974)	377.25	325.38409423828125	8.4996337890625	62.622589111328125	85	TimesNewRomanPSMT
Benedict (1968)	390.29998779296875	336.18316650390625	8.500823974609375	59.012115478515625	85	TimesNewRomanPSMT
Birkeland (1973)	390.29998779296875	346.83074951171875	8.503936767578125	63.844085693359375	85	TimesNewRomanPSMT
Birkeland & Miller (1974)	391.3500061035156	357.3337707519531	8.500030517578125	101.32818603515625	85	TimesNewRomanPSMT
Carroll (1974)	390.6000061035156	368.4307556152344	8.503936767578125	56.7940673828125	85	TimesNewRomanPSMT
Mahaney (1973)	390.6000061035156	379.23077392578125	8.503936767578125	60.844085693359375	85	TimesNewRomanPSMT
Williams (1973)	390.6000061035156	390.0331726074219	8.500823974609375	58.56207275390625	85	TimesNewRomanPSMT
50 vorliegendeArbeit	377.25	411.784423828125	8.798934936523438	82.71380615234375	86	TimesNewRomanPSMT
50 Agard (1974)	377.25	422.73443603515625	8.499191284179688	62.622589111328125	86	TimesNewRomanPSMT
Benedict (1968)	390.45001220703125	433.3829345703125	8.501129150390625	59.0120849609375	86	TimesNewRomanPSMT
Birkeland (1973)	390.45001220703125	444.1807861328125	8.503921508789062	63.694061279296875	86	TimesNewRomanPSMT
Birkeland & Miller (1974)	390.75	454.533203125	8.50079345703125	101.46209716796875	86	TimesNewRomanPSMT
40 Carroll (1974)	376.79998779296875	465.48077392578125	8.503921508789062	70.29409790039062	86	TimesNewRomanPSMT
Mahaney (1973)	390.29998779296875	476.13079833984375	8.503921508789062	60.694091796875	86	TimesNewRomanPSMT
Williams (1973)	390.8999938964844	486.9307861328125	8.503921508789062	58.294097900390625	86	TimesNewRomanPSMT
Geomorphologie des jungquartären Vergletscherungsgebietes	105.44999694824219	52.5303955078125	8.50439453125	221.89805603027344	87	TimesNewRomanPSMT
343	379.04998779296875	52.425048828125	10.0	15.0	88	TimesNewRomanPSMT
langen Wallmoränenüberreste vonPinedale 1 zu der Moräne des Pinedale-2-	36.599998474121094	73.9981689453125	10.03485107421875	357.97769927978516	89	TimesNewRomanPSMT
Vorstoßes istoben bereits dargestelltworden. Die sich ergebende Frage ist, wes­	36.45000076293945	84.7900390625	10.04534912109375	358.0799980163574	89	TimesNewRomanPSMT
halb derPinedale-1-Gletscher im Bereich derunteren Zunge zwaran den Flan­	36.29999923706055	95.440185546875	10.04510498046875	358.0799751281738	89	TimesNewRomanPSMT
ken höherhinauf, an derStirn dagegen nichtso weit reichtwie derPinedale-2-	36.45000076293945	106.08837890625	10.0474853515625	357.9504508972168	89	TimesNewRomanPSMT
Gletscher, also einen steileren Stirnabfall hatte als dieser. Anders ausgedrückt	36.29999923706055	116.90447998046875	10.026611328125	361.50322341918945	89	TimesNewRomanPSMT
stellt sich das Problem, weshalb der Pinedale-2-Gletscher trotz flacheren Stirn­	36.29999923706055	127.5555419921875	10.0252685546875	357.92998123168945	89	TimesNewRomanPSMT
gefälles weitervorstoßen konnte. Das könnte nach Schneebeli (1976; 41) damit	36.0	138.33953857421875	10.0460205078125	361.744873046875	89	TimesNewRomanPSMT
erklärt werden, daß ein Gletscher bei gleichem Volumen undunter gleichen	36.150001525878906	148.99188232421875	10.04296875	360.08495330810547	89	TimesNewRomanPSMT
Klimabedingungen beim zweitenVorstoß weiterVordringen kann, wenn erdurch	36.150001525878906	159.792236328125	10.042510986328125	360.21163177490234	89	TimesNewRomanPSMT
seine eigene Seitenmoräne des ersten Vorstoßes eingeengtwird.	36.0	170.45712280273438	10.023223876953125	278.6711120605469	89	TimesNewRomanPSMT
Aufjeden Fallläßtsich im Bereich des Oberlaufs des Middle BoulderCreek	56.54999923706055	181.2542724609375	10.02691650390625	339.7681770324707	89	TimesNewRomanPSMT
belegen, daß sich das Early Stade derPinedale Glaciation differenzierter abge­	35.849998474121094	191.34542846679688	10.038360595703125	358.07999420166016	89	TimesNewRomanPSMT
spielthat, als bisherangenommen wurde. Zwarhaben schon Madole (1969) und	35.849998474121094	202.53826904296875	10.047637939453125	365.1073989868164	89	TimesNewRomanPSMT
Bonnett (1970) ein mögliches selbständiges Stadium zwischen dem Early Stade	35.70000076293945	213.34347534179688	10.0408935546875	359.6593132019043	89	TimesNewRomanPSMT
unddem Middle Stade der Pinedale Glaciation als These postuliert, doch von	36.0	224.14083862304688	10.0443115234375	364.3183288574219	89	TimesNewRomanPSMT
Pinedale-Moränen bzw. deren Resten vorden mächtigen Ablagerungen des Pine-	35.70000076293945	234.79165649414062	10.04327392578125	357.8585624694824	89	TimesNewRomanPSMT
dale-Hauptvorstoßes warbishernoch nichts bekannt. Keine abweichenden Resul­	35.54999923706055	245.4432373046875	10.04119873046875	358.0774726867676	89	TimesNewRomanPSMT
tate ergab die Untersuchung im Taldes Oberlaufs des Middle BoulderCreek hin­	35.70000076293945	255.7906494140625	10.0445556640625	357.4799919128418	89	TimesNewRomanPSMT
sichtlich des Middle- undLate Stade derPinedale Glaciation undderNeoglacia-	35.54999923706055	266.59814453125	10.03485107421875	357.30229568481445	89	TimesNewRomanPSMT
tion. In diesen Punkten konnte die vorliegende Glazialchronologie der Rocky	35.54999923706055	277.2408142089844	10.044342041015625	359.7460517883301	89	TimesNewRomanPSMT
Mountains bestätigtwerden. Insgesamt deutetsich jedoch an, daß die 1965 von	35.25	287.8883972167969	10.047454833984375	364.46832275390625	89	TimesNewRomanPSMT
Richmond aufgestellte relative Chronologie derRocky Mountains zumindestfür	35.25	298.5528869628906	10.028717041015625	361.5982666015625	89	TimesNewRomanPSMT
das Jungpleistozän weiteruntergliedertwerden kann.	35.25	309.3390197753906	10.046661376953125	240.26229858398438	89	TimesNewRomanPSMT
Literatur	194.5500030517578	345.19451904296875	9.457000732421875	40.37530517578125	90	TimesNewRomanPSMT
Agard, S. (1974): Neoglacial chronology in the Fourth of July Cirque. - Unpublished term-	34.5	365.8831787109375	8.500823974609375	358.0864562988281	91	TimesNewRomanPSMT
paper, Boulder.	55.5	374.583251953125	8.500701904296875	55.50386047363281	91	TimesNewRomanPSMT
Benedict, J. B. (1967): Recent glacial history of an alpine area in the Colorado Front Range,	34.650001525878906	383.42840576171875	8.506988525390625	357.8064498901367	91	TimesNewRomanPSMT
U.S.A. I. Establishing a lichengrowth curve. - J. Glaciol., 6: 817-832.	55.5	392.130859375	8.503814697265625	258.52899169921875	91	TimesNewRomanPSMT
(1968): Recent glacial history of an alpine area in the Colorado FrontRange, U.S.A. II.	55.349998474121094	400.8309631347656	8.503662109375	336.9126968383789	91	TimesNewRomanPSMT
Dating the glacial deposits. - J. Glaciol., 7: 77-87.	55.5	409.6826171875	8.50152587890625	191.44943237304688	91	TimesNewRomanPSMT
(1973): Chronology of cirque glaciation, Colorado FrontRange. - Quaternary Research, 3:	55.5	418.080810546875	8.503875732421875	336.4544982910156	91	TimesNewRomanPSMT
584-599.	55.349998474121094	426.6346435546875	8.498916625976562	31.128990173339844	91	TimesNewRomanPSMT
Birkeland, P. W. (1973): Use of relative age dating methods in a Stratigraphie study of rode	34.349998474121094	435.6304626464844	8.50433349609375	359.11365509033203	91	TimesNewRomanPSMT
glacierdeposits, Mt. Sopris, Colorado. - Arct. Alp. Res., 5: 401-416.	55.20000076293945	444.4798583984375	8.505081176757812	254.25776290893555	91	TimesNewRomanPSMT
- (1974): Pedology, Weathering, and Geomorphological Research. - Oxford Univ. Press,	33.75	453.156005859375	8.535995483398438	358.1087646484375	91	TimesNewRomanPSMT
New York.	54.900001525878906	461.5824890136719	8.501708984375	39.90568542480469	91	TimesNewRomanPSMT
Birkeland, P. W. & C. D. Miller (1973): Re-interpretation of the type Temple Lake moraine	34.20000076293945	469.98028564453125	8.504531860351562	359.08381271362305	91	TimesNewRomanPSMT
and other Neoglacial deposits, Southern Wind River Mountains, Wyoming. - Geol. Soc.	55.04999923706055	478.8302001953125	8.504684448242188	336.3537483215332	91	TimesNewRomanPSMT
Am. Abs. 5: 465-466.	55.04999923706055	487.67938232421875	8.505691528320312	79.43019485473633	91	TimesNewRomanPSMT
Bonnett, R. B. (1970): Glacialsequence ofthe UpperBoulderCreek drainage basin in the Colo­	34.04999923706055	496.3802490234375	8.504608154296875	357.4305000305176	91	TimesNewRomanPSMT
rado Front Range. - Unpublished dissertation, Ohio State Univ.	55.04999923706055	504.9306640625	8.504043579101562	240.46791458129883	91	TimesNewRomanPSMT
Carroll, T. (1974): Relative age dating techniques and a late Quaternary chronology, Arikaree	34.04999923706055	513.3300170898438	8.504928588867188	358.7150764465332	91	TimesNewRomanPSMT
Cirque, Colorado. - Geology 2: 321-325.	54.900001525878906	522.330322265625	8.504486083984375	155.18022918701172	91	TimesNewRomanPSMT
Currey, D. R. (1974): Probable pre-Neoglacialage of the type Temple Lake moraine, Wyoming.	33.900001525878906	530.8792724609375	8.505874633789062	356.97228240966797	91	TimesNewRomanPSMT
- Arct. Alp. Res. 6: 293-300.	55.04999923706055	539.73095703125	8.503684997558594	108.90768814086914	91	TimesNewRomanPSMT
Madole, R. F. (1969): Pinedale and Bull Lake glaciation in upper St. Vrain drainage basin,	33.75	548.5808715820312	8.503807067871094	357.21661376953125	91	TimesNewRomanPSMT
BoulderCounty, Colorado. - Arct. Alp. Res. 1: 279-287.	54.599998474121094	557.4190673828125	8.51904296875	212.32898712158203	91	TimesNewRomanPSMT
(1972): Neoglacialfacies in the Colorado FrontRange. - Arct. Alp. Res. 4: 119-130.	54.900001525878906	565.8313598632812	8.503189086914062	313.03795623779297	91	TimesNewRomanPSMT
344	126.44999694824219	54.22509765625	10.0	14.899993896484375	92	TimesNewRomanPSMT
M. Gabriel	285.0	54.634765625	8.498779296875	41.759521484375	93	TimesNewRomanPSMT
Mahaney, W. (1972): Audubon: New name forColorado FrontRange NeoglacialDeposits for-	126.44999694824219	75.48114013671875	8.50347900390625	357.9614715576172	94	TimesNewRomanPSMT
merly called „Arikaree“. - Arct. Alp. Res. 4: 355-357.	147.75	84.031005859375	8.50372314453125	201.80404663085938	94	TimesNewRomanPSMT
- (1973): Neoglacialchronologyinthe Fourth ofJuly Cirque, CentralColorado FrontRange.	126.30000305175781	92.85601806640625	8.5360107421875	357.54981994628906	94	TimesNewRomanPSMT
- Geol. Soc. Am. Bull., 84: 161-170.	147.4499969482422	101.25604248046875	8.5360107421875	135.7313995361328	94	TimesNewRomanPSMT
Millett, M. T. (1956): Glaciation in the headwaters ofMiddle BoulderCreek, Colorado. - M. S.	126.30000305175781	109.67962646484375	8.50543212890625	357.9237518310547	94	TimesNewRomanPSMT
thesis, Univ. of Colo.	148.0500030517578	118.23187255859375	8.50250244140625	76.50956726074219	94	TimesNewRomanPSMT
Richmond, G. M. (1960): Glaciation of the eastslope of Rocky Mountain NationalPark, Colo­	126.75	126.92962646484375	8.50543212890625	357.8804931640625	94	TimesNewRomanPSMT
rado. - Geol. Soc. Am. Bull., 71: 1371-1382.	148.5	135.480224609375	8.504638671875	166.87234497070312	94	TimesNewRomanPSMT
(1965): Glaciation ofthe Rocky Mountains. - In Wright, H. E. & D. G. Frey (ed.), The	148.1999969482422	144.4794921875	8.505615234375	337.6182098388672	94	TimesNewRomanPSMT
Quaternary of the United Staets. - Princeton, N. J.	148.1999969482422	152.882568359375	8.50164794921875	195.4904327392578	94	TimesNewRomanPSMT
Schäfer, I. (1950): Die diluviale Erosion undAkkumulation. Erkenntnisse aus Untersuchungen	126.9000015258789	162.031494140625	8.503021240234375	359.80171966552734	94	TimesNewRomanPSMT
über die Talbildung im Alpenvorland. - Forschungnezurdeutschen Landeskunde, 49.	148.0500030517578	170.88055419921875	8.504241943359375	321.4965362548828	94	TimesNewRomanPSMT
Schneebeli, W. (1976): Untersuchungen vonGletscherschwankungen im Val de Bagnes. - Die	127.19999694824219	179.58132934570312	8.503265380859375	358.79090881347656	94	TimesNewRomanPSMT
Alpen 52: 5-57.	148.1999969482422	187.681640625	8.502838134765625	58.4119873046875	94	TimesNewRomanPSMT
Williams, J. (1973): Neoglacialchronology ofthe Fourth of July Cirque, CentralColorado Front	127.05000305175781	196.98117065429688	8.503448486328125	360.6499786376953	94	TimesNewRomanPSMT
Range: Discussion. - Geol. Soc. Am. Bull., 84: 3761-3765.	148.35000610351562	205.53021240234375	8.50469970703125	215.803955078125	94	TimesNewRomanPSMT
AnschriftdesAutors: Manfred Gabriel, LehrstuhlfürGeographie I, Postfach 1549, 8600 Bamberg.	127.05000305175781	240.1785888671875	8.50677490234375	357.27638244628906	95	TimesNewRomanPSMT
Z. Geomorph. N. F.	39.599998474121094	55.833740234375	8.50006103515625	69.6111831665039	96	TimesNewRomanPSMT
24	131.5500030517578	55.38525390625	8.4981689453125	7.79730224609375	97	TimesNewRomanPSMT
3	165.4499969482422	55.68182373046875	8.50262451171875	3.450836181640625	98	TimesNewRomanPSMT
345-355	189.60000610351562	55.383056640625	8.50103759765625	29.020721435546875	99	TimesNewRomanPSMT
Berlin• Stuttgart	237.75	55.2335205078125	8.5003662109375	64.49679565429688	100	TimesNewRomanPSMT
September1980	322.20001220703125	54.782958984375	8.5010986328125	55.61456298828125	101	TimesNewRomanPSMT
Revision de Tage de volcans de l’EifelOccidental	77.0999984741211	169.19400024414062	12.0467529296875	266.2486038208008	102	TimesNewRomanPSMT
par	199.9499969482422	192.65261840820312	10.029083251953125	18.993576049804688	103	TimesNewRomanPSMT
Etienne Juvigne, Liege	152.85000610351562	213.79803466796875	10.035003662109375	111.566162109375	104	TimesNewRomanPSMT
avec2 figures et3 tableaux	148.5	235.1231689453125	10.002471923828125	117.57806396484375	105	TimesNewRomanPSMT
Zusammenfassung. Aus verschiedenen Maaren der Westeifel wurden vonStraka (1975) zwei	28.350000381469727	264.3307189941406	8.5040283203125	360.03021812438965	106	TimesNewRomanPSMT
Typen vonAblagerungen beschrieben, nämlich im Liegenden Tuffstaub undim Hangenden	28.5	274.0804138183594	8.504425048828125	361.2261047363281	106	TimesNewRomanPSMT
organogene Schichten. Die Grenzen wurden durch Pollenanalysen undradiometrische Methoden	28.049999237060547	283.8306579589844	8.50408935546875	361.6240119934082	106	TimesNewRomanPSMT
datiert. Nach Straka (1954): „1. Da die Pioniervegetation bald nach Schluß derAusbrüche ein­	28.200000762939453	293.5811462402344	8.503448486328125	359.83051681518555	106	TimesNewRomanPSMT
setzte, kann eine größere Lücke zwischen derAblagerung des Tuffs undderMudde nichtklaffen.	28.200000762939453	303.3313903808594	8.503143310546875	359.4858818054199	106	TimesNewRomanPSMT
2. Die Lage derPionierspektren undderGrenze Tuff/Mudde im Pollendiagramm bestimmtsomit	28.049999237060547	313.0796203613281	8.50543212890625	362.55730056762695	106	TimesNewRomanPSMT
das Alter des Endes derAusbrüche.“ Sedimentologische undmineralogische Untersuchungen wur­	28.04998779296875	322.8307800292969	8.503936767578125	360.1390686035156	106	TimesNewRomanPSMT
den in den Tuffstauben (im Sinne vonStraka) des Hinkelsmaars undderHitsche durchgeführt.	28.200000762939453	332.57928466796875	8.505859375	359.9659538269043	106	TimesNewRomanPSMT
Dabei wurden typische Schwermineralspektren des Lösses der letzten Eiszeit in beiden Schlot­	28.200000762939453	342.3304748535156	8.50433349609375	359.68049240112305	106	TimesNewRomanPSMT
füllungen nachgewiesen. Außerdem sprechen die granulometrischen Kurven für Löß-Material. In	28.200000762939453	351.9284362792969	8.506988525390625	361.17121505737305	106	TimesNewRomanPSMT
diesen bislang untersuchten Löß-Füllungen treten außerdem 5 bis 23 % vulkanische Schwer­	28.200000762939453	361.6807861328125	8.503936767578125	359.68049240112305	106	TimesNewRomanPSMT
minerale auf. Das kann durch Umlagerung innerhalb derKrateroderdurch Einschaltung fremder	28.049999237060547	371.4305419921875	8.504241943359375	362.3463020324707	106	TimesNewRomanPSMT
Tuffe erklärt werden. Das Vorhandensein vonLöß undnicht vonTuffstaub in beiden unter­	28.200000762939453	380.88128662109375	8.503265380859375	359.8874626159668	106	TimesNewRomanPSMT
suchten Kraterfüllungen zeigt, daß die früheren Datierungen für die entsprechenden Ausbrüche	28.049999237060547	390.63116455078125	8.50341796875	360.7487678527832	106	TimesNewRomanPSMT
zu revidieren sind. Die früheren Datierungen stimmen nur mit der wichtigen klimatischen Ver­	27.899999618530273	400.38006591796875	8.504852294921875	359.8685245513916	106	TimesNewRomanPSMT
änderung überein, die am Ende derperiglazialen Lößablagerung stattgefunden hat. Daher müs­	28.200000762939453	410.12994384765625	8.5050048828125	359.5304985046387	106	TimesNewRomanPSMT
sen die einzelnen Ausbrüche vom Hinkelsmaar undder Hitsche deutlich älter sein, als bislang	28.049999237060547	419.87860107421875	8.506790161132812	361.06120681762695	106	TimesNewRomanPSMT
angenommen wurde. Außerdem läßt sich nach Untersuchungen in Mitteleuropa (Juvigne 1980)	28.049999237060547	429.48052978515625	8.504287719726562	358.7276496887207	106	TimesNewRomanPSMT
undbesonders in den beiden untersuchten Maaren feststellen, daß der oberste Laacher See-Tuff	27.899999618530273	439.23004150390625	8.5048828125	361.5229740142822	106	TimesNewRomanPSMT
im Maargebiet der Westeifel verbreitetist. Gemäß dem Beispiel des Hinkelmaars scheint ferner,	28.049999237060547	448.9822998046875	8.501968383789062	359.91044998168945	106	TimesNewRomanPSMT
daß die Diskussion über Alter undTuffherkunft zwischen Jungerius etal. (1968) undErlen-	28.049999237060547	458.73052978515625	8.504257202148438	359.1272163391113	106	TimesNewRomanPSMT
keuser etal. (1972) durch Probenentnahme in unterschiedlichen Schichten erklärt werden kann.	28.049999237060547	468.48040771484375	8.504409790039062	358.9787483215332	106	TimesNewRomanPSMT
Die hier vorgestellten neuen Ergebnisse sind als vorläufige Mitteilung zu werten. Detaillierte	27.899999618530273	478.23046875	8.504318237304688	360.6177005767822	106	TimesNewRomanPSMT
Lößprofil-Untersuchungen in weiteren Maaren werden zur Zeit durchgeführt. Jedohc führen die	27.899999618530273	487.97943115234375	8.505691528320312	360.5366153717041	106	TimesNewRomanPSMT
bereits vorgestellten Befunde zu einerneuen Stratigraphie derMaarausbrüche, nämlich mindestens	27.75	497.73004150390625	8.504867553710938	360.4967041015625	106	TimesNewRomanPSMT
teilweise zu einem weiterzurück liegenden Alter.	27.75	507.1808166503906	8.503875732421875	179.48248291015625	106	TimesNewRomanPSMT
Summary. The Maars of the West Eifel are partly filled with silt at the base and peatatthe	28.049999237060547	525.930908203125	8.503814697265625	360.2567329406738	107	TimesNewRomanPSMT
top. The silt formation has been recognised by H. Straka (1975) as autochthonous volcanic	27.75	535.531494140625	8.503036499023438	361.0432434082031	107	TimesNewRomanPSMT
material (“Tuffstaub”). The age of the volcanoes was determined according to pollen analysis	27.75	545.4302978515625	8.504493713378906	360.2581481933594	107	TimesNewRomanPSMT
and C14 datings applied to the peat formation. New analyses of this silt formation in the	27.75	555.1809692382812	8.503684997558594	360.40673828125	107	TimesNewRomanPSMT
0372-8854/80/0024-0345 $ 2.75	259.3500061035156	583.9578247070312	9.504600524902344	126.6009521484375	108	TimesNewRomanPSMT
© 1980 Gebrüder Borntraeger, D-1000 Berlin • D-7000 Stuttgart	194.5500030517578	594.2888793945312	7.0047760009765625	194.39146423339844	108	TimesNewRomanPSMT
