Deltas — Schwemmfächer — Priele	106.5	123.3721923828125	14.05291748046875	216.60556030273438	0	TimesNewRomanPS-BoldMT
Mit6 Abb. im Text	172.64999389648438	147.4571533203125	9.505401611328125	86.38262939453125	1	TimesNewRomanPSMT
Von Sieg h a r d Mor a w etz , Graz	146.85000610351562	170.5556640625	9.507293701171875	133.84848022460938	2	TimesNewRomanPSMT
Seit frühesten Zeiten interessierten die Flußmündungen, und unter ihnen	65.55000305175781	195.59722900390625	9.51824951171875	318.68650817871094	3	TimesNewRomanPSMT
nehmen die Deltas eine ganz besondere Stellung ein. Viele Abhandlungen, die	46.95000076293945	206.25909423828125	9.50286865234375	336.5629997253418	3	TimesNewRomanPSMT
sich sowohlmitDeltas der Alten wie der Neuen Weltbefaßten, wurden geschrie­	47.400001525878906	216.90835571289062	9.503814697265625	335.11351776123047	3	TimesNewRomanPSMT
ben. Es entwickelte sich eine umfangreiche Nomenklatur undman findet zahl­	47.25	227.70742797851562	9.505035400390625	335.3320617675781	3	TimesNewRomanPSMT
lose Einzelangaben über Formen und Wachstum weit verstreut in den ver­	47.400001525878906	238.33193969726562	9.53802490234375	334.9635238647461	3	TimesNewRomanPSMT
schiedensten Berichten und länderkundlichen Darstellungen. Die Darlegungen	47.099998474121094	249.1561279296875	9.5067138671875	336.5816116333008	3	TimesNewRomanPSMT
von0. Pesch el [1866], G. R. Gr ed ner [1878], F. P. Gulliver [1898], einem	46.79999923706055	259.8067932128906	9.505828857421875	335.8162727355957	3	TimesNewRomanPSMT
Schüler vonDavis, undO. Ma r inelli [1898] geben vor allem aus der Zeitder	47.54999923706055	270.60821533203125	9.5040283203125	334.0945625305176	3	TimesNewRomanPSMT
stürmischen Entwicklung der physischen Geographie über Gestaltung, Wachs­	47.25	281.408935546875	9.503082275390625	334.5135192871094	3	TimesNewRomanPSMT
tum und Umbildung der Deltas wichtigste Hinweise, während das Buch von	46.95000076293945	292.20751953125	9.504913330078125	340.16022872924805	3	TimesNewRomanPSMT
J. V. Sa mojlov aus jüngster Zeit[1956] außer allgemeinen Zusammenfassungen	46.650001525878906	302.8378601074219	9.530364990234375	336.48888397216797	3	TimesNewRomanPSMT
recht viele Angaben über russische und andere eurasiatische Flüsse enthält.	47.25	313.8084411621094	9.503692626953125	334.3523864746094	3	TimesNewRomanPSMT
In all diesen Ausführungen findet man sehr wechselnde Angaben über das	47.25	324.4284973144531	9.54248046875	335.1884460449219	3	TimesNewRomanPSMT
Deltawachstum unddie Deltaveränderungen. Es drängt sich die Beobachtung	46.95000076293945	335.4066162109375	9.506072998046875	333.99348068237305	3	TimesNewRomanPSMT
auf, daß Zeiten mit schnellerem und langsamerem Wachstum unregelmäßig	47.25	345.9075012207031	9.504913330078125	333.43756103515625	3	TimesNewRomanPSMT
abwechseln, wobei gerade dieser Wechsel das Beständige zu sein scheint. Aller	47.099998474121094	356.5574951171875	9.504913330078125	333.42420196533203	3	TimesNewRomanPSMT
Wahrscheinlichkeitnach hatman es bei den Deltaformen undDeltaveränderun­	46.79999923706055	367.4795837402344	9.54107666015625	334.06352615356445	3	TimesNewRomanPSMT
gen mit rhythmischen Phänomenen im Sinne H. Ka ufma nns [1929] zu tun.	46.95000076293945	378.0061340332031	9.5067138671875	333.2144889831543	3	TimesNewRomanPSMT
Zu den auffälligsten Erscheinungen gehört, daß immer wieder Dreiecks­	65.25	391.6580505371094	9.50421142578125	315.3135070800781	4	TimesNewRomanPSMT
formen beim Vorschuhen der Deltas undbei den jüngsten Vorbauten entstehen,	46.79999923706055	402.30657958984375	9.506088256835938	333.3249092102051	4	TimesNewRomanPSMT
die je nach der Geschwindigkeitder Vorgänge zwischen breiten Dreiecksformen	46.800018310546875	413.0941162109375	9.522293090820312	335.2442321777344	4	TimesNewRomanPSMT
bei langsamer undschmalen Schaufelformen bei schneller Entwicklung schwan­	46.5	423.7566223144531	9.506072998046875	333.91351318359375	4	TimesNewRomanPSMT
ken. Deltas sind aber nichts anderes als Schwemmfächer oder Schwemmkegel,	46.349998474121094	434.5587463378906	9.503326416015625	334.10633087158203	4	TimesNewRomanPSMT
die sich ins Wasser hinausbauen. E. d . Ma r tonne betonte dies 1926 nochmals	46.79998779296875	445.0579833984375	9.504287719726562	334.7774353027344	4	TimesNewRomanPSMT
recht ausdrücklich. Von den Schwemmfächern weiß man aus zahlreichen Bei­	46.79999923706055	456.00799560546875	9.504287719726562	333.4635200500488	4	TimesNewRomanPSMT
spielen, wie schnellsich Materialverlagerungen auf ihren Oberflächen vollziehen	46.650001525878906	466.9542236328125	9.5091552734375	335.0397262573242	4	TimesNewRomanPSMT
und daß dafür viel weniger eine Verbreiterung an der Basis oder eine Vor-	46.79999923706055	477.607421875	9.505020141601562	332.7364387512207	4	TimesNewRomanPSMT
schuhung an bestimmten Abschnitten maßgebend sind, sondern vielmehr die	46.95000076293945	488.10797119140625	9.504348754882812	333.99726486206055	4	TimesNewRomanPSMT
Ausbrüche der Wasser an den Kegel- undFächerspitzen. Wird das Wachstum	46.79999923706055	498.60845947265625	9.503677368164062	333.61113357543945	4	TimesNewRomanPSMT
der Schwemmfächer an zahlreichen Stellen durch die Schmalheit der Talböden,	46.650001525878906	509.557861328125	9.504470825195312	332.7079086303711	4	TimesNewRomanPSMT
auf denen sie sich aufbauen, beschränkt oder durch kräftige Erosion des	46.95000076293945	520.0582275390625	9.504043579101562	333.86677169799805	4	TimesNewRomanPSMT
Hauptflusses beschnitten, so fallen diese Hemmungen bei den Deltas meistweg	46.95000076293945	530.8565673828125	9.506080627441406	332.4276542663574	4	TimesNewRomanPSMT
undes kann zu immer weiteren Vorschuhungen undneuen Deltaringansetzungen	46.349998474121094	541.3576049804688	9.504806518554688	334.6591262817383	4	TimesNewRomanPSMT
kommen. Voraussetzung für dieses Wachstum istjedoch Erhöhung an der alten	46.349998474121094	551.992431640625	9.5244140625	334.8495559692383	4	TimesNewRomanPSMT
Deltaspitze, damit für den Weiterfluß nohc genügend Gefälle erhalten bleibt.	46.650001525878906	562.7997436523438	9.514961242675781	332.96077728271484	4	TimesNewRomanPSMT
Solche Erhöhungen sind für einen Weiterbau umsomehr nötig, da sich viele	47.099998474121094	573.5997924804688	9.514961242675781	333.3852310180664	4	TimesNewRomanPSMT
Deltabildungen während einer Zeitspanne abspielten undabspielen, in der der	46.79999923706055	584.2579956054688	9.504257202148438	332.23759841918945	4	TimesNewRomanPSMT
50	129.14999389648438	33.467041015625	9.49261474609375	8.396881103515625	5	TimesNewRomanPSMT
Sieg h a r d Mor a w etz	253.1999969482422	34.95953369140625	9.5023193359375	88.38203430175781	6	TimesNewRomanPSMT
Fächerbogens ausmachten. Diese Sandbankrinnensysteme ähnelten ganz den	132.0	56.2557373046875	9.50732421875	337.35968017578125	7	TimesNewRomanPSMT
Prielen im Watt. Die Abstände, mitdenen die Seitenäste in den Hauptastein­	132.0	67.03948974609375	9.5283203125	335.863525390625	7	TimesNewRomanPSMT
mündeten, betrugen bei den kleinen Seitenadern etwa das 3—6-fache der Haupt­	131.85000610351562	77.85760498046875	9.50482177734375	336.4468994140625	7	TimesNewRomanPSMT
astbreite, während die Länge der kleinsten Seitenäste das 7—10-fache, die der	132.14999389648438	88.6566162109375	9.506103515625	335.5889892578125	7	TimesNewRomanPSMT
größeren um das 20-fache der Abstände zwischen zwei Ästen ausmachten	132.75	99.45806884765625	9.50421142578125	337.0860900878906	7	TimesNewRomanPSMT
(Abb. 6). Auch auf diesen flachen Sandbänken begann bereits der Kampf um	133.5	110.40765380859375	9.5047607421875	335.4261169433594	7	TimesNewRomanPSMT
die Wasserscheide, die allerdings ersteine wenig gebuchtete Linie bildete. Den	131.25	121.35662841796875	9.506103515625	337.92364501953125	7	TimesNewRomanPSMT
Kilometern in den Flußsystemen der Großlandschaften, entsprachen hier die	133.1999969482422	132.15838623046875	9.50384521484375	336.3972625732422	7	TimesNewRomanPSMT
Dezimeter-, ja Zentimeterabstände. Warum auf den Sandbänken solche priel­	133.35000610351562	142.93585205078125	9.532958984375	335.5748596191406	7	TimesNewRomanPSMT
artige Miniaturflußbäume entstanden und die Gerinneanfänge und -abstände	133.1999969482422	153.7584228515625	9.5037841796875	336.93125915527344	7	TimesNewRomanPSMT
ähnliche Verhältnisse einhielten wie bei den regulären Talsystemen, dafür läßt	133.1999969482422	164.54415893554688	9.52227783203125	338.86094665527344	7	TimesNewRomanPSMT
sich keine befriedigende Antwort geben, soferne man sich nicht mit der Tat­	133.5	175.498046875	9.5172119140625	335.9959411621094	7	TimesNewRomanPSMT
sache begnügt, daß hier eben Formen in kleinsten Maßstäben auftraten.	133.64999389648438	186.30526733398438	9.50787353515625	303.86932373046875	7	TimesNewRomanPSMT
Stieß man ein Hölzchen am Beginn der ersten Rinnsale in den Sand, so sah	151.64999389648438	197.1083984375	9.503814697265625	317.0860595703125	7	TimesNewRomanPSMT
man, daß dortdas Wasser besonders heftig hervorquoll, während an den Partien	133.64999389648438	207.88165283203125	9.538421630859375	337.40252685546875	7	TimesNewRomanPSMT
dazwischen dies vielweniger der Fallwar. Dort, wo die ersten Wasseraustritte	134.10000610351562	218.5347900390625	9.534393310546875	336.5603332519531	7	TimesNewRomanPSMT
vor sich gingen, liefen kleinste unterirdische Wasseradern im Sand zusammen	133.9499969482422	229.35885620117188	9.50323486328125	337.0815887451172	7	TimesNewRomanPSMT
undder Wasserandrang wurde so groß, daß ein Hervorbrechen an der Ober­	134.39999389648438	240.15777587890625	9.504608154296875	334.9635314941406	7	TimesNewRomanPSMT
fläche eintreten mußte. Es wäre auch denkbar, daß an solchen Stellen ein Kapi-	134.5500030517578	251.10800170898438	9.50433349609375	334.7055206298828	7	TimesNewRomanPSMT
larsystem restlos mit Wasser gefüllt war, dadurch der Reibungswiderstand in	134.5500030517578	261.7583923339844	9.503814697265625	337.0294952392578	7	TimesNewRomanPSMT
ihm äußerst gemindert wurde unddas Wasser austrat. Solche Erscheinungen	134.6999969482422	272.548828125	9.5162353515625	336.68003845214844	7	TimesNewRomanPSMT
stellen sich auf stärker geneigtem Wiesen- und Ackergelände nach katastro­	135.14999389648438	283.3485412597656	9.516571044921875	334.66351318359375	7	TimesNewRomanPSMT
phalen Wolkenbrüchen gelegentlich ein, wo das Wasser fern vonjedem sicht­	135.0	294.0076599121094	9.5047607421875	335.11236572265625	7	TimesNewRomanPSMT
baren Gerinne dann plötzlich mehrere Dezimeter hoch aus dem Boden schießt,	135.14999389648438	304.80755615234375	9.504913330078125	335.3161926269531	7	TimesNewRomanPSMT
wie das während der Unwetterkaatstrophe am 12. August 1958 im Breitenau-	135.14999389648438	315.9048156738281	9.508453369140625	334.5828857421875	7	TimesNewRomanPSMT
tal im Steirischen Randgebirge zu beobachten war, wo im tiefgründigen Ver­	135.4499969482422	326.5548400878906	9.508453369140625	334.8135223388672	7	TimesNewRomanPSMT
witterungsmantel die unterirdischen Wasserstränge sich so füllten und aus­	135.89999389648438	337.3582458496094	9.5040283203125	334.363525390625	7	TimesNewRomanPSMT
weiteten, daß bei ihrem Austrittganze Höhlungen undGänge entstanden.	135.89999389648438	347.9837341308594	9.535736083984375	307.22344970703125	7	TimesNewRomanPSMT
Die Abstände undAnordnungen der Gerinne bei den Miniaturprielbäumen	153.75	358.50616455078125	9.5067138671875	318.449951171875	7	TimesNewRomanPSMT
sind sicher vonder Wasserführung im Sand und den kleinsten unterirdischen	136.8000030517578	369.45819091796875	9.50408935546875	335.57786560058594	7	TimesNewRomanPSMT
Wasserfäden mit abhängig. Wie jede kleinste Rinne ein Einzugsgebiet haben	136.64999389648438	380.10809326171875	9.50421142578125	335.6408996582031	7	TimesNewRomanPSMT
muß und ein Einschneiden immer erst in einigem Abstand vonden Kämmen,	137.10000610351562	390.88555908203125	9.53338623046875	333.1788635253906	7	TimesNewRomanPSMT
Rücken oder höchsten Höhen erfolgen kann, so müssen auch hier Mindest­	137.6999969482422	401.704833984375	9.508438110351562	333.0471649169922	7	TimesNewRomanPSMT
abstände zwischen den Wasseradern, so klein sie im mitWasser fastgesättigtem	138.0	412.3416748046875	9.525436401367188	333.96112060546875	7	TimesNewRomanPSMT
Sand auch sind, eingehalten werden. Folgtman einem Flußlauf oder auch nur	138.60000610351562	423.1488037109375	9.516220092773438	331.9654541015625	7	TimesNewRomanPSMT
einem ganz kleinen Flußbaum-Gerinnesystem vonder Hauptader aufwärts, so	138.3000030517578	433.80828857421875	9.503952026367188	334.3654022216797	7	TimesNewRomanPSMT
erreichtman sowohlin groß- wie kleinsträumigen Systemen rechtbald — dieses	138.89999389648438	444.30926513671875	9.502670288085938	333.4695739746094	7	TimesNewRomanPSMT
„bald“ gilt für die Anzahl der Gerinnegrößenordnungen, die zu durchwandern	139.35000610351562	455.23944091796875	9.528335571289062	333.7104797363281	7	TimesNewRomanPSMT
sind, um bis an ein Ende zu kommen — undzwar meistnach drei bis vier Ab­	139.9499969482422	465.9057312011719	9.507293701171875	331.21351623535156	7	TimesNewRomanPSMT
zweigungen, die zugleich ein Hineinschreiten in kleinere Einheiten darstellen.	139.9499969482422	476.4091796875	9.5028076171875	330.82456970214844	7	TimesNewRomanPSMT
Mitder Reihe Haupttal— wobei unter Haupttalein Talmiteinigen 1000 km2	140.5500030517578	487.04180908203125	9.525314331054688	330.6006622314453	7	TimesNewRomanPSMT
Einzugsgebiet verstanden sein soll — Nebental 1., Nebental 2. Ordnung oder	140.6999969482422	497.85791015625	9.50445556640625	330.44056701660156	7	TimesNewRomanPSMT
Kleintal vonnur mehr wenigen Kilometern Länge und Kleinsttälchen wird	141.0	508.5080261230469	9.504302978515625	330.41595458984375	7	TimesNewRomanPSMT
bereits eine Wasserscheide erreicht. In den großen Flußgebieten wie bei den	141.0	519.1581420898438	9.504150390625	332.6348876953125	7	TimesNewRomanPSMT
kleinen im Bereich der Miniaturflußbäume auf den Sandbänken und in den	141.3000030517578	529.8088989257812	9.503150939941406	332.16224670410156	7	TimesNewRomanPSMT
Prielgerinnen sind diese Abstufungen immer wieder anzutreffen. Sie kehren in	141.89999389648438	540.4588012695312	9.503318786621094	331.69976806640625	7	TimesNewRomanPSMT
den Deltas wieder, wo selbstauf den größten selten mehr als 3—4 erkennbare	142.5	550.9595947265625	9.502227783203125	330.9000549316406	7	TimesNewRomanPSMT
Deltafächer und-Vorbauten hintereinander zu erkennen sind. Die rhythmische	142.5	561.4561767578125	9.506698608398438	330.7483825683594	7	TimesNewRomanPSMT
Ordnung scheint da relativ eng begrenzt zu sein, während die Ausmaße der	143.5500030517578	571.9566040039062	9.506080627441406	328.53575134277344	7	TimesNewRomanPSMT
Fluß- undGerinnesysteme dagegen eine fastunbegrenzte Fülle aufzeigen.	143.5500030517578	582.4581298828125	9.504127502441406	305.57569885253906	7	TimesNewRomanPSMT
Deltas —	146.39999389648438	34.5108642578125	9.50067138671875	39.59538269042969	8	TimesNewRomanPSMT
Schwemmfächer —	190.8000030517578	34.51263427734375	9.49835205078125	80.54505920410156	9	TimesNewRomanPSMT
Priele	276.1499938964844	34.51336669921875	9.4974365234375	25.8089599609375	10	TimesNewRomanPSMT
Literaturnachweis	168.0	55.7877197265625	9.5306396484375	114.47195434570312	11	TimesNewRomanPSMT
51	385.6499938964844	33.31707763671875	9.49261474609375	8.3968505859375	12	TimesNewRomanPSMT
ANTIPA, G.: Das Überschwemmungsgebiet der	55.95000076293945	71.15399169921875	7.5030517578125	160.8449363708496	13	TimesNewRomanPSMT
unteren Donau. Anurarul Inst. Geologie al	66.30000305175781	77.75372314453125	7.50341796875	153.01695251464844	13	TimesNewRomanPSMT
Romaniei, Vol. IV, S. 225 ff. Bucuresti 1912.	66.44999694824219	84.5042724609375	7.502685546875	150.08859252929688	13	TimesNewRomanPSMT
— Les bonifications hydrobiologiques des Del­	55.5	91.25067138671875	7.50738525390625	161.64749145507812	13	TimesNewRomanPSMT
tas. Rappaport pour les rSunions scienti-	66.44999694824219	97.7037353515625	7.50335693359375	150.33758544921875	13	TimesNewRomanPSMT
fique de la Commission internst, pour l’ex-	66.30000305175781	104.00341796875	7.50384521484375	150.38497924804688	13	TimesNewRomanPSMT
ploration scientif. de la mer mediterranes.	66.44999694824219	110.4530029296875	7.5042724609375	150.13003540039062	13	TimesNewRomanPSMT
Bucuresti 1935.	66.5999984741211	117.05609130859375	7.5003662109375	50.85310363769531	13	TimesNewRomanPSMT
— Quelques observations concernant les bases	55.650001525878906	123.50299072265625	7.50439453125	162.29007720947266	13	TimesNewRomanPSMT
geophysiques des travaux destines ä assurer	66.30000305175781	129.80267333984375	7.5047607421875	150.3697509765625	13	TimesNewRomanPSMT
la navigabilit£ des bouches-du-Danube. Bull,	66.5999984741211	136.5535888671875	7.50360107421875	150.20299530029297	13	TimesNewRomanPSMT
de la Sect. scientif. de la Academie Rou-	66.44999694824219	143.15374755859375	7.50335693359375	150.20892333984375	13	TimesNewRomanPSMT
maine, XIX/8, Bucuresti 1938.	66.30000305175781	149.6026611328125	7.5047607421875	104.021484375	13	TimesNewRomanPSMT
CREDNER, G. R.: Die Deltas. Pet. Ergh. 56,	56.25	155.90066528320312	7.50732421875	159.8837432861328	13	TimesNewRomanPSMT
1878, Gotha.	67.05000305175781	162.50607299804688	7.500335693359375	41.113746643066406	13	TimesNewRomanPSMT
CZAJKA, W.: Schwemmfächer md Schwemm­	56.25	168.805419921875	7.501220703125	160.44749450683594	13	TimesNewRomanPSMT
ebene in der Piedmontzone. Die Erde, Bd. II,	66.5999984741211	175.25308227539062	7.50421142578125	149.53287506103516	13	TimesNewRomanPSMT
1950/51, 155—166.	66.9000015258789	181.85177612304688	7.50592041015625	59.701576232910156	13	TimesNewRomanPSMT
— Schwemmfächerbildung undSchwemmfächer­	55.79999923706055	188.15298461914062	7.50433349609375	161.04750442504883	13	TimesNewRomanPSMT
formen. Mitt. Geogr. Ges. Wien, Bd. 100,	66.5999984741211	194.75540161132812	7.501220703125	149.57630157470703	13	TimesNewRomanPSMT
1958, 18—36.	67.05000305175781	201.202880859375	7.504486083984375	42.96482849121094	13	TimesNewRomanPSMT
GULLIVER, F. H.: Shoreline Topography.	56.25	207.50338745117188	7.503814697265625	159.63954162597656	13	TimesNewRomanPSMT
USA Proceedings Amer. of Arts and Scien­	66.5999984741211	213.953369140625	7.50384521484375	150.09749603271484	13	TimesNewRomanPSMT
ces, Vol. XXXIV, 1899.	66.75	220.40264892578125	7.5047607421875	81.38539123535156	13	TimesNewRomanPSMT
KAUFMANN, H.: Rhythmische Phänomene der	56.400001525878906	226.85537719726562	7.501251220703125	160.09493255615234	13	TimesNewRomanPSMT
Erdoberfläche. Braunschweig 1929.	66.5999984741211	233.4539794921875	7.503082275390625	117.98538970947266	13	TimesNewRomanPSMT
LEPSI, I.: Das Gefälle der Talwege im Donau­	231.14999389648438	70.55340576171875	7.50384521484375	163.14749145507812	14	TimesNewRomanPSMT
delta. Pet. Mitt., Bd. 87, 1941, 267—270.	241.35000610351562	77.00299072265625	7.50439453125	145.1612548828125	14	TimesNewRomanPSMT
MARINELLI, Ö.: L’increscimente del delta del	230.85000610351562	83.752685546875	7.5047607421875	165.32275390625	14	TimesNewRomanPSMT
Po nel secolo. Rivista Geogr. Ital., XIX,	241.5	90.353515625	7.503662109375	152.17379760742188	14	TimesNewRomanPSMT
1898.	241.9499969482422	96.65264892578125	7.5047607421875	15.071487426757812	14	TimesNewRomanPSMT
— Süll etä dei delta dei fiumi italiani. La Geo­	230.6999969482422	103.1014404296875	7.50634765625	163.1475067138672	14	TimesNewRomanPSMT
graphie, XIV, Fase. 1—2, 1926.	241.35000610351562	109.7034912109375	7.503662109375	108.30303955078125	14	TimesNewRomanPSMT
MARTONNE de E.: Traite de Geographie Phy-	230.85000610351562	116.154296875	7.50262451171875	162.61398315429688	14	TimesNewRomanPSMT
sique. Tome second, 971—996, Paris 1926.	241.35000610351562	122.7550048828125	7.50177001953125	151.86981201171875	14	TimesNewRomanPSMT
PESCHEL, O.: Neue Probleme der vergleichen­	230.85000610351562	129.2030029296875	7.5042724609375	162.69747924804688	14	TimesNewRomanPSMT
den Erdkunde. Leipzig 1870, 110—129.	241.0500030517578	135.80487060546875	7.501953125	136.07630920410156	14	TimesNewRomanPSMT
PFANNENSTIEL, M.: Die Quartärgeschichte	230.6999969482422	142.40264892578125	7.5047607421875	163.85020446777344	14	TimesNewRomanPSMT
des Donaudeltas. Bonner Geogr. Abhand­	241.35000610351562	148.703369140625	7.503814697265625	151.89749145507812	14	TimesNewRomanPSMT
lungen, H. 6, Bonn 1950.	241.0500030517578	155.0025634765625	7.5048828125	89.76979064941406	14	TimesNewRomanPSMT
RÜSSEL, R. J.: Morphologie des Mississippi­	230.5500030517578	161.6036376953125	7.503509521484375	162.54750061035156	14	TimesNewRomanPSMT
deltas. Geogr. Zeitschr., 45. Bd., 1939,	241.1999969482422	167.90338134765625	7.503814697265625	151.28855895996094	14	TimesNewRomanPSMT
28i_ 293.	241.0500030517578	173.9039306640625	7.50311279296875	29.319015502929688	14	TimesNewRomanPSMT
SAMOJLOV, I. V.: Die Flußmündungen.	230.5500030517578	181.25390625	7.503143310546875	161.4862518310547	14	TimesNewRomanPSMT
Gotha 1956.	241.35000610351562	187.70263671875	7.504791259765625	40.57147216796875	14	TimesNewRomanPSMT
SLANAR, H.: Zur Kartographie und Morpho­	230.5500030517578	194.00509643554688	7.501617431640625	162.0974884033203	14	TimesNewRomanPSMT
logie des Donaudeltas. Wiener Geogr. Stu­	240.75	200.4525146484375	7.504974365234375	151.89749145507812	14	TimesNewRomanPSMT
dien, H. 12, Wien 1945.	241.0500030517578	206.90261840820312	7.504791259765625	86.77146911621094	14	TimesNewRomanPSMT
WILHELMY, H.: Umlaufseen und Dammufer­	230.39999389648438	213.50350952148438	7.503662109375	162.24749755859375	14	TimesNewRomanPSMT
seen tropischer Tieflandflüsse. Zeitschrift	241.1999969482422	219.9525146484375	7.504974365234375	153.7007598876953	14	TimesNewRomanPSMT
f. Geomorphologie, Neue Folge, Bd. 2,	240.89999389648438	226.40301513671875	7.504302978515625	151.05734252929688	14	TimesNewRomanPSMT
H. 1/2, 1958, 27—64.	240.89999389648438	233.00286865234375	7.504486083984375	73.11480712890625	14	TimesNewRomanPSMT
Manuskript eingelangt im Herbst 1959	56.849998474121094	582.635009765625	9.503059387207031	161.09825897216797	15	TimesNewRomanPS-ItalicMT
4*	339.1499938964844	600.4844360351562	8.499198913574219	8.10247802734375	16	TimesNewRomanPSMT
