{"fields": null, "doi": null, "ref_string": "Rechtsverordnung vom 31. Oktober 1940 unter Naturschutz gestellt; im Landschaftsplan \"Vulkaneifel\" von 1968 ist es wie folgt beschrieben: \" ..."}
{"fields": null, "doi": null, "ref_string": "mit bedeutendem Erholungswert: Gebiet enth\u00e4lt vielf\u00e4ltige Bioz\u00f6nosen (oli\u00ad gotrophes Gew\u00e4sser, Verlandungsufer, Wiesen und Wald), Brut- und Rast\u00ad platz f\u00fcr Wassergefl\u00fcgel, besonders Enten und Taucher. Vorkommen seltener"}
{"fields": null, "doi": null, "ref_string": "Pflanzen (folgt Aufz\u00e4hlung) . Als Bemerkung ist angef\u00fcgt: \" ... Ausbau"}
{"fields": null, "doi": null, "ref_string": "Ahrens, W. (1932): Die Basaltvulkane des s\u00fcd\u00f6stlichen Laacher-See-Gebiets und ihre Lavastr\u00f6me. \u2014 In: Jb. preu\u00df. Geol. L.A. 53, S. 851\u2014878."}
{"fields": null, "doi": null, "ref_string": "Bosselmann, J. u. K. - H. Christmann (1974): Die Vogelwelt im Raum Andernach\u2014Mayen\u2014Cochem. \u2014 Beitr\u00e4ge zur Avifauna des Rhein\u00ad landes, H. 3."}
{"fields": null, "doi": null, "ref_string": "Fischer, H. (1979): Grenzen der Belastung der Laacher Landschaft. \u2014 In: Die Laacher Vulkaneifel \u2014 Erholungslandschaft oder Rohstofflieferant? Tagungsbericht d. Schutzgemeinschaft Deutscher Wald \u00fcber die Herbst\u00ad tagung in Maria Laach vom 26.-29. Oktober 1978, S. 48\u201462."}
{"fields": null, "doi": null, "ref_string": "Fischer, H. u. R. Graafen (1974): Die naturr\u00e4umlichen Einheiten auf Blatt 136/137 Cochem. \u2014 Bonn-Bad Godesberg. = Geographische Landes\u00ad aufnahme 1: 200 000, Naturr\u00e4umliche Gliederung Deutschlands."}
{"fields": null, "doi": null, "ref_string": "Frechen, J., M. Hopmann u. G. Knetsch (1976): Die vulka\u00ad nische Eifel. \u2014 Bonn (= Geologische Reihe, Bd. 2.)"}
{"fields": null, "doi": null, "ref_string": "H a l b f a s s, W. (1907): Der heutige Stand der Seichesforschung. \u2014 In: Ztschr. d. Ges. f. Erdkunde zu Berlin, S. 5\u201424."}
{"fields": null, "doi": null, "ref_string": "Henning, I. (1965): Das Laacher-See-Gebiet. Eine Stunde zur Hydrologie und Klimatologie. \u2014 Bonn. (= Arbeiten zur Rheinischen Landeskunde, 22.)"}
{"fields": null, "doi": null, "ref_string": "Mattem e, M. u. B. W. Scharf (1977): Zur Eutrophierung und Restau\u00ad rierung des Laacher Sees. \u2014 In: Arch. Hydrobiol, 80, 4, S. 506\u2014518."}
{"fields": null, "doi": null, "ref_string": "Meyer, E. (1979): Geologie des Laacher Vulkangebietes. \u2014 In: Die Laacher Vulkaneifel - Erholungslandschaft oder Rohstofflieferant? Tagungsbe\u00ad richt d. Schutzgemeinschaft Deutscher Wald \u00fcber die Herbsttagung in Maria Laach vom 26.-29. Oktober 1978, S. 40-47."}
{"fields": null, "doi": null, "ref_string": "Fischer: Naturschutzgebiet, Laacher See\" 101"}
{"fields": null, "doi": null, "ref_string": "M\u00fcller-Miny, H. (1959): Die naturr\u00e4umliche Gliederung am Mittelrhein. \u2014 Remagen, 74 Seiten. = Zusammendruck einer Beitragsfolge in den Ber. z. dt. Landeskunde Bd. 21, 2."}
{"fields": null, "doi": null, "ref_string": "N\u00fcchel, G. (1972): Vegetationskundliche Untersuchungen im Naturschutz\u00ad gebiet des Laacher Sees. \u2014 Masch. Ms. Pr\u00fcfungsarbeit f. d. Lehramt an Realschulen."}
{"fields": null, "doi": null, "ref_string": "Wilhelmy, H. (1977): Geomorphologie. \u2014 Kiel (= Hirts Stichwortb\u00fccher, H.2.)"}
