{"fields": null, "doi": null, "ref_string": "Altmann, F., Keck, J. undKeese, D.: Die Wirtschaftder Tschechoslowakei undPolens. M\u00fcnchen/Wien 1968."}
{"fields": null, "doi": null, "ref_string": "Atlas Wojewodztwa katowickiego: Warszawa1971."}
{"fields": null, "doi": null, "ref_string": "Barbag, J. undBerezowski, S.: \u00f6konomische Geographie derVolksrepublikPolen. Berlin 1956."}
{"fields": null, "doi": null, "ref_string": "Fisher, J. (ed.): City and RegionalPlanning in Poland. Ithaka, NewYork 1966."}
{"fields": null, "doi": null, "ref_string": "Herman, St.: Industrielle Konzentrationsgebiete in der Volksrepublik Polen. In: PM 1972/1, S. 11-15, 1972."}
{"fields": null, "doi": null, "ref_string": "Iwanicka-Lyra, E.: Gro\u00dfstadtballungen \u2014 methodische Probleme ihrerUntersuchung. In: PM 1972/1, S. 16-18 1972."}
{"fields": null, "doi": null, "ref_string": "Kossmann, O.: Lodz. Eine historisch-geographische Analy\u00ad se. W\u00fcrzburg 1966."}
{"fields": null, "doi": null, "ref_string": "Koter, M.: Geneza ukladu przestrzennego Lodzi przemy- slowej. IGPAN, Prace geograf. 79, Warszawa1969."}
{"fields": null, "doi": null, "ref_string": "Kortus, B.: Some Selected Problems of the Development and Structure of Cracow Industry. In: Geographia Po- lonica, 16, 1969, S. 41-49, 1969."}
{"fields": null, "doi": null, "ref_string": "Donbas and UpperSilesia- a comparative Analysis of the IndustrialRegions. In: GeographiaPolonica, 2, 1964, S. 183-192, 1964."}
{"fields": null, "doi": null, "ref_string": "Leszczycki, S., Kuklinski, A., Najgrakowski, M. und Grzescza, J.: Spatial Structure of Polish Industry in 1956. In: Przeglad Geograficzny, Vol. XXXII, Supl., S. 139-147, 1960."}
{"fields": null, "doi": null, "ref_string": "Markert, W. (ed.): Osteuropa-Handbuch Polen. K\u00f6ln/Graz 1959."}
{"fields": null, "doi": null, "ref_string": "Misztal, S.: Die Entwicklung der polnischen Ballungsge\u00ad"}
{"fields": null, "doi": null, "ref_string": "biete. In: PM 1972, 1, S. 22-24, 1972. \u2014 : Przemiany w strukturze przestrzennej przemyslu na ziemiach polskich w latach 1860-1965. Warszawa 1970."}
{"fields": null, "doi": null, "ref_string": "Changes in the Distribution of Industry in the Area of Poland in the Years 1860-1965. In: Studia Historiae"}
{"fields": null, "doi": null, "ref_string": "Oeconomicae, Vol. 5, 1970, S. 231\u2014241. Poznan 1970."}
{"fields": null, "doi": null, "ref_string": "Pakula, L.: Die Agglomerationsprozesse am Rand des"}
{"fields": null, "doi": null, "ref_string": "Oberschlesischen Industriebezirkes. (Man.) Krakow 1968."}
{"fields": null, "doi": null, "ref_string": "Plan Generalny Warszawy: Warszawa1965."}
{"fields": null, "doi": null, "ref_string": "Pounds, N.: The IndustrialGeography of Modern Poland."}
{"fields": null, "doi": null, "ref_string": "In: Econo mic Geography, Vol. 36, 1960, S. 231-253, 1960."}
{"fields": null, "doi": null, "ref_string": "Rajman, J.: Urbanisierungsprozesse undBev\u00f6lkerungsent\u00ad wicklung im Ballungsgebiet von Gorny Sl^sk. In: PM 1970, 4, S. 267-273, 1970."}
{"fields": null, "doi": null, "ref_string": "Rocznik Statystyczny: Warszawa1971. Rocznik Statystyczny Powiatow: Warszawa1971."}
{"fields": null, "doi": null, "ref_string": "W\u00f6hlke, W.: Das Potentialdes polnischen Wirtschaftsrau\u00ad mes unddie Probleme seiner Inwertsetzung. In: Geo\u00ad graphische Rundschau. S. 170-184, 1967."}
{"fields": null, "doi": null, "ref_string": "Wr\u00d3bel, A.: Methoden der Abgrenzung von Gro\u00dfstadt\u00ad"}
{"fields": null, "doi": null, "ref_string": "ballungen. In: PM 1972, 1, S. 19-21, 1972."}
{"fields": null, "doi": null, "ref_string": "Wrzosek, A.: Ver\u00e4nderungen der r\u00e4umlichen Struktur der Industrie Polens im Zeitraum 1946\u20141962. In: Scheidl- Festschrift, S. 382-384, Wien 1965. Wunderlich, E. (ed.): HandbuhcvonPolen. Berlin 1918."}
{"fields": null, "doi": null, "ref_string": "Zielinski, T.: Planrozwoju regionu katowickiego w okresie perspektywicznym. In: , Gospodarka planowa4 2/1969,"}
{"fields": null, "doi": null, "ref_string": "zit. n. WD 5/1969, S. 281-287, 1969."}
{"fields": null, "doi": null, "ref_string": "Zietek, L.: Nadrodze przeobrazen. In: TrybunaLudu, Nr."}
{"fields": null, "doi": null, "ref_string": "deutsch: Auf dem Wege derUmwandlung. In:"}
{"fields": null, "doi": null, "ref_string": "Wiss. Dienstf\u00fcrOstmitteleuropa, 6/1971, S. 346-347, 1971. Wissenschaftlicher Dienst f\u00fcr Ostmitteleuropa (WD): Hrsg.: J.-G.-Herder-InstitutMarburg/Lahn, Monatsschrift."}
{"fields": null, "doi": null, "ref_string": "W. E. Johnston and D. E. Hansen: Behavioral characteristics of purchasers of remote recreational subdivision parcels"}
