{"fields": null, "doi": null, "ref_string": "ti\u00f6n in the Continental Islands of Melanesia. Ninth"}
{"fields": null, "doi": null, "ref_string": "Pacific Science Congress, 1957, Bangkok/Thailand."}
{"fields": null, "doi": null, "ref_string": "Bartlett, H. H.: Possible Separate Origin and Evolution of the Ladang and Sawah Types of Tropical Agricul- ture. Ninth Pacific Science Congress, 1957, Bangkok Thailand."}
{"fields": null, "doi": null, "ref_string": "Bergeroo-Campagne: L\"Agriculture Nomade de la Tri- bu des N\"Dranouas en Cote-DTvoire. FAO-Publ. on"}
{"fields": null, "doi": null, "ref_string": "Shifting Cultivation, Vol. I, 1950."}
{"fields": null, "doi": null, "ref_string": "Bourke-Borrowes, D.R.S.: The Teak Industry of Siam. Bangkok 1927."}
{"fields": null, "doi": null, "ref_string": "Conklin, H.: Hanunoo Agriculture in the Philippines."}
{"fields": null, "doi": null, "ref_string": "FAO-Publ. on Shifting Cultivation, Vol. II, 1957."}
{"fields": null, "doi": null, "ref_string": "a. Credner, W.: Siam, das Land der Thais. (Eine Landes\u00ad kunde auf Grund eigener Reisen und Forschungen)."}
{"fields": null, "doi": null, "ref_string": "Verlag: Engelhorn, Stuttgart, 1935."}
{"fields": null, "doi": null, "ref_string": "Fosberg, F. R.: Tropical Pacific Grasslands and Savan- nas. s. o. Research Council, Washington, D. C., USA."}
{"fields": null, "doi": null, "ref_string": "Ninth Pacific Science Congress, 1957, Bangkok/Thai\u00ad land."}
{"fields": null, "doi": null, "ref_string": "Freeman, J. D.: The Methods of Land Usage Employed by the Iban of Sarawak in the Shifting Cultivation of Hill Rice. Department of Anthropology and Sociology."}
{"fields": null, "doi": null, "ref_string": "The Australian National University, Canberra, A. C."}
{"fields": ["title", "year"], "doi": "10.1038/179701e0", "ref_string": "T., Australia, 1957. Ninth Pacific Science Congress, 1957, Bangkok/Thailand."}
{"fields": null, "doi": null, "ref_string": "Garland, E. A.: The Methods of Management in the Mixed Deciduous Teak Bearing Forests of Kanara,"}
{"fields": null, "doi": null, "ref_string": "Bombay Presidency. The Indian Forester, 1934, S. 819 ff."}
{"fields": null, "doi": null, "ref_string": "Kerr, A. F. G.: Sketch of the Vegetation of Chiengmai (Siam). Royal Botanic Gardens, KEW. Bull, of Miscel- laneous Information, 1911."}
{"fields": null, "doi": null, "ref_string": "Krit Samapuddhi,: The Forests of Thailand and Fores- try Programs. Mitt. des Royal Forest Department, Bangkok/Thailand, 1957."}
{"fields": null, "doi": null, "ref_string": "Lafont, P. B.: Slash and Burn Culture Methods among the Mountain Peoples of Central Viet-Nam. Ninth"}
{"fields": null, "doi": null, "ref_string": "Pacific Science Congress, 1957, Bangkok/Thailand."}
{"fields": null, "doi": null, "ref_string": "Leach, E. R.: Some Economic Advantages of Shifting Cultivation. University of Cambridge, England. Ninth"}
{"fields": null, "doi": null, "ref_string": "Pacific Science Congress, 1957, Bangkok/Thailand."}
{"fields": null, "doi": null, "ref_string": "Letourneux, Ch.: Report to the Government of Thai\u00ad land on \"Reforestation in Thailand\". FAO-Report No. 47, 1952."}
{"fields": null, "doi": null, "ref_string": "Loetsch, F.: Inventory Methods for Tropical Forests. FAO-Report No. 545, 1956."}
{"fields": null, "doi": null, "ref_string": "Loetsch, F.: A Forest Inventory in Thailand. Unasylva, Vol. 11, No. 4, 1957."}
{"fields": null, "doi": null, "ref_string": "Loetsch, F.: Forest Inventory of the Northern Teak"}
{"fields": null, "doi": null, "ref_string": "Bearing Provinces of Thailand. FAO-Report, 1958."}
{"fields": null, "doi": null, "ref_string": "Loetsch, F.: The Teak Forests of Northern Thailand."}
{"fields": null, "doi": null, "ref_string": "World Crops, Vol. 10, No. 4, 1957."}
{"fields": null, "doi": null, "ref_string": "Glenn Trewartha: Climate as Related to the Jet Stream in the Orient 205"}
{"fields": null, "doi": null, "ref_string": "Marshall, C.: Land Utilization in the Humid Tropics. Forest Service Malaya. Ninth Pacific Science Congress, 1957, Bangkok/Thailand."}
{"fields": null, "doi": null, "ref_string": "Pit Hampananda: Reforestation of Imperata and other Wast Lands. Royal Forest Department, Thailand."}
{"fields": null, "doi": null, "ref_string": "Ninth Pacific Science Congress, 1957, Bangkok/Thai\u00ad land."}
{"fields": null, "doi": null, "ref_string": "Pelzer, K. ].: Agriculture in the Humid Tropics. Yale University, New Haven, Comm., USA. Ninth Pacific"}
{"fields": null, "doi": null, "ref_string": "Science Congress, 1957, Bangkok/Thailand."}
{"fields": null, "doi": null, "ref_string": "Pendleton, R. L.: Soils of Thailand. Soil Technology Advisor, Ministry of Agriculture, Thailand. Ninth"}
{"fields": null, "doi": null, "ref_string": "Pacific Science Congress, 1957, Bangkok/Thailand."}
{"fields": null, "doi": null, "ref_string": "Prasiddhi Phumxusri: Tea in Thailand. Me-Malai Farm, Chiengmai, Thailand. Ninth Pacific Science"}
{"fields": null, "doi": null, "ref_string": "Congress, 1957, Bangkok/Thailand."}
{"fields": null, "doi": null, "ref_string": "Rue de la, F. A.: Man\"s Influence on Tropical Vegeta\u00ad tion. Paris, Frankreich. Ninth Pacific Science Congress, 1957, Bangkok/Thailand."}
{"fields": null, "doi": null, "ref_string": "Tondeur: L\"Agriculture Nomade au Congo Beige. FAO- Publ. on Shifting Cultivation, Vol. I, 1950."}
{"fields": null, "doi": null, "ref_string": "Troup, R. S.: Teak Forests of Birma. The Indian"}
{"fields": null, "doi": null, "ref_string": "Forest Records, 1911, S. 11. 26. \u2014 : General Situation of Floods and Draughts expe- rienced in the Rivers of Thailand. Ver\u00f6ffentl. aus dem"}
{"fields": null, "doi": null, "ref_string": "Royal Thai Irrigation Deparment, 1956. CLIMATE AS RELATED TO THE JET STREAM IN"}
