{"fields": null, "doi": null, "ref_string": "Lehrplanarbeit im Schulfach Geographie.- In: geographie heute, H. 200, 4-7."}
{"fields": null, "doi": null, "ref_string": "Bartels, D. (1974): Schwierigkeiten mit dem Raumbegriff in der Geographie. - In: Geogra\u00ad phica Helvetica, Beiheft 2/3, 7-21."}
{"fields": null, "doi": null, "ref_string": "Bartels, D./Hard, G. (21975): Lotsenbuch f\u00fcr das Studium der Geographie als Lehrfach. - Bonn, Kiel."}
{"fields": null, "doi": null, "ref_string": "Blotevogel, H. H. (1995): Raum.- In: Handw\u00f6rterbuch der Raumordnung. Hannover, 733-739."}
{"fields": null, "doi": null, "ref_string": "Bonk, Th. (Hrsg., 2013): Lexikon der Erkenntnistheorie.- Darmstadt."}
{"fields": null, "doi": null, "ref_string": "Carol, H. (1956): Zur Diskussion um"}
{"fields": null, "doi": null, "ref_string": "Landschaft und Geographie. - In: Geographica Helvetica, 2, 111-132."}
{"fields": null, "doi": null, "ref_string": "Carol, H. (1963): Zur Theorie der Geogra\u00ad phie. - In: Mitteilungen der \u00d6sterreichischen Geographischen Gesellschaft, Bd. 105, H. 1/2, 23-38."}
{"fields": null, "doi": null, "ref_string": "Daum, E. (2006): Raumaneignung - Grund\u00ad konzeption und unterrichtspraktische"}
{"fields": null, "doi": null, "ref_string": "Relevanz. - In: GW-Unterricht, H. 103, 7-16."}
{"fields": null, "doi": null, "ref_string": "Dickel, M. (2006): TatOrte - Zur Implemen\u00ad tation neuer Raumkonzepte im Geographieun\u00ad"}
{"fields": null, "doi": null, "ref_string": "terricht.- In: Dickel, M./Kanwischer, D. (Hrsg.): TatOrte. Neue Raumkonzepte didaktisch inszeniert. Berlin, M\u00fcnster, 7-19."}
{"fields": null, "doi": null, "ref_string": "Dickel, M./Scharvogel, M. (2013): R\u00e4umli\u00ad ches Denken im Geographieunterricht.\u2014In:"}
{"fields": null, "doi": null, "ref_string": "Kanwischer, D. (Hrsg.): Geographiedidaktik. Ein Arbeitsbuch zur Gestaltung des Geographie\u00ad unterrichts. Stuttgart, 57-68."}
{"fields": null, "doi": null, "ref_string": "D\u00fcrr, H. (1979): F\u00fcr eine offene Geographie,"}
{"fields": null, "doi": null, "ref_string": "Egner, H. (2010): Theoretische Geographie. - Darmstadt."}
{"fields": null, "doi": null, "ref_string": "Gl\u00fcckler, J. (1999): Neue Wege geographi-"}
{"fields": null, "doi": null, "ref_string": "gramme in der Geographie. - Frankfurt."}
{"fields": null, "doi": null, "ref_string": "Gosztonyi, A. (1976): Der Raum. Geschichte seiner Probleme in Philosophie und Wissen\u00ad schaften. 2 Bde. -Ereiburg u. a."}
{"fields": null, "doi": null, "ref_string": "G\u00fcnzel, St. (Hrsg., 2012): Lexikon der Raumphilosophie. - Darmstadt."}
{"fields": null, "doi": null, "ref_string": "Hantschel, R./Koch, R. (1986): Raum- Konzeptionen in der Geographie. - In: Interna\u00ad tionale Schulbuchforschung, 129-144."}
{"fields": null, "doi": null, "ref_string": "Hard, G. (1973): Die Geographie. Eine wissenschaftstheoretische Einf\u00fchrung. - Berlin, New York."}
{"fields": null, "doi": null, "ref_string": "Hard, G (1977): Zu den Landschaftsbegriffen der Geographie. - In: Wallthor, A. H. v./Quirin,"}
{"fields": null, "doi": null, "ref_string": "H. (Hrsg. 1977): \"Landschaft\" als interdiszipli\u00ad n\u00e4res Forschungsproblem. M\u00fcnster, 13-23."}
{"fields": null, "doi": null, "ref_string": "Hard, G./Bartels, D. (1977): Eine \"Raum\"- Kl\u00e4rung f\u00fcr aufgeweckte Studenten. - In: Hard, G. (2003): Dimensionen geographischen Denkens. Bd. 2.- G\u00f6ttingen, 15-28."}
{"fields": null, "doi": null, "ref_string": "Holzkamp, K. (1968): Wissenschaft als Handlung. - Berlin."}
{"fields": null, "doi": null, "ref_string": "Jammer, M. (21980): Das Problem des Raumes. Die Entwicklung der Raumtheorien. - Darmstadt."}
{"fields": null, "doi": null, "ref_string": "K\u00f6ck, H. (1986): Axiomatische Leits\u00e4tze f\u00fcr"}
{"fields": null, "doi": null, "ref_string": "den Geographieunterricht. - In: K\u00f6ck, H. (Hrsg.): Theoriegeleiteter Geographieunterricht."}
{"fields": null, "doi": null, "ref_string": "L\u00fcneburg, 165-181."}
{"fields": null, "doi": null, "ref_string": "K\u00f6ck, H. (1987): Chorische Logik-die Grundperspektive geographischer Welt\u00ad"}
{"fields": null, "doi": null, "ref_string": "betrachtung. - In: Bahrenberg, G. etal. (Hrsg.): Geographie des Menschen. Dietrich Bartels zum Gedenken. Bremen, 179-194."}
{"fields": null, "doi": null, "ref_string": "K\u00f6ck, H. (1997): Die Rolle des Raumes als zu"}
{"fields": null, "doi": null, "ref_string": "K\u00f6ck, H. (2004): Der Raum - die Mitte der"}
{"fields": null, "doi": null, "ref_string": "Geographie. - In: K\u00f6ck, H./Rempfler, A.: Erkenntnisleitende Ans\u00e4tze - Schl\u00fcssel zur Profilierung des Geographieunterrichts. K\u00f6ln, 12-18."}
{"fields": null, "doi": null, "ref_string": "K\u00f6ck, H. (2005): Der chorologische Raum- Die Mitte der Geographie. - In: Horst, U.f Kanwischer, D./Strathenwerth, D. (Hrsg.): Die"}
{"fields": null, "doi": null, "ref_string": "Rhode-J\u00fcchtern. Berlin, 45-56."}
{"fields": null, "doi": null, "ref_string": "K\u00f6ck, H. (2008): Thesen zur innergeographi\u00ad"}
{"fields": null, "doi": null, "ref_string": "tion. -In: geographische revue, H. 1, 31-39."}
{"fields": null, "doi": null, "ref_string": "Maier, J./Paesler, R. etal. (1977): Sozialgeo\u00ad graphie.-Braunschweig."}
{"fields": null, "doi": null, "ref_string": "Mayer,). (Hrsg., 1993): Die aufger\u00e4umte"}
{"fields": null, "doi": null, "ref_string": "Loccum."}
{"fields": null, "doi": null, "ref_string": "Miggelbrink,). (2002): Der gez\u00e4hmte Blick."}
{"fields": null, "doi": null, "ref_string": "Jahrhunderts. - Leipzig."}
{"fields": null, "doi": null, "ref_string": "Neef, F. (1956): Die axiomatischen Grundlagen der Geographie. - In: Geographi\u00ad sche Berichte, 85-91."}
{"fields": null, "doi": null, "ref_string": "Neef, E. (1967): Die theoretischen Grundla\u00ad gen der Landschaftslehre. - Gotha."}
{"fields": null, "doi": null, "ref_string": "Rau, S. (2013): R\u00e4ume. Konzepte, Wahrneh\u00ad mungen, Nutzungen. - Frankfurt/NewYork."}
{"fields": null, "doi": null, "ref_string": "Sack, R. (1980): Conceptions ofgeographie space. - In: Progress in Human Geography. H. 3, 313-345."}
{"fields": null, "doi": null, "ref_string": "Schmitz, H. (1967/1969/1973): Der Raum. 3 Bde.-Bonn."}
{"fields": null, "doi": null, "ref_string": "Schultz, H.-D. (2007): Das war/ist geogra\u00ad phisches Denken... (Textausz\u00fcge von 1728 bis heute). 5 Bde. - Berlin."}
{"fields": null, "doi": null, "ref_string": "Seebacher, M. M. (2012): Raumkonstruktio\u00ad nen in der Geographie. - Wien."}
{"fields": null, "doi": null, "ref_string": "Seiffert, H. (101983): Einf\u00fchrung in die Wissenschaftstheorie. Bd. 1. - M\u00fcnchen."}
{"fields": null, "doi": null, "ref_string": "Thomale, E. (1972): Sozialgeographie. Eine"}
{"fields": null, "doi": null, "ref_string": "burg."}
{"fields": null, "doi": null, "ref_string": "Wardenga, U. (2002): Alte und neue Raumkonzepte f\u00fcr den Geographieunterricht. - In: geographie heute, H. 200, 8-11."}
{"fields": null, "doi": null, "ref_string": "Wardenga, U. (2006): Raum- und Kulturbe\u00ad griffe in der Geographie. - In: Dickel, M./ Kanwischer, D. (Hrsg.): TatOrte. Neue Raumkonzepte didaktisch inszeniert. - Berlin, M\u00fcnster, 21-47."}
{"fields": null, "doi": null, "ref_string": "Weichhart, P. (1999): Die R\u00e4ume zwischen"}
{"fields": null, "doi": null, "ref_string": "Geographie.- In: Meusburger, P. (Hrsg.): Handlungszentrierte Sozialgeographie. Benno Werlens Entwurf in kritischer Diskussion. Stuttgart, 67-94."}
{"fields": null, "doi": null, "ref_string": "Weichhart, P. (2010): Raumkonstruktionen,"}
{"fields": null, "doi": null, "ref_string": "Turns\" und Paradigmen. - In: W\u00e4hler, K./Pott, A./Denzer, V. (Hrsg.): Tourismusr\u00e4ume. Bielefeld, 21-39."}
{"fields": null, "doi": null, "ref_string": "Anschrift des Verfassers Prof. Dr. Dr. Helmuth K\u00f6ck, p.: Albert-Schweit- zer-Stra\u00dfe 14, 76877 Offenbach, d.: Universit\u00e4t"}
{"fields": null, "doi": null, "ref_string": "Koblenz-Landau, Campus Landau 3 iS. HER209/36. JAHRGANG/2014"}
{"fields": null, "doi": null, "ref_string": "Theoretische Grundlagen 2.1 Raumkonzepte"}
{"fields": null, "doi": null, "ref_string": "Obwohl in der Geographie eine Vielzahl unterschiedlicher Raumkonzepte (siehe Einleitungsbeitrag; K\u00f6ck 2006; Weichhart 2008, 75 ff.) diskutiert werden, wurde der"}
{"fields": null, "doi": null, "ref_string": "Fokus dieser Studie angesichts des Stel\u00ad lenwertes f\u00fcr den Geographieunterricht auf die Raumkonzepte nach Wardenga (2002.1; 2002.2) begrenzt. Demnach wird"}
{"fields": null, "doi": null, "ref_string": "zwischen folgenden vier Raumkonzepten unterschieden: Raum als Container, Raum als System von Lagebeziehungen, Raum als Kategorie der Sinneswahrnehmung und Raum als Konstrukt (ausf\u00fchrlich siehe Beitrag von K\u00f6ck in diesem Heft). Mit den Raumkonzepten verbunden sind Aussagen \u00fcber das Wesen des jeweiligen"}
{"fields": null, "doi": null, "ref_string": "k\u00f6nnen jedoch auch typische Frage- be\u00ad ziehungsweise Aufgabenstellungen so\u00ad"}
{"fields": null, "doi": null, "ref_string": "konzept korrespondierenden typischen Auswahl von Materialien in Kombina\u00ad tion passender Arbeitsauftr\u00e4ge respektive"}
{"fields": null, "doi": null, "ref_string": "Fachmethoden wider, mit denen diese erschlossen werden k\u00f6nnen (z. B. Ana\u00ad lyse des Bodens mittels pH-Meter oder Analyse der subjektiven Raumwahrneh\u00ad mungen mittels Auswertung von Mental- Maps, siehe Beitrag Bette in diesem Heft). 2.2 Einstellungen"}
{"fields": null, "doi": null, "ref_string": "Einstellungen sind \"(...) eine psychische Tendenz, die dadurch zum Ausdruck kommt, dass man ein bestimmtes Ob\u00ad jekt mit einem gewissen Grad an Zunei\u00ad gung oder Abneigung bewertet\" (Eagly und Chaiken 1993, 1, eig. \u00dcbersetzung). Ein\u00ad stellungen k\u00f6nnen sich zum einen in ih\u00ad rer Valenz (oder Richtung) unterschei\u00ad den, das hei\u00dft, sie sind positiv, negativ"}
{"fields": null, "doi": null, "ref_string": "oder neutral, zum anderen k\u00f6nnen sie in Bezug auf ihre St\u00e4rke unterschieden wer\u00ad den. Da sich jeder Stimulus begrifflich grunds\u00e4tzlich als Einstellungsgegenstand erfassen l\u00e4sst, k\u00f6nnen Einstellungsob\u00ad jekte sehr heterogen sein (z. B. konkrete, materielle Gegenst\u00e4nde, abstrakte Be\u00ad griffe oder Personen; vgl. Haddock und Maio"}
{"fields": null, "doi": null, "ref_string": "In der Einstellungsforschung wird zwischen verschiedenen Ans\u00e4tzen zur Modellierung der Einstellung unter\u00ad schieden. Am weitesten verbreitet ist der"}
{"fields": null, "doi": null, "ref_string": "sogenannte Drei-Komponenten-Ansatz nach Rosenberg und Hovland (1966), bei dem zwischen einer affektiven, einer kogni\u00ad tiven und einer Verhaltenskomponente unterschieden wird. \"Einstellung wird in diesem Modell als hypothetisches Kons\u00ad trukt verstanden, das zwischen beobacht\u00ad baren vorangegangenen Reizen (dass of"}
{"fields": null, "doi": null, "ref_string": "Stimuli) und nachfolgendem Verhalten (certain classes of response) vermittelt. Hierbei unterscheiden sie die folgenden"}
