{"fields": null, "doi": null, "ref_string": "Erde ihren Anteil an der Weltausfuhr bis 1971 auf 81 \u00b0/o steigern."}
{"fields": null, "doi": null, "ref_string": "Vgl. Lothar Julitz: Der Welthandel \u00e4ndert seine Struktur, Frank\u00ad furterAllgemeine Zeitung vom 24. 4. 1972."}
{"fields": null, "doi": null, "ref_string": "Buchholz, H. E.: Perspektiven des Welthandels mit Agrarprodukten. Handelspolitische Empfehlungen im Weltleitplan derFAO, in: Agrarwirtschaft, Jg. 19, 1970, Heft 7."}
{"fields": null, "doi": null, "ref_string": "Fa hrns chon, He lmut: Zur F\u00f6rderung des deutschen Agrarexports; in Mitteilungen der DLG, 58. Jg., 1970, Heft 51, S. 1568."}
{"fields": null, "doi": null, "ref_string": "Fa hrns chon, He lmut: Wettbewerb um Auslands\u00ad m\u00e4rkte; in: Marktwirtschaft, Heft 6, 1972. Fehlerbei derGetreidehilfe; in: FrankfurterAllgemeine Zeitungvom 1. 3. 1971."}
{"fields": null, "doi": null, "ref_string": "Food and Agriculture Organization: Trade in Agri\u00ad cultural Commodities in the United Nations Develop\u00ad ment Decade; Volume 1, Rome 1964, S. I\u201430."}
{"fields": null, "doi": null, "ref_string": "Ha ns me y e r, Ka rl-He inrich: Finanzielle Staatshilfen f\u00fcrdie Landwirtschaft; T\u00fcbingen 1963, S. 132 f."}
{"fields": null, "doi": null, "ref_string": "Krus e -Rode na cke r, A.: Die Organisation der Welt\u00ad agrarm\u00e4rkte; Ver\u00f6ffentlichung der Europ\u00e4ischen Wirt\u00ad schaftsgemeinschaft, Reihe Landwirtschaft, Bd. 15; Br\u00fcs\u00ad sel 1964, S. 25."}
{"fields": null, "doi": null, "ref_string": "Ot z e n, Ha ns: D\u00e4nen importieren auch. Verschiebun\u00ad gen des Agrarau\u00dfenhandels durch den Beitritt D\u00e4ne\u00ad marks zur EWG; in: Bauernblatt/Landpost vom 4.3. 1972."}
{"fields": null, "doi": null, "ref_string": "Zure k, Erns t: Die Wirtschafts- undagrarpolitische Be\u00ad"}
{"fields": null, "doi": null, "ref_string": "Forschungsgesellschaft f\u00fcr Agrarpolitik und Agrar\u00ad soziologie e. V.; Bonn 1971. Summaries"}
{"fields": null, "doi": null, "ref_string": "Central Wales. Structure and Renewal of a Rural Development Area inthe West of Great Britain By J\u00fcrge n Da hlke The employment structure of the six counties of Central Wales \u2014 Merioneth, Montgomery, Cardigan, Radnor, Carmarthen and Brecon \u2014 reveals the predominance of"}
