{"fields": null, "doi": null, "ref_string": "An ua r io Est a d ist ic o d e Cost a Ric a, 1966: - 1965 (San Jos\u00a3, Costa Rica). -, 1972: - 1970 (San Jose, Costa Rica)."}
{"fields": null, "doi": null, "ref_string": "Ba r t e ls D., 1973: \"Zur Kritik der b\u00fcrgerlichen Industriegeographie\", Geographische Zeit\u00ad schrift, 61, 4: 319-321."}
{"fields": null, "doi": null, "ref_string": "Vgl. z. B. die Arbeiten in De mogr a f ia y Ec on omia (Mexico DF) oder vonCa r r illo Flor e s 1974."}
{"fields": null, "doi": null, "ref_string": "Vgl. aber Sa n d n e r 1969, 1970 und Vor l\u00e4uf e r 1970, 1973 (mit Bezug auf Dar Es"}
{"fields": null, "doi": null, "ref_string": "Ba t a illon C., 1972: La ciudad yelcampoen elMexicocentral (MexicoDF)."}
{"fields": null, "doi": null, "ref_string": "Be c k G., 1973: Zur Kritik der b\u00fcrgerlichen Industriegeographie (G\u00f6ttingen)."}
{"fields": null, "doi": null, "ref_string": "Be r n a ue r U. und E. Fr e it a g, 1974: Poder popul \u00e4rin Chile am BeispielGesundheit. Doku\u00ad mente aus Elendsvierteln (Stein/N\u00fcrnberg)."}
{"fields": null, "doi": null, "ref_string": "Boe sle r K.-A., 1969: Kulturlandschaftswandeldurch raumwirksame Staatst\u00e4tigkeit (Berlin)."}
{"fields": null, "doi": null, "ref_string": "Gedanken zum Konzept der politischen Geographie\", Die Erde, 105, 1: 7\u201433."}
{"fields": null, "doi": null, "ref_string": "Ca br e r a G., 1974: (Diskussionsbeitrag zum Thema) \"Situaci\u00f6n yperspectivas demogr\u00e4ficas de Mexico\", in A. Ca r r illo Flor e s ed.: Di\u00e4logos sobre poblaci\u00f6n (Mexico DF), S. 127-137."}
{"fields": null, "doi": null, "ref_string": "Ca r d on a Gut ie r r e z R. ed., 1969: Urbanizacion y marginalidad (Bogota). -, 1970: Migracion ydesarrollourbano (Bogota)."}
{"fields": null, "doi": null, "ref_string": "Ca r r illo Flor e s A. ed., 1974: Di\u00e4logos sobre poblaci\u00f6n (MexicoDF)."}
{"fields": null, "doi": null, "ref_string": "Ca sa sc o J. A., 1969: \"The social function of the slum in Latin America: some positive aspects\", Am\u00f6rica Latina, 12, 3: 87-111."}
{"fields": null, "doi": null, "ref_string": "Die t z A. G. H., M. N. Kot h undJ. A. Silva, 1965: Housing in Latin America (Cambridge, Mass.)."}
{"fields": null, "doi": null, "ref_string": "Dir e c c ion Ge n e r a l d e Est a d ist ic a, 1962: VIII. Censo general de poblaci\u00f6n. 1960 (MexicoDF)"}
{"fields": null, "doi": null, "ref_string": "IX. Censogeneralde poblaci\u00f6n. 1970 (M\u00f6xicoDF). Ge r ma n i G., 1972: \"Aspectos te\u00f6ricos de la marginalidad\", Revista Paraguaya de Sociologia, 9, 23: 7-35."}
{"fields": null, "doi": null, "ref_string": "Ha r d G., 1973: Die Geographie. Eine wissenschaftstheoretische Einf\u00fchrung (Berlin/ NewYork)."}
{"fields": null, "doi": null, "ref_string": "He r old D., 1974: \", PoliticalGeography* und, Geopolitics\"\", Die Erde, 105, 2: 200-213."}
{"fields": null, "doi": null, "ref_string": "Hun t e r D. R., 1964: The slums; challenge and response (NewYork/Toronto)."}
{"fields": null, "doi": null, "ref_string": "Le e d s A., 1969: \"The significant variables determining the character of squatter Settle\u00ad ments\", America Latina, 12, 3: 44-86."}
{"fields": null, "doi": null, "ref_string": "Le n g G., 1973: \"Zur, M\u00fcnchner* Konzeption der Sozialgeographie\", Geographische Zeit\u00ad schrift, 61, 2: 121-134."}
{"fields": null, "doi": null, "ref_string": "Le wis O., 1961: The children of S\u00e4nchez: autobiography of a Mexican family (New York)."}
{"fields": null, "doi": null, "ref_string": "La vida. A PuertoRican family in the culture of poverty (New York/San Juan)."}
{"fields": ["number", "title"], "doi": "10.1038/scientificamerican1069-114", "ref_string": "The possessions of the poor\", Scientific American, 221, 4: 114-124."}
{"fields": null, "doi": null, "ref_string": "Lic ht e n be r ge r E., 1972: \"Die st\u00e4dtische Explosion in Lateinamerika\", Zeitschrift f\u00fcr Lateinamerika, 4: 33-55."}
{"fields": ["number", "title"], "doi": "10.1038/scientificamerican1067-21", "ref_string": "Ma n gin W. P., 1967: \"Squatter Settlements\", Scientific American, 217, 4: 21-29."}
{"fields": null, "doi": null, "ref_string": "a): \"Latin American squatter Settlements: a problem and a solution\", Latin American Research Review, 2: 65-98."}
{"fields": null, "doi": null, "ref_string": "Ma r x K., 1972 (1872): Das Kapital. Kritik der politischen \u00d6konomie, Band 1 (Frank\u00ad furt/M.)."}
{"fields": null, "doi": null, "ref_string": "Nic k e l H. J., 1973: Unterentwicklung als Marginalit\u00e4t in Lateinamerika. Einf\u00fchrung und Bibliographie zueinem lateinamerikanischen Thema (M\u00fcnchen)."}
{"fields": null, "doi": null, "ref_string": "Nun J., 1969: \"Superpoblaci\u00f6n relativa, ejercito industrial de reserva o masa marginal\", Revista Latinoamericana de Sociologia, 5, 2: 178-235."}
{"fields": null, "doi": null, "ref_string": "Of ic in a Na c ion a l d e Est a d ist ic a y Ce n sos, 1972: Los pueblos j\u00f6venes en elPeru (Lima)."}
{"fields": null, "doi": null, "ref_string": "Pr e sc ot t J. R. V., 1972: Politicalgeography (London)."}
{"fields": null, "doi": null, "ref_string": "Einf\u00fchrungin die Politische Geographie (M\u00fcnchen)."}
{"fields": null, "doi": null, "ref_string": "Ra y T. F., 1969: The politics of the barriosof Venezuela (Berkeley/Los Angeles)."}
{"fields": null, "doi": null, "ref_string": "Ruppe r t K. und F. Sc ha f f e r, 1974: \"Zu G. Leng\"s Kritik der \u00bbM\u00fcnchener* Konzeption der Sozialgeographie\", Geographische Zeitschrift, 62, 2: 114-118."}
{"fields": null, "doi": null, "ref_string": "He r be r t J. Nic k e l Sa n d n e r G., 1969: Die Hauptst\u00e4dte Zentralamerikas. Wachstumsprobleme, Gestaltwandel und Sozialgef\u00fcge (Heidelberg)."}
{"fields": null, "doi": null, "ref_string": "Panama - Strukturmerkmale und Leitlinien der sozialr\u00e4umlichen Desintegration einer lateinamerikanischen Gro\u00dfstadt\", Die Erde, 101, 4: 265-283 1973: \"Die bev\u00f6lkerungsgeographische Problematik\" in G. Sa n d n e r und H.-A. St e ge r eds.: Lateinamerika (Frankfurt/M.), S. 45-61."}
{"fields": null, "doi": null, "ref_string": "Der Verst\u00e4dterungsproze\u00df\", a.a.O., S. 62-80. - undH.-A St e ge r eds., 1973: Lateinamerika (Frankfurt/M.)."}
{"fields": null, "doi": null, "ref_string": "Sc he uc h E. K., 1969: \"\u00f6kologischer Fehlschlu\u00df\", in W. Be r n sd or f ed.: W\u00f6rterbuch der Soziologie (Stuttgart), S. 757-758."}
{"fields": ["number", "title"], "doi": "10.3112/erdkunde.1957.01.01", "ref_string": "Sc h\u00f6lle r P., 1957: \"Wege und Irrwege der politischen Geographie und Geopolitik\", Erd\u00ad kunde, 11, 1: 1-20."}
{"fields": null, "doi": null, "ref_string": "St e r n C., 1973: Las regiones de Mexico y sus niveles de desarrollo socioecon\u00f6mico (MexicoDF)."}
{"fields": null, "doi": null, "ref_string": "Un it e d Na t ion s, 1971: Report onthe world socialSituation. 1970 (NewYork). -, 1971: Improvement of slums and uncontrolled settlements (NewYork)."}
{"fields": null, "doi": null, "ref_string": "Ur quid i V. L., 1972: \"Perfilgeneral; economia ypoblaci\u00f6n\", in D. Iba r r a etal.: ElPerfil de Mexicoen 1980 (MexicoDF), S. 3-13, Band 1."}
{"fields": null, "doi": null, "ref_string": "und \u00c4. Ga r c ia Roc ha, 1973: \"La construccion de vivienda y el empleo en Mexico\", Demografia yEconomia, 7, 1: 1-23."}
{"fields": null, "doi": null, "ref_string": "Ve r e in t e Na t ion e n (Fr \u00f6be l, F., J. He in r ic hs und O. Kr e ye eds.), 1974: Die Armut des Volkes (Reinbek bei Hamburg)."}
{"fields": null, "doi": null, "ref_string": "Vor la uf e r K., 1970: Koloniale und nachkoloniale Stadtplanung in Dar Es Salaam (Frank\u00ad furt/M.)"}
{"fields": null, "doi": null, "ref_string": "Dar Es Salaam. Bev\u00f6lkerung und Raum einer afrikanischen Gro\u00dfstadt unter dem Einflu\u00df vonUrbanisierungs- undMobilit\u00e4tsprozessen (Hamburg)."}
{"fields": null, "doi": null, "ref_string": "Heidelberg)"}
{"fields": null, "doi": null, "ref_string": "Mit 2 Karten und4 Abbildungen Erwin Gentz mit den besten W\u00fcnschen zum 25. September 1975 gewidmet. Mauritiusgilt mit vollem Recht als Zuckerinsel: 54% der Gesamtfl\u00e4che der Insel sind mit Zuckerrohr bestanden; 94% der Anbaufl\u00e4che werden von"}
