{"fields": null, "doi": null, "ref_string": "ihre jetzige und k\u00fcnftige pers\u00f6nliche Einstellung zum Thema Rei\u00ad sen hinterfragen."}
{"fields": null, "doi": null, "ref_string": "also vielmehr als Reisetypen aufzufassen,"}
{"fields": null, "doi": null, "ref_string": "Baratta, M. u. a.: Der Fischer Weltalamanach 2005. Frankfurt/Main 2004."}
{"fields": null, "doi": null, "ref_string": "Junck, R.: Wieviel Touristen pro Hektar und Strand? In: GEO, H. 10, 1980, S. 154-156."}
{"fields": null, "doi": null, "ref_string": "K\u00f6ck, H.: Raumbezogene Schl\u00fcsselqualifika\u00ad tionen - der fachimmanente Beitrag des Geo\u00ad graphieunterrichts zum Lebensalltag des Ein\u00ad zelnen und Funktionieren der Gesellschaft. In:"}
{"fields": null, "doi": null, "ref_string": "Geographie und Schule H. 84, 1993, S. 14-22."}
{"fields": null, "doi": null, "ref_string": "M\u00e4der, U.: Sanfter Tourismus: Alibi oder Chance, die Schweiz ein Vorbild f\u00fcr die Entwicklungsl\u00e4nder? Arbeitskreis Tourismus und Entwicklung. Z\u00fcrich 1985."}
{"fields": null, "doi": null, "ref_string": "Mose, I.: Sanfter Tourismus - Schlagwort, Chance, Utopie? In: geographie heute, H. 143, 1996, S. 4-9."}
{"fields": null, "doi": null, "ref_string": "Dr. David Golay ist Lehrer f\u00fcr Geographie und Mathematik an der Sekundarschule Gelterkinden. Dr. rer. nat. David Golay, Im Grund 54, CH-4464 Anwil, E-Mail: golay- bacci@bluewin.ch"}
