{"fields": null, "doi": null, "ref_string": "Bleck, J. und N. van de Walle (2010): Parties and Issues in Francophone West Africa: Towards a Theory of Non-Mobilization. Ithaka, NYC Mario Einaudi Center for International Studies. Working Paper Series 1-10."}
{"fields": null, "doi": null, "ref_string": "Br\u00f6ning, M. (2006): Den Blick weiten: Politischer Islam in Westafrika. Friedrich-Ebert-Stiftung. IPG 3/2006. http://library.fes.de/pdf-files/id/ ipg/03902.pdf"}
{"fields": null, "doi": null, "ref_string": "Elischer, S. und G. Erdmann (2012): Regionalorganisationen in Afrika - eine Bilanz GIGA Focus Afrika 3/2012. GIGA German Institute of Global and Area Studies, Hamburg"}
{"fields": ["number", "title"], "doi": "10.1080/1351034042000238176", "ref_string": "Erdmann. G. (2004): Party Research: Western European Bias and the African Labyrinth\". Democratization 11. S. 63-87"}
{"fields": null, "doi": null, "ref_string": "Jaspert. J. (2010): Regionalismus im s\u00fcdlichen Afrika. Die Handels- und Sicherheitspolitik der SADC. Wiesbaden"}
{"fields": null, "doi": null, "ref_string": "Julien. S. (2011): Le Sahel comme espace de transit des stupefiants. Acteurs et consequences politiques. Herodote 142, S. 139-140"}
{"fields": null, "doi": null, "ref_string": "Moseley. W.G. und L.C. Gray (2008): Introduction. Cotton, Globalization, and Poverty in Africa. In: W.G. Mosely und L.C. Gray (Hrsg.): Hanging by a thread, cotton, globalization, and poverty in Africa. Athens. Ohio. S. 1-31"}
{"fields": null, "doi": null, "ref_string": "Mayrargue. C. (2008): Les dynamiques paradoxales du pentec\u00f6tisme en Afrique subsaharienne. IFRI. Paris, www.ifri.org/downloads/ mayrarguefinalfr.pdf"}
{"fields": null, "doi": null, "ref_string": "McKinsey Global Institute (2010): Lions on the move: The progress and potential of African economies. Washington, www.mckinsey.com/ insights/africa/lions_on_the_move"}
{"fields": null, "doi": null, "ref_string": "Oberl\u00e4nder, R. (1878): Westafrika vom Senegal bis Benguela. Reisen und Schilderungen aus Senegambien, Ober- und Niederguinea. Leipzig OECD (2013): http://stats.oecd.org"}
{"fields": null, "doi": null, "ref_string": "S\u00f6derbaum, F. und /. Taylor (Hrsg.) (2008): Afro-Regions. The Dynamics of Cross-Border Micro-Regionalism in Africa. Nordiska Afrikainstitutet, Uppsala"}
{"fields": null, "doi": null, "ref_string": "UNODC (2013): www.unodc.org/westandcentralafrica/en/west-africa-coast- initiative.html"}
{"fields": null, "doi": null, "ref_string": "Verschave. F.-X. (2002): Noir silence. Qui arretera la Francafrique? Paris"}
{"fields": null, "doi": null, "ref_string": "Wiese. B. (2000): Westafrikas atlantische Fassade -Geopolitik einer Krisen\u00ad region. Geographische Rundschau 52 (11), S. 60-61 SUMMARY"}
