{"fields": null, "doi": null, "ref_string": "Anschriften der Mitarbeiter: Prof. Dr. W. Ahrens, Krefeld, Westwall 124 / Dr. Ernst Barners, Bonn, Bl\u00fccherstrafle 15 / Stud.-Rat Dr. Karl Mathias, Wiebelskirchen (Saar), Kirchhof\u00ad"}
{"fields": null, "doi": null, "ref_string": "stra\u00dfe 28c / Stud.-Ass. B. Sdiiel, Trier, Friedridi-Wilhelm-Str. 48 / Stud.-Ass. F.-J. Faas, Stud.-Ass."}
{"fields": null, "doi": null, "ref_string": "A. Backes, Trier, Studienseminar am Friedrich-Wilhelm-Gymnasium / Stud.-Ref. Willi Blum. Karls\u00ad m\u00fchle, Post Ruwer bei Trier / Stud.-Rat P. Schemitz, Ruwer b. Trier, Trierstr. la / Weinbau\u00ad oberlehrer H. Wolf, Trier, Kurf\u00fcrstenstr. 23."}
{"fields": null, "doi": null, "ref_string": "Anschriften der Herausgeber: Prof. Dr. Julius Wagner, Frankfurt/Main, Garten\u00ad"}
{"fields": null, "doi": null, "ref_string": "stra\u00dfe 66 / Oberstudiendirektor Dr. Max Unterhorst, Peine, Becthoveustra\u00dfe 15."}
{"fields": null, "doi": null, "ref_string": "Bild nach weis: Stud.-Ass. B. Schiel, Trier, Friedrich-Wilhelm-Str. 48 (1, 2, 3, 6, 7, 8); Stud.-Ass."}
{"fields": null, "doi": null, "ref_string": "F.-J. Faas, Trier, Studienseminar am Friedr.-Wilhelm-Gymnasium (4); Foto Marburg, Marburg/Lahn (5)."}
{"fields": null, "doi": null, "ref_string": "Druck: Georg Westermann, Braunsdiweig."}
{"fields": null, "doi": null, "ref_string": "Verband Deutscher Schulgeograph cn. Gesch\u00e4ftsstelle: Frankfurt/Main, Gartenstr. 66."}
{"fields": null, "doi": null, "ref_string": "Kassenf\u00fchrung: Dr. Pfaff, Darmstadt, K\u00fcchlerstrafle 4. Postsdieckkonto: Frankfurt/Main Nr. 115 699."}
