{"fields": null, "doi": null, "ref_string": "zogen viele als Saisonarbeiter in die Fremde, andere gr\u00fcnde\u00ad ten kleine Gewerbebetriebe. Inzwischen gibt es mehrere, z. T. GS 28/April 1984"}
{"fields": null, "doi": null, "ref_string": "GS 28/April 1984 auch gr\u00f6\u00dfere Industriebetriebe am Ort, die Haushaltswaren, Relais, Metallwaren, M\u00f6bel u. a. hersteilen. Dennoch waren im Jahre 1983 von den 980 Erwerbst\u00e4tigen 650 Auspendler. Die l\u00e4ngs durch den Ort f\u00fchrende Hauptstra\u00dfe dient dem \u00fcber\u00f6rtlichen Durchgangsverkehr von der B 14 (Tuttlingen \u2014 Rottweil) auf die Alb hinauf. Der n\u00e4chste Bahnhof liegt in Spaichingen, dem 6 km entfernten Unterzentrum. Linienbus\u00ad"}
{"fields": null, "doi": null, "ref_string": "se fahren mehrmals t\u00e4glich durch den Ort. Der Einwohner\u00ad stand stagniert seit Jahren bei etwa 1800 Einwohnern, der Ausl\u00e4nderanteil (1983: 35 Personen) ist gering. Eine Flurbereinigung ist eingeleitet. Die Gemeinde hat begon\u00ad nen, eine punktuelle Dorfentwicklung im alten Dorf vorzuneh\u00ad men und Neubauvorhaben zu verwirklichen. Ein \u00f6rtliches Ent\u00ad wicklungskonzept \u2014 es steht in seinen Aussagen zwischen dem Fl\u00e4chennutzungsplan und einem Bebauungsplan bzw. Sanierungsplan \u2014 liegt seit 1980 vor. 3. Methodik 3.1 Intention"}
{"fields": null, "doi": null, "ref_string": "Ziel der Unterrichtseinheit ist es, eine l\u00e4ndliche Sied\u00ad"}
{"fields": null, "doi": null, "ref_string": "lung im Nahraum zu erforschen und die aktuellen Pro\u00ad bleme der Entwicklungstendenzen festzustellen. Eine notwendige Voraussetzung daf\u00fcr ist das Studium der Dorfgestalt, weshalb die Sch\u00fcler zun\u00e4chst die histori\u00ad sche Entwicklung kennenlernen und die formpr\u00e4gen\u00ad den Elemente der traditionellen Architektur ent\u00ad decken sollen. Die Unterrichtseinheit sieht eine pra\u00ad xisbezogene Arbeitsweise vor. Die Sch\u00fcler sollen die Problematik im Rahmen von Felduntersuchungen durch Beobachten, Kartieren und Befragen herausar\u00ad beiten. Der zeitliche Aufwand betr\u00e4gt 5\u20146 Unter\u00ad richtsstunden, zus\u00e4tzlich wird die Gemeinde mehr\u00ad mals besucht."}
{"fields": null, "doi": null, "ref_string": "Einf\u00fchrung in der Schule Der Einstieg in die Unterrichtseinheit erfolgt entwe\u00ad der mit kontrastierenden Dias, die eine traditionelle l\u00e4ndliche Bauweise den planerischen S\u00fcnden der Ge\u00ad genwart gegen\u00fcberstellen, oder mit dem Vorlesen von provozierenden Titeln aus Zeitschriften oder Zei\u00ad tungen zum Thema (M 1). Es folgt ein kurzer Problemaufri\u00df und die Frage nach D\u00f6rfern im Nahraum, in denen der urspr\u00fcngliche Cha\u00ad rakter stark ver\u00e4ndert wurde. Der Ort Denkingen wird als Beispiel herausgegriffen. Die Sch\u00fcler erhalten"}
{"fields": null, "doi": null, "ref_string": "den schriftlichen Arbeitsauftrag, aus einem histori\u00ad schen Quellentext Informationen \u00fcber das Dorfbild und die Berufsstruktur am Ende des letzten Jahrhun\u00ad derts zu entnehmen und diese den heutigen Bedin\u00ad gungen gegen\u00fcberzustellen, soweit sie ihnen be\u00ad kannt sind. Anschlie\u00dfend wird anhand der Topogra\u00ad phischen Karte 1: 50 000 (L 7918 Spaichingen) und des Ortsplanes der Ortsgrundri\u00df n\u00e4her bestimmt. Das Dorf erstreckt sich \u00fcber 2 km entlang der Durch\u00ad gangsstra\u00dfe als gr\u00f6\u00dfere geschlossene Siedlung mit unregelm\u00e4\u00dfigem Grundri\u00df, unterschiedlich dichter Bebauung und H\u00e4usern unterschiedlicher Gr\u00f6\u00dfe. Aus"}
{"fields": null, "doi": null, "ref_string": "drei Ortsteilen entstand ein in die L\u00e4nge gezogenes Haufendorf. Es ist von G\u00e4rten und Obstbaumanlagen umgeben. In j\u00fcngerer Zeit kamen mehrere Neubauge\u00ad biete hinzu, erkennbar an den gleichm\u00e4\u00dfigen Abst\u00e4n\u00ad den der H\u00e4user, dem geschwungenen Stra\u00dfenverlauf und Sackgassen mit Wendeplatten. Im Norden liegt ein Gewerbegebiet."}
