{"fields": null, "doi": null, "ref_string": "berliner Wirtschaftsgespr\u00e4che 12011): Berlin im Aufwind. Berlin"}
{"fields": ["title", "year"], "doi": "10.1007/978-3-663-11566-3_19", "ref_string": "Bose, M. (2001): Raumstrukturelle Konzepte f\u00fcr Stadtregionen. In: C. Brake, J. Dangschat und G. Herfert (Hrsg.): Suburbanisierung in Deutschland. Opladen, S. 247-260"}
{"fields": null, "doi": null, "ref_string": "Brune, IV, R. Junker und H. Pump-Uhlmann (Hrsg.) (2006): Angriff auf die City. D\u00fcsseldorf"}
{"fields": null, "doi": null, "ref_string": "EHI (2008): Shopping-Center 2009. Fakten. Hintergr\u00fcnde und Perspektiven in Deutschland. K\u00f6ln"}
{"fields": null, "doi": null, "ref_string": "Fromhold-Eisebith, M. und G. Eisebith (2005): Howto institutionalize innova\u00ad tive clusters? Comparing explicit top-down and bottom-up approaches."}
{"fields": null, "doi": null, "ref_string": "Research Policy 34, S. 1250-1268"}
{"fields": null, "doi": null, "ref_string": "IHK (2010): Statistischer Handelsreport f\u00fcr Berlin der Industrie- und Han\u00ad delskammer Berlin. Berlin"}
{"fields": null, "doi": null, "ref_string": "K\u00e4stner, B. (2010): Wie viele Shopping Center vertr\u00e4gt eine Einkaufsstra\u00dfe? Auswirkungen der Shopping Center in der Berliner Schlossstra\u00dfe auf die umgebende Einzelhandelsstruktur. Diplomarbeit am Geographischen Institut der Humboldt-Universit\u00e4t zu Berlin"}
{"fields": ["title", "year"], "doi": "10.1007/978-3-531-19383-0", "ref_string": "Kemper, F.-J., E. Kulke und M. Schulz (Hrsg.) (2012): Die Stadt der kurzen Wege. Wiesbaden"}
{"fields": null, "doi": null, "ref_string": "Kulke, E. (2003): Berlin - German Capital and Global City? Die Erde 134 (3), S. 219-233"}
{"fields": ["number", "title"], "doi": "10.1515/zfw.2008.0015", "ref_string": "Kulke, E. (2008): The technology park Berlin-Adlershof as an example of spatial proximity in regional economic policy. Zeitschrift f\u00fcr Wirtschafts\u00ad geographie 52 (4), S. 193-208"}
{"fields": null, "doi": null, "ref_string": "Kulke, E. (2009): Wirtschaftsgeographie. Paderborn"}
{"fields": null, "doi": null, "ref_string": "Kulke, E. (Hrsg.) (2010): Wirtschaftsgeographie Deutschlands. Heidelberg Kulke, E. (2011): Wandeider Einzelhandelslandschaften Berlins. In: W. Matznetter und R. Musil (Hrsg.): Europa: Metropolen im Wandel. Wien. S. 121-138"}
{"fields": null, "doi": null, "ref_string": "Kulke, E. (2012): Nur \"arm, aber sexy\" oder neue Metropole, geographie heute 301, S. 20-27"}
{"fields": null, "doi": null, "ref_string": "Kulke, E. und R. Kitzmann (2012): Der Standort Adlershof aus Sicht der Besch\u00e4ftigten. Berlin (Arbeitsberichte des Geographischen Instituts der Humboldt-Universit\u00e4tzu Berlin. H. 171)"}
{"fields": null, "doi": null, "ref_string": "Lademann, R. (2011): Innerst\u00e4dtische Einkaufszentren. Eine absatzwirt\u00ad schaftliche Analyse. G\u00f6ttingen (G\u00f6ttinger Handelswissenschaftliche Schriften Band 77)"}
{"fields": null, "doi": null, "ref_string": "Martin, N. (2006): Eink\u00e4ufen in der Stadt der kurzen Wege? Mannheim (Studien zur Mobilit\u00e4ts- und Verkehrsforschung, Band 16)"}
{"fields": null, "doi": null, "ref_string": "Porter, M. (1993): Nationale Wettbewerbsvorteile. Wien SenStadt, Senatsverwaltung f\u00fcr Stadtentwicklung (2005): Stadtentwick\u00ad lungsplan Zentren 2020. Edition StadtWirtschaft. Berlin"}
{"fields": null, "doi": null, "ref_string": "SenStadt, Senatsverwaltung f\u00fcr Stadtentwicklung (2011): Umweltatlas. Berlin"}
{"fields": ["number", "title"], "doi": "10.1007/bf03183191", "ref_string": "Stein. R. (2009): Besondere und allgemeine metropolitane Spezialisierun\u00ad gen in Berlin: Kultur und Wissenschaft, Koordination und Transaktion. Raumforschung und Raumordnung 67 (4), S. 287-299"}
{"fields": ["number", "title"], "doi": "10.1007/s00548-009-0122-4", "ref_string": "Suwala, L. und P. Dannenberg (2009). Cluster und Innovationspolitik ma\u00dfgeschneidert. Standort 33, S. 104-112"}
{"fields": null, "doi": null, "ref_string": "Geographische Rundschau 2 I 2013"}
{"fields": null, "doi": null, "ref_string": "Foto 7: Berlin-Adlershof mit Geb\u00e4ude der WISTA"}
{"fields": null, "doi": null, "ref_string": "Wiegandt, C.-C. (2009): Leitbilder der Stadtentwicklung in Deutschland. Geographie und Schule 31 (182), S. 4-12"}
{"fields": null, "doi": null, "ref_string": "Wiegandt, C.-C. (2012): Stadtentwicklung in Deutschland. Trends zur Polarisierung. Geographische Rundschau 64 (7-8), S. 44-53"}
{"fields": null, "doi": null, "ref_string": "WISTA (2008): Bericht \u00fcber Adlershof 2007. Berlin"}
{"fields": null, "doi": null, "ref_string": "WISTA (2012): Bericht \u00fcber Adlershof 2011. Berlin SUMMARY"}
{"fields": null, "doi": null, "ref_string": "New Economic Clusters in Berlin by Elmar Kulke"}
{"fields": null, "doi": null, "ref_string": "nomic change withde-industrialisation and subur- banisation opens possibilities for re-use of spaces in central areas of the cities. Due to the economic transformation during the last two decades Ber\u00ad lin offers many of these spaces for re-use; there spatial concentrations of new expanding activities - like cultural economy, Offices activities, Consult\u00ad ing firms, technology enterprises or retailing - can be observed. The article explains first the impor\u00ad tant factors for spatial concentration of activities from the perspective of the enterprises and from the side of urban planning. Then two striking ex- amples - the development of a technology park in Adlershof and the development of shopping cen-"}
{"fields": null, "doi": null, "ref_string": "tres - are described and analysed."}
{"fields": null, "doi": null, "ref_string": "AUTOR"}
{"fields": null, "doi": null, "ref_string": "Professor Dr. ELMAR KULKE, geb. 1958 Geographisches Institut der Humboldt Universit\u00e4t zu Berlin, Unter den Linden 6, 10099 Berlin elmar.kulke\u00dfgeo.hu-berlin.de Arbeitsgebiet/Forschungsschwerpunkte: Wirtschaftsgeographie (vor allem Dienstleistungen); Mitteleuropa, S\u00fcdostasien"}
