{"fields": null, "doi": null, "ref_string": "Afrikanische Gegenwartsfragen. (Deutsche Au\u00dfenpolitik, Sonderheft, Berlin 1960.)"}
{"fields": null, "doi": null, "ref_string": "Blij, H. J. de: Dar-es-Salaam, a Study in Urban Geography. Northwestern University Press 1963."}
{"fields": null, "doi": null, "ref_string": "B\u00fcrger, K., u. B. Zuckermann: Beitr\u00e4ge zur \u00f6konomischen Geographie Afrikas. (Lehrbrief f. d. Fernstud. d. Lehrer, Potsdam 1964.)"}
{"fields": null, "doi": null, "ref_string": "Buech-Zantner, R.: Zur Kenntnis der osmanischen Stadt. (Geographische Zeitschrift, 1932.)"}
{"fields": null, "doi": null, "ref_string": "Dar-es-Salaam, A guide to. Tanganyika Standard 1964."}
{"fields": null, "doi": null, "ref_string": "Fr\u00f6hlich, W.: Das afrikanische Marktwesen. (Zeitschr. f."}
{"fields": null, "doi": null, "ref_string": "Ethnologie, 1940, S. 234 ff.)"}
{"fields": null, "doi": null, "ref_string": "Gillman, C.: Population Problems of Tanganyika Territory (EastAfrican Agricultural Journal, 11, 1945.)"}
{"fields": null, "doi": null, "ref_string": "Haak, M.: Bilder von Sansibar. (Zeitschr. f. d. Erdkunde\u00ad unterricht, 1, 1965.)"}
{"fields": null, "doi": null, "ref_string": "Beitr\u00e4ge zur Geographie der Inseln Sansibar und Pemba. (Wiss. Zeitschr. d. P. H. Potsdam, 3, 1967.) \u2014: Die StadtSansibar \u2014 Eine \u00f6konomisch-geographische Untersuchung. (Diss. Jena 1969.)"}
{"fields": null, "doi": null, "ref_string": "Harrison Church, R. J.: Africa and the Islands. London 1964."}
{"fields": null, "doi": null, "ref_string": "Hickman, G. M., u. W. H. G. Dickins: The Lands and Peoples of EastAfrica. London 1961."}
{"fields": null, "doi": null, "ref_string": "J\u00fcrgens, H. W.: Untersuchungen zur Binnenwanderung in Tanzania. M\u00fcnchen 1968."}
{"fields": null, "doi": null, "ref_string": "Klute, F.: Afrika. Handbuch der geographischen Wissen\u00ad schaft. Potsdam 1930."}
{"fields": null, "doi": null, "ref_string": "Kramer, H., u. a.: Die L\u00e4nder Afrikas. Berlin 1969."}
{"fields": null, "doi": null, "ref_string": "Loth, H. : Griff nach Ostafrika. Berlin 1968."}
{"fields": null, "doi": null, "ref_string": "Marsh, Z. A., u. G. W. Kingsnorth: An Introduction to the History of EastAfrica. Cambridge 1965."}
{"fields": null, "doi": null, "ref_string": "Mecking, L.: Bau und Bild afrikanischer K\u00fcstenst\u00e4dte."}
{"fields": null, "doi": null, "ref_string": "Zeitschr. f. Erdkunde, 22/23, 1938.)"}
{"fields": null, "doi": null, "ref_string": "Nairobi. Master Plan for a Colonial Capital. London 1948."}
{"fields": null, "doi": null, "ref_string": "Olderogge, D. A., u. J. Potechin: Die V\u00f6lker Afrikas. Bd. II. Berlin 1961."}
{"fields": null, "doi": null, "ref_string": "Pritchard, J. M. : A Geography of EastAfrica. London 1962."}
{"fields": null, "doi": null, "ref_string": "Reitemeyer, E.: Die St\u00e4dtegr\u00fcndung der Araber im Islam. (Diss. M\u00fcnchen 1912.)"}
{"fields": null, "doi": null, "ref_string": "Republic of Tanganyika: Statistical Abstract 1963. Dar-es- Salaam 1964."}
{"fields": null, "doi": null, "ref_string": "Sch\u00e4dler, K.: Crafts, Small-scale Industries and Industrial Education in Tanzania. M\u00fcnchen 1968."}
{"fields": null, "doi": null, "ref_string": "Schmidt-Renner, Q.: Standort, Stadt und Territorium."}
{"fields": null, "doi": null, "ref_string": "Geogr. Berichte, 1958, S. 106 ff.) \u2014: Elementare Theorie der \u00d6konomischen Geographie."}
{"fields": null, "doi": null, "ref_string": "Gotha und Leipzig 1966."}
{"fields": null, "doi": null, "ref_string": "Schneider, K. G.: Dar-es-Salaam, Stadtentwicklung unter dem Einflu\u00df der Araber und Inder. Wiesbaden 1965."}
{"fields": null, "doi": null, "ref_string": "Schultze, J. H.: Evolution und Revolution in der Land\u00ad schaftsentwicklung Ostafrikas. (Geogr. Zeitschr., Beiheft 14, 1966.)"}
{"fields": null, "doi": null, "ref_string": "Schwarz, G.: Allgemeine Siedlungsgeographie. [West-] Berlin 1966."}
{"fields": null, "doi": null, "ref_string": "The United Republic of Tanganyika and Zanzibar: Tan\u00ad ganyika five year plan for economic and social develop\u00ad ment. Dar-es-Salaam 1964."}
{"fields": null, "doi": null, "ref_string": "Thole, G.: Der nichtkapitalistische Entwicklungsweg afrika\u00ad nischer Staaten. (Zeitschr. f. Erdkundeunterricht, 11, 1969 a)"}
{"fields": null, "doi": null, "ref_string": "Einf\u00fchrung in die politische Situation Afrikas. (Zeit\u00ad schr. f. Erdkundeunterricht, 10, 1969 b)"}
{"fields": null, "doi": null, "ref_string": "Thole, G., u. R. K\u00f6nig: Der Industrialisierungsproze\u00df in den Entwicklungsl\u00e4ndern Afrikas. (Zeitschr. f. Erdkunde\u00ad unterricht, 12, 1969 c)"}
{"fields": null, "doi": null, "ref_string": "Trewartha, G. T.: Population Patterns in Tropical Africa."}
{"fields": null, "doi": null, "ref_string": "Annual of the Assoc. of Americ. Geographers, 44, 1954.)"}
{"fields": null, "doi": null, "ref_string": "Ullerich, K.: Tansania. (Geogr. Berichte, 2, 1967.) Unesco: Social implications of industrialization and urbani- zation in Africa south of the Sahara. Paris 1956."}
{"fields": null, "doi": null, "ref_string": "Walmsley, R. JF.: Nairobi \u2014 The Geography of a New City. The Eagle Press, Nairobi 1957."}
{"fields": null, "doi": null, "ref_string": "Woddis, J.: Afrika \u2014 Der Weg nach vorn. Berlin 1964."}
