{"fields": null, "doi": null, "ref_string": "Altmann, F.-L. (1990): Wirtschaftsreformen und System\u00ad ver\u00e4nderungen in den Planwirtschaften Osteuropas. Wirt\u00ad schaftspolitische Bl\u00e4tter, 5/90: 426 \u2014 436."}
{"fields": null, "doi": null, "ref_string": "Csefalvay, Z., u. W. Rohn (1991): DerWeg des ungarischen Arbeitsmarktes in die duale \u00d6konomie. ISR-Forschungsbe- richte, 1, Wien."}
{"fields": null, "doi": null, "ref_string": "Fassmann, H.: \u00d6konomische Voraussetzungen undReformen. In: Lichtenberger, E. [Hrsg.]: Vom Plan zum Markt. Forschungsbericht Nr. 3 des Instituts f\u00fcr Stadt- und Regionalforschung, 9\u201415."}
{"fields": null, "doi": null, "ref_string": "Fiejka, Z., & A. Joz efowicz (1991): Human Resources Development in the 1990s: The Polish Dilemma. Paper presentedattheInternationalConference\"HumanResources in Europe atthe Dawn of the 2Ist Century\". Luxemburg. 27.-29. Nov. 1991."}
{"fields": null, "doi": null, "ref_string": "Fischer, G. (1991): Labour Market and Social Development in Centraland Eastem Europe: ImpactonWestern Europe. Paper presented at the Conference on Medium Term"}
{"fields": null, "doi": null, "ref_string": "Economic Assessment. Wien, 14. \u201416. Okt. 1991."}
{"fields": null, "doi": null, "ref_string": "Holz mann, R. (1991): Migrationspotential derpostsozialisti\u00ad schen Reforml\u00e4nder Europas: Hintergr\u00fcnde, Daten und Einsch\u00e4tzungen. In: Fassmann, H., Findl, P., u. R. M\u00fcnz: Die Auswirkungen der internationalen Wanderungen auf Petermanns Geographische Mitteilungen, 136, 1992/1 Transformation in Ost-Mitteleuropa"}
{"fields": null, "doi": null, "ref_string": "\u00d6sterreich. Szenarien zur regionalen Bev\u00f6lkerungsentwick\u00ad lung 1991\u20142031 des Instituts f\u00fcrDemographie der\u00d6AW."}
{"fields": null, "doi": null, "ref_string": "Schriftenreihe der\u00d6ROK 89, Wien, 18 \u2014 31."}
{"fields": null, "doi": null, "ref_string": "K\u00e4 d\u00e4 r, B. (1990): WirtschaftsreformeninUngarn. Wirtschafts\u00ad politische Bl\u00e4tter, 5/90: 458 \u2014 463."}
{"fields": null, "doi": null, "ref_string": "Kapl, M., Sojka, M., & T. Tepper (1991): Unemploymentand market-oriented reform in Czechoslovakia. International LabourReview, 130: 199 \u2014 210."}
{"fields": null, "doi": null, "ref_string": "Klaus, V. (1990): Argumente f\u00fcreine Strategie der Radikal\u00ad reform der tschechoslowakischen Wirtschaft und gegen den Gradualismus. Wirtschaftspolitische Bl\u00e4tter, 5/90: 476-481."}
{"fields": null, "doi": null, "ref_string": "Laski, K. (1990): ThestabilizationplanforPoland. Wirtschafts\u00ad politische Bl\u00e4tter, 5/90: 444\u2014457."}
{"fields": null, "doi": null, "ref_string": "Stankovsky, J. (1990): \u00d6sterreich, Osteuropa unddie EG. Wirtschaftspolitische Bl\u00e4tter, 5/90: 513 \u2014 519."}
{"fields": null, "doi": null, "ref_string": "Vintrova, R. (1991): Der\u00dcbergangderehemaligenOstblockl\u00e4n\u00ad der zur Marktwirtschaft. Wirtschaft undGesellschaft, 17: 55-68."}
{"fields": null, "doi": null, "ref_string": "WienerInstitutf\u00fcrinternationale Wirtschaftsvergleiche (1991): Stabilisierung undRezession. Die Wirtschaft der fr\u00fcheren RGW-L\u00e4nder undJugoslawiens 1990/91. WIFO-Monats- berichte, 5/91: 257-272."}
{"fields": null, "doi": null, "ref_string": "Witkowski, J. (1991): Labour Market in Poland: Recent Changes and Prospects. Paperpresented atthe International Conference \"Human Resources in Europe at the Dawn of"}
{"fields": null, "doi": null, "ref_string": "the 2IstCentury\u201d. Luxemburg, 27.-29. Nov. 1991."}
{"fields": null, "doi": null, "ref_string": "Zwass, A. (1991): Strategien des Wandels im Osten. Zukunft, 3/91: 21-27."}
{"fields": null, "doi": null, "ref_string": "Manuskripteingang: 30. 1. 1992"}
{"fields": null, "doi": null, "ref_string": "Manuskriptannahme: 4. 3. 1992"}
{"fields": null, "doi": null, "ref_string": "Univ.-Doz. Dr. Heinz Fassmann, \u00d6sterreichische Akademie der Wissenschaften, Institut f\u00fcr Stadt- undRegionalforschung, Postgasse 7, A-1010 Wien \u00a9 1992 Justus Perthes Gotha"}
