{"fields": null, "doi": null, "ref_string": "Albrecht, V.: Unterrichtspraktische Erprobung eines physisch-geographischen Modells. Die Wetterkarte im Geographieunterricht der Sek. I."}
{"fields": null, "doi": null, "ref_string": "Hefte zur Fachdidaktik der Geographie 2/1979, S. 59-75."}
{"fields": null, "doi": null, "ref_string": "Bl\u00fcthgen, J.: Allgemeine Klimageographie. Ber\u00ad lin 1966."}
{"fields": null, "doi": null, "ref_string": "Breuer, G.: Wetter nach Wunsch? Perspektiven und Gefahren k\u00fcnstlicher Wetterbeeinflussung. Stuttgart 1976."}
{"fields": null, "doi": null, "ref_string": "Federer, B.: Hagelabwehr: Schu\u00df in die Wolken. Umschau in Wissenschaft und Technik. H. 15 (1979), S. 463-468."}
{"fields": null, "doi": null, "ref_string": "Fedorov, E. K.: K\u00f6nnen wir das Wetter \u00e4ndern? Umschau in Wissenschaft und Technik. H. 1 (1968), S. 9-12."}
{"fields": null, "doi": null, "ref_string": "Geibert, H.: Unterrichtsskizze I: \"Tropischer Wirbelsturm.\" Geographie im Unterricht. 5. Jg. (Juni 1980), S. 199-215."}
{"fields": null, "doi": null, "ref_string": "Geiger, M.: Schulrelevante Arbeitsweisen der physischen Geographie - dargestellt an Bei\u00ad spielen der Klimageographie. Hefte zur Fachdi\u00ad"}
{"fields": null, "doi": null, "ref_string": "daktik der Geographie, H. 1 (1978), S. 60-80."}
{"fields": null, "doi": null, "ref_string": "Gentry, C.: Hurricane Modification. Hess (Hrsg.). Weather and Climate Modification, S. 497-521. New York 1974."}
{"fields": null, "doi": null, "ref_string": "GEO-Magazin Nr. 5, Mai 1979: \"Peitschen vom Himmel\", S. 37-62."}
{"fields": null, "doi": null, "ref_string": "Hendrick, R. L., und D. G. Friedman: Potential Impacts of Storm Modification on the Insurance Industry; Sewell (Hrsg.). Human Dimensions of Weather Modification. Chicago 1966."}
{"fields": null, "doi": null, "ref_string": "Hess, W. N. (Hrsg.): Weather and Climate Modification. New York 1974."}
{"fields": null, "doi": null, "ref_string": "Jackson, I. J.: Climate, weather and agriculture in the tropics. London/New York 1977."}
{"fields": null, "doi": null, "ref_string": "MacDonald, G.: Weather Modification. Science"}
{"fields": null, "doi": null, "ref_string": "Journal. Jg. 4 (January 1968), S. 39-44."}
{"fields": null, "doi": null, "ref_string": "Oliver, J. E.: Climate and Man\"s Environment: An Introduction to Applied Climatology. New York 1973."}
{"fields": null, "doi": null, "ref_string": "Panzram, H.: Gegenw\u00e4rtiger Stand der Erkenntnisse \u00fcber die M\u00f6glichkeiten der Wet\u00ad terbeeinflussung. Naturwissenschaftliche Rund\u00ad"}
{"fields": null, "doi": null, "ref_string": "schau. 29. Jg., H. 2 (1976), S. 48-49."}
{"fields": null, "doi": null, "ref_string": "Richter, D.: Das Lernfeld \"Naturbedingungen\" im lernzielorientierten Geographieunterricht der Sek. I. HFG. H. 1 (1978), S. 81-103."}
{"fields": null, "doi": null, "ref_string": "Riehl, H.: Der tropische Wirbelsturm. Umschau in Wissenschaft und Technik. H. 5 (1980), S. 131-137."}
{"fields": null, "doi": null, "ref_string": "Ruland, H.: Unternehmen Sturmwut. Wie z\u00e4hmt man einen Hurrikan? DIE ZEIT vom 12."}
{"fields": null, "doi": null, "ref_string": "Juli 1974, S. 41."}
{"fields": null, "doi": null, "ref_string": "Science vom 7. Juni 1974, S. 1059-1061."}
{"fields": null, "doi": null, "ref_string": "Sewell, D. (Hrsg.): Human Dimensions of Wea\u00ad ther Modification. Chicago 1966."}
{"fields": null, "doi": null, "ref_string": "Smith, K.: Principles of Applied Climatology. New York 1975."}
{"fields": null, "doi": null, "ref_string": "Weischet, W.: Einf\u00fchrung in die Allgemeine Klimatologie. Stuttgart 1977. O In eigener Sache:"}
