{"fields": null, "doi": null, "ref_string": "Die Bundesregierung (Hrsg.): Die Kartoffel: Erfolgsgeschichte einer \"\u00e4rmlichen Knolle\". Magazin zur Entwicklungspolitik Nr. 69/2008 (www.bundesregierung.de)"}
{"fields": null, "doi": null, "ref_string": "Corves, C.: Biologische Vielfalt in der Landwirtschaft. Ihre Bedeutung f\u00fcr die Ern\u00e4hrungssicherung in Zeiten des Klimawandels."}
{"fields": null, "doi": null, "ref_string": "Geographische Rundschau 61 (2009) H.4, S. 38-45"}
{"fields": null, "doi": null, "ref_string": "Devaux, A. u. a.: An\u00e4lisis comparativo del sector papa en Bolivia, Ecuador y Peru. In: Devaux, A. u. a. (Hrsg.): El sector papa en la regi\u00f6n andina. Diagn\u00f6stico y elementos para una vision estrategica"}
{"fields": null, "doi": null, "ref_string": "Bolivia, Ecuador y Peru). Lima 2010, S. 8-22"}
{"fields": null, "doi": null, "ref_string": "Kotschi, J.: Agricultural Biodiversity is Essential for Adapting to Climate Change. GAIA 16 (2007) H.2, S. 98-101"}
{"fields": null, "doi": null, "ref_string": "Melissis, A.: Die Kraft der Knolle. Die Kartoffel und ihre Bedeutung als Kulturpflanze, die zeitung - terre des hommes 4/2007, S. 3"}
{"fields": null, "doi": null, "ref_string": "Mayo, R.: Las papas nativas conquistan el mundo. El Comercio vom 11.01. 2010"}
{"fields": null, "doi": null, "ref_string": "Schmidt-Wulffen, W.-D.: Zweimal \"H\u00f6henstufen der Anden\" - Ein neuer didaktischer und inhaltlicher Zugang zu einem \"alten\" Thema des Geographieunterrichts. In: Materialien zur Didaktik der"}
{"fields": null, "doi": null, "ref_string": "Geographie und Wirtschaftskunde (1999) Bd. 15, S. 99-106"}
{"fields": null, "doi": null, "ref_string": "Spooner, D. M. u.a.: A single domestication for potato based on multilocus amplified fragment length polymorphism genotyping."}
{"fields": null, "doi": null, "ref_string": "PNAS 102 (2005) H.41 Filme Bundesministerium f\u00fcr wirtschaftliche Zusammenarbeit und Entwick\u00ad lung (BMZ) (Hrsg.): Das gr\u00fcne Gold der Inkas. Wie die Kartoffel in Zeiten des Klimawandels die Ern\u00e4hrung sichern kann. Bonn/Berlin 2008 (BMZ Filmservice 017)"}
