{"fields": null, "doi": null, "ref_string": "So beziffert Bar-On (1996, S. 162 f.) die Zahl"}
{"fields": null, "doi": null, "ref_string": "der \"visitor arrivals\" in Israel f\u00fcr das Jahr 1970 mit 441.000, f\u00fcr 1994 mit 2.170.000 und die"}
{"fields": null, "doi": null, "ref_string": "Zahl der \"tourists by air\" f\u00fcr 1970 mit 382.000, f\u00fcr 1994 mit 1.503.000."}
{"fields": null, "doi": null, "ref_string": "Seidler (2007) zeichnet die Debatte nach, die"}
{"fields": null, "doi": null, "ref_string": "Rassismus, Ethik und Werte gef\u00fchrt wurde."}
{"fields": null, "doi": null, "ref_string": "Vgl. hierzu Tanja Mihalic (1996), die dies f\u00fcr den Fall der Wiederbelebung des slowenischen Tourismus Anfang der 1990er Jahre nach den Kriegen in Jugoslawien darstellt."}
{"fields": null, "doi": null, "ref_string": "Barber, B. (1995). Jihad vs McWorld. New York: Random House"}
{"fields": null, "doi": null, "ref_string": "Bar-On, R. R. (1996). Measuring the Effects on Tourism of Violence and of Promo\u00ad"}
{"fields": null, "doi": null, "ref_string": "tion Following Violent Acts. In: Pizam, A./ Mansfeld, Y. (Hg.), Tourism, Crime and In\u00ad ternational Security Issues. Chichester u. a.: John Wiley & Sons, S. 159-174"}
{"fields": null, "doi": null, "ref_string": "Heinz-G\u00fcnter Vester / Tourismus und Terrorismus im Zeichen der Postmoderne"}
{"fields": null, "doi": null, "ref_string": "Baudrillard, J. (1982). Der symbolische Tausch"}
{"fields": null, "doi": null, "ref_string": "und der Tod. M\u00fcnchen: Matthes & Seitz"}
{"fields": null, "doi": null, "ref_string": "Baudrillard, J. (1985). Die fatalen Strategien."}
{"fields": null, "doi": null, "ref_string": "M\u00fcnchen: Matthes & Seitz"}
{"fields": null, "doi": null, "ref_string": "Baudrillard, J. (1991). La guerre du Golfe n\"a pas eu lieu. Paris: Edition Galilee"}
{"fields": null, "doi": null, "ref_string": "Bauman, Z. (2000). Liquid Modernity. Cam\u00ad"}
{"fields": null, "doi": null, "ref_string": "bridge: Polity Press (Fl\u00fcchtige Moderne."}
{"fields": null, "doi": null, "ref_string": "Frankfurt am Main: Suhrkamp 2003) Bauman, Z. (2005). Liquid Life. Cambridge: Polity Press (Leben in der fl\u00fcchtigen Moder\u00ad ne. Frankfurt am Main: Suhrkamp 2007)"}
{"fields": ["number", "title"], "doi": "10.1111/j.1467-9558.2004.00203.x", "ref_string": "Bergesen, A. J./ Lizado, O. (2004). Interna\u00ad tional Terrorism and the World System. In: Sociological Theory 22 (1), S. 38-52"}
{"fields": null, "doi": null, "ref_string": "Best, S./ Kellner, D. (2001). The Postmodern"}
{"fields": null, "doi": null, "ref_string": "Adventure. Science, Technology, and Cultur- al Studies at the Third Millenium. London: Routledge"}
{"fields": null, "doi": null, "ref_string": "D\"Amore, L. J./ Anunza, T. E. (1986). Interna\u00ad tional Terrorism: Implications and Challenge for Global Tourism. In: Business Quarterly, November, S. 20-29"}
{"fields": null, "doi": null, "ref_string": "Eco, U. (1985). \u00dcber Gott und die Welt. M\u00fcn\u00ad chen: Hanser"}
{"fields": null, "doi": null, "ref_string": "Freedman, L. (2007). Globalization and the War against Terrorism. In: Ankersen, C./ O\"Leary, M. (Hg.), Understanding Global Terror. Cambridge: Polity Press, S. 217-229"}
{"fields": null, "doi": null, "ref_string": "Freyer, W./ Gro\u00df, S. (Hg.) (2004). Sicherheit in Tourismus und Verkehr. Schutz vor Risiken"}
{"fields": null, "doi": null, "ref_string": "und Krisen. Dresden: FIT - Forschungsin\u00ad stitut f\u00fcr Tourismus Gray, C. H. (1997). Postmodern War: The New Politics of Conflict. London: Routledge"}
{"fields": null, "doi": null, "ref_string": "Hammond, P. (2007). Media, War and Post- modernity. London: Routledge"}
{"fields": null, "doi": null, "ref_string": "Hall, C. M./ O\"Sullivan, V. (1996). Tourism, Political Stability and Violence. In: Pizam, A./ Mansfeld, Y. (Hg.), Tourism, Crime and International Security Issues. Chichester u. a.: John Wiley & Sons, S. 105-121"}
{"fields": null, "doi": null, "ref_string": "Hassani, B. (2007). Trauma and Terrorism: How"}
{"fields": null, "doi": null, "ref_string": "Do Humans Respond? In: Trappier, B. (Hg.), Modern Terrorism and Psychological Trauma. New York: Gordian Knot Books, S. 1-13"}
{"fields": null, "doi": null, "ref_string": "Hutchinson, E./ Bleiker, R. (2008). Emotions"}
{"fields": null, "doi": null, "ref_string": "in the War on Terror. In: Bellamy, A. J./"}
{"fields": null, "doi": null, "ref_string": "Bleiker, R./ Davies, S. E./ Devetak, R. (Hg.), Security and the War on Terror. London, New York: Routledge, S. 57-70"}
{"fields": ["number", "title"], "doi": "10.2307/20047741", "ref_string": "Laqueur, W. (1996). Postmodern Terrorism. In: Foreign Affairs 75, S. 24"}
{"fields": null, "doi": null, "ref_string": "MacCannell, D. (1992). Empty Meeting"}
{"fields": null, "doi": null, "ref_string": "Grounds. The Tourist Papers. London: Rout\u00ad ledge"}
{"fields": null, "doi": null, "ref_string": "Mihalic, T. (1996). Tourism and Warfare - the Case of Slovenia. In: Pizam, A./ Mansfeld, Y. (Hg.), Tourism, Crime and International Security Issues. Chichester u. a.: John Wiley"}
{"fields": null, "doi": null, "ref_string": "Sons, S. 231-246"}
{"fields": null, "doi": null, "ref_string": "Pedahzur, A./ Perliger, A./ Bialsky, A. (2007). Explaining Suiciae Terrorism. In: Ankersen, C./ O\"Leary, M. (Hg.), Understanding Glob\u00ad al Terror. Cambridge: Polity Press, S. 37-56"}
{"fields": ["number", "title"], "doi": "10.1016/0261-5177(86)90033-6", "ref_string": "Richter, L. K./ Waugh, W. L. Jr. (1986). Terror\u00ad ism and Tourism as Logical Companions. In: Tourism Management 7 (4), S. 230-238"}
{"fields": null, "doi": null, "ref_string": "Sageman, M. (2004). Understanding Terrorist Networks. Philadelphia: University of Penn\u00ad"}
{"fields": null, "doi": null, "ref_string": "sylvania Press Savitch, H. V. (2008). Cities in aTime of Ter\u00ad ror. Space, Territory, and Local Resilience. Armonk, NY: M.E. Sharpe"}
{"fields": null, "doi": null, "ref_string": "Seidler, V. J. (2007). Urban Fears and Global Terrors. Citizenship, Multicultures and Be- longings after 7/7. London: Routledge"}
{"fields": null, "doi": null, "ref_string": "Smith, V. L. (1996). War and Its Tourist At- tractions. In: Pizam, A./ Mansfeld, Y. (Hg.), Tourism, Crime and International Security Issues. Chichester u. a.: John Wiley & Sons, S. 247-264"}
{"fields": null, "doi": null, "ref_string": "Trappier, B. (Hg.) (2007). Modern Terrorism and Psychological Trauma. New York: Gord\u00ad ian Knot Books"}
{"fields": null, "doi": null, "ref_string": "Vester, H.-G. (1993). Soziologie der Postmo\u00ad derne. M\u00fcnchen: Quintessenz"}
{"fields": null, "doi": null, "ref_string": "Vester, H.-G. (1999). Tourismustheorie. Sozi\u00ad ologische Wegweiser zum Verst\u00e4ndnis touri\u00ad stischer Ph\u00e4nomene. M\u00fcnchen, Wien: Profil"}
{"fields": null, "doi": null, "ref_string": "Vester, H.-G. (2004). Tourismus und Terro\u00ad rismus in \u00c4ypten. Die Entwicklung in der letzten Dekade des 20. Jahrhunderts. In: Lu- ger, K./ Baumgartner, C./ W\u00f6hler, K. (Hg.), Ferntourismus wohin? Der globale Touris\u00ad"}
{"fields": null, "doi": null, "ref_string": "mus erobert den Horizont. Innsbruck u. a.: StudienVerlag, S. 287-295"}
{"fields": null, "doi": null, "ref_string": "Wall, G. (1996). Terrorism and Tourism: an OverView and an Irish Example. In: Pizam, A./ Mansfeld, Y. (Hg.), Tourism, Crime and International Security Issues. Chichester u. a.: John Wiley & Sons, S. 143-158"}
{"fields": null, "doi": null, "ref_string": "Wallace, W. (2007). Europe and the War on Terror. In: Ankersen, C./ O\"Leary, M. (Hg.), Understanding Global Terror. Cambridge: Polity Press, S. 83-94"}
{"fields": null, "doi": null, "ref_string": "Wernick, A. (1991). Promotional Culture. Ad- vertising, Ideology and Symbolic Expression. London: Sage Tourismus und Terrorismus aus \u00f6konomischer Sicht"}
{"fields": null, "doi": null, "ref_string": "Bruno S. Frey & Simon L\u00fcchinger Zusammenfassung:"}
