{"fields": null, "doi": null, "ref_string": "Lit.: Bartels, D.: T\u00fcrkische Gastarbeiter aus der Re\u00ad"}
{"fields": null, "doi": null, "ref_string": "gion Izmir. Erdkunde, 1968, S. 313-324. - Borris, M.: Ausl\u00e4ndische Arbeiter in einer Gro\u00dfstadt. Frankfurt/"}
{"fields": null, "doi": null, "ref_string": "Main 1973. - Geiger, F.: Zur Konzentration von Gast\u00ad arbeitern in alten Dorfkernen. Geogr. Rundschau,"}
{"fields": null, "doi": null, "ref_string": "S. 61-71. - Puls, W. W.: Gastarbeiter oder Ein\u00ad"}
{"fields": null, "doi": null, "ref_string": "wanderer. Geogr. Rundschau, 1975, S. 49-60. - Schret- tenbrunner, H.: Gastarbeiter. Frankfurt/Main 1976. - Stadt Kiel (Hrsg.): Ausl\u00e4nder in Kiel. Statistische Be\u00ad"}
{"fields": null, "doi": null, "ref_string": "richte, Nr. 89, Kiel 1978. - dito (Hrsg.): Ausl\u00e4nder"}
{"fields": null, "doi": null, "ref_string": "Statistische Berichte, Nr. 94, Kiel 1979. - dito"}
{"fields": null, "doi": null, "ref_string": "Hrsg.): Statistische Informationen. Nr. 52, Kiel 1980. - Thissen, G.: Ausl\u00e4nder in Schleswig-Holstein. Statisti\u00ad sche Monatshefte Schleswig-Holstein. 32. Jg., H. 6,"}
{"fields": null, "doi": null, "ref_string": "Kiel 1980, S. 117-124. - Toepfer, H. u. V. Suicmez: Sek\u00ad torale und regionale Mobilit\u00e4t von R\u00fcckwanderern in die T\u00fcrkei. Ein Beispiel aus der Provinz Trabzon."}
{"fields": null, "doi": null, "ref_string": "Orient, 1979, S. 92-107. - Wiebe, D.: Zur angewandten Kriminalgeogr. der Ballungsgebiete. Stadtgeogr. Ana\u00ad lyse subkultureller Ph\u00e4nomene. 41. Deutscher Geo\u00ad"}
{"fields": null, "doi": null, "ref_string": "graphentag Mainz, Tagungsbericht und wiss. Abhand\u00ad lungen, 1978, S. 207-227."}
{"fields": null, "doi": null, "ref_string": "chen Erdh\u00fcgeln aus Kleiboden, den sogenann\u00ad ten \"Warften\u201d (von dem Wort \"aufwerfen\u201d) ange\u00ad legt. Die Warften erheben sich rund 5 m \u00fcber NN, sind aber nach den Erfahrungen der Sturm\u00ad fluten 1953, 1962 und 1976 nicht alle fest und hoch genug; sie m\u00fcssen noch verst\u00e4rkt werden."}
{"fields": null, "doi": null, "ref_string": "Die Wirtschaftsweise der Einwohner ist diffe\u00ad renziert. Sylt, Amrun und F\u00f6hr leben heute weitgehend vom Fremdenverkehr. Die Land\u00ad wirtschaft (meist Weidewirtschaft wegen des re\u00ad lativ unfruchtbaren Geestbodens) hat nur eine"}
{"fields": null, "doi": null, "ref_string": "\u00dfige Salzwasser\u00fcberflutungen keinen Anbau von Getreide oder Feldfr\u00fcchten zulassen (z.B. wird Hallig Gr\u00f6de etwa 20 mal, Langene\u00df ca. 7 - 8 mal im Jahr \u00fcberflutet). Versuchsfelder mit"}
{"fields": null, "doi": null, "ref_string": "Hafer, Gerste, R\u00fcben und Kartoffeln auf de Hal\u00ad lig Hooge 1933 - 41 scheiterten."}
{"fields": null, "doi": null, "ref_string": "Eine Zwischenstellung nimmt die Insel Pell\u00ad worm ein. Der Hauptanteil der Erwerbst\u00e4tigen lebt von der Landwirtschaft (rd. 50%), w\u00e4hrend 40% im terti\u00e4ren Wirtschaftssektor (vorwiegend Fremdenverkehr und Versorgungsbetriebe) be\u00ad sch\u00e4ftigt sind."}
{"fields": null, "doi": null, "ref_string": "Allen Inseln bzw. Halligen ist gemeinsam, da\u00df der geringste Teil der Erwerbst\u00e4tigen im sekun\u00ad d\u00e4ren Wirtschaftssektor (Handwerk, Industrie) arbeitet; dies h\u00e4ngt u.a. mit der speziellen Pro\u00ad blematik der Insellage (erh\u00f6hte Betriebskosten!) zusammen."}
{"fields": null, "doi": null, "ref_string": "c) Schlie\u00dflich sind Inseln Anziehungspunkte f\u00fcr den Tourismus. Neben dem Abwechs\u00ad lungsreichtum der Landschaft spielt das g\u00fcnsti\u00ad"}
{"fields": null, "doi": null, "ref_string": "kraft bei vielerlei Erkrankungen nachgewiesen ist. Auch ist die Zahl der Sonnentage hier we\u00ad sentlich h\u00f6her als auf dem Festland. Sylt, Amrun und F\u00f6hr entwickelten sich zu"}
{"fields": null, "doi": null, "ref_string": "viele Arbeitspl\u00e4tze f\u00fcr die einheimische Bev\u00f6l-"}
