{"fields": null, "doi": null, "ref_string": "Leitner, Wilhelm: Morphographische Karte der Steiermark. (Manuskr. 1953). 1: 300 000. Leitner,"}
{"fields": null, "doi": null, "ref_string": "Wilh.: Die Flurformen der Steiermark (Steiermark-"}
{"fields": null, "doi": null, "ref_string": "Atlas, 1: 300 000, 1953). Leitner, Wilh.: Die Vertei\u00ad lung der Bev\u00f6lkerung nach nat\u00fcrlichen Landschaf\u00ad ten in der Steiermark. Mitt. d. Gg. Ges. Wien, Bd. 101, 1959). Leitner, Wilhelm: Die Landbau\u00ad zonen der Steiermark (Steiermark-Atlas 1: 500 000, 1963). Leitner, Wilhelm: Die vorherrschende Ge\u00ad treideart der Steiermark. (Steiermark-Atlas, 1: 500 000, 1963)."}
{"fields": null, "doi": null, "ref_string": "Wellerd\u00f6lf\u00f6rderung im Jahre 1962 Die Kurve der Welterd\u00f6lf\u00f6rderung ist im\u00ad mer noch im Anstieg begriffen, und es hat den Anschein, als ob diese Aufw\u00e4rtsentwick\u00ad lung auch im Laufe der kommenden Jahr\u00ad"}
{"fields": null, "doi": null, "ref_string": "Tabelle kann die Entwicklung der Erd\u00f6l\u00ad f\u00f6rderung auf der Erde ersehen werden:"}
{"fields": null, "doi": null, "ref_string": "Die Welterd\u00f6lf\u00f6rderung betrug also im Jahre 1962: 1 211 Mill. Tonnen, d.s. 92 Mill."}
{"fields": null, "doi": null, "ref_string": "Tonnen oder 8 v. H. mehr als im Vorjahr"}
{"fields": null, "doi": null, "ref_string": "Mill. Tonnen). Knapp ein Drittel der Mehrf\u00f6rderung stammt aus den \"\u00d6lfel\u00ad"}
{"fields": null, "doi": null, "ref_string": "Der junge \u00d6lkontinent Afrika steigerte seine F\u00f6rderung um 70 v. H. Die afrikanische Wirtschaft basiert heute nicht mehr aus\u00ad schlie\u00dflich auf der Ernte von Bananen, Kaf\u00ad fee oder anderen typischen Produkten die\u00ad ses Kontinentes. In den letzten Jahren wur\u00ad den auch zahlreiche Erd\u00f6l- und Naturgas\u00ad vorkommen erschlossen, die f\u00fcr einige der jungen Nationen so etwas wie ein Grund\u00ad kapital, ja in einzelnen F\u00e4llen sogar einen gewissen Wohlstand darstellen beziehungs\u00ad"}
{"fields": null, "doi": null, "ref_string": "die Roh\u00f6lf\u00f6rderung in Afrika j\u00e4hrlich nur"}
{"fields": null, "doi": null, "ref_string": "schlie\u00dflich auf \u00c4gypten entfielen. Der \"gro\u00dfe"}
{"fields": null, "doi": null, "ref_string": "selbst\u00e4ndige Algerien mit einer Jahresf\u00f6rde\u00ad rung von 8, 4 Millionen Tonnen an die 14."}
{"fields": null, "doi": null, "ref_string": "Stelle in der Liste der Erd\u00f6ll\u00e4nder r\u00fcckte. Im Jahre 1962 waren es bereits 20, 4 Millionen"}
{"fields": null, "doi": null, "ref_string": "spielsweise im gesamten westlichen Europa"}
{"fields": null, "doi": null, "ref_string": "gef\u00f6rdert wurde. Daneben entdeckte man in der algerischen Sahara gro\u00dfe und ausge\u00ad dehnte Erdgasfelder, mit deren wirtschaft\u00ad licher Auswertung erst begonnen wurde. Au\u00dfer in Algerien wurde die Erd\u00f6lf\u00f6rderung inzwischen in folgenden afrikanischen L\u00e4n\u00ad dern mit unterschiedlichem Erfolg aufgenom\u00ad"}
{"fields": null, "doi": null, "ref_string": "men: Angola, Gabun, Libyen, Marokko und Nigeria. Zusammen mit \u00c4gypten f\u00f6rderten diese L\u00e4nder des afrikanischen Erdteils: 38, 83 Millionen Tonnen. Afrikas Anteil an der Weltf\u00f6rderung des Jahres 1962 erreicht"}
{"fields": null, "doi": null, "ref_string": "g\u00fcnstigen Lage vieler afrikanischer Fund\u00ad st\u00e4tten die Bedeutung der dortigen \u00d6l\u00ad"}
{"fields": null, "doi": null, "ref_string": "produktion erheblich h\u00f6her eingesch\u00e4tzt werden. Denn von den Endpunkten der algerischen und libyschen Pipelines an der nordafrikanischen Mittelmeerk\u00fcste sind es nur wenige Stunden Tankerfahrt etwa zur Kopfstation der s\u00fcdeurop\u00e4ischen Pipeline bei Marseille. Libyen steht bereits unter den Erd\u00f6ll\u00e4ndern Afrikas hinsichtlich der F\u00f6rde\u00ad rung an zweiter Stelle,- es hofft im Laufe der n\u00e4chsten Jahre seine F\u00f6rderungszahlen"}
{"fields": null, "doi": null, "ref_string": "auf der Welterd\u00f6l-Rangliste mit zu den gro\u00ad"}
{"fields": null, "doi": null, "ref_string": "\u00dfen Erd\u00f6ll\u00e4ndern geh\u00f6ren wird. Auch Nige- rien weist gro\u00dfe Erfolge auf, wenn auch die vermuteten \u00d6lreserven (55 Mill. Tonnen) hinter denen von Algerien (846), Libyen (598) und \u00c4gypten (104 Millionen Tonnen) weit Zur\u00fcckbleiben. Inzwischen ist das Land be\u00ad reits zum \u00d6lexporteur \") geworden. Man glaubt im Jahre 1970 bereits zehn Millionen Tonnen Erd\u00f6l f\u00f6rdern zu k\u00f6nnen, w\u00e4hrend man in Libyen auf ein Mehrfaches dieses Be\u00ad"}
{"fields": null, "doi": null, "ref_string": "Kontinente und Gro\u00dfr\u00e4ume hinsichtlich ihrer Erd\u00f6lf\u00f6rderung einer Betrachtung unter\u00ad ziehen, so ergibt sich folgendes Bild f\u00fcr das Jahr 1962: Kontinente F\u00f6rderung"}
{"fields": null, "doi": null, "ref_string": "Gro\u00dfr\u00e4ume) in Mil). In v. H."}
{"fields": null, "doi": null, "ref_string": "Tonnen"}
{"fields": null, "doi": null, "ref_string": "Nordamerika 409 ~ 33, 8"}
{"fields": null, "doi": null, "ref_string": "Naher Osten 306 25, 3 UdSSR, China, Osteuropa 206 17, 0 S\u00fcdamerika 204 16, 8"}
{"fields": null, "doi": null, "ref_string": "Afrika 39 3, 2"}
{"fields": null, "doi": null, "ref_string": "Ferner Osten, Australien 29 2, 4 Westeuropa 18 1, 5 Wenn wir die Kontinente bzw. Gro\u00dfr\u00e4ume aber hinsichtlich der Erd\u00f6lreserven ordnen, ergibt sich eine etwas andere Reihenfolge: Vorhandene"}
{"fields": null, "doi": null, "ref_string": "Reserven ln v. H."}
{"fields": null, "doi": null, "ref_string": "Kontinente_______________ in Mill. Tonnen____"}
