{"fields": null, "doi": null, "ref_string": "Agard, S. (1974): Neoglacial chronology in the Fourth of July Cirque. - Unpublished term- paper, Boulder."}
{"fields": null, "doi": null, "ref_string": "Benedict, J. B. (1967): Recent glacial history of an alpine area in the Colorado Front Range, U.S.A. I. Establishing a lichengrowth curve. - J. Glaciol., 6: 817-832."}
{"fields": null, "doi": null, "ref_string": "Recent glacial history of an alpine area in the Colorado FrontRange, U.S.A. II. Dating the glacial deposits. - J. Glaciol., 7: 77-87."}
{"fields": ["number", "title"], "doi": "10.1016/0033-5894(73)90032-x", "ref_string": "Chronology of cirque glaciation, Colorado FrontRange. - Quaternary Research, 3: 584-599."}
{"fields": null, "doi": null, "ref_string": "Birkeland, P. W. (1973): Use of relative age dating methods in a Stratigraphie study of rode glacierdeposits, Mt. Sopris, Colorado. - Arct. Alp. Res., 5: 401-416."}
{"fields": null, "doi": null, "ref_string": "Pedology, Weathering, and Geomorphological Research. - Oxford Univ. Press, New York."}
{"fields": null, "doi": null, "ref_string": "Birkeland, P. W. & C. D. Miller (1973): Re-interpretation of the type Temple Lake moraine and other Neoglacial deposits, Southern Wind River Mountains, Wyoming. - Geol. Soc. Am. Abs. 5: 465-466."}
{"fields": null, "doi": null, "ref_string": "Bonnett, R. B. (1970): Glacialsequence ofthe UpperBoulderCreek drainage basin in the Colo\u00ad rado Front Range. - Unpublished dissertation, Ohio State Univ."}
{"fields": ["number", "title"], "doi": "10.1130/0091-7613(1974)2<321:radtaa>2.0.co;2", "ref_string": "Carroll, T. (1974): Relative age dating techniques and a late Quaternary chronology, Arikaree Cirque, Colorado. - Geology 2: 321-325."}
{"fields": null, "doi": null, "ref_string": "Currey, D. R. (1974): Probable pre-Neoglacialage of the type Temple Lake moraine, Wyoming. - Arct. Alp. Res. 6: 293-300."}
{"fields": null, "doi": null, "ref_string": "Madole, R. F. (1969): Pinedale and Bull Lake glaciation in upper St. Vrain drainage basin, BoulderCounty, Colorado. - Arct. Alp. Res. 1: 279-287."}
{"fields": null, "doi": null, "ref_string": "Neoglacialfacies in the Colorado FrontRange. - Arct. Alp. Res. 4: 119-130. 344"}
{"fields": ["number", "title"], "doi": "10.1080/00040851.1972.12003656", "ref_string": "M. Gabriel Mahaney, W. (1972): Audubon: New name forColorado FrontRange NeoglacialDeposits for- merly called \"Arikaree\". - Arct. Alp. Res. 4: 355-357."}
{"fields": null, "doi": null, "ref_string": "Neoglacialchronologyinthe Fourth ofJuly Cirque, CentralColorado FrontRange. - Geol. Soc. Am. Bull., 84: 161-170."}
{"fields": null, "doi": null, "ref_string": "Millett, M. T. (1956): Glaciation in the headwaters ofMiddle BoulderCreek, Colorado. - M. S. thesis, Univ. of Colo."}
{"fields": null, "doi": null, "ref_string": "Richmond, G. M. (1960): Glaciation of the eastslope of Rocky Mountain NationalPark, Colo\u00ad rado. - Geol. Soc. Am. Bull., 71: 1371-1382."}
{"fields": null, "doi": null, "ref_string": "Glaciation ofthe Rocky Mountains. - In Wright, H. E. & D. G. Frey (ed.), The Quaternary of the United Staets. - Princeton, N. J."}
{"fields": null, "doi": null, "ref_string": "Sch\u00e4fer, I. (1950): Die diluviale Erosion undAkkumulation. Erkenntnisse aus Untersuchungen \u00fcber die Talbildung im Alpenvorland. - Forschungnezurdeutschen Landeskunde, 49."}
{"fields": null, "doi": null, "ref_string": "Schneebeli, W. (1976): Untersuchungen vonGletscherschwankungen im Val de Bagnes. - Die Alpen 52: 5-57."}
{"fields": null, "doi": null, "ref_string": "Williams, J. (1973): Neoglacialchronology ofthe Fourth of July Cirque, CentralColorado Front Range: Discussion. - Geol. Soc. Am. Bull., 84: 3761-3765."}
{"fields": null, "doi": null, "ref_string": "AnschriftdesAutors: Manfred Gabriel, Lehrstuhlf\u00fcrGeographie I, Postfach 1549, 8600 Bamberg. Z. Geomorph. N. F."}
