{"fields": null, "doi": null, "ref_string": "de la Sect. scientif. de la Academie Rou- maine, XIX/8, Bucuresti 1938."}
{"fields": null, "doi": null, "ref_string": "CREDNER, G. R.: Die Deltas. Pet. Ergh. 56, 1878, Gotha."}
{"fields": null, "doi": null, "ref_string": "CZAJKA, W.: Schwemmf\u00e4cher md Schwemm\u00ad ebene in der Piedmontzone. Die Erde, Bd. II, 1950/51, 155\u2014166."}
{"fields": null, "doi": null, "ref_string": "Schwemmf\u00e4cherbildung undSchwemmf\u00e4cher\u00ad formen. Mitt. Geogr. Ges. Wien, Bd. 100, 1958, 18\u201436."}
{"fields": null, "doi": null, "ref_string": "GULLIVER, F. H.: Shoreline Topography."}
{"fields": null, "doi": null, "ref_string": "USA Proceedings Amer. of Arts and Scien\u00ad ces, Vol. XXXIV, 1899."}
{"fields": ["title", "year"], "doi": "10.1007/978-3-663-05525-9", "ref_string": "KAUFMANN, H.: Rhythmische Ph\u00e4nomene der Erdoberfl\u00e4che. Braunschweig 1929."}
{"fields": null, "doi": null, "ref_string": "LEPSI, I.: Das Gef\u00e4lle der Talwege im Donau\u00ad"}
{"fields": null, "doi": null, "ref_string": "delta. Pet. Mitt., Bd. 87, 1941, 267\u2014270."}
{"fields": null, "doi": null, "ref_string": "MARINELLI, \u00d6.: L\"increscimente del delta del Po nel secolo. Rivista Geogr. Ital., XIX, 1898."}
{"fields": null, "doi": null, "ref_string": "S\u00fcll et\u00e4 dei delta dei fiumi italiani. La Geo\u00ad graphie, XIV, Fase. 1\u20142, 1926."}
{"fields": null, "doi": null, "ref_string": "MARTONNE de E.: Traite de Geographie Phy- sique. Tome second, 971\u2014996, Paris 1926."}
{"fields": null, "doi": null, "ref_string": "PESCHEL, O.: Neue Probleme der vergleichen\u00ad den Erdkunde. Leipzig 1870, 110\u2014129."}
{"fields": null, "doi": null, "ref_string": "PFANNENSTIEL, M.: Die Quart\u00e4rgeschichte des Donaudeltas. Bonner Geogr. Abhand\u00ad"}
{"fields": null, "doi": null, "ref_string": "lungen, H. 6, Bonn 1950."}
{"fields": null, "doi": null, "ref_string": "R\u00dcSSEL, R. J.: Morphologie des Mississippi\u00ad deltas. Geogr. Zeitschr., 45. Bd., 1939, 28i_ 293."}
{"fields": null, "doi": null, "ref_string": "SAMOJLOV, I. V.: Die Flu\u00dfm\u00fcndungen. Gotha 1956."}
{"fields": null, "doi": null, "ref_string": "SLANAR, H.: Zur Kartographie und Morpho\u00ad logie des Donaudeltas. Wiener Geogr. Stu\u00ad dien, H. 12, Wien 1945."}
{"fields": null, "doi": null, "ref_string": "WILHELMY, H.: Umlaufseen und Dammufer\u00ad seen tropischer Tieflandfl\u00fcsse. Zeitschrift"}
{"fields": null, "doi": null, "ref_string": "f. Geomorphologie, Neue Folge, Bd. 2, H. 1/2, 1958, 27\u201464."}
{"fields": null, "doi": null, "ref_string": "Manuskript eingelangt im Herbst 1959"}
