@article{ref15, 
 title  =  {Rechtsverordnung vom 31. Oktober 1940 unter Naturschutz gestellt; im Landschaftsplan "Vulkaneifel" von 1968 ist es wie folgt beschrieben} 
 }
@article{ref14, 
 title  =  {mit bedeutendem Erholungswert: Gebiet enthält vielfältige Biozönosen (oli­ gotrophes Gewässer, Verlandungsufer, Wiesen und Wald), Brut- und Rast­ platz für Wassergeflügel, besonders Enten und Taucher} , 
 note  =  {Vorkommen seltener} 
 }
@article{ref16, 
 editor  =  {Pflanzen} , 
 title  =  {Aufzählung) . Als Bemerkung ist angefügt} , 
 note  =  {Ausbau} 
 }
@article{ref10, 
 author  =  {Ahrens W} , 
 year  =  {1932} , 
 title  =  {Die Basaltvulkane des südöstlichen Laacher-See-Gebiets und ihre Lavaströme} , 
 booktitle  =  {Jb. preuß. Geol} , 
 volume  =  {53} , 
 pages  =  {851 -- 878} 
 }
@article{ref6, 
 author  =  {Bosselmann J} , 
 editor  =  {K. - H. Christmann} , 
 year  =  {1974} , 
 title  =  {Die Vogelwelt im Raum Andernach—Mayen—Cochem} , 
 booktitle  =  {Beiträge zur Avifauna des Rhein­ landes} , 
 issue  =  {3} 
 }
@article{ref5, 
 author  =  {Fischer H} , 
 year  =  {1979 1978} , 
 title  =  {Grenzen der Belastung der Laacher Landschaft Erholungslandschaft oder Rohstofflieferant? Tagungsbericht d} , 
 editor  =  {In: Die Laacher Vulkaneifel} , 
 booktitle  =  {Schutzgemeinschaft Deutscher Wald über die Herbst­ tagung in Maria Laach vom 26.-29. Oktober} , 
 pages  =  {48 -- 62} 
 }
@article{ref9, 
 author  =  {Fischer H and Graafen} , 
 given-names  =  {R} , 
 year  =  {1974} , 
 title  =  {Die naturräumlichen Einheiten auf Blatt 136/137} , 
 editor  =  {Bonn-Bad Godesberg} , 
 booktitle  =  {Geographische Landes­ aufnahme} , 
 volume  =  {1: 200} , 
 issue  =  {000} , 
 note  =  {Naturräumliche} , 
 publisher  =  {Gliederung Deutschlands} 
 }
@article{ref12, 
 author  =  {Frechen J., M and Hopmann G and Knetsch} , 
 year  =  {1976} , 
 title  =  {Die vulka­ nische Eifel} , 
 editor  =  {Bonn} , 
 booktitle  =  {Geologische Reihe} , 
 volume  =  {2} 
 }
@article{ref11, 
 title  =  {H a l b f a Der heutige Stand der Seichesforschung} , 
 author  =  {W} , 
 year  =  {1907} , 
 booktitle  =  {Ztschr. d. Ges. f. Erdkunde zu} , 
 note  =  {Berlin} , 
 pages  =  {5 -- 24} 
 }
@article{ref7, 
 author  =  {Henning I} , 
 year  =  {1965} , 
 title  =  {Das Laacher-See-Gebiet. Eine Stunde zur Hydrologie und Klimatologie} , 
 editor  =  {Bonn} , 
 booktitle  =  {Arbeiten zur Rheinischen Landeskunde} , 
 volume  =  {22} 
 }
@article{ref8, 
 author  =  {Mattem e M and Scharf} , 
 given-names  =  {B. W} , 
 year  =  {1977} , 
 title  =  {Zur Eutrophierung und Restau­ rierung des Laacher Sees} , 
 booktitle  =  {Arch. Hydrobiol} , 
 volume  =  {80} , 
 issue  =  {4} , 
 pages  =  {506 -- 518} 
 }
@article{ref4, 
 author  =  {Meyer E} , 
 year  =  {1979 1978} , 
 title  =  {Geologie des Laacher Vulkangebietes Vulkaneifel - Erholungslandschaft oder Rohstofflieferant? Tagungsbe­ richt d} , 
 editor  =  {In: Die Laacher} , 
 booktitle  =  {Schutzgemeinschaft Deutscher Wald über die Herbsttagung in Maria Laach vom 26.-29. Oktober} , 
 pages  =  {40 -- 47} 
 }
@article{ref13, 
 author  =  {Fischer Naturschutzgebiet} , 
 title  =  {Laacher See} , 
 volume  =  {101} 
 }
@article{ref3, 
 author  =  {Müller-Miny H} , 
 year  =  {1959} , 
 title  =  {Die naturräumliche Gliederung am Mittelrhein. — Remagen Zusammendruck einer Beitragsfolge in den Ber} , 
 volume  =  {74 21} , 
 note  =  {z} , 
 booktitle  =  {dt. Landeskunde} , 
 issue  =  {2} 
 }
@article{ref1, 
 author  =  {Nüchel G} , 
 year  =  {1972} , 
 title  =  {Vegetationskundliche Untersuchungen im Naturschutz­ gebiet des Laacher Sees. — Masch. Ms} , 
 booktitle  =  {Prüfungsarbeit f. d. Lehramt an Realschulen} 
 }
@article{ref2, 
 author  =  {Wilhelmy H} , 
 year  =  {1977} , 
 title  =  {Geomorphologie} , 
 editor  =  {Kiel} , 
 booktitle  =  {Hirts Stichwortbücher} , 
 note  =  {H.2} 
 }
07): Der heutige Stand der Seichesforschung. — In: Ztschr. d. Ges. f. Erdkunde zu Berlin, S. 5—24."}
{"ref_bib": "@article{ref7, \n author  =  {Henning I} , \n year  =  {1965} , \n title  =  {Das Laacher-See-Gebiet. Eine Stunde zur Hydrologie und Klimatologie} , \n editor  =  {Bonn} , \n booktitle  =  {Arbeiten zur Rheinischen Landeskunde} , \n volume  =  {22} \n }", "ref_text_x": "Henning, I. (1965): Das Laacher-See-Gebiet. Eine Stunde zur Hydrologie und Klimatologie. — Bonn. (= Arbeiten zur Rheinischen Landeskunde, 22.)"}
{"ref_bib": "@article{ref8, \n author  =  {Mattem e M and Scharf} , \n given-names  =  {B. W} , \n year  =  {1977} , \n title  =  {Zur Eutrophierung und Restau­ rierung des Laacher Sees} , \n booktitle  =  {Arch. Hydrobiol} , \n volume  =  {80} , \n issue  =  {4} , \n pages  =  {506 -- 518} \n }", "ref_text_x": "Mattem e, M. u. B. W. Scharf (1977): Zur Eutrophierung und Restau­ rierung des Laacher Sees. — In: Arch. Hydrobiol, 80, 4, S. 506—518."}
{"ref_bib": "@article{ref4, \n author  =  {Meyer E} , \n year  =  {1979 1978} , \n title  =  {Geologie des Laacher Vulkangebietes Vulkaneifel - Erholungslandschaft oder Rohstofflieferant? Tagungsbe­ richt d} , \n editor  =  {In: Die Laacher} , \n booktitle  =  {Schutzgemeinschaft Deutscher Wald über die Herbsttagung in Maria Laach vom 26.-29. Oktober} , \n pages  =  {40 -- 47} \n }", "ref_text_x": "Meyer, E. (1979): Geologie des Laacher Vulkangebietes. — In: Die Laacher Vulkaneifel - Erholungslandschaft oder Rohstofflieferant? Tagungsbe­ richt d. Schutzgemeinschaft Deutscher Wald über die Herbsttagung in Maria Laach vom 26.-29. Oktober 1978, S. 40-47."}
{"ref_bib": "@article{ref13, \n author  =  {Fischer Naturschutzgebiet} , \n title  =  {Laacher See} , \n volume  =  {101} \n }", "ref_text_x": "Fischer: Naturschutzgebiet, Laacher See\" 101"}
{"ref_bib": "@article{ref3, \n author  =  {Müller-Miny H} , \n year  =  {1959} , \n title  =  {Die naturräumliche Gliederung am Mittelrhein. — Remagen Zusammendruck einer Beitragsfolge in den Ber} , \n volume  =  {74 21} , \n note  =  {z} , \n booktitle  =  {dt. Landeskunde} , \n issue  =  {2} \n }", "ref_text_x": "Müller-Miny, H. (1959): Die naturräumliche Gliederung am Mittelrhein. — Remagen, 74 Seiten. = Zusammendruck einer Beitragsfolge in den Ber. z. dt. Landeskunde Bd. 21, 2."}
{"ref_bib": "@article{ref1, \n author  =  {Nüchel G} , \n year  =  {1972} , \n title  =  {Vegetationskundliche Untersuchungen im Naturschutz­ gebiet des Laacher Sees. — Masch. Ms} , \n booktitle  =  {Prüfungsarbeit f. d. Lehramt an Realschulen} \n }", "ref_text_x": "Nüchel, G. (1972): Vegetationskundliche Untersuchungen im Naturschutz­ gebiet des Laacher Sees. — Masch. Ms. Prüfungsarbeit f. d. Lehramt an Realschulen."}
{"ref_bib": "@article{ref2, \n author  =  {Wilhelmy H} , \n year  =  {1977} , \n title  =  {Geomorphologie} , \n editor  =  {Kiel} , \n booktitle  =  {Hirts Stichwortbücher} , \n note  =  {H.2} \n }", "ref_text_x": "Wilhelmy, H. (1977): Geomorphologie. — Kiel (= Hirts Stichwortbücher, H.2.)"}
