{"ref_bib": "@article{ref8, \n title  =  {ihre jetzige und künftige persönliche Einstellung zum Thema Rei­ sen hinterfragen} \n }", "ref_text_x": "ihre jetzige und künftige persönliche Einstellung zum Thema Rei­ sen hinterfragen."}
{"ref_bib": "@article{ref9, \n title  =  {also vielmehr als Reisetypen aufzufassen} \n }", "ref_text_x": "also vielmehr als Reisetypen aufzufassen,"}
{"ref_bib": "@article{ref1, \n author  =  {Baratta M} , \n title  =  {Fischer Weltalamanach 2005} , \n note  =  {Frankfurt/Main} , \n year  =  {2004} \n }", "ref_text_x": "Baratta, M. u. a.: Der Fischer Weltalamanach 2005. Frankfurt/Main 2004."}
{"ref_bib": "@article{ref7, \n author  =  {Junck R and Wieviel} , \n title  =  {Touristen pro Hektar und Strand} , \n booktitle  =  {GEO} , \n issue  =  {10} , \n year  =  {1980} , \n pages  =  {154 -- 156} \n }", "ref_text_x": "Junck, R.: Wieviel Touristen pro Hektar und Strand? In: GEO, H. 10, 1980, S. 154-156."}
{"ref_bib": "@article{ref6, \n author  =  {Köck H} , \n title  =  {Raumbezogene Schlüsselqualifika­ tionen - der fachimmanente Beitrag des Geo­ graphieunterrichts zum Lebensalltag des Ein­ zelnen und Funktionieren der Gesellschaft} \n }", "ref_text_x": "Köck, H.: Raumbezogene Schlüsselqualifika­ tionen - der fachimmanente Beitrag des Geo­ graphieunterrichts zum Lebensalltag des Ein­ zelnen und Funktionieren der Gesellschaft. In:"}
{"ref_bib": "@article{ref5, \n booktitle  =  {Geographie und Schule} , \n volume  =  {84} , \n year  =  {1993} , \n pages  =  {14 -- 22} \n }", "ref_text_x": "Geographie und Schule H. 84, 1993, S. 14-22."}
{"ref_bib": "@article{ref4, \n author  =  {Mäder U.: Sanfter and Tourismus} , \n title  =  {Alibi oder Chance, die Schweiz ein Vorbild für die Entwicklungsländer? Arbeitskreis Tourismus und Entwicklung} , \n note  =  {Zürich} , \n year  =  {1985} \n }", "ref_text_x": "Mäder, U.: Sanfter Tourismus: Alibi oder Chance, die Schweiz ein Vorbild für die Entwicklungsländer? Arbeitskreis Tourismus und Entwicklung. Zürich 1985."}
{"ref_bib": "@article{ref2, \n author  =  {Mose I and Sanfter} , \n title  =  {Tourismus - Schlagwort, Chance, Utopie} , \n booktitle  =  {geographie heute} , \n volume  =  {143} , \n year  =  {1996} , \n pages  =  {4 -- 9} \n }", "ref_text_x": "Mose, I.: Sanfter Tourismus - Schlagwort, Chance, Utopie? In: geographie heute, H. 143, 1996, S. 4-9."}
{"ref_bib": "@article{ref3, \n author  =  {Dr David} , \n title  =  {Golay ist Lehrer für Geographie und Mathematik an der Sekundarschule Gelterkinden} , \n note  =  {Dr. rer. nat. David Golay, Im Grund CH-4464 Anwil, E-Mail} , \n volume  =  {54} , \n publisher  =  {golay- bacci@bluewin.ch} \n }", "ref_text_x": "Dr. David Golay ist Lehrer für Geographie und Mathematik an der Sekundarschule Gelterkinden. Dr. rer. nat. David Golay, Im Grund 54, CH-4464 Anwil, E-Mail: golay- bacci@bluewin.ch"}
