@article{ref12, 
 title  =  {Erde ihren Anteil an der Weltausfuhr bis 1971 auf 81} , 
 note  =  {o steigern} 
 }
@article{ref10, 
 author  =  {Lothar Julitz} , 
 title  =  {Der Welthandel ändert seine Struktur, Frank­ furterAllgemeine} , 
 booktitle  =  {Zeitung vom 24} , 
 note  =  {4. 1972} 
 }
@article{ref5, 
 author  =  {Buchholz H. E.} , 
 title  =  {Perspektiven des Welthandels mit Agrarprodukten. Handelspolitische Empfehlungen im Weltleitplan derFAO} , 
 booktitle  =  {Agrarwirtschaft} , 
 note  =  {Jg} , 
 volume  =  {19} , 
 year  =  {1970} , 
 issue  =  {7} 
 }
@article{ref8, 
 title  =  {Fa hrns chon, He lmut: Zur Förderung des deutschen Agrarexports} , 
 booktitle  =  {Mitteilungen der DLG} , 
 volume  =  {58} , 
 note  =  {Jg} , 
 year  =  {1970} , 
 issue  =  {51} , 
 pages  =  {1568 --} 
 }
@article{ref7, 
 title  =  {Fa hrns chon, He lmut: Wettbewerb um Auslands­ märkte Fehlerbei derGetreidehilfe} , 
 editor  =  {Marktwirtschaft} , 
 issue  =  {6} , 
 year  =  {1972 1971} , 
 booktitle  =  {FrankfurterAllgemeine Zeitungvom 1. 3} 
 }
@article{ref2, 
 title  =  {Food and Agriculture Organization: Trade in Agri­ cultural Commodities in the United Nations Develop­ ment Decade} , 
 volume  =  {1} , 
 note  =  {Rome} , 
 year  =  {1964} , 
 pages  =  {I -- 30} 
 }
@article{ref6, 
 title  =  {Ha ns me y e r, Ka rl-He inrich: Finanzielle Staatshilfen fürdie Landwirtschaft} , 
 note  =  {Tübingen f} , 
 year  =  {1963} , 
 pages  =  {132 --} 
 }
@article{ref3, 
 author  =  {Krus e} , 
 title  =  {-Rode na cke r, A.: Die Organisation der Welt­ agrarmärkte; Veröffentlichung der Europäischen Wirt­ schaftsgemeinschaft} , 
 booktitle  =  {Reihe Landwirtschaft} , 
 volume  =  {15} , 
 note  =  {Brüs­ sel} , 
 year  =  {1964} , 
 pages  =  {25 --} 
 }
@article{ref1, 
 title  =  {Ot z e n, Ha ns: Dänen importieren auch. Verschiebun­ gen des Agraraußenhandels durch den Beitritt Däne­ marks zur EWG} , 
 booktitle  =  {Bauernblatt/Landpost vom 4.3} , 
 year  =  {1972} 
 }
@article{ref4, 
 author  =  {Zure k} , 
 title  =  {Die Wirtschafts- undagrarpolitische} , 
 note  =  {Be} 
 }
@article{ref11, 
 title  =  {Forschungsgesellschaft für Agrarpolitik und Agrar­ soziologie e. V} , 
 note  =  {Bonn Summaries} , 
 year  =  {1971} 
 }
@article{ref9, 
 author  =  {Central Wales} , 
 title  =  {Structure and Renewal of a Rural Development Area inthe West of Great Britain By Jürge n Da hlke The employment structure of the six counties of Central Wales — Merioneth} , 
 note  =  {Montgomery, Cardigan, Radnor, Carmarthen} , 
 booktitle  =  {and Brecon — reveals the predominance of} 
 }
ef_bib": "@article{ref3, \n author  =  {Krus e} , \n title  =  {-Rode na cke r, A.: Die Organisation der Welt­ agrarmärkte; Veröffentlichung der Europäischen Wirt­ schaftsgemeinschaft} , \n booktitle  =  {Reihe Landwirtschaft} , \n volume  =  {15} , \n note  =  {Brüs­ sel} , \n year  =  {1964} , \n pages  =  {25 --} \n }", "ref_text_x": "Krus e -Rode na cke r, A.: Die Organisation der Welt­ agrarmärkte; Veröffentlichung der Europäischen Wirt­ schaftsgemeinschaft, Reihe Landwirtschaft, Bd. 15; Brüs­ sel 1964, S. 25."}
{"ref_bib": "@article{ref1, \n title  =  {Ot z e n, Ha ns: Dänen importieren auch. Verschiebun­ gen des Agraraußenhandels durch den Beitritt Däne­ marks zur EWG} , \n booktitle  =  {Bauernblatt/Landpost vom 4.3} , \n year  =  {1972} \n }", "ref_text_x": "Ot z e n, Ha ns: Dänen importieren auch. Verschiebun­ gen des Agraraußenhandels durch den Beitritt Däne­ marks zur EWG; in: Bauernblatt/Landpost vom 4.3. 1972."}
{"ref_bib": "@article{ref4, \n author  =  {Zure k} , \n title  =  {Die Wirtschafts- undagrarpolitische} , \n note  =  {Be} \n }", "ref_text_x": "Zure k, Erns t: Die Wirtschafts- undagrarpolitische Be­"}
{"ref_bib": "@article{ref11, \n title  =  {Forschungsgesellschaft für Agrarpolitik und Agrar­ soziologie e. V} , \n note  =  {Bonn Summaries} , \n year  =  {1971} \n }", "ref_text_x": "Forschungsgesellschaft für Agrarpolitik und Agrar­ soziologie e. V.; Bonn 1971. Summaries"}
{"ref_bib": "@article{ref9, \n author  =  {Central Wales} , \n title  =  {Structure and Renewal of a Rural Development Area inthe West of Great Britain By Jürge n Da hlke The employment structure of the six counties of Central Wales — Merioneth} , \n note  =  {Montgomery, Cardigan, Radnor, Carmarthen} , \n booktitle  =  {and Brecon — reveals the predominance of} \n }", "ref_text_x": "Central Wales. Structure and Renewal of a Rural Development Area inthe West of Great Britain By Jürge n Da hlke The employment structure of the six counties of Central Wales — Merioneth, Montgomery, Cardigan, Radnor, Carmarthen and Brecon — reveals the predominance of"}
