{"ref_bib": "@article{ref3, \n title  =  {Anschriften der Mitarbeiter: Prof} , \n editor  =  {W. Ahrens Dr. Ernst Barners Stud.-Rat Dr. Karl Mathias} , \n note  =  {Krefeld, Westwall Bonn, Blücherstrafle Wiebelskirchen (Saar), Kirchhof­} , \n volume  =  {124 15} \n }", "ref_text_x": "Anschriften der Mitarbeiter: Prof. Dr. W. Ahrens, Krefeld, Westwall 124 / Dr. Ernst Barners, Bonn, Blücherstrafle 15 / Stud.-Rat Dr. Karl Mathias, Wiebelskirchen (Saar), Kirchhof­"}
{"ref_bib": "@article{ref6, \n url  =  {straße} , \n note  =  {28c Trier, Friedridi-Wilhelm-Str Stud.-Ass} , \n editor  =  {Stud.-Ass. B. Sdiiel Stud.-Ass. F.-J. Faas} , \n volume  =  {48} \n }", "ref_text_x": "straße 28c / Stud.-Ass. B. Sdiiel, Trier, Friedridi-Wilhelm-Str. 48 / Stud.-Ass. F.-J. Faas, Stud.-Ass."}
{"ref_bib": "@article{ref2, \n author  =  {A Backes and Trier, Studienseminar} , \n editor  =  {Friedrich-Wilhelm-Gymnasium Stud.-Ref. Willi Blum. Karls­ mühle, Post Ruwer bei Trier Stud.-Rat P. Schemitz Weinbau­ oberlehrer H. Wolf} , \n note  =  {Ruwer b. Trier, Trierstr. la Trier, Kurfürstenstr. 23} \n }", "ref_text_x": "A. Backes, Trier, Studienseminar am Friedrich-Wilhelm-Gymnasium / Stud.-Ref. Willi Blum. Karls­ mühle, Post Ruwer bei Trier / Stud.-Rat P. Schemitz, Ruwer b. Trier, Trierstr. la / Weinbau­ oberlehrer H. Wolf, Trier, Kurfürstenstr. 23."}
{"ref_bib": "@article{ref1, \n title  =  {Anschriften der Herausgeber: Prof. Dr} , \n note  =  {Julius Wagner, Frankfurt/Main, Garten­} \n }", "ref_text_x": "Anschriften der Herausgeber: Prof. Dr. Julius Wagner, Frankfurt/Main, Garten­"}
{"ref_bib": "@article{ref10, \n editor  =  {straße 66 Oberstudiendirektor Dr. Max Unterhorst} , \n note  =  {Peine, Becthoveustraße} , \n volume  =  {15} \n }", "ref_text_x": "straße 66 / Oberstudiendirektor Dr. Max Unterhorst, Peine, Becthoveustraße 15."}
{"ref_bib": "@article{ref5, \n title  =  {Bild nach weis: Stud.-Ass. B. Schiel, Trier, Friedrich-Wilhelm-Str} , \n volume  =  {48 (1} , \n issue  =  {2, 3, 6, 7, 8)} , \n note  =  {Stud.-Ass} \n }", "ref_text_x": "Bild nach weis: Stud.-Ass. B. Schiel, Trier, Friedrich-Wilhelm-Str. 48 (1, 2, 3, 6, 7, 8); Stud.-Ass."}
{"ref_bib": "@article{ref7, \n author  =  {F.-J Faas, Trier and Studienseminar} , \n note  =  {Marburg, Marburg/Lahn (5)} \n }", "ref_text_x": "F.-J. Faas, Trier, Studienseminar am Friedr.-Wilhelm-Gymnasium (4); Foto Marburg, Marburg/Lahn (5)."}
{"ref_bib": "@article{ref8, \n editor  =  {Druck: Georg Westermann} , \n note  =  {Braunsdiweig} \n }", "ref_text_x": "Druck: Georg Westermann, Braunsdiweig."}
{"ref_bib": "@article{ref4, \n editor  =  {Verband Deutscher} , \n title  =  {Schulgeograph cn. Geschäftsstelle: Frankfurt/Main, Gartenstr} , \n volume  =  {66} \n }", "ref_text_x": "Verband Deutscher Schulgeograph cn. Geschäftsstelle: Frankfurt/Main, Gartenstr. 66."}
{"ref_bib": "@article{ref9, \n editor  =  {Kassenführung: Dr. Pfaff, Darmstadt} , \n volume  =  {4 115} , \n booktitle  =  {Postsdieckkonto: Frankfurt/Main} , \n issue  =  {699} \n }", "ref_text_x": "Kassenführung: Dr. Pfaff, Darmstadt, Küchlerstrafle 4. Postsdieckkonto: Frankfurt/Main Nr. 115 699."}
