@article{ref3, 
 author  =  {Bleck J and van de Walle} , 
 given-names  =  {N} , 
 year  =  {2010} , 
 title  =  {Parties and Issues in Francophone West Africa: Towards a Theory of Non-Mobilization} , 
 booktitle  =  {Ithaka, NYC Mario Einaudi Center for International Studies. Working Paper Series} , 
 pages  =  {1 -- 10} 
 }
@article{ref2, 
 author  =  {Bröning M} , 
 year  =  {2006} , 
 title  =  {Den Blick weiten: Politischer Islam in Westafrika. Friedrich-Ebert-Stiftung. IPG 3/2006} , 
 url  =  {http://library.fes.de/pdf-files/id/ ipg/03902.pdf} 
 }
@article{ref1, 
 author  =  {Elischer S and Erdmann} , 
 given-names  =  {G} , 
 year  =  {2012} , 
 title  =  {Regionalorganisationen in Afrika - eine Bilanz GIGA Focus Afrika 3/2012} , 
 booktitle  =  {GIGA German Institute of Global and Area Studies} , 
 note  =  {Hamburg} 
 }
@article{ref10, 
 author  =  {Erdmann G} , 
 year  =  {2004} , 
 title  =  {Party Research: Western European Bias and the African Labyrinth} , 
 booktitle  =  {Democratization} , 
 volume  =  {11} , 
 pages  =  {63 -- 87} 
 }
@article{ref12, 
 author  =  {Jaspert J} , 
 year  =  {2010} , 
 title  =  {Regionalismus im südlichen Afrika. Die Handels- und Sicherheitspolitik der SADC} , 
 note  =  {Wiesbaden} 
 }
@article{ref9, 
 author  =  {Julien S} , 
 year  =  {2011} , 
 title  =  {Le Sahel comme espace de transit des stupefiants. Acteurs et consequences politiques} , 
 booktitle  =  {Herodote} , 
 volume  =  {142} , 
 pages  =  {139 -- 140} 
 }
@article{ref6, 
 author  =  {Moseley W.G and Gray} , 
 given-names  =  {L.C} , 
 year  =  {2008} , 
 title  =  {Introduction. Cotton, Globalization, and Poverty in Africa a thread, cotton, globalization, and poverty in Africa} , 
 editor  =  {W.G. Mosely L.C. Gray} , 
 booktitle  =  {Hanging by} , 
 note  =  {Athens. Ohio} , 
 pages  =  {1 -- 31} 
 }
@article{ref11, 
 author  =  {Mayrargue C} , 
 year  =  {2008} , 
 title  =  {Les dynamiques paradoxales du pentecötisme en Afrique subsaharienne. IFRI} , 
 note  =  {Paris} , 
 url  =  {www.ifri.org/downloads/ mayrarguefinalfr.pdf} 
 }
@article{ref7, 
 editor  =  {McKinsey Global Institute} , 
 year  =  {2010} , 
 title  =  {Lions on the move: The progress and potential of African economies} , 
 publisher  =  {Washington} , 
 url  =  {www.mckinsey.com/ insights/africa/lions_on_the_move} 
 }
@article{ref5, 
 author  =  {Oberländer R} , 
 year  =  {1878 2013} , 
 title  =  {Westafrika vom Senegal bis Benguela. Reisen und Schilderungen aus Senegambien, Ober- und Niederguinea} , 
 note  =  {Leipzig} , 
 publisher  =  {OECD} , 
 url  =  {http://stats.oecd.org} 
 }
@article{ref4, 
 author  =  {Söderbaum F} , 
 editor  =  {Taylor} , 
 year  =  {2008} , 
 title  =  {Afro-Regions. The Dynamics of Cross-Border Micro-Regionalism in Africa. Nordiska Afrikainstitutet} , 
 note  =  {Uppsala} 
 }
@article{ref13, 
 year  =  {2013} , 
 url  =  {www.unodc.org/westandcentralafrica/en/west-africa-coast-} , 
 note  =  {initiative.html} 
 }
@article{ref8, 
 author  =  {Verschave F.-X} , 
 year  =  {2002} , 
 title  =  {Noir silence. Qui arretera la Francafrique} , 
 note  =  {Paris} 
 }
@article{ref14, 
 author  =  {Wiese B} , 
 year  =  {2000} , 
 title  =  {Westafrikas atlantische Fassade -Geopolitik einer Krisen­ region} , 
 booktitle  =  {Geographische Rundschau SUMMARY} , 
 volume  =  {52} , 
 issue  =  {11} , 
 pages  =  {60 -- 61} 
 }
e. IFRI} , \n note  =  {Paris} , \n url  =  {www.ifri.org/downloads/ mayrarguefinalfr.pdf} \n }", "ref_text_x": "Mayrargue. C. (2008): Les dynamiques paradoxales du pentecötisme en Afrique subsaharienne. IFRI. Paris, www.ifri.org/downloads/ mayrarguefinalfr.pdf"}
{"ref_bib": "@article{ref7, \n editor  =  {McKinsey Global Institute} , \n year  =  {2010} , \n title  =  {Lions on the move: The progress and potential of African economies} , \n publisher  =  {Washington} , \n url  =  {www.mckinsey.com/ insights/africa/lions_on_the_move} \n }", "ref_text_x": "McKinsey Global Institute (2010): Lions on the move: The progress and potential of African economies. Washington, www.mckinsey.com/ insights/africa/lions_on_the_move"}
{"ref_bib": "@article{ref5, \n author  =  {Oberländer R} , \n year  =  {1878 2013} , \n title  =  {Westafrika vom Senegal bis Benguela. Reisen und Schilderungen aus Senegambien, Ober- und Niederguinea} , \n note  =  {Leipzig} , \n publisher  =  {OECD} , \n url  =  {http://stats.oecd.org} \n }", "ref_text_x": "Oberländer, R. (1878): Westafrika vom Senegal bis Benguela. Reisen und Schilderungen aus Senegambien, Ober- und Niederguinea. Leipzig OECD (2013): http://stats.oecd.org"}
{"ref_bib": "@article{ref4, \n author  =  {Söderbaum F} , \n editor  =  {Taylor} , \n year  =  {2008} , \n title  =  {Afro-Regions. The Dynamics of Cross-Border Micro-Regionalism in Africa. Nordiska Afrikainstitutet} , \n note  =  {Uppsala} \n }", "ref_text_x": "Söderbaum, F. und /. Taylor (Hrsg.) (2008): Afro-Regions. The Dynamics of Cross-Border Micro-Regionalism in Africa. Nordiska Afrikainstitutet, Uppsala"}
{"ref_bib": "@article{ref13, \n year  =  {2013} , \n url  =  {www.unodc.org/westandcentralafrica/en/west-africa-coast-} , \n note  =  {initiative.html} \n }", "ref_text_x": "UNODC (2013): www.unodc.org/westandcentralafrica/en/west-africa-coast- initiative.html"}
{"ref_bib": "@article{ref8, \n author  =  {Verschave F.-X} , \n year  =  {2002} , \n title  =  {Noir silence. Qui arretera la Francafrique} , \n note  =  {Paris} \n }", "ref_text_x": "Verschave. F.-X. (2002): Noir silence. Qui arretera la Francafrique? Paris"}
{"ref_bib": "@article{ref14, \n author  =  {Wiese B} , \n year  =  {2000} , \n title  =  {Westafrikas atlantische Fassade -Geopolitik einer Krisen­ region} , \n booktitle  =  {Geographische Rundschau SUMMARY} , \n volume  =  {52} , \n issue  =  {11} , \n pages  =  {60 -- 61} \n }", "ref_text_x": "Wiese. B. (2000): Westafrikas atlantische Fassade -Geopolitik einer Krisen­ region. Geographische Rundschau 52 (11), S. 60-61 SUMMARY"}
