@article{ref3, 
 editor  =  {Die Bundesregierung} , 
 booktitle  =  {Die Kartoffel: Erfolgsgeschichte einer "ärmlichen Knolle". Magazin zur Entwicklungspolitik} , 
 url  =  {69/2008 (www.bundesregierung.de)} 
 }
@article{ref4, 
 author  =  {Corves C and Biologische} , 
 title  =  {Vielfalt in der Landwirtschaft. Ihre Bedeutung für die Ernährungssicherung in Zeiten des Klimawandels} 
 }
@article{ref5, 
 booktitle  =  {Geographische Rundschau} , 
 volume  =  {61} , 
 year  =  {2009} , 
 issue  =  {H.4} , 
 pages  =  {38 -- 45} 
 }
@article{ref6, 
 author  =  {Devaux A} , 
 title  =  {comparativo del sector papa en Bolivia, Ecuador y Peru en la regiön andina} , 
 editor  =  {Devaux, A} , 
 booktitle  =  {El sector} , 
 note  =  {papa Diagnöstico y elementos para} , 
 publisher  =  {una vision estrategica} 
 }
@article{ref10, 
 title  =  {Bolivia, Ecuador y Peru} , 
 note  =  {Lima} , 
 year  =  {2010} , 
 pages  =  {8 -- 22} 
 }
@article{ref7, 
 author  =  {Kotschi J and Agricultural} , 
 title  =  {Biodiversity is Essential for Adapting to Climate Change} , 
 booktitle  =  {GAIA} , 
 volume  =  {16} , 
 year  =  {2007} , 
 issue  =  {H.2} , 
 pages  =  {98 -- 101} 
 }
@article{ref11, 
 author  =  {Melissis A} , 
 year  =  {Die} , 
 title  =  {Kraft der Knolle. Die Kartoffel und ihre Bedeutung als Kulturpflanze, die zeitung - terre des hommes 4/2007} , 
 pages  =  {3 --} 
 }
@article{ref1, 
 author  =  {Mayo R and Las} , 
 title  =  {papas nativas conquistan el mundo. El Comercio vom 11.01} , 
 year  =  {2010} 
 }
@article{ref2, 
 author  =  {Schmidt-Wulffen W.-D} , 
 year  =  {Zweimal} , 
 title  =  {Höhenstufen der Anden" - Ein neuer didaktischer und inhaltlicher Zugang zu einem "alten" Thema des Geographieunterrichts} , 
 booktitle  =  {Materialien zur Didaktik der} 
 }
@article{ref9, 
 editor  =  {Geographie} , 
 author  =  {Wirtschaftskunde} , 
 year  =  {1999} , 
 volume  =  {15} , 
 pages  =  {99 -- 106} 
 }
@article{ref12, 
 author  =  {Spooner D. M and u.a} , 
 title  =  {A single domestication for potato based on multilocus amplified fragment length polymorphism genotyping} 
 }
@article{ref8, 
 author  =  {PNAS 102} , 
 year  =  {2005} , 
 title  =  {H.41 Filme Bundesministerium für wirtschaftliche Zusammenarbeit und Gold der Inkas. Wie die Kartoffel in Zeiten des Klimawandels die Ernährung sichern kann} , 
 editor  =  {Entwick­ lung (BMZ)} , 
 booktitle  =  {Das grüne Bonn/Berlin 2008 (BMZ Filmservice} , 
 volume  =  {017} 
 }
S. 3"}
{"ref_bib": "@article{ref1, \n author  =  {Mayo R and Las} , \n title  =  {papas nativas conquistan el mundo. El Comercio vom 11.01} , \n year  =  {2010} \n }", "ref_text_x": "Mayo, R.: Las papas nativas conquistan el mundo. El Comercio vom 11.01. 2010"}
{"ref_bib": "@article{ref2, \n author  =  {Schmidt-Wulffen W.-D} , \n year  =  {Zweimal} , \n title  =  {Höhenstufen der Anden\" - Ein neuer didaktischer und inhaltlicher Zugang zu einem \"alten\" Thema des Geographieunterrichts} , \n booktitle  =  {Materialien zur Didaktik der} \n }", "ref_text_x": "Schmidt-Wulffen, W.-D.: Zweimal \"Höhenstufen der Anden\" - Ein neuer didaktischer und inhaltlicher Zugang zu einem \"alten\" Thema des Geographieunterrichts. In: Materialien zur Didaktik der"}
{"ref_bib": "@article{ref9, \n editor  =  {Geographie} , \n author  =  {Wirtschaftskunde} , \n year  =  {1999} , \n volume  =  {15} , \n pages  =  {99 -- 106} \n }", "ref_text_x": "Geographie und Wirtschaftskunde (1999) Bd. 15, S. 99-106"}
{"ref_bib": "@article{ref12, \n author  =  {Spooner D. M and u.a} , \n title  =  {A single domestication for potato based on multilocus amplified fragment length polymorphism genotyping} \n }", "ref_text_x": "Spooner, D. M. u.a.: A single domestication for potato based on multilocus amplified fragment length polymorphism genotyping."}
{"ref_bib": "@article{ref8, \n author  =  {PNAS 102} , \n year  =  {2005} , \n title  =  {H.41 Filme Bundesministerium für wirtschaftliche Zusammenarbeit und Gold der Inkas. Wie die Kartoffel in Zeiten des Klimawandels die Ernährung sichern kann} , \n editor  =  {Entwick­ lung (BMZ)} , \n booktitle  =  {Das grüne Bonn/Berlin 2008 (BMZ Filmservice} , \n volume  =  {017} \n }", "ref_text_x": "PNAS 102 (2005) H.41 Filme Bundesministerium für wirtschaftliche Zusammenarbeit und Entwick­ lung (BMZ) (Hrsg.): Das grüne Gold der Inkas. Wie die Kartoffel in Zeiten des Klimawandels die Ernährung sichern kann. Bonn/Berlin 2008 (BMZ Filmservice 017)"}
