@article{ref19, 
 title  =  {de la Sect. scientif. de la Academie Rou- maine} , 
 note  =  {XIX/8, Bucuresti} , 
 year  =  {1938} 
 }
@article{ref9, 
 author  =  {CREDNER G. R.} , 
 booktitle  =  {Die Deltas. Pet. Ergh} , 
 volume  =  {56} , 
 year  =  {1878} , 
 note  =  {Gotha} 
 }
@article{ref6, 
 author  =  {CZAJKA W and Schwemmfächer} , 
 title  =  {md Schwemm­ ebene in der Piedmontzone} , 
 booktitle  =  {Die Erde} , 
 volume  =  {II, 1950/51} , 
 pages  =  {155 -- 166} 
 }
@article{ref8, 
 title  =  {Schwemmfächerbildung undSchwemmfächer­ formen. Mitt. Geogr} , 
 booktitle  =  {Ges. Wien} , 
 volume  =  {100} , 
 issue  =  {1958} , 
 pages  =  {18 -- 36} 
 }
@article{ref3, 
 author  =  {GULLIVER F. H.} , 
 note  =  {Shoreline Topography} 
 }
@article{ref18, 
 title  =  {USA Proceedings Amer. of Arts and Scien­ ces} , 
 volume  =  {XXXIV, 1899} 
 }
@article{ref10, 
 author  =  {KAUFMANN H} , 
 title  =  {Rhythmische Phänomene der Erdoberfläche} , 
 note  =  {Braunschweig} , 
 year  =  {1929} 
 }
@article{ref13, 
 author  =  {LEPSI I and Das} , 
 title  =  {Gefälle der Talwege im} , 
 note  =  {Donau} 
 }
@article{ref21, 
 booktitle  =  {delta. Pet. Mitt.} , 
 volume  =  {87} , 
 issue  =  {1941} , 
 pages  =  {267 -- 270} 
 }
@article{ref7, 
 author  =  {MARINELLI Ö} , 
 title  =  {L"increscimente del delta del Po nel secolo} , 
 booktitle  =  {Rivista Geogr. Ital., XIX} , 
 year  =  {1898} 
 }
@article{ref12, 
 title  =  {Süll etä dei delta dei fiumi italiani. La Geo­ graphie} , 
 booktitle  =  {XIV, Fase} , 
 volume  =  {1—2} , 
 year  =  {1926} 
 }
@article{ref15, 
 title  =  {MARTONNE de E.: Traite de Geographie Phy- sique} , 
 note  =  {Tome Paris 1926} , 
 author  =  {second} , 
 pages  =  {971 -- 996} 
 }
@article{ref16, 
 author  =  {PESCHEL O and Neue} , 
 title  =  {Probleme der vergleichen­ den Erdkunde} , 
 note  =  {Leipzig} , 
 year  =  {1870} , 
 pages  =  {110 -- 129} 
 }
@article{ref20, 
 author  =  {PFANNENSTIEL M} , 
 year  =  {Die} , 
 title  =  {Quartärgeschichte des Donaudeltas. Bonner Geogr} , 
 note  =  {Abhand} 
 }
@article{ref17, 
 author  =  {lungen H} , 
 issue  =  {6} , 
 note  =  {Bonn} , 
 year  =  {1950} 
 }
@article{ref1, 
 author  =  {RÜSSEL R. J.} , 
 title  =  {Morphologie des Mississippi­ deltas. Geogr} , 
 booktitle  =  {Zeitschr} , 
 volume  =  {45 1939} , 
 note  =  {28i} , 
 pages  =  {293 --} 
 }
@article{ref4, 
 author  =  {SAMOJLOV I. V.} , 
 booktitle  =  {Die Flußmündungen} , 
 note  =  {Gotha} , 
 year  =  {1956} 
 }
@article{ref2, 
 author  =  {SLANAR H and Zur} , 
 title  =  {Kartographie und Morpho­ logie des Donaudeltas. Wiener Geogr} , 
 booktitle  =  {Stu­ dien} , 
 volume  =  {12} , 
 note  =  {Wien} , 
 year  =  {1945} 
 }
@article{ref14, 
 author  =  {WILHELMY H} , 
 title  =  {Umlaufseen und Dammufer­ seen tropischer Tieflandflüsse} , 
 note  =  {Zeitschrift} 
 }
@article{ref5, 
 booktitle  =  {Geomorphologie, Neue Folge} , 
 volume  =  {2} , 
 issue  =  {1/2} , 
 year  =  {1958} , 
 pages  =  {27 -- 64} 
 }
@article{ref11, 
 title  =  {Manuskript eingelangt im Herbst} , 
 note  =  {1959} 
 }
\n title  =  {Probleme der vergleichen­ den Erdkunde} , \n note  =  {Leipzig} , \n year  =  {1870} , \n pages  =  {110 -- 129} \n }", "ref_text_x": "PESCHEL, O.: Neue Probleme der vergleichen­ den Erdkunde. Leipzig 1870, 110—129."}
{"ref_bib": "@article{ref20, \n author  =  {PFANNENSTIEL M} , \n year  =  {Die} , \n title  =  {Quartärgeschichte des Donaudeltas. Bonner Geogr} , \n note  =  {Abhand} \n }", "ref_text_x": "PFANNENSTIEL, M.: Die Quartärgeschichte des Donaudeltas. Bonner Geogr. Abhand­"}
{"ref_bib": "@article{ref17, \n author  =  {lungen H} , \n issue  =  {6} , \n note  =  {Bonn} , \n year  =  {1950} \n }", "ref_text_x": "lungen, H. 6, Bonn 1950."}
{"ref_bib": "@article{ref1, \n author  =  {RÜSSEL R. J.} , \n title  =  {Morphologie des Mississippi­ deltas. Geogr} , \n booktitle  =  {Zeitschr} , \n volume  =  {45 1939} , \n note  =  {28i} , \n pages  =  {293 --} \n }", "ref_text_x": "RÜSSEL, R. J.: Morphologie des Mississippi­ deltas. Geogr. Zeitschr., 45. Bd., 1939, 28i_ 293."}
{"ref_bib": "@article{ref4, \n author  =  {SAMOJLOV I. V.} , \n booktitle  =  {Die Flußmündungen} , \n note  =  {Gotha} , \n year  =  {1956} \n }", "ref_text_x": "SAMOJLOV, I. V.: Die Flußmündungen. Gotha 1956."}
{"ref_bib": "@article{ref2, \n author  =  {SLANAR H and Zur} , \n title  =  {Kartographie und Morpho­ logie des Donaudeltas. Wiener Geogr} , \n booktitle  =  {Stu­ dien} , \n volume  =  {12} , \n note  =  {Wien} , \n year  =  {1945} \n }", "ref_text_x": "SLANAR, H.: Zur Kartographie und Morpho­ logie des Donaudeltas. Wiener Geogr. Stu­ dien, H. 12, Wien 1945."}
{"ref_bib": "@article{ref14, \n author  =  {WILHELMY H} , \n title  =  {Umlaufseen und Dammufer­ seen tropischer Tieflandflüsse} , \n note  =  {Zeitschrift} \n }", "ref_text_x": "WILHELMY, H.: Umlaufseen und Dammufer­ seen tropischer Tieflandflüsse. Zeitschrift"}
{"ref_bib": "@article{ref5, \n booktitle  =  {Geomorphologie, Neue Folge} , \n volume  =  {2} , \n issue  =  {1/2} , \n year  =  {1958} , \n pages  =  {27 -- 64} \n }", "ref_text_x": "f. Geomorphologie, Neue Folge, Bd. 2, H. 1/2, 1958, 27—64."}
{"ref_bib": "@article{ref11, \n title  =  {Manuskript eingelangt im Herbst} , \n note  =  {1959} \n }", "ref_text_x": "Manuskript eingelangt im Herbst 1959"}
