{"ref_seg_dic": {"title": [{"score": "0.0866", "value": "Rechtsverordnung"}, {"score": "0.0579", "value": "vom"}, {"score": "0.1203", "value": "31."}, {"score": "0.068", "value": "Oktober"}, {"score": "0.0877", "value": "1940"}, {"score": "0.0925", "value": "unter"}, {"score": "0.12", "value": "Naturschutz"}, {"score": "0.1108", "value": "gestellt;"}, {"score": "0.0664", "value": "im"}, {"score": "0.1085", "value": "Landschaftsplan"}, {"score": "0.1472", "value": "Vulkaneifel"}, {"score": "0.1232", "value": "von"}, {"score": "0.1175", "value": "1968"}, {"score": "0.082", "value": "ist"}, {"score": "0.1137", "value": "es"}, {"score": "0.1178", "value": "wie"}, {"score": "0.1017", "value": "folgt"}, {"score": "0.0768", "value": "beschrieben"}]}, "ref_text_x": "Rechtsverordnung vom 31. Oktober 1940 unter Naturschutz gestellt; im Landschaftsplan \"Vulkaneifel\" von 1968 ist es wie folgt beschrieben: \" ..."}
{"ref_seg_dic": {"other": [{"score": "0.1474", "value": "Vorkommen"}, {"score": "0.1288", "value": "seltener"}], "title": [{"score": "0.1048", "value": "mit"}, {"score": "0.0814", "value": "bedeutendem"}, {"score": "0.1083", "value": "Erholungswert:"}, {"score": "0.1147", "value": "Gebiet"}, {"score": "0.1225", "value": "enthält"}, {"score": "0.1081", "value": "vielfältige"}, {"score": "0.0998", "value": "Biozönosen"}, {"score": "0.0869", "value": "(oli­"}, {"score": "0.1236", "value": "gotrophes"}, {"score": "0.1113", "value": "Gewässer,"}, {"score": "0.0736", "value": "Verlandungsufer,"}, {"score": "0.0573", "value": "Wiesen"}, {"score": "0.0978", "value": "und"}, {"score": "0.0829", "value": "Wald),"}, {"score": "0.0637", "value": "Brut-"}, {"score": "0.0897", "value": "und"}, {"score": "0.0648", "value": "Rast­"}, {"score": "0.0688", "value": "platz"}, {"score": "0.0799", "value": "für"}, {"score": "0.0939", "value": "Wassergeflügel,"}, {"score": "0.0539", "value": "besonders"}, {"score": "0.0903", "value": "Enten"}, {"score": "0.0883", "value": "und"}, {"score": "0.1033", "value": "Taucher"}]}, "ref_text_x": "mit bedeutendem Erholungswert: Gebiet enthält vielfältige Biozönosen (oli­ gotrophes Gewässer, Verlandungsufer, Wiesen und Wald), Brut- und Rast­ platz für Wassergeflügel, besonders Enten und Taucher. Vorkommen seltener"}
{"ref_seg_dic": {"other": [{"score": "0.2593", "value": "Ausbau"}], "editor": [{"score": "0.1416", "value": "Pflanzen"}], "title": [{"score": "0.0858", "value": "Aufzählung)"}, {"score": "0.1328", "value": "."}, {"score": "0.0823", "value": "Als"}, {"score": "0.1266", "value": "Bemerkung"}, {"score": "0.1006", "value": "ist"}, {"score": "0.0786", "value": "angefügt"}]}, "ref_text_x": "Pflanzen (folgt Aufzählung) . Als Bemerkung ist angefügt: \" ... Ausbau"}
{"ref_seg_dic": {"title": [{"score": "0.1391", "value": "Die"}, {"score": "0.1698", "value": "Basaltvulkane"}, {"score": "0.142", "value": "des"}, {"score": "0.1099", "value": "südöstlichen"}, {"score": "0.1084", "value": "Laacher-See-Gebiets"}, {"score": "0.1314", "value": "und"}, {"score": "0.1079", "value": "ihre"}, {"score": "0.1263", "value": "Lavaströme"}], "author": [[{"score": "0.2328", "surname": "Ahrens"}], [{"given-names": "W.", "score": "0.2869"}]], "volume": [{"score": "0.2023", "value": "53"}], "source": [{"score": "0.1201", "value": "Jb"}, {"score": "0.1374", "value": "preuß"}, {"score": "0.128", "value": "Geol"}], "year": [{"score": "0.2933", "value": "1932"}], "page": [{"score": "0.3018", "value": "851"}, {"score": "0.3018", "value": "878"}]}, "ref_text_x": "Ahrens, W. (1932): Die Basaltvulkane des südöstlichen Laacher-See-Gebiets und ihre Lavaströme. — In: Jb. preuß. Geol. L.A. 53, S. 851—878."}
{"ref_seg_dic": {"title": [{"score": "0.1421", "value": "Die"}, {"score": "0.1652", "value": "Vogelwelt"}, {"score": "0.1413", "value": "im"}, {"score": "0.092", "value": "Raum"}, {"score": "0.0833", "value": "Andernach—Mayen—Cochem"}], "author": [[{"score": "0.1677", "surname": "Bosselmann"}], [{"given-names": "J.", "score": "0.2295"}]], "source": [{"score": "0.1446", "value": "Beiträge"}, {"score": "0.1039", "value": "zur"}, {"score": "0.1532", "value": "Avifauna"}, {"score": "0.1109", "value": "des"}, {"score": "0.1072", "value": "Rhein"}, {"score": "0.0809", "value": "landes"}], "editor": [{"score": "0.1389", "value": "K"}, {"score": "0.0762", "value": "-"}, {"score": "0.1371", "value": "H"}, {"score": "0.1072", "value": "Christmann"}], "year": [{"score": "0.2462", "value": "1974"}], "issue": [{"score": "0.1295", "value": "3"}]}, "ref_text_x": "Bosselmann, J. u. K. - H. Christmann (1974): Die Vogelwelt im Raum Andernach—Mayen—Cochem. — Beiträge zur Avifauna des Rhein­ landes, H. 3."}
{"ref_seg_dic": {"title": [{"score": "0.1701", "value": "Grenzen"}, {"score": "0.1612", "value": "der"}, {"score": "0.1457", "value": "Belastung"}, {"score": "0.1255", "value": "der"}, {"score": "0.1275", "value": "Laacher"}, {"score": "0.1356", "value": "Landschaft"}, {"score": "0.1394", "value": "Erholungslandschaft"}, {"score": "0.1062", "value": "oder"}, {"score": "0.1373", "value": "Rohstofflieferant?"}, {"score": "0.0712", "value": "Tagungsbericht"}, {"score": "0.0895", "value": "d"}], "author": [[{"score": "0.2593", "surname": "Fischer"}], [{"given-names": "H.", "score": "0.3044"}]], "source": [{"score": "0.1127", "value": "Schutzgemeinschaft"}, {"score": "0.1145", "value": "Deutscher"}, {"score": "0.0893", "value": "Wald"}, {"score": "0.0858", "value": "über"}, {"score": "0.1181", "value": "die"}, {"score": "0.1007", "value": "Herbst"}, {"score": "0.1263", "value": "tagung"}, {"score": "0.1083", "value": "in"}, {"score": "0.1089", "value": "Maria"}, {"score": "0.1391", "value": "Laach"}, {"score": "0.1052", "value": "vom"}, {"score": "0.0934", "value": "26.-29"}, {"score": "0.1199", "value": "Oktober"}], "editor": [{"score": "0.11", "value": "In"}, {"score": "0.1044", "value": "Die"}, {"score": "0.1158", "value": "Laacher"}, {"score": "0.0903", "value": "Vulkaneifel"}], "year": [{"score": "0.3105", "value": "1979"}, {"score": "0.1655", "value": "1978"}], "page": [{"score": "0.321", "value": "48—62"}]}, "ref_text_x": "Fischer, H. (1979): Grenzen der Belastung der Laacher Landschaft. — In: Die Laacher Vulkaneifel — Erholungslandschaft oder Rohstofflieferant? Tagungsbericht d. Schutzgemeinschaft Deutscher Wald über die Herbst­ tagung in Maria Laach vom 26.-29. Oktober 1978, S. 48—62."}
{"ref_seg_dic": {"publisher": [{"score": "0.1068", "value": "Gliederung"}, {"score": "0.1112", "value": "Deutschlands"}], "title": [{"score": "0.158", "value": "Die"}, {"score": "0.1347", "value": "naturräumlichen"}, {"score": "0.1281", "value": "Einheiten"}, {"score": "0.0809", "value": "auf"}, {"score": "0.0934", "value": "Blatt"}, {"score": "0.0904", "value": "136/137"}], "author": [[{"score": "0.218", "surname": "Fischer"}], [{"given-names": "H.", "score": "0.2479"}], [{"given-names": "R.", "score": "0.2573"}], [{"score": "0.1523", "surname": "Graafen"}]], "volume": [{"score": "0.195", "value": "1"}, {"score": "0.0913", "value": "200"}], "source": [{"score": "0.1214", "value": "Geographische"}, {"score": "0.1099", "value": "Landes"}, {"score": "0.1292", "value": "aufnahme"}], "other": [{"score": "0.1276", "value": "Naturräumliche"}], "editor": [{"score": "0.1135", "value": "Bonn-Bad"}, {"score": "0.0824", "value": "Godesberg"}], "year": [{"score": "0.2557", "value": "1974"}], "issue": [{"score": "0.1686", "value": "000"}]}, "ref_text_x": "Fischer, H. u. R. Graafen (1974): Die naturräumlichen Einheiten auf Blatt 136/137 Cochem. — Bonn-Bad Godesberg. = Geographische Landes­ aufnahme 1: 200 000, Naturräumliche Gliederung Deutschlands."}
{"ref_seg_dic": {"title": [{"score": "0.1543", "value": "Die"}, {"score": "0.1511", "value": "vulka­"}, {"score": "0.1188", "value": "nische"}, {"score": "0.1036", "value": "Eifel"}], "author": [[{"score": "0.1848", "surname": "Frechen"}], [{"given-names": "J", "score": "0.2697"}], [{"given-names": "M.", "score": "0.2206"}], [{"score": "0.1709", "surname": "Hopmann"}], [{"given-names": "G.", "score": "0.2354"}], [{"score": "0.1416", "surname": "Knetsch"}]], "volume": [{"score": "0.1921", "value": "2"}], "source": [{"score": "0.2194", "value": "Geologische"}, {"score": "0.1308", "value": "Reihe"}], "editor": [{"score": "0.1609", "value": "Bonn"}], "year": [{"score": "0.2383", "value": "1976"}]}, "ref_text_x": "Frechen, J., M. Hopmann u. G. Knetsch (1976): Die vulka­ nische Eifel. — Bonn (= Geologische Reihe, Bd. 2.)"}
{"ref_seg_dic": {"author": [[{"score": "0.1874", "surname": "W"}]], "title": [{"score": "0.0888", "value": "H"}, {"score": "0.0852", "value": "a"}, {"score": "0.1637", "value": "l"}, {"score": "0.1738", "value": "b"}, {"score": "0.1669", "value": "f"}, {"score": "0.1556", "value": "a"}, {"score": "0.1387", "value": "Der"}, {"score": "0.139", "value": "heutige"}, {"score": "0.1024", "value": "Stand"}, {"score": "0.0988", "value": "der"}, {"score": "0.1507", "value": "Seichesforschung"}], "source": [{"score": "0.157", "value": "Ztschr"}, {"score": "0.1078", "value": "d"}, {"score": "0.1206", "value": "Ges"}, {"score": "0.1007", "value": "f"}, {"score": "0.211", "value": "Erdkunde"}, {"score": "0.143", "value": "zu"}], "other": [{"score": "0.1875", "value": "Berlin"}], "year": [{"score": "0.2796", "value": "1907"}], "page": [{"score": "0.3223", "value": "5"}, {"score": "0.3223", "value": "24"}]}, "ref_text_x": "H a l b f a s s, W. (1907): Der heutige Stand der Seichesforschung. — In: Ztschr. d. Ges. f. Erdkunde zu Berlin, S. 5—24."}
{"ref_seg_dic": {"title": [{"score": "0.1795", "value": "Das"}, {"score": "0.2293", "value": "Laacher-See-Gebiet."}, {"score": "0.074", "value": "Eine"}, {"score": "0.1174", "value": "Stunde"}, {"score": "0.1129", "value": "zur"}, {"score": "0.1218", "value": "Hydrologie"}, {"score": "0.1159", "value": "und"}, {"score": "0.1171", "value": "Klimatologie"}], "author": [[{"score": "0.241", "surname": "Henning"}], [{"given-names": "I.", "score": "0.3127"}]], "volume": [{"score": "0.1358", "value": "22"}], "source": [{"score": "0.1578", "value": "Arbeiten"}, {"score": "0.1049", "value": "zur"}, {"score": "0.1359", "value": "Rheinischen"}, {"score": "0.1117", "value": "Landeskunde"}], "editor": [{"score": "0.15", "value": "Bonn"}], "year": [{"score": "0.3611", "value": "1965"}]}, "ref_text_x": "Henning, I. (1965): Das Laacher-See-Gebiet. Eine Stunde zur Hydrologie und Klimatologie. — Bonn. (= Arbeiten zur Rheinischen Landeskunde, 22.)"}
{"ref_seg_dic": {"title": [{"score": "0.1361", "value": "Zur"}, {"score": "0.147", "value": "Eutrophierung"}, {"score": "0.1226", "value": "und"}, {"score": "0.0937", "value": "Restau­"}, {"score": "0.0977", "value": "rierung"}, {"score": "0.104", "value": "des"}, {"score": "0.0906", "value": "Laacher"}, {"score": "0.1097", "value": "Sees"}], "author": [[{"score": "0.1185", "surname": "Mattem"}], [{"score": "0.1682", "surname": "e"}], [{"given-names": "M.", "score": "0.1811"}], [{"given-names": "B.", "score": "0.2665"}], [{"given-names": "W.", "score": "0.166"}], [{"score": "0.1544", "surname": "Scharf"}]], "volume": [{"score": "0.2122", "value": "80"}], "source": [{"score": "0.1489", "value": "Arch"}, {"score": "0.1801", "value": "Hydrobiol"}], "year": [{"score": "0.2535", "value": "1977"}], "issue": [{"score": "0.1976", "value": "4"}], "page": [{"score": "0.2566", "value": "506"}, {"score": "0.2566", "value": "518"}]}, "ref_text_x": "Mattem e, M. u. B. W. Scharf (1977): Zur Eutrophierung und Restau­ rierung des Laacher Sees. — In: Arch. Hydrobiol, 80, 4, S. 506—518."}
{"ref_seg_dic": {"title": [{"score": "0.1757", "value": "Geologie"}, {"score": "0.1686", "value": "des"}, {"score": "0.1291", "value": "Laacher"}, {"score": "0.1447", "value": "Vulkangebietes"}, {"score": "0.1124", "value": "Vulkaneifel"}, {"score": "0.0926", "value": "-"}, {"score": "0.1266", "value": "Erholungslandschaft"}, {"score": "0.0929", "value": "oder"}, {"score": "0.1263", "value": "Rohstofflieferant?"}, {"score": "0.0882", "value": "Tagungsbe­"}, {"score": "0.0912", "value": "richt"}, {"score": "0.0889", "value": "d"}], "author": [[{"score": "0.2321", "surname": "Meyer"}], [{"given-names": "E.", "score": "0.3216"}]], "source": [{"score": "0.1078", "value": "Schutzgemeinschaft"}, {"score": "0.1143", "value": "Deutscher"}, {"score": "0.0897", "value": "Wald"}, {"score": "0.089", "value": "über"}, {"score": "0.1285", "value": "die"}, {"score": "0.1338", "value": "Herbsttagung"}, {"score": "0.1215", "value": "in"}, {"score": "0.1092", "value": "Maria"}, {"score": "0.1384", "value": "Laach"}, {"score": "0.1047", "value": "vom"}, {"score": "0.0931", "value": "26.-29"}, {"score": "0.1195", "value": "Oktober"}], "editor": [{"score": "0.1099", "value": "In"}, {"score": "0.1045", "value": "Die"}, {"score": "0.1104", "value": "Laacher"}], "year": [{"score": "0.3149", "value": "1979"}, {"score": "0.1656", "value": "1978"}], "page": [{"score": "0.321", "value": "40-47"}]}, "ref_text_x": "Meyer, E. (1979): Geologie des Laacher Vulkangebietes. — In: Die Laacher Vulkaneifel - Erholungslandschaft oder Rohstofflieferant? Tagungsbe­ richt d. Schutzgemeinschaft Deutscher Wald über die Herbsttagung in Maria Laach vom 26.-29. Oktober 1978, S. 40-47."}
{"ref_seg_dic": {"volume": [{"score": "0.1339", "value": "101"}], "title": [{"score": "0.1011", "value": "Laacher"}, {"score": "0.1003", "value": "See"}], "author": [[{"score": "0.1235", "surname": "Fischer"}], [{"given-names": "Naturschutzgebiet", "score": "0.157"}]]}, "ref_text_x": "Fischer: Naturschutzgebiet, Laacher See\" 101"}
{"ref_seg_dic": {"title": [{"score": "0.1813", "value": "Die"}, {"score": "0.1714", "value": "naturräumliche"}, {"score": "0.1595", "value": "Gliederung"}, {"score": "0.1008", "value": "am"}, {"score": "0.1117", "value": "Mittelrhein."}, {"score": "0.0683", "value": "—"}, {"score": "0.1409", "value": "Remagen"}, {"score": "0.1127", "value": "Zusammendruck"}, {"score": "0.1003", "value": "einer"}, {"score": "0.1255", "value": "Beitragsfolge"}, {"score": "0.1077", "value": "in"}, {"score": "0.1061", "value": "den"}, {"score": "0.1164", "value": "Ber"}], "author": [[{"score": "0.2308", "surname": "Müller-Miny"}], [{"given-names": "H.", "score": "0.3119"}]], "volume": [{"score": "0.2012", "value": "74"}, {"score": "0.2218", "value": "21"}], "source": [{"score": "0.1504", "value": "dt"}, {"score": "0.2037", "value": "Landeskunde"}], "other": [{"score": "0.193", "value": "z"}], "year": [{"score": "0.2735", "value": "1959"}], "issue": [{"score": "0.1441", "value": "2"}]}, "ref_text_x": "Müller-Miny, H. (1959): Die naturräumliche Gliederung am Mittelrhein. — Remagen, 74 Seiten. = Zusammendruck einer Beitragsfolge in den Ber. z. dt. Landeskunde Bd. 21, 2."}
{"ref_seg_dic": {"title": [{"score": "0.1554", "value": "Vegetationskundliche"}, {"score": "0.1972", "value": "Untersuchungen"}, {"score": "0.1263", "value": "im"}, {"score": "0.1158", "value": "Naturschutz­"}, {"score": "0.1139", "value": "gebiet"}, {"score": "0.1118", "value": "des"}, {"score": "0.0943", "value": "Laacher"}, {"score": "0.0943", "value": "Sees."}, {"score": "0.0542", "value": "—"}, {"score": "0.1248", "value": "Masch."}, {"score": "0.0707", "value": "Ms"}], "year": [{"score": "0.3013", "value": "1972"}], "source": [{"score": "0.1424", "value": "Prüfungsarbeit"}, {"score": "0.1057", "value": "f"}, {"score": "0.083", "value": "d"}, {"score": "0.1215", "value": "Lehramt"}, {"score": "0.1246", "value": "an"}, {"score": "0.1102", "value": "Realschulen"}], "author": [[{"score": "0.2023", "surname": "Nüchel"}], [{"given-names": "G.", "score": "0.3016"}]]}, "ref_text_x": "Nüchel, G. (1972): Vegetationskundliche Untersuchungen im Naturschutz­ gebiet des Laacher Sees. — Masch. Ms. Prüfungsarbeit f. d. Lehramt an Realschulen."}
{"ref_seg_dic": {"title": [{"score": "0.1614", "value": "Geomorphologie."}], "author": [[{"score": "0.2626", "surname": "Wilhelmy"}], [{"given-names": "H.", "score": "0.3091"}]], "source": [{"score": "0.1421", "value": "Hirts"}, {"score": "0.1036", "value": "Stichwortbücher"}], "other": [{"score": "0.1319", "value": "H.2"}], "editor": [{"score": "0.1541", "value": "Kiel"}], "year": [{"score": "0.3004", "value": "1977"}]}, "ref_text_x": "Wilhelmy, H. (1977): Geomorphologie. — Kiel (= Hirts Stichwortbücher, H.2.)"}
