{"ref_seg_dic": {"other": [{"score": "0.1412", "value": "Ninth"}], "title": [{"score": "0.1162", "value": "the"}, {"score": "0.1076", "value": "Continental"}, {"score": "0.1017", "value": "Islands"}, {"score": "0.0692", "value": "of"}, {"score": "0.1089", "value": "Melanesia"}]}, "ref_text_x": "tiön in the Continental Islands of Melanesia. Ninth"}
{"ref_seg_dic": {"other": [{"score": "0.1272", "value": "Bangkok/Thailand"}], "editor": [{"score": "0.1521", "value": "Pacific"}, {"score": "0.0938", "value": "Science"}, {"score": "0.1254", "value": "Congress"}], "year": [{"score": "0.2515", "value": "1957"}]}, "ref_text_x": "Pacific Science Congress, 1957, Bangkok/Thailand."}
{"ref_seg_dic": {"source": [{"score": "0.0942", "value": "Ninth"}, {"score": "0.1129", "value": "Pacific"}, {"score": "0.1234", "value": "Science"}, {"score": "0.0847", "value": "Congress"}], "title": [{"score": "0.0733", "value": "Possible"}, {"score": "0.0954", "value": "Separate"}, {"score": "0.1055", "value": "Origin"}, {"score": "0.1189", "value": "and"}, {"score": "0.1306", "value": "Evolution"}, {"score": "0.0787", "value": "of"}, {"score": "0.113", "value": "the"}, {"score": "0.1157", "value": "Ladang"}, {"score": "0.097", "value": "and"}, {"score": "0.09", "value": "Sawah"}, {"score": "0.0791", "value": "Types"}, {"score": "0.0695", "value": "of"}, {"score": "0.1078", "value": "Tropical"}, {"score": "0.1074", "value": "Agricul-"}, {"score": "0.0778", "value": "ture"}], "year": [{"score": "0.2468", "value": "1957"}], "other": [{"score": "0.1549", "value": "Bangkok"}, {"score": "0.1208", "value": "Thailand"}], "author": [[{"score": "0.3491", "surname": "Bartlett"}], [{"given-names": "H.", "score": "0.2903"}], [{"given-names": "H", "score": "0.2583"}]]}, "ref_text_x": "Bartlett, H. H.: Possible Separate Origin and Evolution of the Ladang and Sawah Types of Tropical Agricul- ture. Ninth Pacific Science Congress, 1957, Bangkok Thailand."}
{"ref_seg_dic": {"title": [{"score": "0.1101", "value": "Nomade"}, {"score": "0.0903", "value": "de"}, {"score": "0.0761", "value": "la"}, {"score": "0.0989", "value": "Tri-"}, {"score": "0.0721", "value": "bu"}, {"score": "0.088", "value": "des"}, {"score": "0.1112", "value": "NDranouas"}, {"score": "0.0833", "value": "en"}, {"score": "0.0914", "value": "Cote-DTvoire"}], "other": [{"score": "0.1661", "value": "FAO-Publ"}, {"score": "0.1535", "value": "on"}], "author": [[{"score": "0.1437", "surname": "Bergeroo-Campagne"}], [{"given-names": "LAgriculture", "score": "0.1064"}]]}, "ref_text_x": "Bergeroo-Campagne: L\"Agriculture Nomade de la Tri- bu des N\"Dranouas en Cote-DTvoire. FAO-Publ. on"}
{"ref_seg_dic": {"volume": [{"score": "0.1425", "value": "I"}], "editor": [{"score": "0.1275", "value": "Shifting"}, {"score": "0.0965", "value": "Cultivation"}], "year": [{"score": "0.169", "value": "1950"}]}, "ref_text_x": "Shifting Cultivation, Vol. I, 1950."}
{"ref_seg_dic": {"title": [{"score": "0.0617", "value": "The"}, {"score": "0.1118", "value": "Teak"}, {"score": "0.1304", "value": "Industry"}, {"score": "0.0708", "value": "of"}, {"score": "0.1054", "value": "Siam"}], "year": [{"score": "0.1646", "value": "1927"}], "other": [{"score": "0.1633", "value": "Bangkok"}], "author": [[{"score": "0.2381", "surname": "Bourke-Borrowes"}], [{"given-names": "D.R.S", "score": "0.2157"}]]}, "ref_text_x": "Bourke-Borrowes, D.R.S.: The Teak Industry of Siam. Bangkok 1927."}
{"ref_seg_dic": {"title": [{"score": "0.0803", "value": "Hanunoo"}, {"score": "0.1349", "value": "Agriculture"}, {"score": "0.0817", "value": "in"}, {"score": "0.1163", "value": "the"}, {"score": "0.095", "value": "Philippines"}], "author": [[{"score": "0.2714", "surname": "Conklin"}], [{"given-names": "H", "score": "0.2337"}]]}, "ref_text_x": "Conklin, H.: Hanunoo Agriculture in the Philippines."}
{"ref_seg_dic": {"volume": [{"score": "0.1449", "value": "II"}], "editor": [{"score": "0.1388", "value": "FAO-Publ"}, {"score": "0.0566", "value": "on"}, {"score": "0.1156", "value": "Shifting"}, {"score": "0.0855", "value": "Cultivation"}], "year": [{"score": "0.1717", "value": "1957"}]}, "ref_text_x": "FAO-Publ. on Shifting Cultivation, Vol. II, 1957."}
{"ref_seg_dic": {"title": [{"score": "0.0732", "value": "Siam,"}, {"score": "0.0639", "value": "das"}, {"score": "0.095", "value": "Land"}, {"score": "0.0876", "value": "der"}, {"score": "0.1147", "value": "Thais."}, {"score": "0.0348", "value": "(Eine"}, {"score": "0.0798", "value": "Landes­"}, {"score": "0.0688", "value": "kunde"}, {"score": "0.0838", "value": "auf"}, {"score": "0.0881", "value": "Grund"}, {"score": "0.071", "value": "eigener"}, {"score": "0.1009", "value": "Reisen"}, {"score": "0.087", "value": "und"}, {"score": "0.086", "value": "Forschungen"}], "author": [[{"score": "0.0977", "surname": "Credner"}], [{"given-names": "W", "score": "0.1369"}]]}, "ref_text_x": "a. Credner, W.: Siam, das Land der Thais. (Eine Landes­ kunde auf Grund eigener Reisen und Forschungen)."}
{"ref_seg_dic": {"publisher": [{"score": "0.1047", "value": "Verlag"}, {"score": "0.1437", "value": "Engelhorn"}], "other": [{"score": "0.1823", "value": "Stuttgart"}], "year": [{"score": "0.2628", "value": "1935"}]}, "ref_text_x": "Verlag: Engelhorn, Stuttgart, 1935."}
{"ref_seg_dic": {"other": [{"score": "0.1811", "value": "Washington"}, {"score": "0.1475", "value": "D"}, {"score": "0.1073", "value": "C"}, {"score": "0.153", "value": "USA"}], "title": [{"score": "0.0761", "value": "Tropical"}, {"score": "0.0801", "value": "Pacific"}, {"score": "0.1015", "value": "Grasslands"}, {"score": "0.1169", "value": "and"}, {"score": "0.1341", "value": "Savan-"}, {"score": "0.0899", "value": "nas"}], "editor": [{"score": "0.1009", "value": "Research"}, {"score": "0.178", "value": "Council"}], "author": [[{"score": "0.3204", "surname": "Fosberg"}], [{"given-names": "F.", "score": "0.2409"}], [{"given-names": "R", "score": "0.2287"}]]}, "ref_text_x": "Fosberg, F. R.: Tropical Pacific Grasslands and Savan- nas. s. o. Research Council, Washington, D. C., USA."}
{"ref_seg_dic": {"other": [{"score": "0.1255", "value": "Bangkok/Thai"}, {"score": "0.1241", "value": "land"}], "editor": [{"score": "0.1273", "value": "Ninth"}, {"score": "0.1327", "value": "Pacific"}, {"score": "0.0757", "value": "Science"}, {"score": "0.1165", "value": "Congress"}], "year": [{"score": "0.2416", "value": "1957"}]}, "ref_text_x": "Ninth Pacific Science Congress, 1957, Bangkok/Thai­ land."}
{"ref_seg_dic": {"source": [{"score": "0.1012", "value": "Department"}, {"score": "0.1023", "value": "of"}, {"score": "0.1053", "value": "Anthropology"}, {"score": "0.0939", "value": "and"}, {"score": "0.1044", "value": "Sociology"}], "title": [{"score": "0.0799", "value": "The"}, {"score": "0.1462", "value": "Methods"}, {"score": "0.1021", "value": "of"}, {"score": "0.1103", "value": "Land"}, {"score": "0.0745", "value": "Usage"}, {"score": "0.086", "value": "Employed"}, {"score": "0.0767", "value": "by"}, {"score": "0.1001", "value": "the"}, {"score": "0.1148", "value": "Iban"}, {"score": "0.0906", "value": "of"}, {"score": "0.123", "value": "Sarawak"}, {"score": "0.0663", "value": "in"}, {"score": "0.0985", "value": "the"}, {"score": "0.0978", "value": "Shifting"}, {"score": "0.0938", "value": "Cultivation"}, {"score": "0.0758", "value": "of"}, {"score": "0.0701", "value": "Hill"}, {"score": "0.0712", "value": "Rice"}], "author": [[{"score": "0.2793", "surname": "Freeman"}], [{"given-names": "J.", "score": "0.2471"}], [{"given-names": "D", "score": "0.2063"}]]}, "ref_text_x": "Freeman, J. D.: The Methods of Land Usage Employed by the Iban of Sarawak in the Shifting Cultivation of Hill Rice. Department of Anthropology and Sociology."}
{"ref_seg_dic": {"editor": [{"score": "0.1313", "value": "The"}, {"score": "0.0943", "value": "Australian"}, {"score": "0.0932", "value": "National"}, {"score": "0.1518", "value": "University"}, {"score": "0.0897", "value": "Canberra"}, {"score": "0.0805", "value": "A"}, {"score": "0.0977", "value": "C"}]}, "ref_text_x": "The Australian National University, Canberra, A. C."}
{"ref_seg_dic": {"other": [{"score": "0.1282", "value": "Bangkok/Thailand"}], "title": [{"score": "0.0648", "value": "Ninth"}, {"score": "0.0796", "value": "Pacific"}, {"score": "0.0828", "value": "Science"}, {"score": "0.0876", "value": "Congress"}], "editor": [{"score": "0.1693", "value": "T"}, {"score": "0.144", "value": "Australia"}], "year": [{"score": "0.3011", "value": "1957"}, {"score": "0.2498", "value": "1957"}]}, "ref_text_x": "T., Australia, 1957. Ninth Pacific Science Congress, 1957, Bangkok/Thailand."}
{"ref_seg_dic": {"title": [{"score": "0.0937", "value": "The"}, {"score": "0.1517", "value": "Methods"}, {"score": "0.1227", "value": "of"}, {"score": "0.1828", "value": "Management"}, {"score": "0.0765", "value": "in"}, {"score": "0.104", "value": "the"}, {"score": "0.0975", "value": "Mixed"}, {"score": "0.0848", "value": "Deciduous"}, {"score": "0.0751", "value": "Teak"}, {"score": "0.0746", "value": "Bearing"}, {"score": "0.0729", "value": "Forests"}, {"score": "0.0586", "value": "of"}, {"score": "0.0635", "value": "Kanara"}], "author": [[{"score": "0.3314", "surname": "Garland"}], [{"given-names": "E.", "score": "0.2672"}], [{"given-names": "A", "score": "0.2435"}]]}, "ref_text_x": "Garland, E. A.: The Methods of Management in the Mixed Deciduous Teak Bearing Forests of Kanara,"}
{"ref_seg_dic": {"year": [{"score": "0.2206", "value": "1934"}], "page": [{"score": "0.1788", "value": "819"}], "author": [[{"score": "0.1588", "surname": "Bombay"}], [{"given-names": "Presidency", "score": "0.1229"}], [{"score": "0.0682", "surname": "The"}], [{"given-names": "Indian", "score": "0.0884"}], [{"score": "0.1462", "surname": "Forester"}]]}, "ref_text_x": "Bombay Presidency. The Indian Forester, 1934, S. 819 ff."}
{"ref_seg_dic": {"publisher": [{"score": "0.1304", "value": "Bull"}, {"score": "0.1053", "value": "of"}, {"score": "0.1311", "value": "Miscel-"}, {"score": "0.0869", "value": "laneous"}, {"score": "0.1192", "value": "Information"}], "title": [{"score": "0.0805", "value": "Sketch"}, {"score": "0.0837", "value": "of"}, {"score": "0.1141", "value": "the"}, {"score": "0.1148", "value": "Vegetation"}, {"score": "0.0961", "value": "of"}, {"score": "0.1026", "value": "Chiengmai"}, {"score": "0.0605", "value": "(Siam)."}, {"score": "0.0426", "value": "Royal"}, {"score": "0.0693", "value": "Botanic"}, {"score": "0.091", "value": "Gardens"}], "year": [{"score": "0.2099", "value": "1911"}], "other": [{"score": "0.1178", "value": "KEW"}], "author": [[{"score": "0.3242", "surname": "Kerr"}], [{"given-names": "A.", "score": "0.222"}], [{"given-names": "F.", "score": "0.211"}], [{"given-names": "G", "score": "0.1726"}]]}, "ref_text_x": "Kerr, A. F. G.: Sketch of the Vegetation of Chiengmai (Siam). Royal Botanic Gardens, KEW. Bull, of Miscel- laneous Information, 1911."}
{"ref_seg_dic": {"publisher": [{"score": "0.1344", "value": "des"}, {"score": "0.1462", "value": "Royal"}, {"score": "0.1234", "value": "Forest"}], "title": [{"score": "0.0972", "value": "Forests"}, {"score": "0.101", "value": "of"}, {"score": "0.1361", "value": "Thailand"}, {"score": "0.1028", "value": "and"}, {"score": "0.1522", "value": "Fores-"}, {"score": "0.0816", "value": "try"}, {"score": "0.1057", "value": "Programs."}, {"score": "0.0671", "value": "Mitt"}], "year": [{"score": "0.1994", "value": "1957"}], "other": [{"score": "0.1029", "value": "Department"}, {"score": "0.1498", "value": "Bangkok/Thailand"}], "author": [[{"score": "0.1613", "surname": "Krit"}], [{"score": "0.1523", "surname": "Samapuddhi"}], [{"given-names": "The", "score": "0.1071"}]]}, "ref_text_x": "Krit Samapuddhi,: The Forests of Thailand and Fores- try Programs. Mitt. des Royal Forest Department, Bangkok/Thailand, 1957."}
{"ref_seg_dic": {"title": [{"score": "0.0937", "value": "Slash"}, {"score": "0.1134", "value": "and"}, {"score": "0.0955", "value": "Burn"}, {"score": "0.1092", "value": "Culture"}, {"score": "0.1194", "value": "Methods"}, {"score": "0.0936", "value": "among"}, {"score": "0.1033", "value": "the"}, {"score": "0.0913", "value": "Mountain"}, {"score": "0.0846", "value": "Peoples"}, {"score": "0.0805", "value": "of"}, {"score": "0.0971", "value": "Central"}, {"score": "0.084", "value": "Viet-Nam"}], "other": [{"score": "0.1406", "value": "Ninth"}], "author": [[{"score": "0.2848", "surname": "Lafont"}], [{"given-names": "P.", "score": "0.2571"}], [{"given-names": "B", "score": "0.1969"}]]}, "ref_text_x": "Lafont, P. B.: Slash and Burn Culture Methods among the Mountain Peoples of Central Viet-Nam. Ninth"}
{"ref_seg_dic": {"other": [{"score": "0.1272", "value": "Bangkok/Thailand"}], "editor": [{"score": "0.1521", "value": "Pacific"}, {"score": "0.0938", "value": "Science"}, {"score": "0.1254", "value": "Congress"}], "year": [{"score": "0.2515", "value": "1957"}]}, "ref_text_x": "Pacific Science Congress, 1957, Bangkok/Thailand."}
{"ref_seg_dic": {"title": [{"score": "0.0734", "value": "Some"}, {"score": "0.0906", "value": "Economic"}, {"score": "0.093", "value": "Advantages"}, {"score": "0.0813", "value": "of"}, {"score": "0.0983", "value": "Shifting"}, {"score": "0.0907", "value": "Cultivation"}], "other": [{"score": "0.1444", "value": "University"}, {"score": "0.1107", "value": "of"}, {"score": "0.1391", "value": "Cambridge"}, {"score": "0.16", "value": "England"}, {"score": "0.1363", "value": "Ninth"}], "author": [[{"score": "0.3091", "surname": "Leach"}], [{"given-names": "E.", "score": "0.2594"}], [{"given-names": "R", "score": "0.2183"}]]}, "ref_text_x": "Leach, E. R.: Some Economic Advantages of Shifting Cultivation. University of Cambridge, England. Ninth"}
{"ref_seg_dic": {"other": [{"score": "0.1272", "value": "Bangkok/Thailand"}], "editor": [{"score": "0.1521", "value": "Pacific"}, {"score": "0.0938", "value": "Science"}, {"score": "0.1254", "value": "Congress"}], "year": [{"score": "0.2515", "value": "1957"}]}, "ref_text_x": "Pacific Science Congress, 1957, Bangkok/Thailand."}
{"ref_seg_dic": {"volume": [{"score": "0.1817", "value": "47"}], "source": [{"score": "0.1671", "value": "FAO-Report"}], "title": [{"score": "0.0666", "value": "Report"}, {"score": "0.0603", "value": "to"}, {"score": "0.1299", "value": "the"}, {"score": "0.1271", "value": "Government"}, {"score": "0.0878", "value": "of"}, {"score": "0.1039", "value": "Thai­"}, {"score": "0.082", "value": "land"}, {"score": "0.0928", "value": "on"}, {"score": "0.123", "value": "Reforestation"}, {"score": "0.0809", "value": "in"}, {"score": "0.1107", "value": "Thailand"}], "page": [{"score": "0.1238", "value": "1952"}], "author": [[{"score": "0.2362", "surname": "Letourneux"}], [{"given-names": "Ch", "score": "0.1302"}]]}, "ref_text_x": "Letourneux, Ch.: Report to the Government of Thai­ land on \"Reforestation in Thailand\". FAO-Report No. 47, 1952."}
{"ref_seg_dic": {"volume": [{"score": "0.1783", "value": "545"}], "source": [{"score": "0.1482", "value": "FAO-Report"}], "title": [{"score": "0.0768", "value": "Inventory"}, {"score": "0.1155", "value": "Methods"}, {"score": "0.0937", "value": "for"}, {"score": "0.0954", "value": "Tropical"}, {"score": "0.089", "value": "Forests"}], "page": [{"score": "0.1235", "value": "1956"}], "author": [[{"score": "0.2361", "surname": "Loetsch"}], [{"given-names": "F", "score": "0.2349"}]]}, "ref_text_x": "Loetsch, F.: Inventory Methods for Tropical Forests. FAO-Report No. 545, 1956."}
{"ref_seg_dic": {"title": [{"score": "0.13", "value": "Forest"}, {"score": "0.1743", "value": "Inventory"}, {"score": "0.1138", "value": "in"}, {"score": "0.1631", "value": "Thailand"}], "author": [[{"score": "0.2607", "surname": "Loetsch"}], [{"given-names": "F", "score": "0.2156"}], [{"given-names": "A", "score": "0.151"}]], "volume": [{"score": "0.3004", "value": "11"}], "source": [{"score": "0.1625", "value": "Unasylva"}], "year": [{"score": "0.126", "value": "1957"}], "issue": [{"score": "0.212", "value": "4"}]}, "ref_text_x": "Loetsch, F.: A Forest Inventory in Thailand. Unasylva, Vol. 11, No. 4, 1957."}
{"ref_seg_dic": {"title": [{"score": "0.0959", "value": "Inventory"}, {"score": "0.0817", "value": "of"}, {"score": "0.0918", "value": "the"}, {"score": "0.0821", "value": "Northern"}], "other": [{"score": "0.1344", "value": "Teak"}], "author": [[{"score": "0.2213", "surname": "Loetsch"}], [{"given-names": "F", "score": "0.2249"}], [{"given-names": "Forest", "score": "0.1431"}]]}, "ref_text_x": "Loetsch, F.: Forest Inventory of the Northern Teak"}
{"ref_seg_dic": {"other": [{"score": "0.1429", "value": "FAO-Report"}], "year": [{"score": "0.1785", "value": "1958"}], "editor": [{"score": "0.1259", "value": "Bearing"}, {"score": "0.1206", "value": "Provinces"}], "title": [{"score": "0.0917", "value": "of"}, {"score": "0.144", "value": "Thailand"}]}, "ref_text_x": "Bearing Provinces of Thailand. FAO-Report, 1958."}
{"ref_seg_dic": {"title": [{"score": "0.0609", "value": "The"}, {"score": "0.0999", "value": "Teak"}, {"score": "0.102", "value": "Forests"}, {"score": "0.0808", "value": "of"}, {"score": "0.0986", "value": "Northern"}, {"score": "0.0718", "value": "Thailand"}], "author": [[{"score": "0.2282", "surname": "Loetsch"}], [{"given-names": "F", "score": "0.2029"}]]}, "ref_text_x": "Loetsch, F.: The Teak Forests of Northern Thailand."}
{"ref_seg_dic": {"volume": [{"score": "0.2848", "value": "10"}], "issue": [{"score": "0.2123", "value": "4"}], "editor": [{"score": "0.1512", "value": "World"}, {"score": "0.1007", "value": "Crops"}], "year": [{"score": "0.1253", "value": "1957"}]}, "ref_text_x": "World Crops, Vol. 10, No. 4, 1957."}
{"ref_seg_dic": {"volume": [{"score": "0.1297", "value": "205"}], "title": [{"score": "0.1058", "value": "Climate"}, {"score": "0.0988", "value": "as"}, {"score": "0.1434", "value": "Related"}, {"score": "0.1153", "value": "to"}, {"score": "0.139", "value": "the"}, {"score": "0.1382", "value": "Jet"}, {"score": "0.1028", "value": "Stream"}, {"score": "0.072", "value": "in"}, {"score": "0.1035", "value": "the"}, {"score": "0.0883", "value": "Orient"}], "author": [[{"score": "0.1616", "surname": "Glenn"}], [{"given-names": "Trewartha", "score": "0.1299"}]]}, "ref_text_x": "Glenn Trewartha: Climate as Related to the Jet Stream in the Orient 205"}
{"ref_seg_dic": {"source": [{"score": "0.0995", "value": "Ninth"}, {"score": "0.1201", "value": "Pacific"}, {"score": "0.1208", "value": "Science"}, {"score": "0.0824", "value": "Congress"}], "title": [{"score": "0.068", "value": "Land"}, {"score": "0.1222", "value": "Utilization"}, {"score": "0.0872", "value": "in"}, {"score": "0.132", "value": "the"}, {"score": "0.1209", "value": "Humid"}, {"score": "0.1249", "value": "Tropics."}, {"score": "0.0609", "value": "Forest"}, {"score": "0.0805", "value": "Service"}, {"score": "0.0974", "value": "Malaya"}], "year": [{"score": "0.2486", "value": "1957"}], "other": [{"score": "0.1287", "value": "Bangkok/Thailand"}], "author": [[{"score": "0.2887", "surname": "Marshall"}], [{"given-names": "C", "score": "0.2273"}]]}, "ref_text_x": "Marshall, C.: Land Utilization in the Humid Tropics. Forest Service Malaya. Ninth Pacific Science Congress, 1957, Bangkok/Thailand."}
{"ref_seg_dic": {"publisher": [{"score": "0.1245", "value": "Royal"}, {"score": "0.124", "value": "Forest"}, {"score": "0.1204", "value": "Department"}, {"score": "0.1104", "value": "Thailand"}], "title": [{"score": "0.0811", "value": "Reforestation"}, {"score": "0.0919", "value": "of"}, {"score": "0.1224", "value": "Imperata"}, {"score": "0.1124", "value": "and"}, {"score": "0.1109", "value": "other"}, {"score": "0.0857", "value": "Wast"}, {"score": "0.0924", "value": "Lands"}], "author": [[{"score": "0.1139", "surname": "Pit"}], [{"given-names": "Hampananda", "score": "0.1353"}]]}, "ref_text_x": "Pit Hampananda: Reforestation of Imperata and other Wast Lands. Royal Forest Department, Thailand."}
{"ref_seg_dic": {"other": [{"score": "0.1255", "value": "Bangkok/Thai"}, {"score": "0.1241", "value": "land"}], "editor": [{"score": "0.1273", "value": "Ninth"}, {"score": "0.1327", "value": "Pacific"}, {"score": "0.0757", "value": "Science"}, {"score": "0.1165", "value": "Congress"}], "year": [{"score": "0.2416", "value": "1957"}]}, "ref_text_x": "Ninth Pacific Science Congress, 1957, Bangkok/Thai­ land."}
{"ref_seg_dic": {"publisher": [{"score": "0.1292", "value": "Ninth"}, {"score": "0.1641", "value": "Pacific"}], "title": [{"score": "0.0902", "value": "].:"}, {"score": "0.0767", "value": "Agriculture"}, {"score": "0.0591", "value": "in"}, {"score": "0.129", "value": "the"}, {"score": "0.1201", "value": "Humid"}, {"score": "0.1129", "value": "Tropics"}], "other": [{"score": "0.1596", "value": "Yale"}, {"score": "0.0962", "value": "University"}, {"score": "0.1445", "value": "New"}, {"score": "0.1459", "value": "Haven"}, {"score": "0.109", "value": "Comm"}, {"score": "0.1648", "value": "USA"}], "author": [[{"score": "0.3286", "surname": "Pelzer"}], [{"given-names": "K.", "score": "0.2609"}]]}, "ref_text_x": "Pelzer, K. ].: Agriculture in the Humid Tropics. Yale University, New Haven, Comm., USA. Ninth Pacific"}
{"ref_seg_dic": {"other": [{"score": "0.1266", "value": "Bangkok/Thailand"}], "editor": [{"score": "0.106", "value": "Science"}, {"score": "0.1532", "value": "Congress"}], "year": [{"score": "0.2551", "value": "1957"}]}, "ref_text_x": "Science Congress, 1957, Bangkok/Thailand."}
{"ref_seg_dic": {"title": [{"score": "0.1026", "value": "Soils"}, {"score": "0.1095", "value": "of"}, {"score": "0.1536", "value": "Thailand."}, {"score": "0.0443", "value": "Soil"}, {"score": "0.069", "value": "Technology"}, {"score": "0.0829", "value": "Advisor,"}, {"score": "0.0431", "value": "Ministry"}, {"score": "0.0703", "value": "of"}, {"score": "0.1233", "value": "Agriculture"}], "other": [{"score": "0.1389", "value": "Thailand"}, {"score": "0.1413", "value": "Ninth"}], "author": [[{"score": "0.3488", "surname": "Pendleton"}], [{"given-names": "R.", "score": "0.2425"}], [{"given-names": "L", "score": "0.2624"}]]}, "ref_text_x": "Pendleton, R. L.: Soils of Thailand. Soil Technology Advisor, Ministry of Agriculture, Thailand. Ninth"}
{"ref_seg_dic": {"other": [{"score": "0.1272", "value": "Bangkok/Thailand"}], "editor": [{"score": "0.1521", "value": "Pacific"}, {"score": "0.0938", "value": "Science"}, {"score": "0.1254", "value": "Congress"}], "year": [{"score": "0.2515", "value": "1957"}]}, "ref_text_x": "Pacific Science Congress, 1957, Bangkok/Thailand."}
{"ref_seg_dic": {"publisher": [{"score": "0.1626", "value": "Pacific"}, {"score": "0.1676", "value": "Science"}], "title": [{"score": "0.1047", "value": "Tea"}, {"score": "0.1083", "value": "in"}, {"score": "0.1545", "value": "Thailand."}, {"score": "0.0473", "value": "Me-Malai"}, {"score": "0.0877", "value": "Farm"}], "other": [{"score": "0.1365", "value": "Chiengmai"}, {"score": "0.1241", "value": "Thailand"}, {"score": "0.1239", "value": "Ninth"}], "author": [[{"score": "0.1239", "surname": "Prasiddhi"}], [{"given-names": "Phumxusri", "score": "0.1243"}]]}, "ref_text_x": "Prasiddhi Phumxusri: Tea in Thailand. Me-Malai Farm, Chiengmai, Thailand. Ninth Pacific Science"}
{"ref_seg_dic": {"year": [{"score": "0.2569", "value": "1957"}], "other": [{"score": "0.1266", "value": "Bangkok/Thailand"}], "author": [[{"score": "0.1562", "surname": "Congress"}]]}, "ref_text_x": "Congress, 1957, Bangkok/Thailand."}
{"ref_seg_dic": {"publisher": [{"score": "0.1136", "value": "Ninth"}, {"score": "0.1543", "value": "Pacific"}, {"score": "0.1411", "value": "Science"}, {"score": "0.0932", "value": "Congress"}], "title": [{"score": "0.0635", "value": "Mans"}, {"score": "0.1017", "value": "Influence"}, {"score": "0.0926", "value": "on"}, {"score": "0.1068", "value": "Tropical"}, {"score": "0.1282", "value": "Vegeta­"}, {"score": "0.1211", "value": "tion"}], "year": [{"score": "0.2485", "value": "1957"}], "other": [{"score": "0.1839", "value": "Paris"}, {"score": "0.1234", "value": "Frankreich"}, {"score": "0.1288", "value": "Bangkok/Thailand"}], "author": [[{"score": "0.1417", "surname": "Rue"}], [{"score": "0.1283", "surname": "de"}], [{"score": "0.2011", "surname": "la"}], [{"given-names": "F.", "score": "0.1915"}], [{"given-names": "A", "score": "0.2145"}]]}, "ref_text_x": "Rue de la, F. A.: Man\"s Influence on Tropical Vegeta­ tion. Paris, Frankreich. Ninth Pacific Science Congress, 1957, Bangkok/Thailand."}
{"ref_seg_dic": {"volume": [{"score": "0.1446", "value": "I"}], "source": [{"score": "0.1055", "value": "FAO-"}, {"score": "0.0943", "value": "Publ"}, {"score": "0.0732", "value": "on"}, {"score": "0.1365", "value": "Shifting"}, {"score": "0.1016", "value": "Cultivation"}], "title": [{"score": "0.1263", "value": "Nomade"}, {"score": "0.1019", "value": "au"}, {"score": "0.1011", "value": "Congo"}, {"score": "0.1502", "value": "Beige"}], "year": [{"score": "0.1708", "value": "1950"}], "author": [[{"score": "0.1411", "surname": "Tondeur"}], [{"given-names": "LAgriculture", "score": "0.1056"}]]}, "ref_text_x": "Tondeur: L\"Agriculture Nomade au Congo Beige. FAO- Publ. on Shifting Cultivation, Vol. I, 1950."}
{"ref_seg_dic": {"title": [{"score": "0.0749", "value": "Teak"}, {"score": "0.1099", "value": "Forests"}, {"score": "0.0816", "value": "of"}, {"score": "0.0976", "value": "Birma"}], "other": [{"score": "0.1276", "value": "The"}, {"score": "0.1451", "value": "Indian"}], "author": [[{"score": "0.3135", "surname": "Troup"}], [{"given-names": "R.", "score": "0.2186"}], [{"given-names": "S", "score": "0.2319"}]]}, "ref_text_x": "Troup, R. S.: Teak Forests of Birma. The Indian"}
{"ref_seg_dic": {"title": [{"score": "0.087", "value": "General"}, {"score": "0.106", "value": "Situation"}, {"score": "0.0782", "value": "of"}, {"score": "0.1068", "value": "Floods"}, {"score": "0.0818", "value": "and"}, {"score": "0.1033", "value": "Draughts"}, {"score": "0.1064", "value": "expe-"}, {"score": "0.0879", "value": "rienced"}, {"score": "0.0651", "value": "in"}, {"score": "0.0956", "value": "the"}, {"score": "0.1107", "value": "Rivers"}, {"score": "0.1031", "value": "of"}, {"score": "0.1496", "value": "Thailand"}], "year": [{"score": "0.201", "value": "1911"}], "issue": [{"score": "0.1456", "value": "11"}], "source": [{"score": "0.1123", "value": "Veröffentl"}, {"score": "0.1317", "value": "aus"}, {"score": "0.1156", "value": "dem"}], "author": [[{"score": "0.2455", "surname": "Forest"}], [{"score": "0.1668", "surname": "Records"}]]}, "ref_text_x": "Forest Records, 1911, S. 11. 26. — : General Situation of Floods and Draughts expe- rienced in the Rivers of Thailand. Veröffentl. aus dem"}
{"ref_seg_dic": {"title": [{"score": "0.0585", "value": "CLIMATE"}, {"score": "0.0742", "value": "AS"}, {"score": "0.0969", "value": "RELATED"}, {"score": "0.0801", "value": "TO"}, {"score": "0.1043", "value": "THE"}, {"score": "0.1117", "value": "JET"}, {"score": "0.0719", "value": "STREAM"}], "year": [{"score": "0.2053", "value": "1956"}], "author": [[{"score": "0.1903", "surname": "Royal"}], [{"given-names": "Thai", "score": "0.1838"}], [{"score": "0.1472", "surname": "Irrigation"}], [{"score": "0.1352", "surname": "Deparment"}]]}, "ref_text_x": "Royal Thai Irrigation Deparment, 1956. CLIMATE AS RELATED TO THE JET STREAM IN"}
