{"ref_seg_dic": {"title": [{"score": "0.05", "value": "Die"}, {"score": "0.0913", "value": "Wirtschaftder"}, {"score": "0.0935", "value": "Tschechoslowakei"}, {"score": "0.097", "value": "undPolens"}], "other": [{"score": "0.1422", "value": "München/Wien"}, {"score": "0.108", "value": "1968"}], "author": [[{"score": "0.2804", "surname": "Altmann"}], [{"given-names": "F", "score": "0.1916"}], [{"score": "0.1323", "surname": "Keck"}], [{"given-names": "J.", "score": "0.1468"}], [{"score": "0.0912", "surname": "undKeese"}], [{"given-names": "D", "score": "0.1202"}]]}, "ref_text_x": "Altmann, F., Keck, J. undKeese, D.: Die Wirtschaftder Tschechoslowakei undPolens. München/Wien 1968."}
{"ref_seg_dic": {"publisher": [{"score": "0.1533", "value": "Warszawa1971"}], "other": [{"score": "0.1526", "value": "katowickiego"}], "editor": [{"score": "0.1462", "value": "Atlas"}, {"score": "0.1027", "value": "Wojewodztwa"}]}, "ref_text_x": "Atlas Wojewodztwa katowickiego: Warszawa1971."}
{"ref_seg_dic": {"title": [{"score": "0.0605", "value": "ökonomische"}, {"score": "0.1189", "value": "Geographie"}, {"score": "0.1282", "value": "derVolksrepublikPolen"}], "year": [{"score": "0.1853", "value": "1956"}], "other": [{"score": "0.2149", "value": "Berlin"}], "author": [[{"score": "0.2015", "surname": "Barbag"}], [{"given-names": "J.", "score": "0.1532"}], [{"score": "0.091", "surname": "undBerezowski"}], [{"given-names": "S", "score": "0.1351"}]]}, "ref_text_x": "Barbag, J. undBerezowski, S.: ökonomische Geographie derVolksrepublikPolen. Berlin 1956."}
{"ref_seg_dic": {"other": [{"score": "0.1252", "value": "Ithaka"}, {"score": "0.1835", "value": "NewYork"}], "year": [{"score": "0.17", "value": "1966"}], "editor": [{"score": "0.2595", "value": "Fisher"}, {"score": "0.1941", "value": "J"}], "title": [{"score": "0.0671", "value": "City"}, {"score": "0.0773", "value": "and"}, {"score": "0.1587", "value": "RegionalPlanning"}, {"score": "0.0969", "value": "in"}, {"score": "0.1283", "value": "Poland"}]}, "ref_text_x": "Fisher, J. (ed.): City and RegionalPlanning in Poland. Ithaka, NewYork 1966."}
{"ref_seg_dic": {"source": [{"score": "0.2019", "value": "PM"}, {"score": "0.1284", "value": "1972/1"}], "title": [{"score": "0.1018", "value": "Konzentrationsgebiete"}, {"score": "0.0816", "value": "in"}, {"score": "0.1271", "value": "der"}, {"score": "0.1382", "value": "Volksrepublik"}, {"score": "0.1424", "value": "Polen"}], "year": [{"score": "0.164", "value": "1972"}], "page": [{"score": "0.1825", "value": "11"}, {"score": "0.1825", "value": "15"}], "author": [[{"score": "0.2523", "surname": "Herman"}], [{"given-names": "St", "score": "0.1641"}], [{"given-names": "Industrielle", "score": "0.1075"}]]}, "ref_text_x": "Herman, St.: Industrielle Konzentrationsgebiete in der Volksrepublik Polen. In: PM 1972/1, S. 11-15, 1972."}
{"ref_seg_dic": {"source": [{"score": "0.1866", "value": "PM"}, {"score": "0.1186", "value": "1972/1"}], "title": [{"score": "0.0565", "value": "Großstadtballungen"}, {"score": "0.0654", "value": "—"}, {"score": "0.1154", "value": "methodische"}, {"score": "0.1401", "value": "Probleme"}, {"score": "0.1565", "value": "ihrerUntersuchung"}], "year": [{"score": "0.2055", "value": "1972"}], "page": [{"score": "0.2127", "value": "16"}, {"score": "0.2127", "value": "18"}], "author": [[{"score": "0.2404", "surname": "Iwanicka-Lyra"}], [{"given-names": "E", "score": "0.2599"}]]}, "ref_text_x": "Iwanicka-Lyra, E.: Großstadtballungen — methodische Probleme ihrerUntersuchung. In: PM 1972/1, S. 16-18 1972."}
{"ref_seg_dic": {"title": [{"score": "0.0741", "value": "Lodz."}, {"score": "0.0709", "value": "Eine"}, {"score": "0.1031", "value": "historisch-geographische"}, {"score": "0.1225", "value": "Analy"}], "other": [{"score": "0.1404", "value": "Würzburg"}, {"score": "0.1118", "value": "1966"}], "author": [[{"score": "0.2436", "surname": "Kossmann"}], [{"given-names": "O", "score": "0.1988"}]]}, "ref_text_x": "Kossmann, O.: Lodz. Eine historisch-geographische Analy­ se. Würzburg 1966."}
{"ref_seg_dic": {"title": [{"score": "0.0694", "value": "Geneza"}, {"score": "0.1129", "value": "ukladu"}, {"score": "0.1006", "value": "przestrzennego"}, {"score": "0.1162", "value": "Lodzi"}, {"score": "0.1175", "value": "przemy-"}, {"score": "0.0934", "value": "slowej"}], "other": [{"score": "0.1147", "value": "IGPAN"}, {"score": "0.1415", "value": "Prace"}, {"score": "0.1039", "value": "geograf"}, {"score": "0.1195", "value": "79"}, {"score": "0.1104", "value": "Warszawa1969"}], "author": [[{"score": "0.2328", "surname": "Koter"}], [{"given-names": "M", "score": "0.2239"}]]}, "ref_text_x": "Koter, M.: Geneza ukladu przestrzennego Lodzi przemy- slowej. IGPAN, Prace geograf. 79, Warszawa1969."}
{"ref_seg_dic": {"title": [{"score": "0.101", "value": "Selected"}, {"score": "0.1034", "value": "Problems"}, {"score": "0.0817", "value": "of"}, {"score": "0.1265", "value": "the"}, {"score": "0.1581", "value": "Development"}, {"score": "0.1177", "value": "and"}, {"score": "0.1136", "value": "Structure"}, {"score": "0.092", "value": "of"}, {"score": "0.139", "value": "Cracow"}, {"score": "0.1558", "value": "Industry"}], "author": [[{"score": "0.2431", "surname": "Kortus"}], [{"given-names": "B", "score": "0.2441"}], [{"given-names": "Some", "score": "0.1373"}]], "volume": [{"score": "0.1476", "value": "16"}], "source": [{"score": "0.1696", "value": "Geographia"}, {"score": "0.141", "value": "Po-"}, {"score": "0.0875", "value": "lonica"}], "year": [{"score": "0.1643", "value": "1969"}], "issue": [{"score": "0.0991", "value": "1969"}], "page": [{"score": "0.1865", "value": "41"}, {"score": "0.1865", "value": "49"}]}, "ref_text_x": "Kortus, B.: Some Selected Problems of the Development and Structure of Cracow Industry. In: Geographia Po- lonica, 16, 1969, S. 41-49, 1969."}
{"ref_seg_dic": {"title": [{"score": "0.1434", "value": "UpperSilesia-"}, {"score": "0.1108", "value": "a"}, {"score": "0.1513", "value": "comparative"}, {"score": "0.1597", "value": "Analysis"}, {"score": "0.0925", "value": "of"}, {"score": "0.1501", "value": "the"}, {"score": "0.1774", "value": "IndustrialRegions"}], "volume": [{"score": "0.1383", "value": "2"}], "source": [{"score": "0.1423", "value": "GeographiaPolonica"}], "editor": [{"score": "0.1497", "value": "Donbas"}], "year": [{"score": "0.1634", "value": "1964"}], "issue": [{"score": "0.1143", "value": "1964"}], "page": [{"score": "0.1873", "value": "183"}, {"score": "0.1873", "value": "192"}]}, "ref_text_x": "Donbas and UpperSilesia- a comparative Analysis of the IndustrialRegions. In: GeographiaPolonica, 2, 1964, S. 183-192, 1964."}
{"ref_seg_dic": {"title": [{"score": "0.0561", "value": "Spatial"}, {"score": "0.0922", "value": "Structure"}, {"score": "0.0779", "value": "of"}, {"score": "0.1124", "value": "Polish"}, {"score": "0.1192", "value": "Industry"}, {"score": "0.0688", "value": "in"}, {"score": "0.1543", "value": "1956"}], "author": [[{"score": "0.259", "surname": "Leszczycki"}], [{"given-names": "S", "score": "0.2115"}], [{"score": "0.235", "surname": "Kuklinski"}], [{"given-names": "A", "score": "0.2253"}], [{"score": "0.1275", "surname": "Najgrakowski"}], [{"given-names": "M.", "score": "0.1695"}], [{"given-names": "und", "score": "0.1022"}], [{"score": "0.1815", "surname": "Grzescza"}], [{"given-names": "J", "score": "0.1821"}]], "volume": [{"score": "0.1333", "value": "XXXII"}], "source": [{"score": "0.1346", "value": "Przeglad"}, {"score": "0.1399", "value": "Geograficzny"}], "year": [{"score": "0.1644", "value": "1960"}], "page": [{"score": "0.1752", "value": "139"}, {"score": "0.1752", "value": "147"}]}, "ref_text_x": "Leszczycki, S., Kuklinski, A., Najgrakowski, M. und Grzescza, J.: Spatial Structure of Polish Industry in 1956. In: Przeglad Geograficzny, Vol. XXXII, Supl., S. 139-147, 1960."}
{"ref_seg_dic": {"source": [{"score": "0.1294", "value": "Osteuropa-Handbuch"}], "other": [{"score": "0.1346", "value": "Polen"}, {"score": "0.1314", "value": "Köln/Graz"}, {"score": "0.1106", "value": "1959"}], "editor": [{"score": "0.2425", "value": "Markert"}, {"score": "0.192", "value": "W"}]}, "ref_text_x": "Markert, W. (ed.): Osteuropa-Handbuch Polen. Köln/Graz 1959."}
{"ref_seg_dic": {"title": [{"score": "0.0641", "value": "Die"}, {"score": "0.1084", "value": "Entwicklung"}, {"score": "0.0854", "value": "der"}, {"score": "0.0878", "value": "polnischen"}, {"score": "0.069", "value": "Ballungsge"}], "author": [[{"score": "0.2253", "surname": "Misztal"}], [{"given-names": "S", "score": "0.193"}]]}, "ref_text_x": "Misztal, S.: Die Entwicklung der polnischen Ballungsge­"}
{"ref_seg_dic": {"title": [{"score": "0.1003", "value": "Przemiany"}, {"score": "0.089", "value": "w"}, {"score": "0.1212", "value": "strukturze"}, {"score": "0.1404", "value": "przestrzennej"}, {"score": "0.0917", "value": "przemyslu"}, {"score": "0.0768", "value": "na"}, {"score": "0.0967", "value": "ziemiach"}, {"score": "0.0845", "value": "polskich"}, {"score": "0.062", "value": "w"}, {"score": "0.1017", "value": "latach"}, {"score": "0.1725", "value": "1860-1965"}], "volume": [{"score": "0.1566", "value": "1"}], "source": [{"score": "0.1225", "value": "PM"}, {"score": "0.086", "value": "1972"}], "other": [{"score": "0.1883", "value": "Warszawa"}, {"score": "0.1103", "value": "1970"}], "year": [{"score": "0.1861", "value": "1972"}], "page": [{"score": "0.1394", "value": "22"}, {"score": "0.1394", "value": "24"}]}, "ref_text_x": "biete. In: PM 1972, 1, S. 22-24, 1972. — : Przemiany w strukturze przestrzennej przemyslu na ziemiach polskich w latach 1860-1965. Warszawa 1970."}
{"ref_seg_dic": {"publisher": [{"score": "0.2042", "value": "Studia"}, {"score": "0.129", "value": "Historiae"}], "title": [{"score": "0.0819", "value": "Changes"}, {"score": "0.0451", "value": "in"}, {"score": "0.129", "value": "the"}, {"score": "0.1357", "value": "Distribution"}, {"score": "0.1099", "value": "of"}, {"score": "0.1516", "value": "Industry"}, {"score": "0.0767", "value": "in"}, {"score": "0.1211", "value": "the"}, {"score": "0.1126", "value": "Area"}, {"score": "0.0981", "value": "of"}, {"score": "0.1355", "value": "Poland"}, {"score": "0.0623", "value": "in"}, {"score": "0.1004", "value": "the"}, {"score": "0.1206", "value": "Years"}, {"score": "0.1953", "value": "1860-1965"}]}, "ref_text_x": "Changes in the Distribution of Industry in the Area of Poland in the Years 1860-1965. In: Studia Historiae"}
{"ref_seg_dic": {"volume": [{"score": "0.2627", "value": "5"}], "other": [{"score": "0.1797", "value": "Poznan"}, {"score": "0.1067", "value": "1970"}], "issue": [{"score": "0.1208", "value": "1970"}], "page": [{"score": "0.2064", "value": "231"}, {"score": "0.2064", "value": "241"}], "author": [[{"score": "0.199", "surname": "Oeconomicae"}]]}, "ref_text_x": "Oeconomicae, Vol. 5, 1970, S. 231—241. Poznan 1970."}
{"ref_seg_dic": {"publisher": [{"score": "0.0989", "value": "Die"}, {"score": "0.1076", "value": "Agglomerationsprozesse"}, {"score": "0.1026", "value": "am"}, {"score": "0.1379", "value": "Rand"}, {"score": "0.1467", "value": "des"}], "author": [[{"score": "0.218", "surname": "Pakula"}], [{"given-names": "L", "score": "0.1834"}]]}, "ref_text_x": "Pakula, L.: Die Agglomerationsprozesse am Rand des"}
{"ref_seg_dic": {"other": [{"score": "0.1635", "value": "Man"}, {"score": "0.1774", "value": "Krakow"}, {"score": "0.1306", "value": "1968"}], "editor": [{"score": "0.1588", "value": "Oberschlesischen"}, {"score": "0.1492", "value": "Industriebezirkes"}]}, "ref_text_x": "Oberschlesischen Industriebezirkes. (Man.) Krakow 1968."}
{"ref_seg_dic": {"publisher": [{"score": "0.1525", "value": "Warszawa1965"}], "other": [{"score": "0.149", "value": "Warszawy"}], "editor": [{"score": "0.1417", "value": "Plan"}, {"score": "0.1022", "value": "Generalny"}]}, "ref_text_x": "Plan Generalny Warszawy: Warszawa1965."}
{"ref_seg_dic": {"title": [{"score": "0.0677", "value": "The"}, {"score": "0.1118", "value": "IndustrialGeography"}, {"score": "0.1006", "value": "of"}, {"score": "0.1172", "value": "Modern"}, {"score": "0.0737", "value": "Poland"}], "author": [[{"score": "0.2564", "surname": "Pounds"}], [{"given-names": "N", "score": "0.2001"}]]}, "ref_text_x": "Pounds, N.: The IndustrialGeography of Modern Poland."}
{"ref_seg_dic": {"volume": [{"score": "0.2425", "value": "36"}], "source": [{"score": "0.117", "value": "Econo"}, {"score": "0.1106", "value": "mic"}, {"score": "0.1367", "value": "Geography"}], "issue": [{"score": "0.1055", "value": "1960"}], "page": [{"score": "0.1858", "value": "231"}, {"score": "0.1858", "value": "253"}], "year": [{"score": "0.1627", "value": "1960"}]}, "ref_text_x": "In: Econo mic Geography, Vol. 36, 1960, S. 231-253, 1960."}
{"ref_seg_dic": {"title": [{"score": "0.0761", "value": "Urbanisierungsprozesse"}, {"score": "0.1337", "value": "undBevölkerungsent­"}, {"score": "0.0912", "value": "wicklung"}, {"score": "0.0967", "value": "im"}, {"score": "0.1244", "value": "Ballungsgebiet"}, {"score": "0.1129", "value": "von"}, {"score": "0.1023", "value": "Gorny"}, {"score": "0.145", "value": "Sl^sk"}], "author": [[{"score": "0.2384", "surname": "Rajman"}], [{"given-names": "J", "score": "0.2517"}]], "volume": [{"score": "0.1707", "value": "4"}], "source": [{"score": "0.1732", "value": "PM"}, {"score": "0.121", "value": "1970"}], "year": [{"score": "0.1648", "value": "1970"}], "page": [{"score": "0.1948", "value": "267"}, {"score": "0.1948", "value": "273"}]}, "ref_text_x": "Rajman, J.: Urbanisierungsprozesse undBevölkerungsent­ wicklung im Ballungsgebiet von Gorny Sl^sk. In: PM 1970, 4, S. 267-273, 1970."}
{"ref_seg_dic": {"title": [{"score": "0.0705", "value": "Rocznik"}, {"score": "0.1209", "value": "Statystyczny"}], "year": [{"score": "0.1676", "value": "Warszawa1971"}], "publisher": [{"score": "0.153", "value": "Warszawa1971"}], "other": [{"score": "0.1558", "value": "Powiatow"}], "author": [[{"score": "0.149", "surname": "Rocznik"}], [{"given-names": "Statystyczny", "score": "0.1329"}]]}, "ref_text_x": "Rocznik Statystyczny: Warszawa1971. Rocznik Statystyczny Powiatow: Warszawa1971."}
{"ref_seg_dic": {"source": [{"score": "0.1514", "value": "Geo"}, {"score": "0.172", "value": "graphische"}, {"score": "0.1127", "value": "Rundschau"}], "title": [{"score": "0.1134", "value": "Potentialdes"}, {"score": "0.1114", "value": "polnischen"}, {"score": "0.127", "value": "Wirtschaftsrau­"}, {"score": "0.0736", "value": "mes"}, {"score": "0.0895", "value": "unddie"}, {"score": "0.1223", "value": "Probleme"}, {"score": "0.1195", "value": "seiner"}, {"score": "0.152", "value": "Inwertsetzung"}], "year": [{"score": "0.1634", "value": "1967"}], "page": [{"score": "0.1725", "value": "170"}, {"score": "0.1725", "value": "184"}], "author": [[{"score": "0.24", "surname": "Wöhlke"}], [{"given-names": "W", "score": "0.2478"}], [{"given-names": "Das", "score": "0.1625"}]]}, "ref_text_x": "Wöhlke, W.: Das Potentialdes polnischen Wirtschaftsrau­ mes unddie Probleme seiner Inwertsetzung. In: Geo­ graphische Rundschau. S. 170-184, 1967."}
{"ref_seg_dic": {"title": [{"score": "0.0653", "value": "Methoden"}, {"score": "0.099", "value": "der"}, {"score": "0.1067", "value": "Abgrenzung"}, {"score": "0.0975", "value": "von"}, {"score": "0.0601", "value": "Großstadt"}], "author": [[{"score": "0.2273", "surname": "WrÓbel"}], [{"given-names": "A", "score": "0.1964"}]]}, "ref_text_x": "WrÓbel, A.: Methoden der Abgrenzung von Großstadt­"}
{"ref_seg_dic": {"volume": [{"score": "0.1581", "value": "1"}], "source": [{"score": "0.1375", "value": "PM"}, {"score": "0.0994", "value": "1972"}], "page": [{"score": "0.192", "value": "19-21"}], "year": [{"score": "0.1641", "value": "1972"}]}, "ref_text_x": "ballungen. In: PM 1972, 1, S. 19-21, 1972."}
{"ref_seg_dic": {"title": [{"score": "0.0671", "value": "Veränderungen"}, {"score": "0.1066", "value": "der"}, {"score": "0.1091", "value": "räumlichen"}, {"score": "0.1202", "value": "Struktur"}, {"score": "0.0983", "value": "der"}, {"score": "0.1096", "value": "Industrie"}, {"score": "0.1025", "value": "Polens"}, {"score": "0.0912", "value": "im"}, {"score": "0.133", "value": "Zeitraum"}, {"score": "0.2074", "value": "1946—1962"}], "author": [[{"score": "0.2421", "surname": "Wrzosek"}], [{"given-names": "A", "score": "0.2402"}]], "source": [{"score": "0.1562", "value": "Scheidl-"}, {"score": "0.1336", "value": "Festschrift"}, {"score": "0.1416", "value": "HandbuhcvonPolen"}, {"score": "0.1507", "value": "Berlin"}], "other": [{"score": "0.1781", "value": "Wien"}], "editor": [{"score": "0.1112", "value": "Wunderlich"}, {"score": "0.1221", "value": "E"}], "year": [{"score": "0.1617", "value": "1965"}, {"score": "0.1784", "value": "1918"}], "page": [{"score": "0.1545", "value": "382"}, {"score": "0.1545", "value": "384"}]}, "ref_text_x": "Wrzosek, A.: Veränderungen der räumlichen Struktur der Industrie Polens im Zeitraum 1946—1962. In: Scheidl- Festschrift, S. 382-384, Wien 1965. Wunderlich, E. (ed.): HandbuhcvonPolen. Berlin 1918."}
{"ref_seg_dic": {"url": [{"score": "0.0876", "value": "Gospodarka"}, {"score": "0.108", "value": "planowa4"}, {"score": "0.0993", "value": "2/1969,"}], "title": [{"score": "0.0762", "value": "Planrozwoju"}, {"score": "0.1177", "value": "regionu"}, {"score": "0.1094", "value": "katowickiego"}, {"score": "0.0948", "value": "w"}, {"score": "0.1564", "value": "okresie"}, {"score": "0.1851", "value": "perspektywicznym"}], "author": [[{"score": "0.2594", "surname": "Zielinski"}], [{"given-names": "T", "score": "0.2457"}]]}, "ref_text_x": "Zielinski, T.: Planrozwoju regionu katowickiego w okresie perspektywicznym. In: , Gospodarka planowa4 2/1969,"}
{"ref_seg_dic": {"volume": [{"score": "0.1149", "value": "5/1969"}], "page": [{"score": "0.1814", "value": "281"}, {"score": "0.1814", "value": "287"}], "year": [{"score": "0.1621", "value": "1969"}]}, "ref_text_x": "zit. n. WD 5/1969, S. 281-287, 1969."}
{"ref_seg_dic": {"title": [{"score": "0.0901", "value": "Nadrodze"}, {"score": "0.1561", "value": "przeobrazen"}], "other": [{"score": "0.1141", "value": "TrybunaLudu"}, {"score": "0.1227", "value": "Nr"}], "author": [[{"score": "0.2227", "surname": "Zietek"}], [{"given-names": "L", "score": "0.206"}]]}, "ref_text_x": "Zietek, L.: Nadrodze przeobrazen. In: TrybunaLudu, Nr."}
{"ref_seg_dic": {"url": [{"score": "0.1002", "value": "Auf"}], "title": [{"score": "0.118", "value": "dem"}, {"score": "0.1339", "value": "Wege"}, {"score": "0.154", "value": "derUmwandlung"}]}, "ref_text_x": "deutsch: Auf dem Wege derUmwandlung. In:"}
{"ref_seg_dic": {"publisher": [{"score": "0.1293", "value": "Monatsschrift"}], "author": [[{"score": "0.2579", "surname": "Wiss"}], [{"given-names": "DienstfürOstmitteleuropa", "score": "0.0873"}]], "other": [{"score": "0.1542", "value": "J.-G.-Herder-InstitutMarburg/Lahn"}], "editor": [{"score": "0.0712", "value": "Wissenschaftlicher"}, {"score": "0.0937", "value": "Dienst"}, {"score": "0.0909", "value": "für"}, {"score": "0.178", "value": "Ostmitteleuropa"}, {"score": "0.1195", "value": "WD"}], "year": [{"score": "0.156", "value": "6/1971"}, {"score": "0.1883", "value": "1971"}], "page": [{"score": "0.1858", "value": "346"}, {"score": "0.1858", "value": "347"}]}, "ref_text_x": "Wiss. DienstfürOstmitteleuropa, 6/1971, S. 346-347, 1971. Wissenschaftlicher Dienst für Ostmitteleuropa (WD): Hrsg.: J.-G.-Herder-InstitutMarburg/Lahn, Monatsschrift."}
{"ref_seg_dic": {"title": [{"score": "0.0877", "value": "Behavioral"}, {"score": "0.0992", "value": "characteristics"}, {"score": "0.0824", "value": "of"}, {"score": "0.0901", "value": "purchasers"}, {"score": "0.0745", "value": "of"}, {"score": "0.0899", "value": "remote"}, {"score": "0.083", "value": "recreational"}, {"score": "0.0808", "value": "subdivision"}, {"score": "0.046", "value": "parcels"}], "author": [[{"score": "0.2513", "surname": "E"}], [{"given-names": "Johnston", "score": "0.1517"}], [{"score": "0.1918", "surname": "D"}], [{"score": "0.1615", "surname": "E"}], [{"given-names": "Hansen", "score": "0.1013"}]]}, "ref_text_x": "W. E. Johnston and D. E. Hansen: Behavioral characteristics of purchasers of remote recreational subdivision parcels"}
