{"ref_seg_dic": {"other": [{"score": "0.1682", "value": "Costa"}, {"score": "0.1247", "value": "Rica"}], "title": [{"score": "0.0866", "value": "An"}, {"score": "0.0918", "value": "ua"}, {"score": "0.1586", "value": "r"}, {"score": "0.1601", "value": "io"}, {"score": "0.1634", "value": "Est"}, {"score": "0.1379", "value": "a"}, {"score": "0.1513", "value": "d"}, {"score": "0.163", "value": "ist"}, {"score": "0.1388", "value": "ic"}, {"score": "0.1211", "value": "o"}, {"score": "0.1316", "value": "d"}, {"score": "0.1356", "value": "e"}, {"score": "0.1168", "value": "Cost"}, {"score": "0.1054", "value": "a"}, {"score": "0.1583", "value": "Ric"}, {"score": "0.0989", "value": "a,"}, {"score": "0.0635", "value": "1966:"}, {"score": "0.0775", "value": "-"}, {"score": "0.1171", "value": "1965"}, {"score": "0.0693", "value": "(San"}, {"score": "0.1255", "value": "Jos£,"}, {"score": "0.0481", "value": "Costa"}, {"score": "0.1015", "value": "Rica)."}, {"score": "0.0541", "value": "-,"}, {"score": "0.0537", "value": "1972:"}, {"score": "0.065", "value": "-"}, {"score": "0.1082", "value": "1970"}, {"score": "0.0647", "value": "(San"}, {"score": "0.1219", "value": "Jose"}]}, "ref_text_x": "An ua r io Est a d ist ic o d e Cost a Ric a, 1966: - 1965 (San Jos£, Costa Rica). -, 1972: - 1970 (San Jose, Costa Rica)."}
{"ref_seg_dic": {"author": [[{"score": "0.1866", "surname": "D"}]], "title": [{"score": "0.0811", "value": "Ba"}, {"score": "0.078", "value": "r"}, {"score": "0.1461", "value": "t"}, {"score": "0.1653", "value": "e"}, {"score": "0.1556", "value": "ls"}, {"score": "0.1075", "value": "Zur"}, {"score": "0.1621", "value": "Kritik"}, {"score": "0.1351", "value": "der"}, {"score": "0.1282", "value": "bürgerlichen"}, {"score": "0.1035", "value": "Industriegeographie"}], "volume": [{"score": "0.1728", "value": "61"}], "source": [{"score": "0.0873", "value": "Geographische"}, {"score": "0.122", "value": "Zeit"}, {"score": "0.1275", "value": "schrift"}], "year": [{"score": "0.2022", "value": "1973"}], "issue": [{"score": "0.1496", "value": "4"}], "page": [{"score": "0.3043", "value": "319"}, {"score": "0.3043", "value": "321"}]}, "ref_text_x": "Ba r t e ls D., 1973: \"Zur Kritik der bürgerlichen Industriegeographie\", Geographische Zeit­ schrift, 61, 4: 319-321."}
{"ref_seg_dic": {"title": [{"score": "0.0822", "value": "die"}, {"score": "0.1566", "value": "Arbeiten"}, {"score": "0.1254", "value": "in"}, {"score": "0.112", "value": "De"}, {"score": "0.118", "value": "mogr"}, {"score": "0.1154", "value": "a"}, {"score": "0.1336", "value": "f"}, {"score": "0.1484", "value": "ia"}, {"score": "0.1052", "value": "y"}, {"score": "0.1154", "value": "Ec"}, {"score": "0.1061", "value": "on"}, {"score": "0.1122", "value": "omia"}, {"score": "0.0883", "value": "(Mexico"}, {"score": "0.0833", "value": "DF)"}, {"score": "0.0782", "value": "oder"}, {"score": "0.0862", "value": "vonCa"}, {"score": "0.083", "value": "r"}, {"score": "0.1061", "value": "r"}, {"score": "0.1111", "value": "illo"}, {"score": "0.0946", "value": "Flor"}, {"score": "0.1046", "value": "e"}, {"score": "0.0678", "value": "s"}, {"score": "0.0708", "value": "1974"}], "author": [[{"score": "0.2396", "surname": "B"}]]}, "ref_text_x": "Vgl. z. B. die Arbeiten in De mogr a f ia y Ec on omia (Mexico DF) oder vonCa r r illo Flor e s 1974."}
{"ref_seg_dic": {"title": [{"score": "0.13", "value": "n"}, {"score": "0.1474", "value": "d"}, {"score": "0.157", "value": "n"}, {"score": "0.1755", "value": "e"}, {"score": "0.1386", "value": "r"}, {"score": "0.1342", "value": "1969,"}, {"score": "0.1148", "value": "1970"}, {"score": "0.1101", "value": "und"}, {"score": "0.1405", "value": "Vor"}, {"score": "0.107", "value": "läuf"}, {"score": "0.1233", "value": "e"}, {"score": "0.1048", "value": "r"}, {"score": "0.1155", "value": "1970,"}, {"score": "0.0995", "value": "1973"}, {"score": "0.0745", "value": "(mit"}, {"score": "0.1144", "value": "Bezug"}], "other": [{"score": "0.1823", "value": "auf"}, {"score": "0.1293", "value": "Dar"}, {"score": "0.1462", "value": "Es"}], "author": [[{"score": "0.1408", "surname": "aber"}], [{"given-names": "Sa", "score": "0.1376"}]]}, "ref_text_x": "Vgl. aber Sa n d n e r 1969, 1970 und Vor läuf e r 1970, 1973 (mit Bezug auf Dar Es"}
{"ref_seg_dic": {"title": [{"score": "0.0779", "value": "Ba"}, {"score": "0.0737", "value": "t"}, {"score": "0.1409", "value": "a"}, {"score": "0.1826", "value": "illon"}, {"score": "0.1073", "value": "C.,"}, {"score": "0.0568", "value": "1972:"}, {"score": "0.1099", "value": "La"}, {"score": "0.1201", "value": "ciudad"}, {"score": "0.1004", "value": "yelcampoen"}, {"score": "0.0906", "value": "elMexicocentral"}, {"score": "0.0576", "value": "(MexicoDF"}]}, "ref_text_x": "Ba t a illon C., 1972: La ciudad yelcampoen elMexicocentral (MexicoDF)."}
{"ref_seg_dic": {"title": [{"score": "0.1166", "value": "Zur"}, {"score": "0.1382", "value": "Kritik"}, {"score": "0.1247", "value": "der"}, {"score": "0.1132", "value": "bürgerlichen"}, {"score": "0.0981", "value": "Industriegeographie"}, {"score": "0.0583", "value": "(Göttingen"}], "year": [{"score": "0.163", "value": "1973"}], "author": [[{"score": "0.1798", "surname": "G"}]]}, "ref_text_x": "Be c k G., 1973: Zur Kritik der bürgerlichen Industriegeographie (Göttingen)."}
{"ref_seg_dic": {"title": [{"score": "0.081", "value": "Be"}, {"score": "0.0767", "value": "r"}, {"score": "0.1491", "value": "n"}, {"score": "0.179", "value": "a"}, {"score": "0.1699", "value": "ue"}, {"score": "0.1197", "value": "r"}, {"score": "0.1244", "value": "U."}, {"score": "0.0921", "value": "und"}, {"score": "0.0923", "value": "E."}, {"score": "0.0678", "value": "Fr"}, {"score": "0.1258", "value": "e"}, {"score": "0.1267", "value": "it"}, {"score": "0.136", "value": "a"}, {"score": "0.0974", "value": "g,"}, {"score": "0.0652", "value": "1974:"}, {"score": "0.1044", "value": "Poder"}, {"score": "0.1174", "value": "popul"}, {"score": "0.1138", "value": "ärin"}, {"score": "0.1194", "value": "Chile"}, {"score": "0.0929", "value": "am"}, {"score": "0.1243", "value": "BeispielGesundheit."}, {"score": "0.0612", "value": "Doku­"}, {"score": "0.0759", "value": "mente"}, {"score": "0.0971", "value": "aus"}, {"score": "0.1008", "value": "Elendsvierteln"}, {"score": "0.0637", "value": "(Stein/Nürnberg"}]}, "ref_text_x": "Be r n a ue r U. und E. Fr e it a g, 1974: Poder popul ärin Chile am BeispielGesundheit. Doku­ mente aus Elendsvierteln (Stein/Nürnberg)."}
{"ref_seg_dic": {"title": [{"score": "0.1153", "value": "r"}, {"score": "0.0928", "value": "K.-A.,"}, {"score": "0.0667", "value": "1969:"}, {"score": "0.106", "value": "Kulturlandschaftswandeldurch"}, {"score": "0.1121", "value": "raumwirksame"}, {"score": "0.1046", "value": "Staatstätigkeit"}], "other": [{"score": "0.1897", "value": "Berlin"}], "author": [[{"score": "0.1146", "surname": "Boe"}], [{"given-names": "sle", "score": "0.1217"}]]}, "ref_text_x": "Boe sle r K.-A., 1969: Kulturlandschaftswandeldurch raumwirksame Staatstätigkeit (Berlin)."}
{"ref_seg_dic": {"volume": [{"score": "0.1981", "value": "105"}], "source": [{"score": "0.1197", "value": "Die"}, {"score": "0.165", "value": "Erde"}], "issue": [{"score": "0.1706", "value": "1"}], "page": [{"score": "0.3026", "value": "7"}, {"score": "0.3026", "value": "33"}], "title": [{"score": "0.0841", "value": "Gedanken"}, {"score": "0.0779", "value": "zum"}, {"score": "0.1359", "value": "Konzept"}, {"score": "0.1334", "value": "der"}, {"score": "0.1324", "value": "politischen"}, {"score": "0.1011", "value": "Geographie"}]}, "ref_text_x": "Gedanken zum Konzept der politischen Geographie\", Die Erde, 105, 1: 7—33."}
{"ref_seg_dic": {"source": [{"score": "0.1528", "value": "Diälogos"}, {"score": "0.1541", "value": "sobre"}, {"score": "0.1031", "value": "poblaciön"}, {"score": "0.1223", "value": "Mexico"}, {"score": "0.0785", "value": "DF"}], "page": [{"score": "0.3083", "value": "127"}, {"score": "0.3083", "value": "137"}], "title": [{"score": "0.0821", "value": "Ca"}, {"score": "0.0861", "value": "br"}, {"score": "0.1588", "value": "e"}, {"score": "0.1287", "value": "r"}, {"score": "0.1581", "value": "a"}, {"score": "0.1088", "value": "G.,"}, {"score": "0.0968", "value": "1974:"}, {"score": "0.1215", "value": "(Diskussionsbeitrag"}, {"score": "0.123", "value": "zum"}, {"score": "0.0803", "value": "Thema)"}, {"score": "0.0942", "value": "Situaciön"}, {"score": "0.1124", "value": "yperspectivas"}, {"score": "0.1161", "value": "demogräficas"}, {"score": "0.0931", "value": "de"}, {"score": "0.111", "value": "Mexico,"}, {"score": "0.0512", "value": "in"}, {"score": "0.0864", "value": "A."}, {"score": "0.0719", "value": "Ca"}, {"score": "0.083", "value": "r"}, {"score": "0.1189", "value": "r"}, {"score": "0.1179", "value": "illo"}, {"score": "0.0973", "value": "Flor"}]}, "ref_text_x": "Ca br e r a G., 1974: (Diskussionsbeitrag zum Thema) \"Situaciön yperspectivas demogräficas de Mexico\", in A. Ca r r illo Flor e s ed.: Diälogos sobre poblaciön (Mexico DF), S. 127-137."}
{"ref_seg_dic": {"other": [{"score": "0.1739", "value": "1970"}], "year": [{"score": "0.1734", "value": "1969"}], "publisher": [{"score": "0.1519", "value": "Migracion"}, {"score": "0.1048", "value": "ydesarrollourbano"}, {"score": "0.1104", "value": "Bogota"}], "editor": [{"score": "0.2045", "value": "R"}], "title": [{"score": "0.0841", "value": "Ca"}, {"score": "0.0784", "value": "r"}, {"score": "0.1502", "value": "d"}, {"score": "0.1895", "value": "on"}, {"score": "0.1467", "value": "a"}, {"score": "0.158", "value": "Gut"}, {"score": "0.151", "value": "ie"}, {"score": "0.1234", "value": "r"}, {"score": "0.1262", "value": "r"}, {"score": "0.1437", "value": "e"}, {"score": "0.094", "value": "Urbanizacion"}, {"score": "0.0978", "value": "y"}, {"score": "0.1173", "value": "marginalidad"}, {"score": "0.1241", "value": "(Bogota"}]}, "ref_text_x": "Ca r d on a Gut ie r r e z R. ed., 1969: Urbanizacion y marginalidad (Bogota). -, 1970: Migracion ydesarrollourbano (Bogota)."}
{"ref_seg_dic": {"year": [{"score": "0.1961", "value": "1974"}], "editor": [{"score": "0.2087", "value": "A"}], "title": [{"score": "0.0799", "value": "Ca"}, {"score": "0.0741", "value": "r"}, {"score": "0.1549", "value": "r"}, {"score": "0.1519", "value": "illo"}, {"score": "0.1177", "value": "Flor"}, {"score": "0.0918", "value": "Diälogos"}, {"score": "0.1044", "value": "sobre"}, {"score": "0.0974", "value": "poblaciön"}, {"score": "0.0588", "value": "(MexicoDF"}]}, "ref_text_x": "Ca r r illo Flor e s A. ed., 1974: Diälogos sobre poblaciön (MexicoDF)."}
{"ref_seg_dic": {"title": [{"score": "0.1094", "value": "The"}, {"score": "0.1585", "value": "social"}, {"score": "0.1348", "value": "function"}, {"score": "0.0978", "value": "of"}, {"score": "0.1255", "value": "the"}, {"score": "0.1624", "value": "slum"}, {"score": "0.1206", "value": "in"}, {"score": "0.1045", "value": "Latin"}, {"score": "0.1029", "value": "America:"}, {"score": "0.0916", "value": "some"}, {"score": "0.1092", "value": "positive"}, {"score": "0.0966", "value": "aspects"}], "author": [[{"score": "0.2376", "surname": "J"}], [{"score": "0.1886", "surname": "A"}]], "volume": [{"score": "0.1694", "value": "12"}], "source": [{"score": "0.1381", "value": "Amörica"}, {"score": "0.1239", "value": "Latina"}], "year": [{"score": "0.2387", "value": "1969"}], "issue": [{"score": "0.1494", "value": "3"}], "page": [{"score": "0.3017", "value": "87"}, {"score": "0.3017", "value": "111"}]}, "ref_text_x": "Ca sa sc o J. A., 1969: \"The social function of the slum in Latin America: some positive aspects\", Amörica Latina, 12, 3: 87-111."}
{"ref_seg_dic": {"title": [{"score": "0.1342", "value": "Housing"}, {"score": "0.0962", "value": "in"}, {"score": "0.0937", "value": "Latin"}, {"score": "0.1197", "value": "America"}, {"score": "0.0785", "value": "(Cambridge"}], "author": [[{"score": "0.1599", "surname": "A"}], [{"given-names": "Silva", "score": "0.0898"}]], "source": [{"score": "0.1336", "value": "Die"}], "other": [{"score": "0.1392", "value": "Mass"}], "editor": [{"score": "0.18", "value": "A"}, {"score": "0.1791", "value": "G"}, {"score": "0.1297", "value": "H"}, {"score": "0.1044", "value": "M"}, {"score": "0.0656", "value": "N"}, {"score": "0.0633", "value": "Kot"}], "year": [{"score": "0.1978", "value": "1965"}]}, "ref_text_x": "Die t z A. G. H., M. N. Kot h undJ. A. Silva, 1965: Housing in Latin America (Cambridge, Mass.)."}
{"ref_seg_dic": {"other": [{"score": "0.1432", "value": "1960"}, {"score": "0.1593", "value": "MexicoDF"}], "title": [{"score": "0.084", "value": "Dir"}, {"score": "0.0925", "value": "e"}, {"score": "0.1395", "value": "c"}, {"score": "0.1497", "value": "c"}, {"score": "0.1502", "value": "ion"}, {"score": "0.1472", "value": "Ge"}, {"score": "0.1235", "value": "n"}, {"score": "0.1545", "value": "e"}, {"score": "0.1438", "value": "r"}, {"score": "0.1577", "value": "a"}, {"score": "0.1629", "value": "l"}, {"score": "0.1624", "value": "d"}, {"score": "0.1636", "value": "e"}, {"score": "0.1453", "value": "Est"}, {"score": "0.122", "value": "a"}, {"score": "0.1273", "value": "d"}, {"score": "0.1349", "value": "ist"}, {"score": "0.1224", "value": "ic"}, {"score": "0.0842", "value": "a,"}, {"score": "0.0475", "value": "1962:"}, {"score": "0.1038", "value": "VIII."}, {"score": "0.0652", "value": "Censo"}, {"score": "0.0878", "value": "general"}, {"score": "0.0972", "value": "de"}, {"score": "0.0941", "value": "poblaciön"}]}, "ref_text_x": "Dir e c c ion Ge n e r a l d e Est a d ist ic a, 1962: VIII. Censo general de poblaciön. 1960 (MexicoDF)"}
{"ref_seg_dic": {"volume": [{"score": "0.1967", "value": "9"}], "source": [{"score": "0.1163", "value": "Revista"}, {"score": "0.1379", "value": "Paraguaya"}, {"score": "0.1494", "value": "de"}, {"score": "0.1844", "value": "Sociologia"}], "issue": [{"score": "0.1306", "value": "23"}], "page": [{"score": "0.2965", "value": "7"}, {"score": "0.2965", "value": "35"}], "title": [{"score": "0.1071", "value": "IX."}, {"score": "0.0598", "value": "Censogeneralde"}, {"score": "0.1477", "value": "poblaciön."}, {"score": "0.0789", "value": "1970"}, {"score": "0.1202", "value": "(MöxicoDF)."}, {"score": "0.0921", "value": "Ge"}, {"score": "0.0964", "value": "r"}, {"score": "0.1482", "value": "ma"}, {"score": "0.1491", "value": "n"}, {"score": "0.1335", "value": "i"}, {"score": "0.0856", "value": "G.,"}, {"score": "0.0575", "value": "1972:"}, {"score": "0.1117", "value": "Aspectos"}, {"score": "0.1332", "value": "teöricos"}, {"score": "0.0971", "value": "de"}, {"score": "0.0989", "value": "la"}, {"score": "0.115", "value": "marginalidad"}]}, "ref_text_x": "IX. Censogeneralde poblaciön. 1970 (MöxicoDF). Ge r ma n i G., 1972: \"Aspectos teöricos de la marginalidad\", Revista Paraguaya de Sociologia, 9, 23: 7-35."}
{"ref_seg_dic": {"title": [{"score": "0.1264", "value": "Die"}, {"score": "0.1812", "value": "Geographie."}, {"score": "0.0774", "value": "Eine"}, {"score": "0.0877", "value": "wissenschaftstheoretische"}, {"score": "0.0883", "value": "Einführung"}], "year": [{"score": "0.1774", "value": "1973"}], "other": [{"score": "0.1614", "value": "Berlin"}, {"score": "0.1778", "value": "NewYork"}], "author": [[{"score": "0.1926", "surname": "G"}]]}, "ref_text_x": "Ha r d G., 1973: Die Geographie. Eine wissenschaftstheoretische Einführung (Berlin/ NewYork)."}
{"ref_seg_dic": {"title": [{"score": "0.1073", "value": ","}, {"score": "0.1135", "value": "PoliticalGeography*"}, {"score": "0.1149", "value": "und,"}, {"score": "0.0792", "value": "Geopolitics"}], "author": [[{"score": "0.1341", "surname": "old"}], [{"score": "0.2173", "surname": "D"}]], "volume": [{"score": "0.1955", "value": "105"}], "source": [{"score": "0.1228", "value": "Die"}, {"score": "0.178", "value": "Erde"}], "year": [{"score": "0.2426", "value": "1974"}], "issue": [{"score": "0.1946", "value": "2"}], "page": [{"score": "0.3089", "value": "200"}, {"score": "0.3089", "value": "213"}]}, "ref_text_x": "He r old D., 1974: \", PoliticalGeography* und, Geopolitics\"\", Die Erde, 105, 2: 200-213."}
{"ref_seg_dic": {"title": [{"score": "0.1049", "value": "The"}, {"score": "0.152", "value": "slums;"}, {"score": "0.0791", "value": "challenge"}, {"score": "0.0825", "value": "and"}, {"score": "0.0979", "value": "response"}, {"score": "0.0588", "value": "(NewYork/Toronto"}], "year": [{"score": "0.2177", "value": "1964"}], "author": [[{"score": "0.121", "surname": "Hun"}], [{"given-names": "t", "score": "0.1474"}], [{"score": "0.1812", "surname": "D"}], [{"score": "0.154", "surname": "R"}]]}, "ref_text_x": "Hun t e r D. R., 1964: The slums; challenge and response (NewYork/Toronto)."}
{"ref_seg_dic": {"title": [{"score": "0.106", "value": "The"}, {"score": "0.1468", "value": "significant"}, {"score": "0.1265", "value": "variables"}, {"score": "0.1045", "value": "determining"}, {"score": "0.1235", "value": "the"}, {"score": "0.1312", "value": "character"}, {"score": "0.1101", "value": "of"}, {"score": "0.1067", "value": "squatter"}, {"score": "0.0991", "value": "Settle­"}, {"score": "0.1031", "value": "ments"}], "author": [[{"score": "0.1463", "surname": "Le"}], [{"score": "0.1393", "surname": "e"}], [{"given-names": "A", "score": "0.224"}]], "volume": [{"score": "0.1687", "value": "12"}], "source": [{"score": "0.117", "value": "America"}, {"score": "0.1198", "value": "Latina"}], "year": [{"score": "0.1931", "value": "1969"}], "issue": [{"score": "0.1487", "value": "3"}], "page": [{"score": "0.3014", "value": "44"}, {"score": "0.3014", "value": "86"}]}, "ref_text_x": "Le e d s A., 1969: \"The significant variables determining the character of squatter Settle­ ments\", America Latina, 12, 3: 44-86."}
{"ref_seg_dic": {"title": [{"score": "0.1109", "value": "Zur,"}, {"score": "0.095", "value": "Münchner*"}, {"score": "0.1101", "value": "Konzeption"}, {"score": "0.1117", "value": "der"}, {"score": "0.1305", "value": "Sozialgeographie"}], "author": [[{"score": "0.1439", "surname": "Le"}], [{"given-names": "G", "score": "0.2073"}]], "volume": [{"score": "0.1724", "value": "61"}], "source": [{"score": "0.085", "value": "Geographische"}, {"score": "0.1221", "value": "Zeit"}, {"score": "0.1452", "value": "schrift"}], "year": [{"score": "0.2062", "value": "1973"}], "issue": [{"score": "0.1684", "value": "2"}], "page": [{"score": "0.3078", "value": "121"}, {"score": "0.3078", "value": "134"}]}, "ref_text_x": "Le n g G., 1973: \"Zur, Münchner* Konzeption der Sozialgeographie\", Geographische Zeit­ schrift, 61, 2: 121-134."}
{"ref_seg_dic": {"title": [{"score": "0.1444", "value": "The"}, {"score": "0.1781", "value": "children"}, {"score": "0.1163", "value": "of"}, {"score": "0.1138", "value": "Sänchez:"}, {"score": "0.1026", "value": "autobiography"}, {"score": "0.0978", "value": "of"}, {"score": "0.0946", "value": "a"}, {"score": "0.1192", "value": "Mexican"}, {"score": "0.1334", "value": "family"}], "year": [{"score": "0.1808", "value": "1961"}], "other": [{"score": "0.1473", "value": "New"}, {"score": "0.1386", "value": "York"}], "author": [[{"score": "0.1176", "surname": "Le"}], [{"score": "0.1262", "surname": "wis"}], [{"given-names": "O", "score": "0.2002"}]]}, "ref_text_x": "Le wis O., 1961: The children of Sänchez: autobiography of a Mexican family (New York)."}
{"ref_seg_dic": {"other": [{"score": "0.1605", "value": "Juan"}], "title": [{"score": "0.0835", "value": "La"}, {"score": "0.0873", "value": "vida."}, {"score": "0.0774", "value": "A"}, {"score": "0.1334", "value": "PuertoRican"}, {"score": "0.1804", "value": "family"}, {"score": "0.1143", "value": "in"}, {"score": "0.137", "value": "the"}, {"score": "0.1351", "value": "culture"}, {"score": "0.0931", "value": "of"}, {"score": "0.1007", "value": "poverty"}, {"score": "0.0716", "value": "(New"}, {"score": "0.0904", "value": "York/San"}]}, "ref_text_x": "La vida. A PuertoRican family in the culture of poverty (New York/San Juan)."}
{"ref_seg_dic": {"volume": [{"score": "0.1669", "value": "221"}], "source": [{"score": "0.1129", "value": "Scientific"}, {"score": "0.1143", "value": "American"}], "issue": [{"score": "0.131", "value": "4"}], "page": [{"score": "0.3039", "value": "114"}, {"score": "0.3039", "value": "124"}], "title": [{"score": "0.0922", "value": "The"}, {"score": "0.0944", "value": "possessions"}, {"score": "0.1469", "value": "of"}, {"score": "0.1436", "value": "the"}, {"score": "0.1345", "value": "poor"}]}, "ref_text_x": "The possessions of the poor\", Scientific American, 221, 4: 114-124."}
{"ref_seg_dic": {"volume": [{"score": "0.2168", "value": "4"}], "source": [{"score": "0.1768", "value": "Zeitschrift"}, {"score": "0.1641", "value": "für"}, {"score": "0.1971", "value": "Lateinamerika"}], "page": [{"score": "0.3239", "value": "33"}, {"score": "0.3239", "value": "55"}], "title": [{"score": "0.0813", "value": "Lic"}, {"score": "0.0819", "value": "ht"}, {"score": "0.1553", "value": "e"}, {"score": "0.147", "value": "n"}, {"score": "0.1568", "value": "be"}, {"score": "0.1359", "value": "r"}, {"score": "0.121", "value": "ge"}, {"score": "0.1229", "value": "r"}, {"score": "0.0875", "value": "E.,"}, {"score": "0.0554", "value": "1972:"}, {"score": "0.0892", "value": "Die"}, {"score": "0.1135", "value": "städtische"}, {"score": "0.1477", "value": "Explosion"}, {"score": "0.1116", "value": "in"}, {"score": "0.1216", "value": "Lateinamerika"}]}, "ref_text_x": "Lic ht e n be r ge r E., 1972: \"Die städtische Explosion in Lateinamerika\", Zeitschrift für Lateinamerika, 4: 33-55."}
{"ref_seg_dic": {"title": [{"score": "0.1144", "value": "Squatter"}, {"score": "0.1545", "value": "Settlements"}], "author": [[{"score": "0.1677", "surname": "W"}], [{"score": "0.1554", "surname": "P"}]], "volume": [{"score": "0.1721", "value": "217"}], "source": [{"score": "0.1377", "value": "Scientific"}, {"score": "0.1278", "value": "American"}], "year": [{"score": "0.2519", "value": "1967"}], "issue": [{"score": "0.137", "value": "4"}], "page": [{"score": "0.3051", "value": "21"}, {"score": "0.3051", "value": "29"}]}, "ref_text_x": "Ma n gin W. P., 1967: \"Squatter Settlements\", Scientific American, 217, 4: 21-29."}
{"ref_seg_dic": {"volume": [{"score": "0.1994", "value": "2"}], "source": [{"score": "0.1591", "value": "American"}, {"score": "0.2214", "value": "Research"}, {"score": "0.1983", "value": "Review"}], "page": [{"score": "0.3117", "value": "65"}, {"score": "0.3117", "value": "98"}], "title": [{"score": "0.123", "value": "American"}, {"score": "0.1426", "value": "squatter"}, {"score": "0.1121", "value": "Settlements:"}, {"score": "0.1144", "value": "a"}, {"score": "0.1703", "value": "problem"}, {"score": "0.1447", "value": "and"}, {"score": "0.1251", "value": "a"}, {"score": "0.1498", "value": "solution,"}, {"score": "0.0748", "value": "Latin"}]}, "ref_text_x": "a): \"Latin American squatter Settlements: a problem and a solution\", Latin American Research Review, 2: 65-98."}
{"ref_seg_dic": {"title": [{"score": "0.189", "value": "Das"}, {"score": "0.2091", "value": "Kapital"}], "author": [[{"score": "0.2087", "surname": "K"}]], "volume": [{"score": "0.2686", "value": "1"}], "source": [{"score": "0.103", "value": "Kritik"}, {"score": "0.1215", "value": "der"}, {"score": "0.1451", "value": "politischen"}, {"score": "0.157", "value": "Ökonomie"}], "other": [{"score": "0.1122", "value": "Frank"}, {"score": "0.1496", "value": "furt/M"}], "year": [{"score": "0.1714", "value": "1972"}, {"score": "0.3137", "value": "1872"}]}, "ref_text_x": "Ma r x K., 1972 (1872): Das Kapital. Kritik der politischen Ökonomie, Band 1 (Frank­ furt/M.)."}
{"ref_seg_dic": {"title": [{"score": "0.121", "value": "Unterentwicklung"}, {"score": "0.1104", "value": "als"}, {"score": "0.1591", "value": "Marginalität"}, {"score": "0.1107", "value": "in"}, {"score": "0.1425", "value": "Lateinamerika."}, {"score": "0.0613", "value": "Einführung"}, {"score": "0.0848", "value": "und"}, {"score": "0.0947", "value": "Bibliographie"}, {"score": "0.09", "value": "zueinem"}, {"score": "0.0832", "value": "lateinamerikanischen"}, {"score": "0.0873", "value": "Thema"}], "other": [{"score": "0.1078", "value": "Nic"}, {"score": "0.14", "value": "k"}, {"score": "0.1321", "value": "München"}], "year": [{"score": "0.1802", "value": "1973"}], "author": [[{"score": "0.1925", "surname": "H"}], [{"score": "0.1803", "surname": "J"}]]}, "ref_text_x": "Nic k e l H. J., 1973: Unterentwicklung als Marginalität in Lateinamerika. Einführung und Bibliographie zueinem lateinamerikanischen Thema (München)."}
{"ref_seg_dic": {"title": [{"score": "0.1368", "value": "Superpoblaciön"}, {"score": "0.1693", "value": "relativa,"}, {"score": "0.0993", "value": "ejercito"}, {"score": "0.0884", "value": "industrial"}, {"score": "0.0926", "value": "de"}, {"score": "0.0939", "value": "reserva"}, {"score": "0.0942", "value": "o"}, {"score": "0.1234", "value": "masa"}, {"score": "0.1227", "value": "marginal"}], "author": [[{"score": "0.1423", "surname": "Nun"}], [{"given-names": "J", "score": "0.2964"}]], "volume": [{"score": "0.2025", "value": "5"}], "source": [{"score": "0.1145", "value": "Revista"}, {"score": "0.1356", "value": "Latinoamericana"}, {"score": "0.1626", "value": "de"}, {"score": "0.1973", "value": "Sociologia"}], "year": [{"score": "0.2038", "value": "1969"}], "issue": [{"score": "0.1814", "value": "2"}], "page": [{"score": "0.3054", "value": "178"}, {"score": "0.3054", "value": "235"}]}, "ref_text_x": "Nun J., 1969: \"Superpoblaciön relativa, ejercito industrial de reserva o masa marginal\", Revista Latinoamericana de Sociologia, 5, 2: 178-235."}
{"ref_seg_dic": {"other": [{"score": "0.163", "value": "Lima"}], "title": [{"score": "0.077", "value": "Of"}, {"score": "0.1088", "value": "ic"}, {"score": "0.1565", "value": "in"}, {"score": "0.1464", "value": "a"}, {"score": "0.1691", "value": "Na"}, {"score": "0.1452", "value": "c"}, {"score": "0.1462", "value": "ion"}, {"score": "0.1537", "value": "a"}, {"score": "0.1518", "value": "l"}, {"score": "0.1669", "value": "d"}, {"score": "0.1691", "value": "e"}, {"score": "0.1508", "value": "Est"}, {"score": "0.1267", "value": "a"}, {"score": "0.1322", "value": "d"}, {"score": "0.1397", "value": "ist"}, {"score": "0.1192", "value": "ic"}, {"score": "0.1089", "value": "a"}, {"score": "0.1167", "value": "y"}, {"score": "0.1415", "value": "Ce"}, {"score": "0.1332", "value": "n"}, {"score": "0.0938", "value": "sos,"}, {"score": "0.0546", "value": "1972:"}, {"score": "0.0901", "value": "Los"}, {"score": "0.1035", "value": "pueblos"}, {"score": "0.093", "value": "jövenes"}, {"score": "0.085", "value": "en"}, {"score": "0.0861", "value": "elPeru"}]}, "ref_text_x": "Of ic in a Na c ion a l d e Est a d ist ic a y Ce n sos, 1972: Los pueblos jövenes en elPeru (Lima)."}
{"ref_seg_dic": {"publisher": [{"score": "0.1306", "value": "Politicalgeography"}, {"score": "0.1071", "value": "London"}], "year": [{"score": "0.2314", "value": "1972"}], "editor": [{"score": "0.1423", "value": "J"}, {"score": "0.1217", "value": "R"}, {"score": "0.107", "value": "V"}], "title": [{"score": "0.0806", "value": "Pr"}, {"score": "0.0928", "value": "e"}, {"score": "0.1509", "value": "sc"}, {"score": "0.1323", "value": "ot"}]}, "ref_text_x": "Pr e sc ot t J. R. V., 1972: Politicalgeography (London)."}
{"ref_seg_dic": {"title": [{"score": "0.0645", "value": "Einführungin"}, {"score": "0.0668", "value": "die"}, {"score": "0.1035", "value": "Politische"}, {"score": "0.1202", "value": "Geographie"}, {"score": "0.0638", "value": "(München"}]}, "ref_text_x": "Einführungin die Politische Geographie (München)."}
{"ref_seg_dic": {"title": [{"score": "0.1346", "value": "The"}, {"score": "0.1609", "value": "politics"}, {"score": "0.1099", "value": "of"}, {"score": "0.1152", "value": "the"}, {"score": "0.111", "value": "barriosof"}, {"score": "0.1292", "value": "Venezuela"}, {"score": "0.0791", "value": "(Berkeley/Los"}, {"score": "0.0685", "value": "Angeles"}], "year": [{"score": "0.1992", "value": "1969"}], "author": [[{"score": "0.2301", "surname": "T"}], [{"score": "0.1873", "surname": "F"}]]}, "ref_text_x": "Ra y T. F., 1969: The politics of the barriosof Venezuela (Berkeley/Los Angeles)."}
{"ref_seg_dic": {"title": [{"score": "0.1216", "value": "ha"}, {"score": "0.1203", "value": "f"}, {"score": "0.1285", "value": "f"}, {"score": "0.1686", "value": "e"}, {"score": "0.0938", "value": "r,"}, {"score": "0.0471", "value": "1974:"}, {"score": "0.0943", "value": "Zu"}, {"score": "0.1524", "value": "G."}, {"score": "0.0902", "value": "Lengs"}, {"score": "0.1099", "value": "Kritik"}, {"score": "0.097", "value": "der"}, {"score": "0.1316", "value": "»Münchener*"}, {"score": "0.1139", "value": "Konzeption"}, {"score": "0.0949", "value": "der"}, {"score": "0.1121", "value": "Sozialgeographie"}], "author": [[{"score": "0.1494", "surname": "Ruppe"}], [{"given-names": "F.", "score": "0.1871"}], [{"score": "0.1349", "surname": "Sc"}]], "volume": [{"score": "0.2125", "value": "62"}], "source": [{"score": "0.1338", "value": "Geographische"}, {"score": "0.1974", "value": "Zeitschrift"}], "editor": [{"score": "0.1662", "value": "K"}], "issue": [{"score": "0.1709", "value": "2"}], "page": [{"score": "0.3094", "value": "114"}, {"score": "0.3094", "value": "118"}]}, "ref_text_x": "Ruppe r t K. und F. Sc ha f f e r, 1974: \"Zu G. Leng\"s Kritik der »Münchener* Konzeption der Sozialgeographie\", Geographische Zeitschrift, 62, 2: 114-118."}
{"ref_seg_dic": {"source": [{"score": "0.1097", "value": "Wachstumsprobleme"}, {"score": "0.1216", "value": "Gestaltwandel"}, {"score": "0.1013", "value": "und"}, {"score": "0.086", "value": "Sozialgefüge"}], "other": [{"score": "0.1936", "value": "Heidelberg"}], "title": [{"score": "0.0793", "value": "He"}, {"score": "0.0798", "value": "r"}, {"score": "0.1562", "value": "be"}, {"score": "0.134", "value": "r"}, {"score": "0.1153", "value": "t"}, {"score": "0.1295", "value": "J."}, {"score": "0.0828", "value": "Nic"}, {"score": "0.1081", "value": "k"}, {"score": "0.1471", "value": "e"}, {"score": "0.1288", "value": "l"}, {"score": "0.1482", "value": "Sa"}, {"score": "0.1296", "value": "n"}, {"score": "0.1252", "value": "d"}, {"score": "0.1323", "value": "n"}, {"score": "0.1341", "value": "e"}, {"score": "0.1234", "value": "r"}, {"score": "0.0857", "value": "G.,"}, {"score": "0.0521", "value": "1969:"}, {"score": "0.105", "value": "Die"}, {"score": "0.1203", "value": "Hauptstädte"}, {"score": "0.1504", "value": "Zentralamerikas"}]}, "ref_text_x": "He r be r t J. Nic k e l Sa n d n e r G., 1969: Die Hauptstädte Zentralamerikas. Wachstumsprobleme, Gestaltwandel und Sozialgefüge (Heidelberg)."}
{"ref_seg_dic": {"title": [{"score": "0.1386", "value": "Strukturmerkmale"}, {"score": "0.1174", "value": "und"}, {"score": "0.1169", "value": "Leitlinien"}, {"score": "0.1153", "value": "der"}, {"score": "0.1248", "value": "sozialräumlichen"}, {"score": "0.1118", "value": "Desintegration"}, {"score": "0.1159", "value": "einer"}, {"score": "0.1136", "value": "lateinamerikanischen"}, {"score": "0.0974", "value": "Großstadt,"}, {"score": "0.0723", "value": "Die"}, {"score": "0.087", "value": "Erde"}, {"score": "0.0688", "value": "Die"}, {"score": "0.133", "value": "bevölkerungsgeographische"}, {"score": "0.1618", "value": "Problematik"}, {"score": "0.0796", "value": "in"}, {"score": "0.1031", "value": "G."}, {"score": "0.0757", "value": "Sa"}, {"score": "0.1007", "value": "n"}, {"score": "0.1142", "value": "d"}, {"score": "0.1248", "value": "n"}, {"score": "0.1356", "value": "e"}, {"score": "0.1138", "value": "r"}, {"score": "0.1188", "value": "und"}, {"score": "0.1049", "value": "H.-A"}], "volume": [{"score": "0.1842", "value": "101"}], "source": [{"score": "0.1053", "value": "St"}, {"score": "0.1219", "value": "e"}, {"score": "0.1408", "value": "ge"}, {"score": "0.1287", "value": "r"}, {"score": "0.1021", "value": "eds"}, {"score": "0.1325", "value": "Lateinamerika"}, {"score": "0.0935", "value": "Frankfurt/M"}], "editor": [{"score": "0.143", "value": "Panama"}], "year": [{"score": "0.1713", "value": "1973"}], "issue": [{"score": "0.172", "value": "4"}, {"score": "0.1151", "value": "265-283"}], "page": [{"score": "0.3255", "value": "45"}, {"score": "0.3255", "value": "61"}]}, "ref_text_x": "Panama - Strukturmerkmale und Leitlinien der sozialräumlichen Desintegration einer lateinamerikanischen Großstadt\", Die Erde, 101, 4: 265-283 1973: \"Die bevölkerungsgeographische Problematik\" in G. Sa n d n e r und H.-A. St e ge r eds.: Lateinamerika (Frankfurt/M.), S. 45-61."}
{"ref_seg_dic": {"publisher": [{"score": "0.1413", "value": "Lateinamerika"}, {"score": "0.0883", "value": "Frankfurt/M"}], "other": [{"score": "0.1666", "value": "undH.-A"}, {"score": "0.1263", "value": "St"}, {"score": "0.1379", "value": "e"}, {"score": "0.1317", "value": "ge"}], "year": [{"score": "0.1542", "value": "1973"}], "page": [{"score": "0.3062", "value": "62"}, {"score": "0.3062", "value": "80"}], "author": [[{"score": "0.1418", "surname": "Der"}], [{"score": "0.2048", "surname": "Verstädterungsprozeß"}], [{"given-names": "a.a.O", "score": "0.126"}]]}, "ref_text_x": "Der Verstädterungsprozeß\", a.a.O., S. 62-80. - undH.-A St e ge r eds., 1973: Lateinamerika (Frankfurt/M.)."}
{"ref_seg_dic": {"author": [[{"score": "0.2167", "surname": "E"}], [{"score": "0.1719", "surname": "K"}]], "title": [{"score": "0.0794", "value": "Sc"}, {"score": "0.0831", "value": "he"}, {"score": "0.1312", "value": "uc"}, {"score": "0.1231", "value": "ökologischer"}, {"score": "0.1816", "value": "Fehlschluß,"}, {"score": "0.0727", "value": "in"}, {"score": "0.0958", "value": "W."}, {"score": "0.0748", "value": "Be"}, {"score": "0.0906", "value": "r"}, {"score": "0.1168", "value": "n"}, {"score": "0.1346", "value": "sd"}, {"score": "0.1104", "value": "or"}], "source": [{"score": "0.1916", "value": "Wörterbuch"}, {"score": "0.2006", "value": "der"}, {"score": "0.1971", "value": "Soziologie"}], "other": [{"score": "0.1748", "value": "Stuttgart"}], "year": [{"score": "0.2576", "value": "1969"}], "page": [{"score": "0.2789", "value": "757"}, {"score": "0.2789", "value": "758"}]}, "ref_text_x": "Sc he uc h E. K., 1969: \"ökologischer Fehlschluß\", in W. Be r n sd or f ed.: Wörterbuch der Soziologie (Stuttgart), S. 757-758."}
{"ref_seg_dic": {"title": [{"score": "0.1128", "value": "Wege"}, {"score": "0.1497", "value": "und"}, {"score": "0.1204", "value": "Irrwege"}, {"score": "0.1027", "value": "der"}, {"score": "0.1072", "value": "politischen"}, {"score": "0.0996", "value": "Geographie"}, {"score": "0.0993", "value": "und"}, {"score": "0.098", "value": "Geopolitik"}], "author": [[{"score": "0.2183", "surname": "P"}]], "volume": [{"score": "0.165", "value": "11"}], "source": [{"score": "0.09", "value": "Sc"}, {"score": "0.1158", "value": "hölle"}, {"score": "0.0955", "value": "Erd"}, {"score": "0.1336", "value": "kunde"}], "year": [{"score": "0.1904", "value": "1957"}], "issue": [{"score": "0.1495", "value": "1"}], "page": [{"score": "0.3008", "value": "1"}, {"score": "0.3008", "value": "20"}]}, "ref_text_x": "Sc hölle r P., 1957: \"Wege und Irrwege der politischen Geographie und Geopolitik\", Erd­ kunde, 11, 1: 1-20."}
{"ref_seg_dic": {"title": [{"score": "0.083", "value": "St"}, {"score": "0.0924", "value": "e"}, {"score": "0.126", "value": "r"}, {"score": "0.1472", "value": "n"}, {"score": "0.1111", "value": "C.,"}, {"score": "0.0702", "value": "1973:"}, {"score": "0.0996", "value": "Las"}, {"score": "0.1231", "value": "regiones"}, {"score": "0.101", "value": "de"}, {"score": "0.109", "value": "Mexico"}, {"score": "0.0873", "value": "y"}, {"score": "0.0993", "value": "sus"}, {"score": "0.1128", "value": "niveles"}, {"score": "0.077", "value": "de"}, {"score": "0.0792", "value": "desarrollo"}, {"score": "0.0845", "value": "socioeconömico"}]}, "ref_text_x": "St e r n C., 1973: Las regiones de Mexico y sus niveles de desarrollo socioeconömico (MexicoDF)."}
{"ref_seg_dic": {"other": [{"score": "0.1571", "value": "NewYork"}], "title": [{"score": "0.0837", "value": "Un"}, {"score": "0.0909", "value": "it"}, {"score": "0.1699", "value": "e"}, {"score": "0.1401", "value": "d"}, {"score": "0.1534", "value": "Na"}, {"score": "0.1288", "value": "t"}, {"score": "0.1427", "value": "ion"}, {"score": "0.0966", "value": "s,"}, {"score": "0.0516", "value": "1971:"}, {"score": "0.1234", "value": "Report"}, {"score": "0.1326", "value": "onthe"}, {"score": "0.1294", "value": "world"}, {"score": "0.1311", "value": "socialSituation."}, {"score": "0.0589", "value": "1970"}, {"score": "0.0946", "value": "(NewYork)."}, {"score": "0.0665", "value": "-,"}, {"score": "0.0422", "value": "1971:"}, {"score": "0.0812", "value": "Improvement"}, {"score": "0.097", "value": "of"}, {"score": "0.1022", "value": "slums"}, {"score": "0.1031", "value": "and"}, {"score": "0.0949", "value": "uncontrolled"}, {"score": "0.0923", "value": "settlements"}]}, "ref_text_x": "Un it e d Na t ion s, 1971: Report onthe world socialSituation. 1970 (NewYork). -, 1971: Improvement of slums and uncontrolled settlements (NewYork)."}
{"ref_seg_dic": {"title": [{"score": "0.1272", "value": "Perfilgeneral;"}, {"score": "0.0921", "value": "economia"}, {"score": "0.1297", "value": "ypoblaciön,"}, {"score": "0.0604", "value": "in"}, {"score": "0.0874", "value": "D."}, {"score": "0.0615", "value": "Iba"}, {"score": "0.0798", "value": "r"}, {"score": "0.1196", "value": "r"}, {"score": "0.1432", "value": "a"}, {"score": "0.1763", "value": "etal.:"}, {"score": "0.0747", "value": "ElPerfil"}, {"score": "0.0812", "value": "de"}, {"score": "0.0791", "value": "Mexicoen"}, {"score": "0.0883", "value": "1980"}, {"score": "0.0804", "value": "(MexicoDF"}], "author": [[{"score": "0.2098", "surname": "V"}], [{"score": "0.1793", "surname": "L"}]], "source": [{"score": "0.0951", "value": "Ur"}, {"score": "0.1128", "value": "quid"}], "year": [{"score": "0.2487", "value": "1972"}], "issue": [{"score": "0.1884", "value": "1"}], "page": [{"score": "0.2533", "value": "3"}, {"score": "0.2533", "value": "13"}]}, "ref_text_x": "Ur quid i V. L., 1972: \"Perfilgeneral; economia ypoblaciön\", in D. Iba r r a etal.: ElPerfil de Mexicoen 1980 (MexicoDF), S. 3-13, Band 1."}
{"ref_seg_dic": {"title": [{"score": "0.1197", "value": "r"}, {"score": "0.1366", "value": "c"}, {"score": "0.1544", "value": "ia"}, {"score": "0.1588", "value": "Roc"}, {"score": "0.0908", "value": "ha"}, {"score": "0.1001", "value": "La"}, {"score": "0.1398", "value": "construccion"}, {"score": "0.1042", "value": "de"}, {"score": "0.0945", "value": "vivienda"}, {"score": "0.0883", "value": "y"}, {"score": "0.1018", "value": "el"}, {"score": "0.1178", "value": "empleo"}, {"score": "0.1156", "value": "en"}, {"score": "0.1252", "value": "Mexico"}], "author": [[{"score": "0.2686", "surname": "Ä"}], [{"given-names": "Ga", "score": "0.164"}]], "volume": [{"score": "0.1753", "value": "7"}], "source": [{"score": "0.1623", "value": "Demografia"}, {"score": "0.1471", "value": "yEconomia"}], "year": [{"score": "0.1785", "value": "1973"}], "issue": [{"score": "0.1572", "value": "1"}], "page": [{"score": "0.2984", "value": "1"}, {"score": "0.2984", "value": "23"}]}, "ref_text_x": "und Ä. Ga r c ia Roc ha, 1973: \"La construccion de vivienda y el empleo en Mexico\", Demografia yEconomia, 7, 1: 1-23."}
{"ref_seg_dic": {"source": [{"score": "0.1007", "value": "Kr"}, {"score": "0.1058", "value": "e"}, {"score": "0.1446", "value": "ye"}, {"score": "0.0944", "value": "eds"}, {"score": "0.09", "value": "1974"}, {"score": "0.1458", "value": "Die"}, {"score": "0.1642", "value": "Armut"}, {"score": "0.1622", "value": "des"}, {"score": "0.1204", "value": "Volkes"}], "other": [{"score": "0.1626", "value": "Reinbek"}, {"score": "0.1591", "value": "bei"}, {"score": "0.2163", "value": "Hamburg"}], "title": [{"score": "0.0815", "value": "Ve"}, {"score": "0.0808", "value": "r"}, {"score": "0.2196", "value": "e"}, {"score": "0.1827", "value": "in"}, {"score": "0.1491", "value": "t"}, {"score": "0.1616", "value": "e"}, {"score": "0.1508", "value": "Na"}, {"score": "0.1264", "value": "t"}, {"score": "0.1375", "value": "ion"}, {"score": "0.13", "value": "e"}, {"score": "0.103", "value": "n"}, {"score": "0.1089", "value": "(Fr"}, {"score": "0.1103", "value": "öbe"}, {"score": "0.0735", "value": "l,"}, {"score": "0.0528", "value": "F.,"}, {"score": "0.0639", "value": "J."}, {"score": "0.0766", "value": "He"}, {"score": "0.1039", "value": "in"}, {"score": "0.105", "value": "r"}, {"score": "0.1163", "value": "ic"}, {"score": "0.115", "value": "hs"}, {"score": "0.1069", "value": "und"}, {"score": "0.0949", "value": "O"}]}, "ref_text_x": "Ve r e in t e Na t ion e n (Fr öbe l, F., J. He in r ic hs und O. Kr e ye eds.), 1974: Die Armut des Volkes (Reinbek bei Hamburg)."}
{"ref_seg_dic": {"other": [{"score": "0.1238", "value": "Frank"}, {"score": "0.1405", "value": "furt/M"}], "title": [{"score": "0.0839", "value": "Vor"}, {"score": "0.0865", "value": "la"}, {"score": "0.1508", "value": "uf"}, {"score": "0.1411", "value": "e"}, {"score": "0.1321", "value": "r"}, {"score": "0.0984", "value": "K.,"}, {"score": "0.0664", "value": "1970:"}, {"score": "0.1066", "value": "Koloniale"}, {"score": "0.1351", "value": "und"}, {"score": "0.1002", "value": "nachkoloniale"}, {"score": "0.1143", "value": "Stadtplanung"}, {"score": "0.0791", "value": "in"}, {"score": "0.0852", "value": "Dar"}, {"score": "0.0823", "value": "Es"}, {"score": "0.0836", "value": "Salaam"}]}, "ref_text_x": "Vor la uf e r K., 1970: Koloniale und nachkoloniale Stadtplanung in Dar Es Salaam (Frank­ furt/M.)"}
{"ref_seg_dic": {"title": [{"score": "0.14", "value": "Salaam."}, {"score": "0.0775", "value": "Bevölkerung"}, {"score": "0.1101", "value": "und"}, {"score": "0.0986", "value": "Raum"}, {"score": "0.1019", "value": "einer"}, {"score": "0.1091", "value": "afrikanischen"}, {"score": "0.092", "value": "Großstadt"}, {"score": "0.0938", "value": "unter"}, {"score": "0.0859", "value": "dem"}, {"score": "0.0946", "value": "Einfluß"}, {"score": "0.0955", "value": "vonUrbanisierungs-"}, {"score": "0.0949", "value": "undMobilitätsprozessen"}], "other": [{"score": "0.1938", "value": "Hamburg"}], "author": [[{"score": "0.1493", "surname": "Dar"}], [{"given-names": "Es", "score": "0.1472"}]]}, "ref_text_x": "Dar Es Salaam. Bevölkerung und Raum einer afrikanischen Großstadt unter dem Einfluß vonUrbanisierungs- undMobilitätsprozessen (Hamburg)."}
{"ref_seg_dic": {"other": [{"score": "0.2082", "value": "Heidelberg"}]}, "ref_text_x": "Heidelberg)"}
{"ref_seg_dic": {"source": [{"score": "0.1444", "value": "mit"}, {"score": "0.1329", "value": "Zuckerrohr"}, {"score": "0.1058", "value": "bestanden"}, {"score": "0.0676", "value": "94"}, {"score": "0.0917", "value": "der"}, {"score": "0.1459", "value": "Anbaufläche"}, {"score": "0.1107", "value": "werden"}, {"score": "0.1017", "value": "von"}], "title": [{"score": "0.087", "value": "Mit"}, {"score": "0.0614", "value": "2"}, {"score": "0.0849", "value": "Karten"}, {"score": "0.0697", "value": "und4"}, {"score": "0.0944", "value": "Abbildungen"}, {"score": "0.1017", "value": "Erwin"}, {"score": "0.1102", "value": "Gentz"}, {"score": "0.1292", "value": "mit"}, {"score": "0.1383", "value": "den"}, {"score": "0.1227", "value": "besten"}, {"score": "0.1203", "value": "Wünschen"}, {"score": "0.0929", "value": "zum"}, {"score": "0.1201", "value": "25."}, {"score": "0.0632", "value": "September"}, {"score": "0.0905", "value": "1975"}, {"score": "0.1262", "value": "gewidmet."}, {"score": "0.0756", "value": "Mauritiusgilt"}, {"score": "0.1015", "value": "mit"}, {"score": "0.1058", "value": "vollem"}, {"score": "0.1204", "value": "Recht"}, {"score": "0.081", "value": "als"}, {"score": "0.0719", "value": "Zuckerinsel:"}, {"score": "0.0603", "value": "54%"}, {"score": "0.0924", "value": "der"}, {"score": "0.0909", "value": "Gesamtfläche"}, {"score": "0.0892", "value": "der"}, {"score": "0.1028", "value": "Insel"}, {"score": "0.0873", "value": "sind"}]}, "ref_text_x": "Mit 2 Karten und4 Abbildungen Erwin Gentz mit den besten Wünschen zum 25. September 1975 gewidmet. Mauritiusgilt mit vollem Recht als Zuckerinsel: 54% der Gesamtfläche der Insel sind mit Zuckerrohr bestanden; 94% der Anbaufläche werden von"}
