{"ref_seg_dic": {"other": [{"score": "0.1318", "value": "o"}, {"score": "0.1453", "value": "steigern"}], "title": [{"score": "0.0797", "value": "Erde"}, {"score": "0.0748", "value": "ihren"}, {"score": "0.1151", "value": "Anteil"}, {"score": "0.1261", "value": "an"}, {"score": "0.1592", "value": "der"}, {"score": "0.1776", "value": "Weltausfuhr"}, {"score": "0.1004", "value": "bis"}, {"score": "0.1346", "value": "1971"}, {"score": "0.085", "value": "auf"}, {"score": "0.0749", "value": "81"}]}, "ref_text_x": "Erde ihren Anteil an der Weltausfuhr bis 1971 auf 81 °/o steigern."}
{"ref_seg_dic": {"source": [{"score": "0.1375", "value": "Zeitung"}, {"score": "0.1629", "value": "vom"}, {"score": "0.1039", "value": "24"}], "title": [{"score": "0.1199", "value": "Der"}, {"score": "0.1677", "value": "Welthandel"}, {"score": "0.1205", "value": "ändert"}, {"score": "0.1254", "value": "seine"}, {"score": "0.105", "value": "Struktur,"}, {"score": "0.0552", "value": "Frank­"}, {"score": "0.087", "value": "furterAllgemeine"}], "other": [{"score": "0.1003", "value": "4"}, {"score": "0.1266", "value": "1972"}], "author": [[{"score": "0.1359", "surname": "Lothar"}], [{"given-names": "Julitz", "score": "0.128"}]]}, "ref_text_x": "Vgl. Lothar Julitz: Der Welthandel ändert seine Struktur, Frank­ furterAllgemeine Zeitung vom 24. 4. 1972."}
{"ref_seg_dic": {"title": [{"score": "0.0857", "value": "Perspektiven"}, {"score": "0.109", "value": "des"}, {"score": "0.1416", "value": "Welthandels"}, {"score": "0.1255", "value": "mit"}, {"score": "0.1482", "value": "Agrarprodukten."}, {"score": "0.0624", "value": "Handelspolitische"}, {"score": "0.1069", "value": "Empfehlungen"}, {"score": "0.1063", "value": "im"}, {"score": "0.1615", "value": "Weltleitplan"}, {"score": "0.1507", "value": "derFAO"}], "author": [[{"score": "0.2183", "surname": "Buchholz"}], [{"given-names": "H.", "score": "0.3086"}], [{"given-names": "E", "score": "0.1792"}]], "volume": [{"score": "0.3069", "value": "19"}], "source": [{"score": "0.2658", "value": "Agrarwirtschaft"}], "other": [{"score": "0.181", "value": "Jg"}], "year": [{"score": "0.2023", "value": "1970"}], "issue": [{"score": "0.1527", "value": "7"}]}, "ref_text_x": "Buchholz, H. E.: Perspektiven des Welthandels mit Agrarprodukten. Handelspolitische Empfehlungen im Weltleitplan derFAO, in: Agrarwirtschaft, Jg. 19, 1970, Heft 7."}
{"ref_seg_dic": {"title": [{"score": "0.0782", "value": "Fa"}, {"score": "0.0837", "value": "hrns"}, {"score": "0.1365", "value": "chon,"}, {"score": "0.0788", "value": "He"}, {"score": "0.082", "value": "lmut:"}, {"score": "0.0996", "value": "Zur"}, {"score": "0.1387", "value": "Förderung"}, {"score": "0.1442", "value": "des"}, {"score": "0.1133", "value": "deutschen"}, {"score": "0.1313", "value": "Agrarexports"}], "volume": [{"score": "0.1733", "value": "58"}], "source": [{"score": "0.1438", "value": "Mitteilungen"}, {"score": "0.1545", "value": "der"}, {"score": "0.1498", "value": "DLG"}], "other": [{"score": "0.1704", "value": "Jg"}], "year": [{"score": "0.1712", "value": "1970"}], "issue": [{"score": "0.1431", "value": "51"}], "page": [{"score": "0.1783", "value": "1568"}]}, "ref_text_x": "Fa hrns chon, He lmut: Zur Förderung des deutschen Agrarexports; in Mitteilungen der DLG, 58. Jg., 1970, Heft 51, S. 1568."}
{"ref_seg_dic": {"source": [{"score": "0.1858", "value": "FrankfurterAllgemeine"}, {"score": "0.1838", "value": "Zeitungvom"}, {"score": "0.0973", "value": "1"}, {"score": "0.0665", "value": "3"}], "year": [{"score": "0.1984", "value": "1972"}, {"score": "0.1452", "value": "1971"}], "issue": [{"score": "0.167", "value": "6"}], "editor": [{"score": "0.0995", "value": "Marktwirtschaft"}], "title": [{"score": "0.0783", "value": "Fa"}, {"score": "0.0838", "value": "hrns"}, {"score": "0.1377", "value": "chon,"}, {"score": "0.0894", "value": "He"}, {"score": "0.0978", "value": "lmut:"}, {"score": "0.1295", "value": "Wettbewerb"}, {"score": "0.1206", "value": "um"}, {"score": "0.1457", "value": "Auslands­"}, {"score": "0.1462", "value": "märkte"}, {"score": "0.0616", "value": "Fehlerbei"}, {"score": "0.1261", "value": "derGetreidehilfe"}]}, "ref_text_x": "Fa hrns chon, He lmut: Wettbewerb um Auslands­ märkte; in: Marktwirtschaft, Heft 6, 1972. Fehlerbei derGetreidehilfe; in: FrankfurterAllgemeine Zeitungvom 1. 3. 1971."}
{"ref_seg_dic": {"volume": [{"score": "0.1947", "value": "1"}], "other": [{"score": "0.1474", "value": "Rome"}], "year": [{"score": "0.2509", "value": "1964"}], "page": [{"score": "0.1334", "value": "I"}, {"score": "0.1334", "value": "30"}], "title": [{"score": "0.0868", "value": "Food"}, {"score": "0.1095", "value": "and"}, {"score": "0.1624", "value": "Agriculture"}, {"score": "0.1141", "value": "Organization:"}, {"score": "0.1418", "value": "Trade"}, {"score": "0.1116", "value": "in"}, {"score": "0.1055", "value": "Agri­"}, {"score": "0.12", "value": "cultural"}, {"score": "0.1536", "value": "Commodities"}, {"score": "0.1045", "value": "in"}, {"score": "0.1182", "value": "the"}, {"score": "0.107", "value": "United"}, {"score": "0.1022", "value": "Nations"}, {"score": "0.0986", "value": "Develop­"}, {"score": "0.0826", "value": "ment"}, {"score": "0.0809", "value": "Decade"}]}, "ref_text_x": "Food and Agriculture Organization: Trade in Agri­ cultural Commodities in the United Nations Develop­ ment Decade; Volume 1, Rome 1964, S. I—30."}
{"ref_seg_dic": {"other": [{"score": "0.1491", "value": "Tübingen"}, {"score": "0.1523", "value": "f"}], "year": [{"score": "0.2509", "value": "1963"}], "page": [{"score": "0.1637", "value": "132"}], "title": [{"score": "0.0795", "value": "Ha"}, {"score": "0.0844", "value": "ns"}, {"score": "0.1459", "value": "me"}, {"score": "0.1348", "value": "y"}, {"score": "0.1528", "value": "e"}, {"score": "0.1183", "value": "r,"}, {"score": "0.0966", "value": "Ka"}, {"score": "0.1009", "value": "rl-He"}, {"score": "0.0908", "value": "inrich:"}, {"score": "0.0866", "value": "Finanzielle"}, {"score": "0.1028", "value": "Staatshilfen"}, {"score": "0.0935", "value": "fürdie"}, {"score": "0.1094", "value": "Landwirtschaft"}]}, "ref_text_x": "Ha ns me y e r, Ka rl-He inrich: Finanzielle Staatshilfen fürdie Landwirtschaft; Tübingen 1963, S. 132 f."}
{"ref_seg_dic": {"title": [{"score": "0.1637", "value": "-Rode"}, {"score": "0.1659", "value": "na"}, {"score": "0.1152", "value": "cke"}, {"score": "0.0872", "value": "r,"}, {"score": "0.0652", "value": "A.:"}, {"score": "0.0653", "value": "Die"}, {"score": "0.1201", "value": "Organisation"}, {"score": "0.1326", "value": "der"}, {"score": "0.0948", "value": "Welt­"}, {"score": "0.088", "value": "agrarmärkte;"}, {"score": "0.0557", "value": "Veröffentlichung"}, {"score": "0.0811", "value": "der"}, {"score": "0.1021", "value": "Europäischen"}, {"score": "0.0754", "value": "Wirt­"}, {"score": "0.105", "value": "schaftsgemeinschaft"}], "author": [[{"score": "0.1311", "surname": "Krus"}], [{"given-names": "e", "score": "0.1253"}]], "volume": [{"score": "0.2629", "value": "15"}], "source": [{"score": "0.1301", "value": "Reihe"}, {"score": "0.1948", "value": "Landwirtschaft"}], "other": [{"score": "0.1039", "value": "Brüs"}, {"score": "0.1551", "value": "sel"}], "year": [{"score": "0.2376", "value": "1964"}], "page": [{"score": "0.1969", "value": "25"}]}, "ref_text_x": "Krus e -Rode na cke r, A.: Die Organisation der Welt­ agrarmärkte; Veröffentlichung der Europäischen Wirt­ schaftsgemeinschaft, Reihe Landwirtschaft, Bd. 15; Brüs­ sel 1964, S. 25."}
{"ref_seg_dic": {"source": [{"score": "0.1918", "value": "Bauernblatt/Landpost"}, {"score": "0.1491", "value": "vom"}, {"score": "0.0874", "value": "4.3"}], "year": [{"score": "0.1606", "value": "1972"}], "title": [{"score": "0.0781", "value": "Ot"}, {"score": "0.0711", "value": "z"}, {"score": "0.1614", "value": "e"}, {"score": "0.144", "value": "n,"}, {"score": "0.0941", "value": "Ha"}, {"score": "0.0824", "value": "ns:"}, {"score": "0.1266", "value": "Dänen"}, {"score": "0.1299", "value": "importieren"}, {"score": "0.129", "value": "auch."}, {"score": "0.0569", "value": "Verschiebun­"}, {"score": "0.0946", "value": "gen"}, {"score": "0.1", "value": "des"}, {"score": "0.1024", "value": "Agraraußenhandels"}, {"score": "0.0962", "value": "durch"}, {"score": "0.0994", "value": "den"}, {"score": "0.103", "value": "Beitritt"}, {"score": "0.0877", "value": "Däne­"}, {"score": "0.0869", "value": "marks"}, {"score": "0.1069", "value": "zur"}, {"score": "0.1024", "value": "EWG"}]}, "ref_text_x": "Ot z e n, Ha ns: Dänen importieren auch. Verschiebun­ gen des Agraraußenhandels durch den Beitritt Däne­ marks zur EWG; in: Bauernblatt/Landpost vom 4.3. 1972."}
{"ref_seg_dic": {"title": [{"score": "0.1126", "value": "Die"}, {"score": "0.119", "value": "Wirtschafts-"}, {"score": "0.1073", "value": "undagrarpolitische"}], "other": [{"score": "0.1477", "value": "Be"}], "author": [[{"score": "0.0912", "surname": "Zure"}], [{"given-names": "k,", "score": "0.1475"}]]}, "ref_text_x": "Zure k, Erns t: Die Wirtschafts- undagrarpolitische Be­"}
{"ref_seg_dic": {"other": [{"score": "0.1672", "value": "Bonn"}, {"score": "0.1543", "value": "Summaries"}], "year": [{"score": "0.2387", "value": "1971"}], "title": [{"score": "0.0754", "value": "Forschungsgesellschaft"}, {"score": "0.0596", "value": "für"}, {"score": "0.1167", "value": "Agrarpolitik"}, {"score": "0.1092", "value": "und"}, {"score": "0.1167", "value": "Agrar­"}, {"score": "0.1074", "value": "soziologie"}, {"score": "0.1031", "value": "e."}, {"score": "0.0694", "value": "V"}]}, "ref_text_x": "Forschungsgesellschaft für Agrarpolitik und Agrar­ soziologie e. V.; Bonn 1971. Summaries"}
{"ref_seg_dic": {"source": [{"score": "0.1027", "value": "and"}, {"score": "0.0985", "value": "Brecon"}, {"score": "0.0833", "value": "—"}, {"score": "0.11", "value": "reveals"}, {"score": "0.1274", "value": "the"}, {"score": "0.1303", "value": "predominance"}, {"score": "0.108", "value": "of"}], "title": [{"score": "0.075", "value": "Structure"}, {"score": "0.1362", "value": "and"}, {"score": "0.1583", "value": "Renewal"}, {"score": "0.1191", "value": "of"}, {"score": "0.136", "value": "a"}, {"score": "0.1705", "value": "Rural"}, {"score": "0.1649", "value": "Development"}, {"score": "0.1215", "value": "Area"}, {"score": "0.1052", "value": "inthe"}, {"score": "0.0845", "value": "West"}, {"score": "0.0915", "value": "of"}, {"score": "0.1183", "value": "Great"}, {"score": "0.1226", "value": "Britain"}, {"score": "0.1096", "value": "By"}, {"score": "0.1184", "value": "Jürge"}, {"score": "0.0959", "value": "n"}, {"score": "0.1194", "value": "Da"}, {"score": "0.1089", "value": "hlke"}, {"score": "0.1192", "value": "The"}, {"score": "0.1336", "value": "employment"}, {"score": "0.1216", "value": "structure"}, {"score": "0.0941", "value": "of"}, {"score": "0.1127", "value": "the"}, {"score": "0.128", "value": "six"}, {"score": "0.1113", "value": "counties"}, {"score": "0.0878", "value": "of"}, {"score": "0.0841", "value": "Central"}, {"score": "0.0624", "value": "Wales"}, {"score": "0.0695", "value": "—"}, {"score": "0.1264", "value": "Merioneth"}], "other": [{"score": "0.1189", "value": "Montgomery"}, {"score": "0.1445", "value": "Cardigan"}, {"score": "0.1344", "value": "Radnor"}, {"score": "0.1442", "value": "Carmarthen"}], "author": [[{"score": "0.1081", "surname": "Central"}], [{"given-names": "Wales", "score": "0.1529"}]]}, "ref_text_x": "Central Wales. Structure and Renewal of a Rural Development Area inthe West of Great Britain By Jürge n Da hlke The employment structure of the six counties of Central Wales — Merioneth, Montgomery, Cardigan, Radnor, Carmarthen and Brecon — reveals the predominance of"}
