{"ref_seg_dic": {"title": [{"score": "0.0819", "value": "ihre"}, {"score": "0.0813", "value": "jetzige"}, {"score": "0.1384", "value": "und"}, {"score": "0.1202", "value": "künftige"}, {"score": "0.1142", "value": "persönliche"}, {"score": "0.1199", "value": "Einstellung"}, {"score": "0.1069", "value": "zum"}, {"score": "0.1035", "value": "Thema"}, {"score": "0.0808", "value": "Rei­"}, {"score": "0.0893", "value": "sen"}, {"score": "0.0727", "value": "hinterfragen"}]}, "ref_text_x": "ihre jetzige und künftige persönliche Einstellung zum Thema Rei­ sen hinterfragen."}
{"ref_seg_dic": {"title": [{"score": "0.0873", "value": "also"}, {"score": "0.0818", "value": "vielmehr"}, {"score": "0.1037", "value": "als"}, {"score": "0.1255", "value": "Reisetypen"}, {"score": "0.0643", "value": "aufzufassen"}]}, "ref_text_x": "also vielmehr als Reisetypen aufzufassen,"}
{"ref_seg_dic": {"title": [{"score": "0.1076", "value": "Fischer"}, {"score": "0.0951", "value": "Weltalamanach"}, {"score": "0.1071", "value": "2005"}], "year": [{"score": "0.1729", "value": "2004"}], "other": [{"score": "0.1733", "value": "Frankfurt/Main"}], "author": [[{"score": "0.2047", "surname": "Baratta"}], [{"given-names": "M.", "score": "0.2464"}]]}, "ref_text_x": "Baratta, M. u. a.: Der Fischer Weltalamanach 2005. Frankfurt/Main 2004."}
{"ref_seg_dic": {"title": [{"score": "0.1151", "value": "Touristen"}, {"score": "0.1011", "value": "pro"}, {"score": "0.1344", "value": "Hektar"}, {"score": "0.1532", "value": "und"}, {"score": "0.1499", "value": "Strand"}], "author": [[{"score": "0.1641", "surname": "Junck"}], [{"given-names": "R", "score": "0.287"}], [{"score": "0.0801", "surname": "Wieviel"}]], "source": [{"score": "0.191", "value": "GEO"}], "year": [{"score": "0.2425", "value": "1980"}], "issue": [{"score": "0.1546", "value": "10"}], "page": [{"score": "0.3219", "value": "154"}, {"score": "0.3219", "value": "156"}]}, "ref_text_x": "Junck, R.: Wieviel Touristen pro Hektar und Strand? In: GEO, H. 10, 1980, S. 154-156."}
{"ref_seg_dic": {"title": [{"score": "0.0735", "value": "Raumbezogene"}, {"score": "0.1208", "value": "Schlüsselqualifika­"}, {"score": "0.1125", "value": "tionen"}, {"score": "0.103", "value": "-"}, {"score": "0.1278", "value": "der"}, {"score": "0.1077", "value": "fachimmanente"}, {"score": "0.1203", "value": "Beitrag"}, {"score": "0.0982", "value": "des"}, {"score": "0.1182", "value": "Geo­"}, {"score": "0.0936", "value": "graphieunterrichts"}, {"score": "0.0988", "value": "zum"}, {"score": "0.1096", "value": "Lebensalltag"}, {"score": "0.0862", "value": "des"}, {"score": "0.0904", "value": "Ein­"}, {"score": "0.0953", "value": "zelnen"}, {"score": "0.0975", "value": "und"}, {"score": "0.1144", "value": "Funktionieren"}, {"score": "0.1282", "value": "der"}, {"score": "0.1932", "value": "Gesellschaft"}], "author": [[{"score": "0.1638", "surname": "Köck"}], [{"given-names": "H", "score": "0.2913"}]]}, "ref_text_x": "Köck, H.: Raumbezogene Schlüsselqualifika­ tionen - der fachimmanente Beitrag des Geo­ graphieunterrichts zum Lebensalltag des Ein­ zelnen und Funktionieren der Gesellschaft. In:"}
{"ref_seg_dic": {"volume": [{"score": "0.1418", "value": "84"}], "source": [{"score": "0.1162", "value": "Geographie"}, {"score": "0.1238", "value": "und"}, {"score": "0.1184", "value": "Schule"}], "page": [{"score": "0.3197", "value": "14"}, {"score": "0.3197", "value": "22"}], "year": [{"score": "0.2541", "value": "1993"}]}, "ref_text_x": "Geographie und Schule H. 84, 1993, S. 14-22."}
{"ref_seg_dic": {"title": [{"score": "0.1218", "value": "Alibi"}, {"score": "0.1034", "value": "oder"}, {"score": "0.1033", "value": "Chance,"}, {"score": "0.0703", "value": "die"}, {"score": "0.1134", "value": "Schweiz"}, {"score": "0.1133", "value": "ein"}, {"score": "0.1153", "value": "Vorbild"}, {"score": "0.0877", "value": "für"}, {"score": "0.0979", "value": "die"}, {"score": "0.1112", "value": "Entwicklungsländer?"}, {"score": "0.0643", "value": "Arbeitskreis"}, {"score": "0.0997", "value": "Tourismus"}, {"score": "0.1034", "value": "und"}, {"score": "0.1507", "value": "Entwicklung"}], "year": [{"score": "0.1842", "value": "1985"}], "other": [{"score": "0.1758", "value": "Zürich"}], "author": [[{"score": "0.1522", "surname": "Mäder"}], [{"given-names": "U", "score": "0.2904"}], [{"given-names": "Sanfter", "score": "0.1113"}], [{"score": "0.1298", "surname": "Tourismus"}]]}, "ref_text_x": "Mäder, U.: Sanfter Tourismus: Alibi oder Chance, die Schweiz ein Vorbild für die Entwicklungsländer? Arbeitskreis Tourismus und Entwicklung. Zürich 1985."}
{"ref_seg_dic": {"title": [{"score": "0.1089", "value": "Tourismus"}, {"score": "0.114", "value": "-"}, {"score": "0.144", "value": "Schlagwort,"}, {"score": "0.0966", "value": "Chance,"}, {"score": "0.1026", "value": "Utopie"}], "author": [[{"score": "0.1876", "surname": "Mose"}], [{"given-names": "I", "score": "0.3269"}], [{"score": "0.0863", "surname": "Sanfter"}]], "volume": [{"score": "0.1412", "value": "143"}], "source": [{"score": "0.1575", "value": "geographie"}, {"score": "0.1424", "value": "heute"}], "year": [{"score": "0.2436", "value": "1996"}], "page": [{"score": "0.3216", "value": "4"}, {"score": "0.3216", "value": "9"}]}, "ref_text_x": "Mose, I.: Sanfter Tourismus - Schlagwort, Chance, Utopie? In: geographie heute, H. 143, 1996, S. 4-9."}
{"ref_seg_dic": {"volume": [{"score": "0.173", "value": "54"}], "publisher": [{"score": "0.1676", "value": "golay-"}, {"score": "0.1192", "value": "bacci@bluewin.ch"}], "title": [{"score": "0.1104", "value": "Golay"}, {"score": "0.1059", "value": "ist"}, {"score": "0.1233", "value": "Lehrer"}, {"score": "0.0923", "value": "für"}, {"score": "0.1068", "value": "Geographie"}, {"score": "0.1077", "value": "und"}, {"score": "0.1031", "value": "Mathematik"}, {"score": "0.1105", "value": "an"}, {"score": "0.1341", "value": "der"}, {"score": "0.1497", "value": "Sekundarschule"}, {"score": "0.1407", "value": "Gelterkinden"}], "other": [{"score": "0.1235", "value": "Dr"}, {"score": "0.1326", "value": "rer"}, {"score": "0.1197", "value": "nat"}, {"score": "0.158", "value": "David"}, {"score": "0.1139", "value": "Golay"}, {"score": "0.155", "value": "Im"}, {"score": "0.1456", "value": "Grund"}, {"score": "0.1099", "value": "CH-4464"}, {"score": "0.1282", "value": "Anwil"}, {"score": "0.178", "value": "E-Mail"}], "author": [[{"score": "0.1195", "surname": "Dr"}], [{"given-names": "David", "score": "0.1666"}]]}, "ref_text_x": "Dr. David Golay ist Lehrer für Geographie und Mathematik an der Sekundarschule Gelterkinden. Dr. rer. nat. David Golay, Im Grund 54, CH-4464 Anwil, E-Mail: golay- bacci@bluewin.ch"}
