{"ref_seg_dic": {"volume": [{"score": "0.1512", "value": "124"}, {"score": "0.1471", "value": "15"}], "other": [{"score": "0.1847", "value": "Krefeld"}, {"score": "0.1076", "value": "Westwall"}, {"score": "0.2013", "value": "Bonn"}, {"score": "0.1166", "value": "Blücherstrafle"}, {"score": "0.1716", "value": "Wiebelskirchen"}, {"score": "0.0903", "value": "Saar"}, {"score": "0.1924", "value": "Kirchhof"}], "editor": [{"score": "0.1148", "value": "W"}, {"score": "0.1375", "value": "Ahrens"}, {"score": "0.0739", "value": "Dr"}, {"score": "0.0978", "value": "Ernst"}, {"score": "0.1232", "value": "Barners"}, {"score": "0.0775", "value": "Stud.-Rat"}, {"score": "0.081", "value": "Dr"}, {"score": "0.0896", "value": "Karl"}, {"score": "0.1269", "value": "Mathias"}], "title": [{"score": "0.0904", "value": "Anschriften"}, {"score": "0.0875", "value": "der"}, {"score": "0.141", "value": "Mitarbeiter:"}, {"score": "0.1354", "value": "Prof"}]}, "ref_text_x": "Anschriften der Mitarbeiter: Prof. Dr. W. Ahrens, Krefeld, Westwall 124 / Dr. Ernst Barners, Bonn, Blücherstrafle 15 / Stud.-Rat Dr. Karl Mathias, Wiebelskirchen (Saar), Kirchhof­"}
{"ref_seg_dic": {"url": [{"score": "0.1121", "value": "straße"}], "volume": [{"score": "0.1609", "value": "48"}], "other": [{"score": "0.1247", "value": "28c"}, {"score": "0.1452", "value": "Trier"}, {"score": "0.1086", "value": "Friedridi-Wilhelm-Str"}, {"score": "0.146", "value": "Stud.-Ass"}], "editor": [{"score": "0.0928", "value": "Stud.-Ass"}, {"score": "0.1125", "value": "B"}, {"score": "0.0998", "value": "Sdiiel"}, {"score": "0.0843", "value": "Stud.-Ass"}, {"score": "0.1084", "value": "F.-J"}, {"score": "0.0823", "value": "Faas"}]}, "ref_text_x": "straße 28c / Stud.-Ass. B. Sdiiel, Trier, Friedridi-Wilhelm-Str. 48 / Stud.-Ass. F.-J. Faas, Stud.-Ass."}
{"ref_seg_dic": {"other": [{"score": "0.1621", "value": "Ruwer"}, {"score": "0.1185", "value": "b"}, {"score": "0.1261", "value": "Trier"}, {"score": "0.1083", "value": "Trierstr"}, {"score": "0.1671", "value": "la"}, {"score": "0.13", "value": "Trier"}, {"score": "0.1207", "value": "Kurfürstenstr"}, {"score": "0.1273", "value": "23"}], "editor": [{"score": "0.1243", "value": "Friedrich-Wilhelm-Gymnasium"}, {"score": "0.0789", "value": "Stud.-Ref"}, {"score": "0.0804", "value": "Willi"}, {"score": "0.0833", "value": "Blum"}, {"score": "0.0786", "value": "Karls"}, {"score": "0.0872", "value": "mühle"}, {"score": "0.0711", "value": "Post"}, {"score": "0.0767", "value": "Ruwer"}, {"score": "0.0562", "value": "bei"}, {"score": "0.1435", "value": "Trier"}, {"score": "0.0847", "value": "Stud.-Rat"}, {"score": "0.1491", "value": "P"}, {"score": "0.0793", "value": "Schemitz"}, {"score": "0.1085", "value": "Weinbau"}, {"score": "0.0827", "value": "oberlehrer"}, {"score": "0.1129", "value": "H"}, {"score": "0.116", "value": "Wolf"}], "author": [[{"score": "0.2235", "surname": "A"}], [{"given-names": "Backes", "score": "0.255"}], [{"score": "0.1244", "surname": "Trier"}], [{"score": "0.138", "surname": "Studienseminar"}]]}, "ref_text_x": "A. Backes, Trier, Studienseminar am Friedrich-Wilhelm-Gymnasium / Stud.-Ref. Willi Blum. Karls­ mühle, Post Ruwer bei Trier / Stud.-Rat P. Schemitz, Ruwer b. Trier, Trierstr. la / Weinbau­ oberlehrer H. Wolf, Trier, Kurfürstenstr. 23."}
{"ref_seg_dic": {"other": [{"score": "0.1202", "value": "Julius"}, {"score": "0.098", "value": "Wagner"}, {"score": "0.1229", "value": "Frankfurt/Main"}, {"score": "0.1822", "value": "Garten"}], "title": [{"score": "0.095", "value": "Anschriften"}, {"score": "0.0822", "value": "der"}, {"score": "0.1242", "value": "Herausgeber:"}, {"score": "0.1344", "value": "Prof."}, {"score": "0.0721", "value": "Dr"}]}, "ref_text_x": "Anschriften der Herausgeber: Prof. Dr. Julius Wagner, Frankfurt/Main, Garten­"}
{"ref_seg_dic": {"volume": [{"score": "0.1382", "value": "15"}], "other": [{"score": "0.1397", "value": "Peine"}, {"score": "0.1357", "value": "Becthoveustraße"}], "editor": [{"score": "0.0866", "value": "straße"}, {"score": "0.0892", "value": "66"}, {"score": "0.0857", "value": "Oberstudiendirektor"}, {"score": "0.0735", "value": "Dr"}, {"score": "0.0813", "value": "Max"}, {"score": "0.1088", "value": "Unterhorst"}]}, "ref_text_x": "straße 66 / Oberstudiendirektor Dr. Max Unterhorst, Peine, Becthoveustraße 15."}
{"ref_seg_dic": {"volume": [{"score": "0.21", "value": "48"}, {"score": "0.186", "value": "1"}], "other": [{"score": "0.1055", "value": "Stud.-Ass"}], "issue": [{"score": "0.1403", "value": "2"}, {"score": "0.1851", "value": "3"}, {"score": "0.1684", "value": "6"}, {"score": "0.2317", "value": "7"}, {"score": "0.1971", "value": "8"}], "title": [{"score": "0.08", "value": "Bild"}, {"score": "0.0852", "value": "nach"}, {"score": "0.0997", "value": "weis:"}, {"score": "0.1262", "value": "Stud.-Ass."}, {"score": "0.0728", "value": "B."}, {"score": "0.0795", "value": "Schiel,"}, {"score": "0.0718", "value": "Trier,"}, {"score": "0.0597", "value": "Friedrich-Wilhelm-Str"}]}, "ref_text_x": "Bild nach weis: Stud.-Ass. B. Schiel, Trier, Friedrich-Wilhelm-Str. 48 (1, 2, 3, 6, 7, 8); Stud.-Ass."}
{"ref_seg_dic": {"other": [{"score": "0.1633", "value": "Marburg"}, {"score": "0.1097", "value": "Marburg/Lahn"}, {"score": "0.1193", "value": "5"}], "author": [[{"score": "0.2036", "surname": "F.-J"}], [{"given-names": "Faas", "score": "0.2285"}], [{"given-names": "Trier", "score": "0.1256"}], [{"score": "0.1162", "surname": "Studienseminar"}]]}, "ref_text_x": "F.-J. Faas, Trier, Studienseminar am Friedr.-Wilhelm-Gymnasium (4); Foto Marburg, Marburg/Lahn (5)."}
{"ref_seg_dic": {"other": [{"score": "0.156", "value": "Braunsdiweig"}], "editor": [{"score": "0.1308", "value": "Druck"}, {"score": "0.0774", "value": "Georg"}, {"score": "0.0968", "value": "Westermann"}]}, "ref_text_x": "Druck: Georg Westermann, Braunsdiweig."}
{"ref_seg_dic": {"volume": [{"score": "0.1474", "value": "66"}], "editor": [{"score": "0.134", "value": "Verband"}, {"score": "0.1081", "value": "Deutscher"}], "title": [{"score": "0.1491", "value": "Schulgeograph"}, {"score": "0.1315", "value": "cn."}, {"score": "0.0702", "value": "Geschäftsstelle:"}, {"score": "0.1015", "value": "Frankfurt/Main,"}, {"score": "0.0788", "value": "Gartenstr"}]}, "ref_text_x": "Verband Deutscher Schulgeograph cn. Geschäftsstelle: Frankfurt/Main, Gartenstr. 66."}
{"ref_seg_dic": {"volume": [{"score": "0.1588", "value": "4"}, {"score": "0.1858", "value": "115"}], "source": [{"score": "0.0964", "value": "Postsdieckkonto"}, {"score": "0.1575", "value": "Frankfurt/Main"}], "issue": [{"score": "0.1181", "value": "699"}], "editor": [{"score": "0.108", "value": "Kassenführung"}, {"score": "0.0617", "value": "Dr"}, {"score": "0.1201", "value": "Pfaff"}, {"score": "0.0859", "value": "Darmstadt"}]}, "ref_text_x": "Kassenführung: Dr. Pfaff, Darmstadt, Küchlerstrafle 4. Postsdieckkonto: Frankfurt/Main Nr. 115 699."}
