{"ref_seg_dic": {"title": [{"score": "0.1584", "value": "Berlin"}, {"score": "0.1408", "value": "im"}, {"score": "0.2028", "value": "Aufwind"}], "year": [{"score": "0.196", "value": "12011"}], "other": [{"score": "0.2623", "value": "Berlin"}], "author": [[{"score": "0.1503", "surname": "berliner"}], [{"given-names": "Wirtschaftsgespräche", "score": "0.1203"}]]}, "ref_text_x": "berliner Wirtschaftsgespräche 12011): Berlin im Aufwind. Berlin"}
{"ref_seg_dic": {"title": [{"score": "0.1544", "value": "Raumstrukturelle"}, {"score": "0.1628", "value": "Konzepte"}, {"score": "0.14", "value": "für"}, {"score": "0.1666", "value": "Stadtregionen"}], "author": [[{"score": "0.2294", "surname": "Bose"}], [{"given-names": "M.", "score": "0.3401"}]], "source": [{"score": "0.2407", "value": "Suburbanisierung"}, {"score": "0.2358", "value": "in"}, {"score": "0.1587", "value": "Deutschland"}], "other": [{"score": "0.2033", "value": "Opladen"}], "editor": [{"score": "0.1781", "value": "C"}, {"score": "0.1535", "value": "Brake"}, {"score": "0.1058", "value": "J"}, {"score": "0.0901", "value": "Dangschat"}, {"score": "0.2536", "value": "G"}, {"score": "0.1876", "value": "Herfert"}], "year": [{"score": "0.3412", "value": "2001"}], "page": [{"score": "0.2835", "value": "247"}, {"score": "0.2835", "value": "260"}]}, "ref_text_x": "Bose, M. (2001): Raumstrukturelle Konzepte für Stadtregionen. In: C. Brake, J. Dangschat und G. Herfert (Hrsg.): Suburbanisierung in Deutschland. Opladen, S. 247-260"}
{"ref_seg_dic": {"other": [{"score": "0.1856", "value": "Düsseldorf"}], "title": [{"score": "0.111", "value": "Angriff"}, {"score": "0.1254", "value": "auf"}, {"score": "0.1033", "value": "die"}, {"score": "0.1085", "value": "City"}], "year": [{"score": "0.2932", "value": "2006"}], "editor": [{"score": "0.2244", "value": "H"}, {"score": "0.1989", "value": "Pump-Uhlmann"}], "author": [[{"score": "0.2236", "surname": "Brune"}], [{"given-names": "IV", "score": "0.1506"}], [{"given-names": "R.", "score": "0.1794"}], [{"score": "0.0874", "surname": "Junker"}]]}, "ref_text_x": "Brune, IV, R. Junker und H. Pump-Uhlmann (Hrsg.) (2006): Angriff auf die City. Düsseldorf"}
{"ref_seg_dic": {"other": [{"score": "0.1911", "value": "Köln"}], "title": [{"score": "0.1629", "value": "Shopping-Center"}, {"score": "0.1579", "value": "2009."}, {"score": "0.0985", "value": "Fakten."}, {"score": "0.0697", "value": "Hintergründe"}, {"score": "0.095", "value": "und"}, {"score": "0.1391", "value": "Perspektiven"}, {"score": "0.1014", "value": "in"}, {"score": "0.1534", "value": "Deutschland"}], "editor": [{"score": "0.1407", "value": "EHI"}], "year": [{"score": "0.2697", "value": "2008"}]}, "ref_text_x": "EHI (2008): Shopping-Center 2009. Fakten. Hintergründe und Perspektiven in Deutschland. Köln"}
{"ref_seg_dic": {"title": [{"score": "0.1531", "value": "Howto"}, {"score": "0.1726", "value": "institutionalize"}, {"score": "0.1145", "value": "innova­"}, {"score": "0.1046", "value": "tive"}, {"score": "0.1129", "value": "clusters?"}, {"score": "0.0733", "value": "Comparing"}, {"score": "0.0922", "value": "explicit"}, {"score": "0.0911", "value": "top-down"}, {"score": "0.1046", "value": "and"}, {"score": "0.1034", "value": "bottom-up"}, {"score": "0.0668", "value": "approaches"}], "year": [{"score": "0.2663", "value": "2005"}], "author": [[{"score": "0.1777", "surname": "Fromhold-Eisebith"}], [{"given-names": "M.", "score": "0.2427"}], [{"given-names": "G.", "score": "0.2265"}], [{"score": "0.1372", "surname": "Eisebith"}]]}, "ref_text_x": "Fromhold-Eisebith, M. und G. Eisebith (2005): Howto institutionalize innova­ tive clusters? Comparing explicit top-down and bottom-up approaches."}
{"ref_seg_dic": {"volume": [{"score": "0.1968", "value": "34"}], "source": [{"score": "0.1553", "value": "Research"}, {"score": "0.1519", "value": "Policy"}], "page": [{"score": "0.2946", "value": "1250"}, {"score": "0.2946", "value": "1268"}]}, "ref_text_x": "Research Policy 34, S. 1250-1268"}
{"ref_seg_dic": {"other": [{"score": "0.247", "value": "Berlin"}], "title": [{"score": "0.157", "value": "Statistischer"}, {"score": "0.1949", "value": "Handelsreport"}, {"score": "0.1316", "value": "für"}, {"score": "0.107", "value": "Berlin"}, {"score": "0.1055", "value": "der"}, {"score": "0.1522", "value": "Industrie-"}, {"score": "0.1013", "value": "und"}, {"score": "0.0874", "value": "Han­"}, {"score": "0.1018", "value": "delskammer"}, {"score": "0.1425", "value": "Berlin"}], "editor": [{"score": "0.1413", "value": "IHK"}], "year": [{"score": "0.2639", "value": "2010"}]}, "ref_text_x": "IHK (2010): Statistischer Handelsreport für Berlin der Industrie- und Han­ delskammer Berlin. Berlin"}
{"ref_seg_dic": {"other": [{"score": "0.2158", "value": "Berlin"}], "title": [{"score": "0.1518", "value": "Wie"}, {"score": "0.1448", "value": "viele"}, {"score": "0.112", "value": "Shopping"}, {"score": "0.0913", "value": "Center"}, {"score": "0.1251", "value": "verträgt"}, {"score": "0.122", "value": "eine"}, {"score": "0.1518", "value": "Einkaufsstraße?"}, {"score": "0.089", "value": "Auswirkungen"}, {"score": "0.1076", "value": "der"}, {"score": "0.1092", "value": "Shopping"}, {"score": "0.093", "value": "Center"}, {"score": "0.0902", "value": "in"}, {"score": "0.0947", "value": "der"}, {"score": "0.1035", "value": "Berliner"}, {"score": "0.0946", "value": "Schlossstraße"}, {"score": "0.0876", "value": "auf"}, {"score": "0.1177", "value": "die"}, {"score": "0.1072", "value": "umgebende"}, {"score": "0.1392", "value": "Einzelhandelsstruktur"}], "year": [{"score": "0.2856", "value": "2010"}], "source": [{"score": "0.1062", "value": "Diplomarbeit"}, {"score": "0.1127", "value": "am"}, {"score": "0.1442", "value": "Geographischen"}, {"score": "0.1439", "value": "Institut"}, {"score": "0.1047", "value": "der"}, {"score": "0.1443", "value": "Humboldt-Universität"}, {"score": "0.1236", "value": "zu"}], "author": [[{"score": "0.2304", "surname": "Kästner"}], [{"given-names": "B.", "score": "0.3386"}]]}, "ref_text_x": "Kästner, B. (2010): Wie viele Shopping Center verträgt eine Einkaufsstraße? Auswirkungen der Shopping Center in der Berliner Schlossstraße auf die umgebende Einzelhandelsstruktur. Diplomarbeit am Geographischen Institut der Humboldt-Universität zu Berlin"}
{"ref_seg_dic": {"other": [{"score": "0.2558", "value": "Wiesbaden"}], "title": [{"score": "0.1182", "value": "Die"}, {"score": "0.1247", "value": "Stadt"}, {"score": "0.1372", "value": "der"}, {"score": "0.1055", "value": "kurzen"}, {"score": "0.1008", "value": "Wege"}], "year": [{"score": "0.2989", "value": "2012"}], "editor": [{"score": "0.2629", "value": "M"}, {"score": "0.2092", "value": "Schulz"}], "author": [[{"score": "0.1891", "surname": "Kemper"}], [{"given-names": "F.-J", "score": "0.3023"}], [{"given-names": "E.", "score": "0.1875"}], [{"score": "0.0933", "surname": "Kulke"}]]}, "ref_text_x": "Kemper, F.-J., E. Kulke und M. Schulz (Hrsg.) (2012): Die Stadt der kurzen Wege. Wiesbaden"}
{"ref_seg_dic": {"title": [{"score": "0.1549", "value": "Berlin"}, {"score": "0.1275", "value": "-"}, {"score": "0.1376", "value": "German"}, {"score": "0.1199", "value": "Capital"}, {"score": "0.1124", "value": "and"}, {"score": "0.0978", "value": "Global"}, {"score": "0.0985", "value": "City"}], "author": [[{"score": "0.2083", "surname": "Kulke"}], [{"given-names": "E.", "score": "0.3042"}]], "volume": [{"score": "0.2156", "value": "134"}], "source": [{"score": "0.1156", "value": "Die"}, {"score": "0.1566", "value": "Erde"}], "year": [{"score": "0.3138", "value": "2003"}], "issue": [{"score": "0.204", "value": "3"}], "page": [{"score": "0.265", "value": "219-233"}]}, "ref_text_x": "Kulke, E. (2003): Berlin - German Capital and Global City? Die Erde 134 (3), S. 219-233"}
{"ref_seg_dic": {"title": [{"score": "0.2099", "value": "The"}, {"score": "0.1933", "value": "technology"}, {"score": "0.1091", "value": "park"}, {"score": "0.1018", "value": "Berlin-Adlershof"}, {"score": "0.0951", "value": "as"}, {"score": "0.1316", "value": "an"}, {"score": "0.1304", "value": "example"}, {"score": "0.1177", "value": "of"}, {"score": "0.1195", "value": "spatial"}, {"score": "0.1417", "value": "proximity"}, {"score": "0.0832", "value": "in"}, {"score": "0.1185", "value": "regional"}, {"score": "0.1142", "value": "economic"}, {"score": "0.1061", "value": "policy"}], "author": [[{"score": "0.2068", "surname": "Kulke"}], [{"given-names": "E.", "score": "0.344"}]], "volume": [{"score": "0.2204", "value": "52"}], "source": [{"score": "0.1286", "value": "Zeitschrift"}, {"score": "0.1093", "value": "für"}, {"score": "0.1485", "value": "Wirtschafts"}, {"score": "0.1474", "value": "geographie"}], "year": [{"score": "0.3048", "value": "2008"}], "issue": [{"score": "0.1898", "value": "4"}], "page": [{"score": "0.2738", "value": "193"}, {"score": "0.2738", "value": "208"}]}, "ref_text_x": "Kulke, E. (2008): The technology park Berlin-Adlershof as an example of spatial proximity in regional economic policy. Zeitschrift für Wirtschafts­ geographie 52 (4), S. 193-208"}
{"ref_seg_dic": {"title": [{"score": "0.2032", "value": "Wirtschaftsgeographie."}], "year": [{"score": "0.2752", "value": "2009"}], "other": [{"score": "0.2098", "value": "Paderborn"}], "author": [[{"score": "0.1887", "surname": "Kulke"}], [{"given-names": "E.", "score": "0.2609"}]]}, "ref_text_x": "Kulke, E. (2009): Wirtschaftsgeographie. Paderborn"}
{"ref_seg_dic": {"author": [[{"score": "0.155", "surname": "Kulke"}], [{"given-names": "E.", "score": "0.1986"}]], "title": [{"score": "0.1633", "value": "Wirtschaftsgeographie"}, {"score": "0.1632", "value": "Deutschlands"}, {"score": "0.1567", "value": "Wandeider"}, {"score": "0.1866", "value": "Einzelhandelslandschaften"}, {"score": "0.1705", "value": "Berlins"}], "source": [{"score": "0.1919", "value": "Europa"}, {"score": "0.1781", "value": "Metropolen"}, {"score": "0.1085", "value": "im"}, {"score": "0.1118", "value": "Wandel"}], "other": [{"score": "0.1616", "value": "Heidelberg"}, {"score": "0.233", "value": "Wien"}], "editor": [{"score": "0.2327", "value": "Kulke"}, {"score": "0.1812", "value": "E"}, {"score": "0.1688", "value": "W"}, {"score": "0.15", "value": "Matznetter"}, {"score": "0.2317", "value": "R"}, {"score": "0.1619", "value": "Musil"}], "year": [{"score": "0.3936", "value": "2010"}, {"score": "0.2874", "value": "2011"}], "page": [{"score": "0.2527", "value": "121"}, {"score": "0.2527", "value": "138"}]}, "ref_text_x": "Kulke, E. (Hrsg.) (2010): Wirtschaftsgeographie Deutschlands. Heidelberg Kulke, E. (2011): Wandeider Einzelhandelslandschaften Berlins. In: W. Matznetter und R. Musil (Hrsg.): Europa: Metropolen im Wandel. Wien. S. 121-138"}
{"ref_seg_dic": {"title": [{"score": "0.1371", "value": "Nur"}, {"score": "0.1944", "value": "arm,"}, {"score": "0.1252", "value": "aber"}, {"score": "0.1459", "value": "sexy"}, {"score": "0.1178", "value": "oder"}, {"score": "0.0988", "value": "neue"}, {"score": "0.104", "value": "Metropole"}], "author": [[{"score": "0.2083", "surname": "Kulke"}], [{"given-names": "E.", "score": "0.34"}]], "volume": [{"score": "0.1548", "value": "301"}], "source": [{"score": "0.1043", "value": "geographie"}, {"score": "0.1181", "value": "heute"}], "year": [{"score": "0.2895", "value": "2012"}], "page": [{"score": "0.2972", "value": "20"}, {"score": "0.2972", "value": "27"}]}, "ref_text_x": "Kulke, E. (2012): Nur \"arm, aber sexy\" oder neue Metropole, geographie heute 301, S. 20-27"}
{"ref_seg_dic": {"title": [{"score": "0.1381", "value": "Der"}, {"score": "0.1571", "value": "Standort"}, {"score": "0.111", "value": "Adlershof"}, {"score": "0.1112", "value": "aus"}, {"score": "0.1259", "value": "Sicht"}, {"score": "0.1519", "value": "der"}, {"score": "0.1821", "value": "Beschäftigten"}], "author": [[{"score": "0.1758", "surname": "Kulke"}], [{"given-names": "E.", "score": "0.2635"}], [{"given-names": "R.", "score": "0.2164"}], [{"score": "0.1572", "surname": "Kitzmann"}]], "volume": [{"score": "0.1326", "value": "171"}], "source": [{"score": "0.144", "value": "Arbeitsberichte"}, {"score": "0.1284", "value": "des"}, {"score": "0.1397", "value": "Geographischen"}, {"score": "0.1269", "value": "Instituts"}, {"score": "0.0875", "value": "der"}, {"score": "0.1546", "value": "Humboldt-Universitätzu"}, {"score": "0.1106", "value": "Berlin"}], "other": [{"score": "0.2116", "value": "Berlin"}], "year": [{"score": "0.3316", "value": "2012"}]}, "ref_text_x": "Kulke, E. und R. Kitzmann (2012): Der Standort Adlershof aus Sicht der Beschäftigten. Berlin (Arbeitsberichte des Geographischen Instituts der Humboldt-Universitätzu Berlin. H. 171)"}
{"ref_seg_dic": {"title": [{"score": "0.1835", "value": "Innerstädtische"}, {"score": "0.2251", "value": "Einkaufszentren."}, {"score": "0.0861", "value": "Eine"}, {"score": "0.1315", "value": "absatzwirt­"}, {"score": "0.1168", "value": "schaftliche"}, {"score": "0.1194", "value": "Analyse"}], "author": [[{"score": "0.2271", "surname": "Lademann"}], [{"given-names": "R.", "score": "0.2797"}]], "volume": [{"score": "0.2315", "value": "77"}], "source": [{"score": "0.1079", "value": "Göttinger"}, {"score": "0.1878", "value": "Handelswissenschaftliche"}, {"score": "0.2128", "value": "Schriften"}], "other": [{"score": "0.1488", "value": "Göttingen"}], "year": [{"score": "0.3269", "value": "2011"}]}, "ref_text_x": "Lademann, R. (2011): Innerstädtische Einkaufszentren. Eine absatzwirt­ schaftliche Analyse. Göttingen (Göttinger Handelswissenschaftliche Schriften Band 77)"}
{"ref_seg_dic": {"volume": [{"score": "0.2387", "value": "16"}], "title": [{"score": "0.1941", "value": "Einkäufen"}, {"score": "0.1676", "value": "in"}, {"score": "0.1367", "value": "der"}, {"score": "0.1327", "value": "Stadt"}, {"score": "0.1197", "value": "der"}, {"score": "0.1194", "value": "kurzen"}, {"score": "0.0922", "value": "Wege?"}, {"score": "0.059", "value": "Mannheim"}, {"score": "0.0857", "value": "(Studien"}, {"score": "0.105", "value": "zur"}], "year": [{"score": "0.2855", "value": "2006"}], "source": [{"score": "0.1313", "value": "Mobilitäts-"}, {"score": "0.1516", "value": "und"}, {"score": "0.1286", "value": "Verkehrsforschung"}], "author": [[{"score": "0.2461", "surname": "Martin"}], [{"given-names": "N.", "score": "0.3542"}]]}, "ref_text_x": "Martin, N. (2006): Einkäufen in der Stadt der kurzen Wege? Mannheim (Studien zur Mobilitäts- und Verkehrsforschung, Band 16)"}
{"ref_seg_dic": {"title": [{"score": "0.193", "value": "Nationale"}, {"score": "0.2024", "value": "Wettbewerbsvorteile."}, {"score": "0.0705", "value": "Wien"}, {"score": "0.0837", "value": "SenStadt,"}, {"score": "0.0673", "value": "Senatsverwaltung"}, {"score": "0.0588", "value": "für"}, {"score": "0.0754", "value": "Stadtentwicklung"}, {"score": "0.1346", "value": "Stadtentwick­"}, {"score": "0.1528", "value": "lungsplan"}, {"score": "0.1", "value": "Zentren"}, {"score": "0.1012", "value": "2020."}, {"score": "0.0708", "value": "Edition"}, {"score": "0.1491", "value": "StadtWirtschaft"}], "year": [{"score": "0.3504", "value": "1993"}, {"score": "0.2079", "value": "2005"}], "other": [{"score": "0.2701", "value": "Berlin"}], "author": [[{"score": "0.2274", "surname": "Porter"}], [{"given-names": "M.", "score": "0.3543"}]]}, "ref_text_x": "Porter, M. (1993): Nationale Wettbewerbsvorteile. Wien SenStadt, Senatsverwaltung für Stadtentwicklung (2005): Stadtentwick­ lungsplan Zentren 2020. Edition StadtWirtschaft. Berlin"}
{"ref_seg_dic": {"other": [{"score": "0.2705", "value": "Berlin"}], "title": [{"score": "0.207", "value": "Umweltatlas."}], "editor": [{"score": "0.1321", "value": "SenStadt"}, {"score": "0.0801", "value": "Senatsverwaltung"}, {"score": "0.0628", "value": "für"}, {"score": "0.0987", "value": "Stadtentwicklung"}], "year": [{"score": "0.2323", "value": "2011"}]}, "ref_text_x": "SenStadt, Senatsverwaltung für Stadtentwicklung (2011): Umweltatlas. Berlin"}
{"ref_seg_dic": {"title": [{"score": "0.1726", "value": "Besondere"}, {"score": "0.1702", "value": "und"}, {"score": "0.1298", "value": "allgemeine"}, {"score": "0.1075", "value": "metropolitane"}, {"score": "0.1084", "value": "Spezialisierun­"}, {"score": "0.1828", "value": "gen"}, {"score": "0.1222", "value": "in"}, {"score": "0.0835", "value": "Berlin:"}, {"score": "0.0897", "value": "Kultur"}, {"score": "0.1308", "value": "und"}, {"score": "0.1185", "value": "Wissenschaft,"}, {"score": "0.0709", "value": "Koordination"}, {"score": "0.0918", "value": "und"}, {"score": "0.1143", "value": "Transaktion"}], "author": [[{"score": "0.1845", "surname": "Stein"}], [{"given-names": "R.", "score": "0.2876"}]], "volume": [{"score": "0.2454", "value": "67"}], "source": [{"score": "0.1223", "value": "Raumforschung"}, {"score": "0.1648", "value": "und"}, {"score": "0.1994", "value": "Raumordnung"}], "year": [{"score": "0.232", "value": "2009"}], "issue": [{"score": "0.1895", "value": "4"}], "page": [{"score": "0.2738", "value": "287"}, {"score": "0.2738", "value": "299"}]}, "ref_text_x": "Stein. R. (2009): Besondere und allgemeine metropolitane Spezialisierun­ gen in Berlin: Kultur und Wissenschaft, Koordination und Transaktion. Raumforschung und Raumordnung 67 (4), S. 287-299"}
{"ref_seg_dic": {"title": [{"score": "0.0862", "value": "Cluster"}, {"score": "0.1616", "value": "und"}, {"score": "0.1228", "value": "Innovationspolitik"}, {"score": "0.103", "value": "maßgeschneidert"}], "author": [[{"score": "0.203", "surname": "Suwala"}], [{"given-names": "L.", "score": "0.2358"}], [{"given-names": "P.", "score": "0.1979"}], [{"score": "0.1387", "surname": "Dannenberg"}]], "volume": [{"score": "0.209", "value": "33"}], "source": [{"score": "0.1269", "value": "Standort"}], "year": [{"score": "0.2297", "value": "2009"}], "page": [{"score": "0.2955", "value": "104"}, {"score": "0.2955", "value": "112"}]}, "ref_text_x": "Suwala, L. und P. Dannenberg (2009). Cluster und Innovationspolitik maßgeschneidert. Standort 33, S. 104-112"}
{"ref_seg_dic": {"volume": [{"score": "0.1422", "value": "2"}], "source": [{"score": "0.1434", "value": "Geographische"}, {"score": "0.1505", "value": "Rundschau"}], "other": [{"score": "0.1347", "value": "2013"}]}, "ref_text_x": "Geographische Rundschau 2 I 2013"}
{"ref_seg_dic": {"volume": [{"score": "0.1626", "value": "7"}], "source": [{"score": "0.1482", "value": "WISTA"}], "title": [{"score": "0.1119", "value": "Berlin-Adlershof"}, {"score": "0.1008", "value": "mit"}, {"score": "0.1118", "value": "Gebäude"}, {"score": "0.1056", "value": "der"}]}, "ref_text_x": "Foto 7: Berlin-Adlershof mit Gebäude der WISTA"}
{"ref_seg_dic": {"title": [{"score": "0.1353", "value": "Leitbilder"}, {"score": "0.1456", "value": "der"}, {"score": "0.2009", "value": "Stadtentwicklung"}, {"score": "0.1235", "value": "in"}, {"score": "0.1616", "value": "Deutschland"}], "author": [[{"score": "0.2171", "surname": "Wiegandt"}], [{"given-names": "C.-C", "score": "0.3062"}]], "volume": [{"score": "0.2404", "value": "31"}], "source": [{"score": "0.1405", "value": "Geographie"}, {"score": "0.1318", "value": "und"}, {"score": "0.1578", "value": "Schule"}], "year": [{"score": "0.3125", "value": "2009"}], "issue": [{"score": "0.1668", "value": "182"}], "page": [{"score": "0.2673", "value": "4"}, {"score": "0.2673", "value": "12"}]}, "ref_text_x": "Wiegandt, C.-C. (2009): Leitbilder der Stadtentwicklung in Deutschland. Geographie und Schule 31 (182), S. 4-12"}
{"ref_seg_dic": {"title": [{"score": "0.2343", "value": "Stadtentwicklung"}, {"score": "0.1799", "value": "in"}, {"score": "0.1842", "value": "Deutschland."}, {"score": "0.0795", "value": "Trends"}, {"score": "0.1175", "value": "zur"}, {"score": "0.1199", "value": "Polarisierung"}], "author": [[{"score": "0.2193", "surname": "Wiegandt"}], [{"given-names": "C.-C", "score": "0.3158"}]], "volume": [{"score": "0.2505", "value": "64"}], "source": [{"score": "0.1332", "value": "Geographische"}, {"score": "0.1634", "value": "Rundschau"}], "year": [{"score": "0.2801", "value": "2012"}], "issue": [{"score": "0.1691", "value": "7-8"}], "page": [{"score": "0.2345", "value": "44"}, {"score": "0.2345", "value": "53"}]}, "ref_text_x": "Wiegandt, C.-C. (2012): Stadtentwicklung in Deutschland. Trends zur Polarisierung. Geographische Rundschau 64 (7-8), S. 44-53"}
{"ref_seg_dic": {"other": [{"score": "0.2641", "value": "Berlin"}], "title": [{"score": "0.1938", "value": "Bericht"}, {"score": "0.1908", "value": "über"}, {"score": "0.1395", "value": "Adlershof"}, {"score": "0.1388", "value": "2007"}], "editor": [{"score": "0.1576", "value": "WISTA"}], "year": [{"score": "0.2305", "value": "2008"}]}, "ref_text_x": "WISTA (2008): Bericht über Adlershof 2007. Berlin"}
{"ref_seg_dic": {"other": [{"score": "0.2231", "value": "Berlin"}, {"score": "0.1233", "value": "SUMMARY"}], "title": [{"score": "0.1939", "value": "Bericht"}, {"score": "0.1892", "value": "über"}, {"score": "0.1402", "value": "Adlershof"}, {"score": "0.1364", "value": "2011"}], "editor": [{"score": "0.1517", "value": "WISTA"}], "year": [{"score": "0.2315", "value": "2012"}]}, "ref_text_x": "WISTA (2012): Bericht über Adlershof 2011. Berlin SUMMARY"}
{"ref_seg_dic": {"title": [{"score": "0.1828", "value": "Clusters"}, {"score": "0.1454", "value": "in"}, {"score": "0.1351", "value": "Berlin"}, {"score": "0.0958", "value": "by"}, {"score": "0.102", "value": "Elmar"}], "other": [{"score": "0.1343", "value": "Kulke"}], "author": [[{"score": "0.1419", "surname": "New"}], [{"given-names": "Economic", "score": "0.1244"}]]}, "ref_text_x": "New Economic Clusters in Berlin by Elmar Kulke"}
{"ref_seg_dic": {"source": [{"score": "0.0957", "value": "Then"}, {"score": "0.1117", "value": "two"}, {"score": "0.1109", "value": "striking"}, {"score": "0.0951", "value": "ex-"}, {"score": "0.112", "value": "amples"}, {"score": "0.088", "value": "-"}, {"score": "0.1459", "value": "the"}, {"score": "0.1855", "value": "development"}, {"score": "0.1467", "value": "of"}, {"score": "0.1094", "value": "a"}, {"score": "0.1232", "value": "technology"}, {"score": "0.1003", "value": "park"}, {"score": "0.1204", "value": "in"}, {"score": "0.1644", "value": "Adlershof"}, {"score": "0.1238", "value": "and"}, {"score": "0.1495", "value": "the"}, {"score": "0.1559", "value": "development"}, {"score": "0.1292", "value": "of"}, {"score": "0.1004", "value": "shopping"}, {"score": "0.0887", "value": "cen-"}], "title": [{"score": "0.0856", "value": "nomic"}, {"score": "0.0829", "value": "change"}, {"score": "0.1264", "value": "withde-industrialisation"}, {"score": "0.1342", "value": "and"}, {"score": "0.1277", "value": "subur-"}, {"score": "0.1248", "value": "banisation"}, {"score": "0.117", "value": "opens"}, {"score": "0.1101", "value": "possibilities"}, {"score": "0.1104", "value": "for"}, {"score": "0.1042", "value": "re-use"}, {"score": "0.1058", "value": "of"}, {"score": "0.1512", "value": "spaces"}, {"score": "0.1254", "value": "in"}, {"score": "0.1222", "value": "central"}, {"score": "0.1039", "value": "areas"}, {"score": "0.1062", "value": "of"}, {"score": "0.1586", "value": "the"}, {"score": "0.1988", "value": "cities."}, {"score": "0.0781", "value": "Due"}, {"score": "0.1003", "value": "to"}, {"score": "0.1411", "value": "the"}, {"score": "0.1485", "value": "economic"}, {"score": "0.1402", "value": "transformation"}, {"score": "0.0882", "value": "during"}, {"score": "0.1148", "value": "the"}, {"score": "0.1184", "value": "last"}, {"score": "0.132", "value": "two"}, {"score": "0.0971", "value": "decades"}, {"score": "0.0809", "value": "Ber­"}, {"score": "0.0956", "value": "lin"}, {"score": "0.1206", "value": "offers"}, {"score": "0.1006", "value": "many"}, {"score": "0.1075", "value": "of"}, {"score": "0.1344", "value": "these"}, {"score": "0.1101", "value": "spaces"}, {"score": "0.086", "value": "for"}, {"score": "0.0907", "value": "re-use;"}, {"score": "0.0538", "value": "there"}, {"score": "0.0942", "value": "spatial"}, {"score": "0.1005", "value": "concentrations"}, {"score": "0.0997", "value": "of"}, {"score": "0.1", "value": "new"}, {"score": "0.1232", "value": "expanding"}, {"score": "0.1092", "value": "activities"}, {"score": "0.0834", "value": "-"}, {"score": "0.1055", "value": "like"}, {"score": "0.1215", "value": "cultural"}, {"score": "0.1148", "value": "economy,"}, {"score": "0.0813", "value": "Offices"}, {"score": "0.101", "value": "activities,"}, {"score": "0.0638", "value": "Consult­"}, {"score": "0.0817", "value": "ing"}, {"score": "0.1196", "value": "firms,"}, {"score": "0.0767", "value": "technology"}, {"score": "0.0944", "value": "enterprises"}, {"score": "0.0953", "value": "or"}, {"score": "0.0949", "value": "retailing"}, {"score": "0.0835", "value": "-"}, {"score": "0.0893", "value": "can"}, {"score": "0.0764", "value": "be"}, {"score": "0.0816", "value": "observed."}, {"score": "0.0621", "value": "The"}, {"score": "0.1001", "value": "article"}, {"score": "0.1022", "value": "explains"}, {"score": "0.0783", "value": "first"}, {"score": "0.1009", "value": "the"}, {"score": "0.102", "value": "impor­"}, {"score": "0.1028", "value": "tant"}, {"score": "0.0884", "value": "factors"}, {"score": "0.088", "value": "for"}, {"score": "0.1001", "value": "spatial"}, {"score": "0.0849", "value": "concentration"}, {"score": "0.088", "value": "of"}, {"score": "0.1148", "value": "activities"}, {"score": "0.0897", "value": "from"}, {"score": "0.1136", "value": "the"}, {"score": "0.1309", "value": "perspective"}, {"score": "0.0991", "value": "of"}, {"score": "0.1141", "value": "the"}, {"score": "0.1215", "value": "enterprises"}, {"score": "0.1117", "value": "and"}, {"score": "0.0869", "value": "from"}, {"score": "0.1058", "value": "the"}, {"score": "0.1014", "value": "side"}, {"score": "0.1078", "value": "of"}, {"score": "0.1", "value": "urban"}, {"score": "0.1304", "value": "planning"}]}, "ref_text_x": "nomic change withde-industrialisation and subur- banisation opens possibilities for re-use of spaces in central areas of the cities. Due to the economic transformation during the last two decades Ber­ lin offers many of these spaces for re-use; there spatial concentrations of new expanding activities - like cultural economy, Offices activities, Consult­ ing firms, technology enterprises or retailing - can be observed. The article explains first the impor­ tant factors for spatial concentration of activities from the perspective of the enterprises and from the side of urban planning. Then two striking ex- amples - the development of a technology park in Adlershof and the development of shopping cen-"}
{"ref_seg_dic": {"title": [{"score": "0.0653", "value": "tres"}, {"score": "0.0686", "value": "-"}, {"score": "0.1203", "value": "are"}, {"score": "0.103", "value": "described"}, {"score": "0.1057", "value": "and"}]}, "ref_text_x": "tres - are described and analysed."}
{"ref_seg_dic": {"publisher": [{"score": "0.1364", "value": "AUTOR"}]}, "ref_text_x": "AUTOR"}
{"ref_seg_dic": {"volume": [{"score": "0.1488", "value": "6"}], "source": [{"score": "0.1033", "value": "elmar.kulkeßgeo.hu-berlin.de"}, {"score": "0.1015", "value": "Arbeitsgebiet/Forschungsschwerpunkte"}, {"score": "0.092", "value": "Wirtschaftsgeographie"}, {"score": "0.1097", "value": "vor"}, {"score": "0.1337", "value": "allem"}, {"score": "0.1148", "value": "Dienstleistungen"}, {"score": "0.1047", "value": "Mitteleuropa"}], "other": [{"score": "0.1528", "value": "Linden"}, {"score": "0.1705", "value": "Berlin"}, {"score": "0.1631", "value": "Südostasien"}], "page": [{"score": "0.1625", "value": "10099"}], "title": [{"score": "0.0969", "value": "Professor"}, {"score": "0.0799", "value": "Dr."}, {"score": "0.08", "value": "ELMAR"}, {"score": "0.1491", "value": "KULKE,"}, {"score": "0.0989", "value": "geb."}, {"score": "0.0585", "value": "1958"}, {"score": "0.0847", "value": "Geographisches"}, {"score": "0.1163", "value": "Institut"}, {"score": "0.1272", "value": "der"}, {"score": "0.1171", "value": "Humboldt"}, {"score": "0.0974", "value": "Universität"}, {"score": "0.1117", "value": "zu"}, {"score": "0.0807", "value": "Berlin"}]}, "ref_text_x": "Professor Dr. ELMAR KULKE, geb. 1958 Geographisches Institut der Humboldt Universität zu Berlin, Unter den Linden 6, 10099 Berlin elmar.kulkeßgeo.hu-berlin.de Arbeitsgebiet/Forschungsschwerpunkte: Wirtschaftsgeographie (vor allem Dienstleistungen); Mitteleuropa, Südostasien"}
