{"ref_seg_dic": {"source": [{"score": "0.1718", "value": "geographie"}, {"score": "0.1428", "value": "heute"}], "issue": [{"score": "0.1606", "value": "200"}], "page": [{"score": "0.2944", "value": "4"}, {"score": "0.2944", "value": "7"}], "title": [{"score": "0.0889", "value": "Lehrplanarbeit"}, {"score": "0.0887", "value": "im"}, {"score": "0.1812", "value": "Schulfach"}, {"score": "0.1953", "value": "Geographie.-"}]}, "ref_text_x": "Lehrplanarbeit im Schulfach Geographie.- In: geographie heute, H. 200, 4-7."}
{"ref_seg_dic": {"title": [{"score": "0.1435", "value": "Schwierigkeiten"}, {"score": "0.1771", "value": "mit"}, {"score": "0.1203", "value": "dem"}, {"score": "0.1459", "value": "Raumbegriff"}, {"score": "0.1219", "value": "in"}, {"score": "0.1369", "value": "der"}, {"score": "0.2064", "value": "Geographie"}], "author": [[{"score": "0.2455", "surname": "Bartels"}], [{"given-names": "D.", "score": "0.3266"}]], "volume": [{"score": "0.2026", "value": "2/3"}], "source": [{"score": "0.1441", "value": "Geogra"}, {"score": "0.1508", "value": "phica"}, {"score": "0.1545", "value": "Helvetica"}, {"score": "0.1417", "value": "Beiheft"}], "year": [{"score": "0.2914", "value": "1974"}], "page": [{"score": "0.2517", "value": "7"}, {"score": "0.2517", "value": "21"}]}, "ref_text_x": "Bartels, D. (1974): Schwierigkeiten mit dem Raumbegriff in der Geographie. - In: Geogra­ phica Helvetica, Beiheft 2/3, 7-21."}
{"ref_seg_dic": {"title": [{"score": "0.1435", "value": "Lotsenbuch"}, {"score": "0.1282", "value": "für"}, {"score": "0.1003", "value": "das"}, {"score": "0.0968", "value": "Studium"}, {"score": "0.109", "value": "der"}, {"score": "0.1456", "value": "Geographie"}, {"score": "0.0975", "value": "als"}, {"score": "0.1379", "value": "Lehrfach"}], "year": [{"score": "0.3031", "value": "21975"}], "other": [{"score": "0.1793", "value": "Bonn"}, {"score": "0.1721", "value": "Kiel"}], "author": [[{"score": "0.205", "surname": "Bartels"}], [{"given-names": "D./Hard", "score": "0.2708"}], [{"given-names": "G.", "score": "0.221"}]]}, "ref_text_x": "Bartels, D./Hard, G. (21975): Lotsenbuch für das Studium der Geographie als Lehrfach. - Bonn, Kiel."}
{"ref_seg_dic": {"title": [{"score": "0.2149", "value": "Raum.-"}], "author": [[{"score": "0.1835", "surname": "Blotevogel"}], [{"given-names": "H.", "score": "0.3358"}], [{"given-names": "H.", "score": "0.2203"}]], "source": [{"score": "0.1816", "value": "Handwörterbuch"}, {"score": "0.1608", "value": "der"}, {"score": "0.1585", "value": "Raumordnung"}], "other": [{"score": "0.1695", "value": "Hannover"}], "year": [{"score": "0.3632", "value": "1995"}], "page": [{"score": "0.2557", "value": "733"}, {"score": "0.2557", "value": "739"}]}, "ref_text_x": "Blotevogel, H. H. (1995): Raum.- In: Handwörterbuch der Raumordnung. Hannover, 733-739."}
{"ref_seg_dic": {"other": [{"score": "0.2273", "value": "Darmstadt"}], "title": [{"score": "0.0913", "value": "Lexikon"}, {"score": "0.1262", "value": "der"}, {"score": "0.1709", "value": "Erkenntnistheorie.-"}], "editor": [{"score": "0.2184", "value": "Bonk"}, {"score": "0.1184", "value": "Th"}], "year": [{"score": "0.2624", "value": "2013"}]}, "ref_text_x": "Bonk, Th. (Hrsg., 2013): Lexikon der Erkenntnistheorie.- Darmstadt."}
{"ref_seg_dic": {"title": [{"score": "0.1566", "value": "Zur"}, {"score": "0.1488", "value": "Diskussion"}], "year": [{"score": "0.2778", "value": "1956"}], "other": [{"score": "0.1716", "value": "um"}], "author": [[{"score": "0.2437", "surname": "Carol"}], [{"given-names": "H.", "score": "0.2802"}]]}, "ref_text_x": "Carol, H. (1956): Zur Diskussion um"}
{"ref_seg_dic": {"volume": [{"score": "0.1558", "value": "2"}], "source": [{"score": "0.1788", "value": "Geographica"}, {"score": "0.1616", "value": "Helvetica"}], "page": [{"score": "0.3107", "value": "111"}, {"score": "0.3107", "value": "132"}], "title": [{"score": "0.0894", "value": "Landschaft"}, {"score": "0.0937", "value": "und"}, {"score": "0.1883", "value": "Geographie"}]}, "ref_text_x": "Landschaft und Geographie. - In: Geographica Helvetica, 2, 111-132."}
{"ref_seg_dic": {"title": [{"score": "0.166", "value": "Zur"}, {"score": "0.1821", "value": "Theorie"}, {"score": "0.1537", "value": "der"}, {"score": "0.1487", "value": "Geogra­"}, {"score": "0.1651", "value": "phie"}], "author": [[{"score": "0.2548", "surname": "Carol"}], [{"given-names": "H.", "score": "0.3151"}]], "volume": [{"score": "0.3504", "value": "105"}], "source": [{"score": "0.1879", "value": "Mitteilungen"}, {"score": "0.1646", "value": "der"}, {"score": "0.1516", "value": "Österreichischen"}, {"score": "0.1604", "value": "Geographischen"}, {"score": "0.1799", "value": "Gesellschaft"}], "year": [{"score": "0.2906", "value": "1963"}], "issue": [{"score": "0.2192", "value": "1/2"}], "page": [{"score": "0.2609", "value": "23"}, {"score": "0.2609", "value": "38"}]}, "ref_text_x": "Carol, H. (1963): Zur Theorie der Geogra­ phie. - In: Mitteilungen der Österreichischen Geographischen Gesellschaft, Bd. 105, H. 1/2, 23-38."}
{"ref_seg_dic": {"title": [{"score": "0.1602", "value": "Raumaneignung"}, {"score": "0.1196", "value": "-"}, {"score": "0.0918", "value": "Grund­"}, {"score": "0.0922", "value": "konzeption"}, {"score": "0.107", "value": "und"}], "year": [{"score": "0.3265", "value": "2006"}], "other": [{"score": "0.1285", "value": "unterrichtspraktische"}], "author": [[{"score": "0.2275", "surname": "Daum"}], [{"given-names": "E.", "score": "0.3183"}]]}, "ref_text_x": "Daum, E. (2006): Raumaneignung - Grund­ konzeption und unterrichtspraktische"}
{"ref_seg_dic": {"source": [{"score": "0.1456", "value": "GW-Unterricht"}], "issue": [{"score": "0.158", "value": "103"}], "page": [{"score": "0.3059", "value": "7"}, {"score": "0.3059", "value": "16"}], "title": [{"score": "0.1216", "value": "Relevanz."}]}, "ref_text_x": "Relevanz. - In: GW-Unterricht, H. 103, 7-16."}
{"ref_seg_dic": {"title": [{"score": "0.1453", "value": "TatOrte"}, {"score": "0.1244", "value": "-"}, {"score": "0.1241", "value": "Zur"}, {"score": "0.0945", "value": "Implemen­"}, {"score": "0.1097", "value": "tation"}, {"score": "0.0937", "value": "neuer"}, {"score": "0.1103", "value": "Raumkonzepte"}, {"score": "0.0958", "value": "im"}], "year": [{"score": "0.3348", "value": "2006"}], "other": [{"score": "0.1339", "value": "Geographieun"}], "author": [[{"score": "0.2317", "surname": "Dickel"}], [{"given-names": "M.", "score": "0.3321"}]]}, "ref_text_x": "Dickel, M. (2006): TatOrte - Zur Implemen­ tation neuer Raumkonzepte im Geographieun­"}
{"ref_seg_dic": {"source": [{"score": "0.1805", "value": "TatOrte"}, {"score": "0.1664", "value": "Neue"}, {"score": "0.1236", "value": "Raumkonzepte"}, {"score": "0.11", "value": "didaktisch"}, {"score": "0.113", "value": "inszeniert"}], "other": [{"score": "0.1901", "value": "Berlin"}, {"score": "0.1303", "value": "Münster"}], "editor": [{"score": "0.1911", "value": "Dickel"}, {"score": "0.2979", "value": "M./Kanwischer"}, {"score": "0.2259", "value": "D"}], "page": [{"score": "0.2764", "value": "7"}, {"score": "0.2764", "value": "19"}]}, "ref_text_x": "terricht.- In: Dickel, M./Kanwischer, D. (Hrsg.): TatOrte. Neue Raumkonzepte didaktisch inszeniert. Berlin, Münster, 7-19."}
{"ref_seg_dic": {"title": [{"score": "0.1503", "value": "Räumli­"}, {"score": "0.1406", "value": "ches"}, {"score": "0.1432", "value": "Denken"}, {"score": "0.1028", "value": "im"}], "year": [{"score": "0.3033", "value": "2013"}], "other": [{"score": "0.1532", "value": "Geographieunterricht.—In"}], "author": [[{"score": "0.1859", "surname": "Dickel"}], [{"given-names": "M./Scharvogel", "score": "0.2466"}], [{"given-names": "M.", "score": "0.2184"}]]}, "ref_text_x": "Dickel, M./Scharvogel, M. (2013): Räumli­ ches Denken im Geographieunterricht.—In:"}
{"ref_seg_dic": {"source": [{"score": "0.1693", "value": "Geographiedidaktik"}, {"score": "0.1305", "value": "Ein"}, {"score": "0.1105", "value": "Arbeitsbuch"}, {"score": "0.0803", "value": "zur"}, {"score": "0.1223", "value": "Gestaltung"}, {"score": "0.0931", "value": "des"}, {"score": "0.1319", "value": "Geographie"}, {"score": "0.1328", "value": "unterrichts"}], "other": [{"score": "0.1886", "value": "Stuttgart"}], "editor": [{"score": "0.249", "value": "Kanwischer"}, {"score": "0.2202", "value": "D"}], "page": [{"score": "0.225", "value": "57-68"}]}, "ref_text_x": "Kanwischer, D. (Hrsg.): Geographiedidaktik. Ein Arbeitsbuch zur Gestaltung des Geographie­ unterrichts. Stuttgart, 57-68."}
{"ref_seg_dic": {"title": [{"score": "0.1579", "value": "Für"}, {"score": "0.1534", "value": "eine"}, {"score": "0.1275", "value": "offene"}], "year": [{"score": "0.2562", "value": "1979"}], "author": [[{"score": "0.22", "surname": "Dürr"}], [{"given-names": "H.", "score": "0.2334"}], [{"score": "0.1168", "surname": "Geographie"}]]}, "ref_text_x": "Dürr, H. (1979): Für eine offene Geographie,"}
{"ref_seg_dic": {"title": [{"score": "0.1734", "value": "Theoretische"}, {"score": "0.2115", "value": "Geographie"}], "year": [{"score": "0.3278", "value": "2010"}], "other": [{"score": "0.2173", "value": "Darmstadt"}], "author": [[{"score": "0.257", "surname": "Egner"}], [{"given-names": "H.", "score": "0.3041"}]]}, "ref_text_x": "Egner, H. (2010): Theoretische Geographie. - Darmstadt."}
{"ref_seg_dic": {"title": [{"score": "0.1145", "value": "Neue"}, {"score": "0.1224", "value": "Wege"}], "year": [{"score": "0.2825", "value": "1999"}], "other": [{"score": "0.1412", "value": "geographi-"}], "author": [[{"score": "0.1973", "surname": "Glückler"}], [{"given-names": "J.", "score": "0.2843"}]]}, "ref_text_x": "Glückler, J. (1999): Neue Wege geographi-"}
{"ref_seg_dic": {"other": [{"score": "0.2075", "value": "Frankfurt"}], "title": [{"score": "0.0978", "value": "gramme"}, {"score": "0.0848", "value": "in"}, {"score": "0.145", "value": "der"}, {"score": "0.2046", "value": "Geographie"}]}, "ref_text_x": "gramme in der Geographie. - Frankfurt."}
{"ref_seg_dic": {"volume": [{"score": "0.2231", "value": "2"}], "title": [{"score": "0.1489", "value": "Der"}, {"score": "0.2038", "value": "Raum."}, {"score": "0.084", "value": "Geschichte"}, {"score": "0.1027", "value": "seiner"}, {"score": "0.1522", "value": "Probleme"}, {"score": "0.0991", "value": "in"}, {"score": "0.1184", "value": "Philosophie"}, {"score": "0.1305", "value": "und"}, {"score": "0.1074", "value": "Wissen­"}, {"score": "0.1261", "value": "schaften"}], "year": [{"score": "0.3445", "value": "1976"}], "other": [{"score": "0.1323", "value": "Bde"}, {"score": "0.1201", "value": "-Ereiburg"}, {"score": "0.1632", "value": "u"}, {"score": "0.1785", "value": "a"}], "author": [[{"score": "0.229", "surname": "Gosztonyi"}], [{"given-names": "A.", "score": "0.351"}]]}, "ref_text_x": "Gosztonyi, A. (1976): Der Raum. Geschichte seiner Probleme in Philosophie und Wissen­ schaften. 2 Bde. -Ereiburg u. a."}
{"ref_seg_dic": {"other": [{"score": "0.2175", "value": "Darmstadt"}], "title": [{"score": "0.0924", "value": "Lexikon"}, {"score": "0.1142", "value": "der"}, {"score": "0.1725", "value": "Raumphilosophie"}], "editor": [{"score": "0.1821", "value": "Günzel"}, {"score": "0.1209", "value": "St"}], "year": [{"score": "0.2643", "value": "2012"}]}, "ref_text_x": "Günzel, St. (Hrsg., 2012): Lexikon der Raumphilosophie. - Darmstadt."}
{"ref_seg_dic": {"title": [{"score": "0.1335", "value": "Raum-"}, {"score": "0.1966", "value": "Konzeptionen"}, {"score": "0.1321", "value": "in"}, {"score": "0.1401", "value": "der"}, {"score": "0.2076", "value": "Geographie"}], "year": [{"score": "0.3222", "value": "1986"}], "source": [{"score": "0.1481", "value": "Interna"}, {"score": "0.1605", "value": "tionale"}, {"score": "0.1007", "value": "Schulbuchforschung"}], "page": [{"score": "0.2267", "value": "129"}, {"score": "0.2267", "value": "144"}], "author": [[{"score": "0.1791", "surname": "Hantschel"}], [{"given-names": "R./Koch", "score": "0.2455"}], [{"given-names": "R.", "score": "0.1871"}]]}, "ref_text_x": "Hantschel, R./Koch, R. (1986): Raum- Konzeptionen in der Geographie. - In: Interna­ tionale Schulbuchforschung, 129-144."}
{"ref_seg_dic": {"title": [{"score": "0.1801", "value": "Die"}, {"score": "0.2226", "value": "Geographie."}, {"score": "0.1071", "value": "Eine"}, {"score": "0.1221", "value": "wissenschaftstheoretische"}, {"score": "0.134", "value": "Einführung"}], "year": [{"score": "0.317", "value": "1973"}], "other": [{"score": "0.1762", "value": "Berlin"}, {"score": "0.2054", "value": "New"}, {"score": "0.2235", "value": "York"}], "author": [[{"score": "0.2284", "surname": "Hard"}], [{"given-names": "G.", "score": "0.3335"}]]}, "ref_text_x": "Hard, G. (1973): Die Geographie. Eine wissenschaftstheoretische Einführung. - Berlin, New York."}
{"ref_seg_dic": {"title": [{"score": "0.1607", "value": "Zu"}, {"score": "0.154", "value": "den"}, {"score": "0.1419", "value": "Landschaftsbegriffen"}, {"score": "0.1356", "value": "der"}, {"score": "0.1967", "value": "Geographie"}], "year": [{"score": "0.241", "value": "1977"}], "editor": [{"score": "0.1048", "value": "Wallthor"}, {"score": "0.1083", "value": "A"}, {"score": "0.1006", "value": "H"}], "author": [[{"score": "0.2612", "surname": "Hard"}], [{"given-names": "G", "score": "0.178"}]]}, "ref_text_x": "Hard, G (1977): Zu den Landschaftsbegriffen der Geographie. - In: Wallthor, A. H. v./Quirin,"}
{"ref_seg_dic": {"other": [{"score": "0.1412", "value": "Münster"}], "title": [{"score": "0.1502", "value": "Landschaft"}, {"score": "0.1213", "value": "als"}, {"score": "0.144", "value": "interdiszipli­"}, {"score": "0.1163", "value": "näres"}, {"score": "0.1298", "value": "Forschungsproblem"}], "editor": [{"score": "0.2112", "value": "H"}], "page": [{"score": "0.2229", "value": "13"}, {"score": "0.2229", "value": "23"}], "year": [{"score": "0.3706", "value": "1977"}]}, "ref_text_x": "H. (Hrsg. 1977): \"Landschaft\" als interdiszipli­ näres Forschungsproblem. Münster, 13-23."}
{"ref_seg_dic": {"title": [{"score": "0.1534", "value": "Eine"}, {"score": "0.1731", "value": "Raum-"}, {"score": "0.1306", "value": "Klärung"}, {"score": "0.1243", "value": "für"}, {"score": "0.1108", "value": "aufgeweckte"}, {"score": "0.1592", "value": "Studenten"}], "author": [[{"score": "0.2045", "surname": "Hard"}], [{"given-names": "G./Bartels", "score": "0.2687"}], [{"given-names": "D.", "score": "0.2588"}]], "volume": [{"score": "0.2652", "value": "2.-"}], "source": [{"score": "0.1386", "value": "Dimensionen"}, {"score": "0.1534", "value": "geographischen"}, {"score": "0.1522", "value": "Denkens"}], "other": [{"score": "0.1488", "value": "Göttingen"}], "editor": [{"score": "0.1245", "value": "Hard"}, {"score": "0.1608", "value": "G"}], "year": [{"score": "0.3173", "value": "1977"}, {"score": "0.2604", "value": "2003"}], "page": [{"score": "0.212", "value": "15-28"}]}, "ref_text_x": "Hard, G./Bartels, D. (1977): Eine \"Raum\"- Klärung für aufgeweckte Studenten. - In: Hard, G. (2003): Dimensionen geographischen Denkens. Bd. 2.- Göttingen, 15-28."}
{"ref_seg_dic": {"title": [{"score": "0.191", "value": "Wissenschaft"}, {"score": "0.1292", "value": "als"}, {"score": "0.1488", "value": "Handlung"}], "year": [{"score": "0.2684", "value": "1968"}], "other": [{"score": "0.238", "value": "Berlin"}], "author": [[{"score": "0.2464", "surname": "Holzkamp"}], [{"given-names": "K.", "score": "0.3134"}]]}, "ref_text_x": "Holzkamp, K. (1968): Wissenschaft als Handlung. - Berlin."}
{"ref_seg_dic": {"title": [{"score": "0.1621", "value": "Das"}, {"score": "0.2078", "value": "Problem"}, {"score": "0.1098", "value": "des"}, {"score": "0.1024", "value": "Raumes."}, {"score": "0.053", "value": "Die"}, {"score": "0.1148", "value": "Entwicklung"}, {"score": "0.1223", "value": "der"}, {"score": "0.1467", "value": "Raumtheorien"}], "year": [{"score": "0.3589", "value": "21980"}], "other": [{"score": "0.217", "value": "Darmstadt"}], "author": [[{"score": "0.2405", "surname": "Jammer"}], [{"given-names": "M.", "score": "0.3028"}]]}, "ref_text_x": "Jammer, M. (21980): Das Problem des Raumes. Die Entwicklung der Raumtheorien. - Darmstadt."}
{"ref_seg_dic": {"title": [{"score": "0.136", "value": "Axiomatische"}, {"score": "0.14", "value": "Leitsätze"}], "year": [{"score": "0.2788", "value": "1986"}], "other": [{"score": "0.1371", "value": "für"}], "author": [[{"score": "0.216", "surname": "Köck"}], [{"given-names": "H.", "score": "0.2646"}]]}, "ref_text_x": "Köck, H. (1986): Axiomatische Leitsätze für"}
{"ref_seg_dic": {"source": [{"score": "0.2028", "value": "Theoriegeleiteter"}, {"score": "0.1682", "value": "Geographieunterricht"}], "editor": [{"score": "0.1307", "value": "In"}, {"score": "0.1805", "value": "Köck"}, {"score": "0.2778", "value": "H"}], "title": [{"score": "0.0858", "value": "den"}, {"score": "0.1252", "value": "Geographieunterricht"}]}, "ref_text_x": "den Geographieunterricht. - In: Köck, H. (Hrsg.): Theoriegeleiteter Geographieunterricht."}
{"ref_seg_dic": {"page": [{"score": "0.2348", "value": "165"}, {"score": "0.2348", "value": "181"}], "author": [[{"score": "0.1329", "surname": "Lüneburg"}]]}, "ref_text_x": "Lüneburg, 165-181."}
{"ref_seg_dic": {"title": [{"score": "0.1442", "value": "Chorische"}, {"score": "0.1374", "value": "Logik-die"}, {"score": "0.1214", "value": "Grundperspektive"}, {"score": "0.0992", "value": "geographischer"}], "year": [{"score": "0.2851", "value": "1987"}], "other": [{"score": "0.1566", "value": "Welt"}], "author": [[{"score": "0.2243", "surname": "Köck"}], [{"given-names": "H.", "score": "0.2858"}]]}, "ref_text_x": "Köck, H. (1987): Chorische Logik-die Grundperspektive geographischer Welt­"}
{"ref_seg_dic": {"source": [{"score": "0.2166", "value": "Geographie"}, {"score": "0.1605", "value": "des"}, {"score": "0.1", "value": "Menschen"}, {"score": "0.0867", "value": "Dietrich"}, {"score": "0.1034", "value": "Bartels"}, {"score": "0.1137", "value": "zum"}, {"score": "0.136", "value": "Gedenken"}], "other": [{"score": "0.1915", "value": "Bremen"}], "editor": [{"score": "0.1171", "value": "Bahrenberg"}, {"score": "0.2541", "value": "G"}, {"score": "0.1263", "value": "etal"}], "page": [{"score": "0.2472", "value": "179"}, {"score": "0.2472", "value": "194"}], "title": [{"score": "0.1242", "value": "betrachtung."}]}, "ref_text_x": "betrachtung. - In: Bahrenberg, G. etal. (Hrsg.): Geographie des Menschen. Dietrich Bartels zum Gedenken. Bremen, 179-194."}
{"ref_seg_dic": {"title": [{"score": "0.1521", "value": "Die"}, {"score": "0.1614", "value": "Rolle"}, {"score": "0.1341", "value": "des"}, {"score": "0.1267", "value": "Raumes"}], "year": [{"score": "0.2717", "value": "1997"}], "other": [{"score": "0.1774", "value": "als"}, {"score": "0.1535", "value": "zu"}], "author": [[{"score": "0.2233", "surname": "Köck"}], [{"given-names": "H.", "score": "0.2969"}]]}, "ref_text_x": "Köck, H. (1997): Die Rolle des Raumes als zu"}
{"ref_seg_dic": {"title": [{"score": "0.1644", "value": "Der"}, {"score": "0.142", "value": "Raum"}, {"score": "0.085", "value": "-"}, {"score": "0.1187", "value": "die"}, {"score": "0.1032", "value": "Mitte"}], "year": [{"score": "0.3208", "value": "2004"}], "other": [{"score": "0.174", "value": "der"}], "author": [[{"score": "0.2308", "surname": "Köck"}], [{"given-names": "H.", "score": "0.306"}]]}, "ref_text_x": "Köck, H. (2004): Der Raum - die Mitte der"}
{"ref_seg_dic": {"source": [{"score": "0.0966", "value": "Erkenntnisleitende"}, {"score": "0.1097", "value": "Ansätze"}, {"score": "0.0862", "value": "-"}, {"score": "0.1182", "value": "Schlüssel"}, {"score": "0.0892", "value": "zur"}, {"score": "0.1327", "value": "Profilierung"}, {"score": "0.1253", "value": "des"}, {"score": "0.1406", "value": "Geographieunterrichts"}], "other": [{"score": "0.1486", "value": "Köln"}], "editor": [{"score": "0.1356", "value": "Köck"}, {"score": "0.172", "value": "H./Rempfler"}, {"score": "0.0997", "value": "A"}], "page": [{"score": "0.2294", "value": "12"}, {"score": "0.2294", "value": "18"}], "title": [{"score": "0.1236", "value": "Geographie."}]}, "ref_text_x": "Geographie. - In: Köck, H./Rempfler, A.: Erkenntnisleitende Ansätze - Schlüssel zur Profilierung des Geographieunterrichts. Köln, 12-18."}
{"ref_seg_dic": {"source": [{"score": "0.2533", "value": "Die"}], "title": [{"score": "0.1776", "value": "Der"}, {"score": "0.1769", "value": "chorologische"}, {"score": "0.0863", "value": "Raum-"}, {"score": "0.1257", "value": "Die"}, {"score": "0.1438", "value": "Mitte"}, {"score": "0.1451", "value": "der"}, {"score": "0.1939", "value": "Geographie"}], "year": [{"score": "0.3242", "value": "2005"}], "editor": [{"score": "0.1074", "value": "In"}, {"score": "0.0907", "value": "Horst"}, {"score": "0.0952", "value": "U.f"}, {"score": "0.1088", "value": "Kanwischer"}, {"score": "0.2216", "value": "D./Strathenwerth"}, {"score": "0.1864", "value": "D"}], "author": [[{"score": "0.2293", "surname": "Köck"}], [{"given-names": "H.", "score": "0.3278"}]]}, "ref_text_x": "Köck, H. (2005): Der chorologische Raum- Die Mitte der Geographie. - In: Horst, U.f Kanwischer, D./Strathenwerth, D. (Hrsg.): Die"}
{"ref_seg_dic": {"source": [{"score": "0.1273", "value": "Rhode-Jüchtern"}], "other": [{"score": "0.2045", "value": "Berlin"}], "page": [{"score": "0.2328", "value": "45"}, {"score": "0.2328", "value": "56"}]}, "ref_text_x": "Rhode-Jüchtern. Berlin, 45-56."}
{"ref_seg_dic": {"title": [{"score": "0.1359", "value": "Thesen"}, {"score": "0.1535", "value": "zur"}], "year": [{"score": "0.2358", "value": "2008"}], "other": [{"score": "0.1233", "value": "innergeographi"}], "author": [[{"score": "0.214", "surname": "Köck"}], [{"given-names": "H.", "score": "0.266"}]]}, "ref_text_x": "Köck, H. (2008): Thesen zur innergeographi­"}
{"ref_seg_dic": {"source": [{"score": "0.1038", "value": "geographische"}, {"score": "0.1213", "value": "revue"}], "issue": [{"score": "0.2233", "value": "1"}], "page": [{"score": "0.2981", "value": "31"}, {"score": "0.2981", "value": "39"}]}, "ref_text_x": "tion. -In: geographische revue, H. 1, 31-39."}
{"ref_seg_dic": {"title": [{"score": "0.1289", "value": "Sozialgeo­"}, {"score": "0.0945", "value": "graphie.-Braunschweig"}], "year": [{"score": "0.2335", "value": "1977"}], "author": [[{"score": "0.1865", "surname": "Maier"}], [{"given-names": "J./Paesler", "score": "0.197"}], [{"given-names": "R.", "score": "0.1658"}], [{"score": "0.0863", "surname": "etal"}]]}, "ref_text_x": "Maier, J./Paesler, R. etal. (1977): Sozialgeo­ graphie.-Braunschweig."}
{"ref_seg_dic": {"source": [{"score": "0.1355", "value": "Die"}, {"score": "0.1001", "value": "aufgeräumte"}], "editor": [{"score": "0.199", "value": "Mayer"}], "year": [{"score": "0.2119", "value": "1993"}]}, "ref_text_x": "Mayer,). (Hrsg., 1993): Die aufgeräumte"}
{"ref_seg_dic": {"other": [{"score": "0.1349", "value": "Loccum"}]}, "ref_text_x": "Loccum."}
{"ref_seg_dic": {"title": [{"score": "0.1609", "value": "Der"}, {"score": "0.1526", "value": "gezähmte"}, {"score": "0.0721", "value": "Blick"}], "year": [{"score": "0.2808", "value": "2002"}], "author": [[{"score": "0.1374", "surname": "Miggelbrink"}]]}, "ref_text_x": "Miggelbrink,). (2002): Der gezähmte Blick."}
{"ref_seg_dic": {"other": [{"score": "0.2196", "value": "Leipzig"}], "editor": [{"score": "0.1267", "value": "Jahrhunderts"}]}, "ref_text_x": "Jahrhunderts. - Leipzig."}
{"ref_seg_dic": {"title": [{"score": "0.167", "value": "Die"}, {"score": "0.1544", "value": "axiomatischen"}, {"score": "0.1763", "value": "Grundlagen"}, {"score": "0.1142", "value": "der"}, {"score": "0.1907", "value": "Geographie"}], "year": [{"score": "0.2721", "value": "1956"}], "source": [{"score": "0.1598", "value": "Geographi"}, {"score": "0.1709", "value": "sche"}, {"score": "0.1326", "value": "Berichte"}], "page": [{"score": "0.1974", "value": "85"}, {"score": "0.1974", "value": "91"}], "author": [[{"score": "0.2487", "surname": "Neef"}], [{"given-names": "F.", "score": "0.3462"}]]}, "ref_text_x": "Neef, F. (1956): Die axiomatischen Grundlagen der Geographie. - In: Geographi­ sche Berichte, 85-91."}
{"ref_seg_dic": {"title": [{"score": "0.1752", "value": "Die"}, {"score": "0.1575", "value": "theoretischen"}, {"score": "0.1353", "value": "Grundla­"}, {"score": "0.1155", "value": "gen"}, {"score": "0.1229", "value": "der"}, {"score": "0.1684", "value": "Landschaftslehre"}], "year": [{"score": "0.2707", "value": "1967"}], "other": [{"score": "0.1786", "value": "Gotha"}], "author": [[{"score": "0.2196", "surname": "Neef"}], [{"given-names": "E.", "score": "0.3475"}]]}, "ref_text_x": "Neef, E. (1967): Die theoretischen Grundla­ gen der Landschaftslehre. - Gotha."}
{"ref_seg_dic": {"title": [{"score": "0.1866", "value": "Räume."}, {"score": "0.0914", "value": "Konzepte,"}, {"score": "0.0846", "value": "Wahrneh­"}, {"score": "0.1075", "value": "mungen,"}, {"score": "0.0952", "value": "Nutzungen"}], "year": [{"score": "0.4276", "value": "2013"}], "other": [{"score": "0.1505", "value": "Frankfurt/NewYork"}], "author": [[{"score": "0.2453", "surname": "Rau"}], [{"given-names": "S.", "score": "0.2948"}]]}, "ref_text_x": "Rau, S. (2013): Räume. Konzepte, Wahrneh­ mungen, Nutzungen. - Frankfurt/NewYork."}
{"ref_seg_dic": {"title": [{"score": "0.1799", "value": "Conceptions"}, {"score": "0.1743", "value": "ofgeographie"}, {"score": "0.1726", "value": "space"}], "author": [[{"score": "0.2421", "surname": "Sack"}], [{"given-names": "R.", "score": "0.3066"}]], "source": [{"score": "0.2117", "value": "Progress"}, {"score": "0.1677", "value": "in"}, {"score": "0.1637", "value": "Human"}, {"score": "0.1902", "value": "Geography"}], "year": [{"score": "0.2836", "value": "1980"}], "issue": [{"score": "0.1707", "value": "3"}], "page": [{"score": "0.3096", "value": "313"}, {"score": "0.3096", "value": "345"}]}, "ref_text_x": "Sack, R. (1980): Conceptions ofgeographie space. - In: Progress in Human Geography. H. 3, 313-345."}
{"ref_seg_dic": {"volume": [{"score": "0.1574", "value": "3"}], "title": [{"score": "0.1255", "value": "Der"}, {"score": "0.1656", "value": "Raum"}], "year": [{"score": "0.2735", "value": "1967/1969/1973"}], "other": [{"score": "0.1274", "value": "Bde.-Bonn"}], "author": [[{"score": "0.2536", "surname": "Schmitz"}], [{"given-names": "H.", "score": "0.296"}]]}, "ref_text_x": "Schmitz, H. (1967/1969/1973): Der Raum. 3 Bde.-Bonn."}
{"ref_seg_dic": {"volume": [{"score": "0.188", "value": "5"}], "title": [{"score": "0.1674", "value": "Das"}, {"score": "0.1787", "value": "war/ist"}, {"score": "0.1391", "value": "geogra­"}, {"score": "0.1025", "value": "phisches"}, {"score": "0.1328", "value": "Denken..."}, {"score": "0.0571", "value": "(Textauszüge"}, {"score": "0.1195", "value": "von"}, {"score": "0.1021", "value": "1728"}, {"score": "0.0863", "value": "bis"}, {"score": "0.1151", "value": "heute"}], "year": [{"score": "0.3249", "value": "2007"}], "other": [{"score": "0.1267", "value": "Bde"}, {"score": "0.0877", "value": "-"}, {"score": "0.2307", "value": "Berlin"}], "author": [[{"score": "0.2475", "surname": "Schultz"}], [{"given-names": "H.-D", "score": "0.3103"}]]}, "ref_text_x": "Schultz, H.-D. (2007): Das war/ist geogra­ phisches Denken... (Textauszüge von 1728 bis heute). 5 Bde. - Berlin."}
{"ref_seg_dic": {"title": [{"score": "0.1632", "value": "Raumkonstruktio­"}, {"score": "0.1814", "value": "nen"}, {"score": "0.1299", "value": "in"}, {"score": "0.1312", "value": "der"}, {"score": "0.1865", "value": "Geographie"}], "year": [{"score": "0.3043", "value": "2012"}], "other": [{"score": "0.2031", "value": "Wien"}], "author": [[{"score": "0.1664", "surname": "Seebacher"}], [{"given-names": "M.", "score": "0.3188"}], [{"given-names": "M.", "score": "0.1978"}]]}, "ref_text_x": "Seebacher, M. M. (2012): Raumkonstruktio­ nen in der Geographie. - Wien."}
{"ref_seg_dic": {"title": [{"score": "0.1903", "value": "Einführung"}, {"score": "0.1509", "value": "in"}], "author": [[{"score": "0.2649", "surname": "Seiffert"}], [{"given-names": "H.", "score": "0.3161"}]], "volume": [{"score": "0.2003", "value": "1"}], "source": [{"score": "0.194", "value": "die"}, {"score": "0.1945", "value": "Wissenschaftstheorie"}], "other": [{"score": "0.1564", "value": "München"}], "year": [{"score": "0.2928", "value": "101983"}]}, "ref_text_x": "Seiffert, H. (101983): Einführung in die Wissenschaftstheorie. Bd. 1. - München."}
{"ref_seg_dic": {"title": [{"score": "0.2067", "value": "Sozialgeographie."}], "year": [{"score": "0.2749", "value": "1972"}], "other": [{"score": "0.1842", "value": "Eine"}], "author": [[{"score": "0.1864", "surname": "Thomale"}], [{"given-names": "E.", "score": "0.2626"}]]}, "ref_text_x": "Thomale, E. (1972): Sozialgeographie. Eine"}
{"ref_seg_dic": {"other": [{"score": "0.1296", "value": "burg"}]}, "ref_text_x": "burg."}
{"ref_seg_dic": {"title": [{"score": "0.163", "value": "Alte"}, {"score": "0.1759", "value": "und"}, {"score": "0.1031", "value": "neue"}, {"score": "0.0974", "value": "Raumkonzepte"}, {"score": "0.1021", "value": "für"}, {"score": "0.1081", "value": "den"}, {"score": "0.1657", "value": "Geographieunterricht"}], "author": [[{"score": "0.2765", "surname": "Wardenga"}], [{"given-names": "U.", "score": "0.2968"}]], "source": [{"score": "0.1701", "value": "geographie"}, {"score": "0.154", "value": "heute"}], "year": [{"score": "0.2629", "value": "2002"}], "issue": [{"score": "0.1627", "value": "200"}], "page": [{"score": "0.2954", "value": "8"}, {"score": "0.2954", "value": "11"}]}, "ref_text_x": "Wardenga, U. (2002): Alte und neue Raumkonzepte für den Geographieunterricht. - In: geographie heute, H. 200, 8-11."}
{"ref_seg_dic": {"title": [{"score": "0.145", "value": "Raum-"}, {"score": "0.1764", "value": "und"}, {"score": "0.1209", "value": "Kulturbe­"}, {"score": "0.1362", "value": "griffe"}, {"score": "0.128", "value": "in"}, {"score": "0.1386", "value": "der"}, {"score": "0.2118", "value": "Geographie"}], "author": [[{"score": "0.273", "surname": "Wardenga"}], [{"given-names": "U.", "score": "0.2945"}]], "source": [{"score": "0.2059", "value": "TatOrte"}, {"score": "0.1844", "value": "Neue"}, {"score": "0.1343", "value": "Raumkonzepte"}, {"score": "0.1198", "value": "didaktisch"}, {"score": "0.104", "value": "inszeniert"}], "other": [{"score": "0.1775", "value": "Berlin"}, {"score": "0.1366", "value": "Münster"}], "editor": [{"score": "0.1101", "value": "Dickel"}, {"score": "0.1626", "value": "M"}, {"score": "0.1629", "value": "Kanwischer"}, {"score": "0.1963", "value": "D"}], "year": [{"score": "0.2721", "value": "2006"}], "page": [{"score": "0.2772", "value": "21"}, {"score": "0.2772", "value": "47"}]}, "ref_text_x": "Wardenga, U. (2006): Raum- und Kulturbe­ griffe in der Geographie. - In: Dickel, M./ Kanwischer, D. (Hrsg.): TatOrte. Neue Raumkonzepte didaktisch inszeniert. - Berlin, Münster, 21-47."}
{"ref_seg_dic": {"title": [{"score": "0.1325", "value": "Die"}, {"score": "0.1313", "value": "Räume"}], "year": [{"score": "0.2824", "value": "1999"}], "other": [{"score": "0.1541", "value": "zwischen"}], "author": [[{"score": "0.2209", "surname": "Weichhart"}], [{"given-names": "P.", "score": "0.2841"}]]}, "ref_text_x": "Weichhart, P. (1999): Die Räume zwischen"}
{"ref_seg_dic": {"source": [{"score": "0.1774", "value": "Handlungszentrierte"}, {"score": "0.1463", "value": "Sozialgeographie"}, {"score": "0.0797", "value": "Benno"}, {"score": "0.1164", "value": "Werlens"}, {"score": "0.1395", "value": "Entwurf"}, {"score": "0.1106", "value": "in"}, {"score": "0.1535", "value": "kritischer"}, {"score": "0.1863", "value": "Diskussion"}], "other": [{"score": "0.1857", "value": "Stuttgart"}], "editor": [{"score": "0.2236", "value": "Meusburger"}, {"score": "0.3046", "value": "P"}], "page": [{"score": "0.2385", "value": "67"}, {"score": "0.2385", "value": "94"}], "title": [{"score": "0.1297", "value": "Geographie.-"}]}, "ref_text_x": "Geographie.- In: Meusburger, P. (Hrsg.): Handlungszentrierte Sozialgeographie. Benno Werlens Entwurf in kritischer Diskussion. Stuttgart, 67-94."}
{"ref_seg_dic": {"source": [{"score": "0.1114", "value": "Raumkonstruktionen"}], "year": [{"score": "0.2924", "value": "2010"}], "author": [[{"score": "0.2048", "surname": "Weichhart"}], [{"given-names": "P.", "score": "0.2454"}]]}, "ref_text_x": "Weichhart, P. (2010): Raumkonstruktionen,"}
{"ref_seg_dic": {"source": [{"score": "0.2406", "value": "Tourismusräume"}, {"score": "0.1411", "value": "Bielefeld"}], "page": [{"score": "0.223", "value": "21-39"}], "editor": [{"score": "0.1313", "value": "Wähler"}, {"score": "0.2266", "value": "K./Pott"}, {"score": "0.2316", "value": "A./Denzer"}, {"score": "0.2254", "value": "V"}], "title": [{"score": "0.0916", "value": "Turns"}, {"score": "0.091", "value": "und"}, {"score": "0.1927", "value": "Paradigmen"}]}, "ref_text_x": "Turns\" und Paradigmen. - In: Wähler, K./Pott, A./Denzer, V. (Hrsg.): Tourismusräume. Bielefeld, 21-39."}
{"ref_seg_dic": {"volume": [{"score": "0.1804", "value": "14"}, {"score": "0.1315", "value": "76877"}], "source": [{"score": "0.1319", "value": "Albert-Schweit-"}, {"score": "0.126", "value": "zer-Straße"}], "other": [{"score": "0.1471", "value": "Offenbach"}, {"score": "0.1786", "value": "d"}, {"score": "0.173", "value": "Universität"}], "title": [{"score": "0.0823", "value": "Anschrift"}, {"score": "0.0829", "value": "des"}, {"score": "0.1491", "value": "Verfassers"}, {"score": "0.1647", "value": "Prof."}, {"score": "0.08", "value": "Dr."}, {"score": "0.0627", "value": "Dr."}, {"score": "0.059", "value": "Helmuth"}, {"score": "0.0998", "value": "Köck,"}, {"score": "0.0696", "value": "p"}]}, "ref_text_x": "Anschrift des Verfassers Prof. Dr. Dr. Helmuth Köck, p.: Albert-Schweit- zer-Straße 14, 76877 Offenbach, d.: Universität"}
{"ref_seg_dic": {"volume": [{"score": "0.1299", "value": "3"}], "other": [{"score": "0.1612", "value": "Campus"}, {"score": "0.1197", "value": "Landau"}, {"score": "0.1598", "value": "JAHRGANG/2014"}], "editor": [{"score": "0.1274", "value": "Koblenz-Landau"}], "author": [[{"score": "0.1339", "surname": "HER209/36"}]]}, "ref_text_x": "Koblenz-Landau, Campus Landau 3 iS. HER209/36. JAHRGANG/2014"}
{"ref_seg_dic": {"volume": [{"score": "0.1385", "value": "2.1"}], "source": [{"score": "0.1323", "value": "Theoretische"}, {"score": "0.1393", "value": "Grundlagen"}], "other": [{"score": "0.1374", "value": "Raumkonzepte"}]}, "ref_text_x": "Theoretische Grundlagen 2.1 Raumkonzepte"}
{"ref_seg_dic": {"other": [{"score": "0.1499", "value": "Köck"}, {"score": "0.1573", "value": "Weichhart"}, {"score": "0.132", "value": "diskutiert"}, {"score": "0.1431", "value": "werden"}, {"score": "0.1534", "value": "wurde"}, {"score": "0.1595", "value": "der"}], "year": [{"score": "0.2221", "value": "2006"}, {"score": "0.2065", "value": "2008"}], "page": [{"score": "0.1407", "value": "75"}], "title": [{"score": "0.0988", "value": "Obwohl"}, {"score": "0.077", "value": "in"}, {"score": "0.1436", "value": "der"}, {"score": "0.1795", "value": "Geographie"}, {"score": "0.121", "value": "eine"}, {"score": "0.1313", "value": "Vielzahl"}, {"score": "0.0912", "value": "unterschiedlicher"}, {"score": "0.1023", "value": "Raumkonzepte"}, {"score": "0.08", "value": "(siehe"}, {"score": "0.1131", "value": "Einleitungsbeitrag"}]}, "ref_text_x": "Obwohl in der Geographie eine Vielzahl unterschiedlicher Raumkonzepte (siehe Einleitungsbeitrag; Köck 2006; Weichhart 2008, 75 ff.) diskutiert werden, wurde der"}
{"ref_seg_dic": {"year": [{"score": "0.2305", "value": "2002.1"}, {"score": "0.1725", "value": "2002.2"}], "other": [{"score": "0.132", "value": "Demnach"}, {"score": "0.1489", "value": "wird"}], "title": [{"score": "0.0716", "value": "Fokus"}, {"score": "0.0756", "value": "dieser"}, {"score": "0.1338", "value": "Studie"}, {"score": "0.1259", "value": "angesichts"}, {"score": "0.1143", "value": "des"}, {"score": "0.1059", "value": "Stel­"}, {"score": "0.1041", "value": "lenwertes"}, {"score": "0.0919", "value": "für"}, {"score": "0.081", "value": "den"}, {"score": "0.0962", "value": "Geographieunterricht"}, {"score": "0.0917", "value": "auf"}, {"score": "0.1006", "value": "die"}, {"score": "0.1054", "value": "Raumkonzepte"}, {"score": "0.0956", "value": "nach"}, {"score": "0.0712", "value": "Wardenga"}, {"score": "0.1416", "value": "begrenzt."}]}, "ref_text_x": "Fokus dieser Studie angesichts des Stel­ lenwertes für den Geographieunterricht auf die Raumkonzepte nach Wardenga (2002.1; 2002.2) begrenzt. Demnach wird"}
{"ref_seg_dic": {"source": [{"score": "0.1253", "value": "Mit"}, {"score": "0.1116", "value": "den"}, {"score": "0.1537", "value": "Raumkonzepten"}, {"score": "0.1036", "value": "verbunden"}, {"score": "0.1108", "value": "sind"}, {"score": "0.1381", "value": "Aussagen"}, {"score": "0.127", "value": "über"}, {"score": "0.1184", "value": "das"}, {"score": "0.1468", "value": "Wesen"}, {"score": "0.0967", "value": "des"}, {"score": "0.1127", "value": "jeweiligen"}], "title": [{"score": "0.0801", "value": "zwischen"}, {"score": "0.0786", "value": "folgenden"}, {"score": "0.1235", "value": "vier"}, {"score": "0.1251", "value": "Raumkonzepten"}, {"score": "0.1084", "value": "unterschieden:"}, {"score": "0.1096", "value": "Raum"}, {"score": "0.1055", "value": "als"}, {"score": "0.1275", "value": "Container,"}, {"score": "0.0815", "value": "Raum"}, {"score": "0.0955", "value": "als"}, {"score": "0.1314", "value": "System"}, {"score": "0.1304", "value": "von"}, {"score": "0.1144", "value": "Lagebeziehungen,"}, {"score": "0.0727", "value": "Raum"}, {"score": "0.0792", "value": "als"}, {"score": "0.103", "value": "Kategorie"}, {"score": "0.1024", "value": "der"}, {"score": "0.1208", "value": "Sinneswahrnehmung"}, {"score": "0.1076", "value": "und"}, {"score": "0.0941", "value": "Raum"}, {"score": "0.0677", "value": "als"}, {"score": "0.083", "value": "Konstrukt"}, {"score": "0.0883", "value": "(ausführlich"}, {"score": "0.1044", "value": "siehe"}, {"score": "0.0957", "value": "Beitrag"}, {"score": "0.088", "value": "von"}, {"score": "0.1161", "value": "Köck"}, {"score": "0.115", "value": "in"}, {"score": "0.1162", "value": "diesem"}, {"score": "0.127", "value": "Heft"}]}, "ref_text_x": "zwischen folgenden vier Raumkonzepten unterschieden: Raum als Container, Raum als System von Lagebeziehungen, Raum als Kategorie der Sinneswahrnehmung und Raum als Konstrukt (ausführlich siehe Beitrag von Köck in diesem Heft). Mit den Raumkonzepten verbunden sind Aussagen über das Wesen des jeweiligen"}
{"ref_seg_dic": {"other": [{"score": "0.1629", "value": "so"}], "title": [{"score": "0.0755", "value": "können"}, {"score": "0.0763", "value": "jedoch"}, {"score": "0.1182", "value": "auch"}, {"score": "0.1083", "value": "typische"}, {"score": "0.0967", "value": "Frage-"}, {"score": "0.0903", "value": "be­"}, {"score": "0.1036", "value": "ziehungsweise"}, {"score": "0.1003", "value": "Aufgabenstellungen"}]}, "ref_text_x": "können jedoch auch typische Frage- be­ ziehungsweise Aufgabenstellungen so­"}
{"ref_seg_dic": {"other": [{"score": "0.1298", "value": "respektive"}], "title": [{"score": "0.0802", "value": "konzept"}, {"score": "0.0798", "value": "korrespondierenden"}, {"score": "0.1161", "value": "typischen"}, {"score": "0.1073", "value": "Auswahl"}, {"score": "0.1123", "value": "von"}, {"score": "0.1481", "value": "Materialien"}, {"score": "0.0964", "value": "in"}, {"score": "0.1055", "value": "Kombina­"}, {"score": "0.1061", "value": "tion"}, {"score": "0.0918", "value": "passender"}, {"score": "0.0971", "value": "Arbeitsaufträge"}]}, "ref_text_x": "konzept korrespondierenden typischen Auswahl von Materialien in Kombina­ tion passender Arbeitsaufträge respektive"}
{"ref_seg_dic": {"volume": [{"score": "0.1354", "value": "2.2"}], "source": [{"score": "0.1841", "value": "diesem"}, {"score": "0.1372", "value": "Heft"}], "other": [{"score": "0.1381", "value": "Einstellungen"}], "title": [{"score": "0.0863", "value": "Fachmethoden"}, {"score": "0.0713", "value": "wider,"}, {"score": "0.1003", "value": "mit"}, {"score": "0.1218", "value": "denen"}, {"score": "0.1356", "value": "diese"}, {"score": "0.1391", "value": "erschlossen"}, {"score": "0.1309", "value": "werden"}, {"score": "0.0879", "value": "können"}, {"score": "0.08", "value": "(z."}, {"score": "0.0572", "value": "B."}, {"score": "0.0564", "value": "Ana­"}, {"score": "0.1045", "value": "lyse"}, {"score": "0.1006", "value": "des"}, {"score": "0.1089", "value": "Bodens"}, {"score": "0.102", "value": "mittels"}, {"score": "0.1", "value": "pH-Meter"}, {"score": "0.0891", "value": "oder"}, {"score": "0.0957", "value": "Analyse"}, {"score": "0.1093", "value": "der"}, {"score": "0.1157", "value": "subjektiven"}, {"score": "0.0962", "value": "Raumwahrneh­"}, {"score": "0.0948", "value": "mungen"}, {"score": "0.0931", "value": "mittels"}, {"score": "0.0936", "value": "Auswertung"}, {"score": "0.0942", "value": "von"}, {"score": "0.0747", "value": "Mental-"}, {"score": "0.0975", "value": "Maps,"}, {"score": "0.0608", "value": "siehe"}, {"score": "0.0769", "value": "Beitrag"}, {"score": "0.0948", "value": "Bette"}, {"score": "0.1062", "value": "in"}]}, "ref_text_x": "Fachmethoden wider, mit denen diese erschlossen werden können (z. B. Ana­ lyse des Bodens mittels pH-Meter oder Analyse der subjektiven Raumwahrneh­ mungen mittels Auswertung von Mental- Maps, siehe Beitrag Bette in diesem Heft). 2.2 Einstellungen"}
{"ref_seg_dic": {"publisher": [{"score": "0.1088", "value": "positiv"}, {"score": "0.1317", "value": "negativ"}], "other": [{"score": "0.1641", "value": "oder"}, {"score": "0.1196", "value": "Richtung"}, {"score": "0.1343", "value": "unterschei"}, {"score": "0.1426", "value": "den"}, {"score": "0.1816", "value": "das"}, {"score": "0.1079", "value": "heißt"}, {"score": "0.1772", "value": "sie"}, {"score": "0.1314", "value": "sind"}], "issue": [{"score": "0.1476", "value": "1"}], "title": [{"score": "0.0879", "value": "Einstellungen"}, {"score": "0.0809", "value": "sind"}, {"score": "0.2075", "value": "(...)"}, {"score": "0.0989", "value": "eine"}, {"score": "0.1424", "value": "psychische"}, {"score": "0.1181", "value": "Tendenz,"}, {"score": "0.097", "value": "die"}, {"score": "0.11", "value": "dadurch"}, {"score": "0.1335", "value": "zum"}, {"score": "0.1284", "value": "Ausdruck"}, {"score": "0.1169", "value": "kommt,"}, {"score": "0.0741", "value": "dass"}, {"score": "0.094", "value": "man"}, {"score": "0.1202", "value": "ein"}, {"score": "0.1059", "value": "bestimmtes"}, {"score": "0.1054", "value": "Ob­"}, {"score": "0.1099", "value": "jekt"}, {"score": "0.1173", "value": "mit"}, {"score": "0.1221", "value": "einem"}, {"score": "0.1066", "value": "gewissen"}, {"score": "0.0843", "value": "Grad"}, {"score": "0.1016", "value": "an"}, {"score": "0.1214", "value": "Zunei­"}, {"score": "0.1247", "value": "gung"}, {"score": "0.1096", "value": "oder"}, {"score": "0.1109", "value": "Abneigung"}, {"score": "0.1064", "value": "bewertet"}, {"score": "0.0837", "value": "(Eagly"}, {"score": "0.0977", "value": "und"}, {"score": "0.0737", "value": "Chaiken"}, {"score": "0.0765", "value": "1993"}, {"score": "0.0858", "value": "stellungen"}, {"score": "0.1081", "value": "können"}, {"score": "0.0912", "value": "sich"}, {"score": "0.1041", "value": "zum"}, {"score": "0.1198", "value": "einen"}, {"score": "0.0865", "value": "in"}, {"score": "0.0813", "value": "ih­"}, {"score": "0.0803", "value": "rer"}, {"score": "0.088", "value": "Valenz"}]}, "ref_text_x": "Einstellungen sind \"(...) eine psychische Tendenz, die dadurch zum Ausdruck kommt, dass man ein bestimmtes Ob­ jekt mit einem gewissen Grad an Zunei­ gung oder Abneigung bewertet\" (Eagly und Chaiken 1993, 1, eig. Übersetzung). Ein­ stellungen können sich zum einen in ih­ rer Valenz (oder Richtung) unterschei­ den, das heißt, sie sind positiv, negativ"}
{"ref_seg_dic": {"other": [{"score": "0.1432", "value": "Haddock"}, {"score": "0.1294", "value": "und"}, {"score": "0.1283", "value": "Maio"}], "title": [{"score": "0.0903", "value": "oder"}, {"score": "0.0837", "value": "neutral,"}, {"score": "0.1058", "value": "zum"}, {"score": "0.1369", "value": "anderen"}, {"score": "0.1205", "value": "können"}, {"score": "0.1276", "value": "sie"}, {"score": "0.0929", "value": "in"}, {"score": "0.1168", "value": "Bezug"}, {"score": "0.1233", "value": "auf"}, {"score": "0.1108", "value": "ihre"}, {"score": "0.1148", "value": "Stärke"}, {"score": "0.1327", "value": "unterschieden"}, {"score": "0.1019", "value": "wer­"}, {"score": "0.1181", "value": "den."}, {"score": "0.0615", "value": "Da"}, {"score": "0.0987", "value": "sich"}, {"score": "0.1006", "value": "jeder"}, {"score": "0.0996", "value": "Stimulus"}, {"score": "0.1101", "value": "begrifflich"}, {"score": "0.1111", "value": "grundsätzlich"}, {"score": "0.0855", "value": "als"}, {"score": "0.1057", "value": "Einstellungsgegenstand"}, {"score": "0.1088", "value": "erfassen"}, {"score": "0.1096", "value": "lässt,"}, {"score": "0.0636", "value": "können"}, {"score": "0.0867", "value": "Einstellungsob­"}, {"score": "0.09", "value": "jekte"}, {"score": "0.104", "value": "sehr"}, {"score": "0.0868", "value": "heterogen"}, {"score": "0.0674", "value": "sein"}, {"score": "0.0686", "value": "(z."}, {"score": "0.0661", "value": "B."}, {"score": "0.0647", "value": "konkrete,"}, {"score": "0.0579", "value": "materielle"}, {"score": "0.0897", "value": "Gegenstände,"}, {"score": "0.0512", "value": "abstrakte"}, {"score": "0.0719", "value": "Be­"}, {"score": "0.094", "value": "griffe"}, {"score": "0.0835", "value": "oder"}, {"score": "0.083", "value": "Personen"}]}, "ref_text_x": "oder neutral, zum anderen können sie in Bezug auf ihre Stärke unterschieden wer­ den. Da sich jeder Stimulus begrifflich grundsätzlich als Einstellungsgegenstand erfassen lässt, können Einstellungsob­ jekte sehr heterogen sein (z. B. konkrete, materielle Gegenstände, abstrakte Be­ griffe oder Personen; vgl. Haddock und Maio"}
{"ref_seg_dic": {"source": [{"score": "0.0774", "value": "Am"}, {"score": "0.1343", "value": "weitesten"}, {"score": "0.1416", "value": "verbreitet"}], "other": [{"score": "0.1642", "value": "ist"}, {"score": "0.1512", "value": "der"}], "title": [{"score": "0.1781", "value": "Einstellungsforschung"}, {"score": "0.1382", "value": "wird"}, {"score": "0.1297", "value": "zwischen"}, {"score": "0.1004", "value": "verschiedenen"}, {"score": "0.1081", "value": "Ansätzen"}, {"score": "0.1032", "value": "zur"}, {"score": "0.1035", "value": "Modellierung"}, {"score": "0.1175", "value": "der"}, {"score": "0.1451", "value": "Einstellung"}, {"score": "0.1129", "value": "unter­"}, {"score": "0.1186", "value": "schieden"}]}, "ref_text_x": "In der Einstellungsforschung wird zwischen verschiedenen Ansätzen zur Modellierung der Einstellung unter­ schieden. Am weitesten verbreitet ist der"}
{"ref_seg_dic": {"source": [{"score": "0.11", "value": "dass"}, {"score": "0.1098", "value": "of"}], "title": [{"score": "0.072", "value": "sogenannte"}, {"score": "0.0791", "value": "Drei-Komponenten-Ansatz"}, {"score": "0.1158", "value": "nach"}, {"score": "0.1051", "value": "Rosenberg"}, {"score": "0.1011", "value": "und"}, {"score": "0.0832", "value": "Hovland"}, {"score": "0.0699", "value": "(1966),"}, {"score": "0.1056", "value": "bei"}, {"score": "0.1453", "value": "dem"}, {"score": "0.1265", "value": "zwischen"}, {"score": "0.1249", "value": "einer"}, {"score": "0.1278", "value": "affektiven,"}, {"score": "0.0742", "value": "einer"}, {"score": "0.0867", "value": "kogni­"}, {"score": "0.1007", "value": "tiven"}, {"score": "0.112", "value": "und"}, {"score": "0.0996", "value": "einer"}, {"score": "0.1091", "value": "Verhaltenskomponente"}, {"score": "0.0971", "value": "unterschieden"}, {"score": "0.1084", "value": "wird."}, {"score": "0.0631", "value": "Einstellung"}, {"score": "0.1205", "value": "wird"}, {"score": "0.1084", "value": "in"}, {"score": "0.1087", "value": "diesem"}, {"score": "0.113", "value": "Modell"}, {"score": "0.0895", "value": "als"}, {"score": "0.0946", "value": "hypothetisches"}, {"score": "0.0918", "value": "Kons­"}, {"score": "0.0939", "value": "trukt"}, {"score": "0.102", "value": "verstanden,"}, {"score": "0.0706", "value": "das"}, {"score": "0.0904", "value": "zwischen"}, {"score": "0.0932", "value": "beobacht­"}, {"score": "0.0869", "value": "baren"}, {"score": "0.0682", "value": "vorangegangenen"}, {"score": "0.0784", "value": "Reizen"}]}, "ref_text_x": "sogenannte Drei-Komponenten-Ansatz nach Rosenberg und Hovland (1966), bei dem zwischen einer affektiven, einer kogni­ tiven und einer Verhaltenskomponente unterschieden wird. \"Einstellung wird in diesem Modell als hypothetisches Kons­ trukt verstanden, das zwischen beobacht­ baren vorangegangenen Reizen (dass of"}
{"ref_seg_dic": {"source": [{"score": "0.1069", "value": "Hierbei"}, {"score": "0.1091", "value": "unterscheiden"}, {"score": "0.1034", "value": "sie"}, {"score": "0.1143", "value": "die"}, {"score": "0.1041", "value": "folgenden"}], "title": [{"score": "0.0647", "value": "Stimuli)"}, {"score": "0.0747", "value": "und"}, {"score": "0.0918", "value": "nachfolgendem"}, {"score": "0.0985", "value": "Verhalten"}, {"score": "0.1057", "value": "(certain"}, {"score": "0.1223", "value": "classes"}, {"score": "0.1086", "value": "of"}, {"score": "0.1069", "value": "response)"}, {"score": "0.1181", "value": "vermittelt"}]}, "ref_text_x": "Stimuli) und nachfolgendem Verhalten (certain classes of response) vermittelt. Hierbei unterscheiden sie die folgenden"}
