{"ref_seg_dic": {"title": [{"score": "0.1576", "value": "Parties"}, {"score": "0.1558", "value": "and"}, {"score": "0.1765", "value": "Issues"}, {"score": "0.11", "value": "in"}, {"score": "0.1233", "value": "Francophone"}, {"score": "0.0856", "value": "West"}, {"score": "0.089", "value": "Africa:"}, {"score": "0.1004", "value": "Towards"}, {"score": "0.1133", "value": "a"}, {"score": "0.1436", "value": "Theory"}, {"score": "0.1273", "value": "of"}, {"score": "0.1408", "value": "Non-Mobilization"}], "year": [{"score": "0.2324", "value": "2010"}], "source": [{"score": "0.0864", "value": "Ithaka"}, {"score": "0.097", "value": "NYC"}, {"score": "0.0964", "value": "Mario"}, {"score": "0.1298", "value": "Einaudi"}, {"score": "0.1092", "value": "Center"}, {"score": "0.0992", "value": "for"}, {"score": "0.1665", "value": "International"}, {"score": "0.1719", "value": "Studies"}, {"score": "0.142", "value": "Working"}, {"score": "0.1992", "value": "Paper"}, {"score": "0.1159", "value": "Series"}], "page": [{"score": "0.1933", "value": "1"}, {"score": "0.1933", "value": "10"}], "author": [[{"score": "0.2", "surname": "Bleck"}], [{"given-names": "J.", "score": "0.2971"}], [{"given-names": "N.", "score": "0.1805"}], [{"score": "0.1563", "surname": "van"}], [{"score": "0.2053", "surname": "de"}], [{"score": "0.1976", "surname": "Walle"}]]}, "ref_text_x": "Bleck, J. und N. van de Walle (2010): Parties and Issues in Francophone West Africa: Towards a Theory of Non-Mobilization. Ithaka, NYC Mario Einaudi Center for International Studies. Working Paper Series 1-10."}
{"ref_seg_dic": {"url": [{"score": "0.2671", "value": "http://library.fes.de/pdf-files/id/"}, {"score": "0.1742", "value": "ipg/03902.pdf"}], "title": [{"score": "0.1655", "value": "Den"}, {"score": "0.1699", "value": "Blick"}, {"score": "0.1101", "value": "weiten:"}, {"score": "0.1122", "value": "Politischer"}, {"score": "0.1574", "value": "Islam"}, {"score": "0.1233", "value": "in"}, {"score": "0.1507", "value": "Westafrika."}, {"score": "0.0774", "value": "Friedrich-Ebert-Stiftung."}, {"score": "0.0532", "value": "IPG"}, {"score": "0.0864", "value": "3/2006"}], "year": [{"score": "0.325", "value": "2006"}], "author": [[{"score": "0.21", "surname": "Bröning"}], [{"given-names": "M.", "score": "0.328"}]]}, "ref_text_x": "Bröning, M. (2006): Den Blick weiten: Politischer Islam in Westafrika. Friedrich-Ebert-Stiftung. IPG 3/2006. http://library.fes.de/pdf-files/id/ ipg/03902.pdf"}
{"ref_seg_dic": {"other": [{"score": "0.2432", "value": "Hamburg"}], "title": [{"score": "0.1905", "value": "Regionalorganisationen"}, {"score": "0.1516", "value": "in"}, {"score": "0.1337", "value": "Afrika"}, {"score": "0.1328", "value": "-"}, {"score": "0.1423", "value": "eine"}, {"score": "0.1192", "value": "Bilanz"}, {"score": "0.0877", "value": "GIGA"}, {"score": "0.0952", "value": "Focus"}, {"score": "0.0949", "value": "Afrika"}, {"score": "0.1045", "value": "3/2012"}], "year": [{"score": "0.2409", "value": "2012"}], "source": [{"score": "0.1152", "value": "GIGA"}, {"score": "0.0974", "value": "German"}, {"score": "0.1391", "value": "Institute"}, {"score": "0.0901", "value": "of"}, {"score": "0.1499", "value": "Global"}, {"score": "0.1274", "value": "and"}, {"score": "0.1286", "value": "Area"}, {"score": "0.1203", "value": "Studies"}], "author": [[{"score": "0.1923", "surname": "Elischer"}], [{"given-names": "S.", "score": "0.2325"}], [{"given-names": "G.", "score": "0.194"}], [{"score": "0.1523", "surname": "Erdmann"}]]}, "ref_text_x": "Elischer, S. und G. Erdmann (2012): Regionalorganisationen in Afrika - eine Bilanz GIGA Focus Afrika 3/2012. GIGA German Institute of Global and Area Studies, Hamburg"}
{"ref_seg_dic": {"title": [{"score": "0.1672", "value": "Party"}, {"score": "0.1766", "value": "Research:"}, {"score": "0.1054", "value": "Western"}, {"score": "0.1136", "value": "European"}, {"score": "0.109", "value": "Bias"}, {"score": "0.113", "value": "and"}, {"score": "0.1384", "value": "the"}, {"score": "0.1371", "value": "African"}, {"score": "0.1815", "value": "Labyrinth"}], "author": [[{"score": "0.1782", "surname": "Erdmann"}], [{"given-names": "G.", "score": "0.3125"}]], "volume": [{"score": "0.2027", "value": "11"}], "source": [{"score": "0.1522", "value": "Democratization"}], "year": [{"score": "0.3323", "value": "2004"}], "page": [{"score": "0.2476", "value": "63"}, {"score": "0.2476", "value": "87"}]}, "ref_text_x": "Erdmann. G. (2004): Party Research: Western European Bias and the African Labyrinth\". Democratization 11. S. 63-87"}
{"ref_seg_dic": {"title": [{"score": "0.1773", "value": "Regionalismus"}, {"score": "0.1852", "value": "im"}, {"score": "0.136", "value": "südlichen"}, {"score": "0.1413", "value": "Afrika."}, {"score": "0.0548", "value": "Die"}, {"score": "0.0844", "value": "Handels-"}, {"score": "0.1204", "value": "und"}, {"score": "0.1237", "value": "Sicherheitspolitik"}, {"score": "0.0822", "value": "der"}, {"score": "0.1137", "value": "SADC"}], "year": [{"score": "0.2399", "value": "2010"}], "other": [{"score": "0.254", "value": "Wiesbaden"}], "author": [[{"score": "0.1504", "surname": "Jaspert"}], [{"given-names": "J.", "score": "0.2959"}]]}, "ref_text_x": "Jaspert. J. (2010): Regionalismus im südlichen Afrika. Die Handels- und Sicherheitspolitik der SADC. Wiesbaden"}
{"ref_seg_dic": {"title": [{"score": "0.1481", "value": "Le"}, {"score": "0.1767", "value": "Sahel"}, {"score": "0.1396", "value": "comme"}, {"score": "0.1238", "value": "espace"}, {"score": "0.0889", "value": "de"}, {"score": "0.1245", "value": "transit"}, {"score": "0.1179", "value": "des"}, {"score": "0.1379", "value": "stupefiants."}, {"score": "0.0533", "value": "Acteurs"}, {"score": "0.0784", "value": "et"}, {"score": "0.1032", "value": "consequences"}, {"score": "0.131", "value": "politiques"}], "author": [[{"score": "0.1951", "surname": "Julien"}], [{"given-names": "S.", "score": "0.2981"}]], "volume": [{"score": "0.2066", "value": "142"}], "source": [{"score": "0.1302", "value": "Herodote"}], "year": [{"score": "0.3666", "value": "2011"}], "page": [{"score": "0.2967", "value": "139"}, {"score": "0.2967", "value": "140"}]}, "ref_text_x": "Julien. S. (2011): Le Sahel comme espace de transit des stupefiants. Acteurs et consequences politiques. Herodote 142, S. 139-140"}
{"ref_seg_dic": {"title": [{"score": "0.2084", "value": "Introduction."}, {"score": "0.1102", "value": "Cotton,"}, {"score": "0.082", "value": "Globalization,"}, {"score": "0.0652", "value": "and"}, {"score": "0.1654", "value": "Poverty"}, {"score": "0.1351", "value": "in"}, {"score": "0.1908", "value": "Africa"}, {"score": "0.1101", "value": "a"}, {"score": "0.1685", "value": "thread,"}, {"score": "0.1132", "value": "cotton,"}, {"score": "0.0634", "value": "globalization,"}, {"score": "0.0558", "value": "and"}, {"score": "0.1292", "value": "poverty"}, {"score": "0.0948", "value": "in"}, {"score": "0.1524", "value": "Africa"}], "author": [[{"score": "0.1649", "surname": "Moseley"}], [{"given-names": "W.G", "score": "0.2688"}], [{"given-names": "L.C", "score": "0.2165"}], [{"score": "0.1602", "surname": "Gray"}]], "source": [{"score": "0.2394", "value": "Hanging"}, {"score": "0.1868", "value": "by"}], "other": [{"score": "0.1581", "value": "Athens"}, {"score": "0.2012", "value": "Ohio"}], "editor": [{"score": "0.1642", "value": "W.G"}, {"score": "0.1814", "value": "Mosely"}, {"score": "0.2396", "value": "L.C"}, {"score": "0.2197", "value": "Gray"}], "year": [{"score": "0.2677", "value": "2008"}], "page": [{"score": "0.2326", "value": "1"}, {"score": "0.2326", "value": "31"}]}, "ref_text_x": "Moseley. W.G. und L.C. Gray (2008): Introduction. Cotton, Globalization, and Poverty in Africa. In: W.G. Mosely und L.C. Gray (Hrsg.): Hanging by a thread, cotton, globalization, and poverty in Africa. Athens. Ohio. S. 1-31"}
{"ref_seg_dic": {"url": [{"score": "0.2033", "value": "www.ifri.org/downloads/"}, {"score": "0.1512", "value": "mayrarguefinalfr.pdf"}], "title": [{"score": "0.1777", "value": "Les"}, {"score": "0.1703", "value": "dynamiques"}, {"score": "0.1245", "value": "paradoxales"}, {"score": "0.1107", "value": "du"}, {"score": "0.1159", "value": "pentecötisme"}, {"score": "0.1145", "value": "en"}, {"score": "0.1387", "value": "Afrique"}, {"score": "0.1472", "value": "subsaharienne."}, {"score": "0.0735", "value": "IFRI"}], "year": [{"score": "0.2708", "value": "2008"}], "other": [{"score": "0.1838", "value": "Paris"}], "author": [[{"score": "0.1507", "surname": "Mayrargue"}], [{"given-names": "C.", "score": "0.2836"}]]}, "ref_text_x": "Mayrargue. C. (2008): Les dynamiques paradoxales du pentecötisme en Afrique subsaharienne. IFRI. Paris, www.ifri.org/downloads/ mayrarguefinalfr.pdf"}
{"ref_seg_dic": {"url": [{"score": "0.207", "value": "www.mckinsey.com/"}, {"score": "0.1544", "value": "insights/africa/lions_on_the_move"}], "publisher": [{"score": "0.1502", "value": "Washington"}], "title": [{"score": "0.1397", "value": "Lions"}, {"score": "0.1714", "value": "on"}, {"score": "0.1395", "value": "the"}, {"score": "0.1143", "value": "move:"}, {"score": "0.1399", "value": "The"}, {"score": "0.1302", "value": "progress"}, {"score": "0.1167", "value": "and"}, {"score": "0.1108", "value": "potential"}, {"score": "0.0981", "value": "of"}, {"score": "0.1384", "value": "African"}, {"score": "0.1454", "value": "economies"}], "editor": [{"score": "0.165", "value": "McKinsey"}, {"score": "0.0885", "value": "Global"}, {"score": "0.0794", "value": "Institute"}], "year": [{"score": "0.2831", "value": "2010"}]}, "ref_text_x": "McKinsey Global Institute (2010): Lions on the move: The progress and potential of African economies. Washington, www.mckinsey.com/ insights/africa/lions_on_the_move"}
{"ref_seg_dic": {"publisher": [{"score": "0.1197", "value": "OECD"}], "title": [{"score": "0.1733", "value": "Westafrika"}, {"score": "0.1424", "value": "vom"}, {"score": "0.115", "value": "Senegal"}, {"score": "0.1058", "value": "bis"}, {"score": "0.1433", "value": "Benguela."}, {"score": "0.0552", "value": "Reisen"}, {"score": "0.0993", "value": "und"}, {"score": "0.1058", "value": "Schilderungen"}, {"score": "0.1053", "value": "aus"}, {"score": "0.1041", "value": "Senegambien,"}, {"score": "0.0721", "value": "Ober-"}, {"score": "0.1013", "value": "und"}, {"score": "0.128", "value": "Niederguinea"}], "url": [{"score": "0.1844", "value": "http://stats.oecd.org"}], "author": [[{"score": "0.2259", "surname": "Oberländer"}], [{"given-names": "R.", "score": "0.2809"}]], "other": [{"score": "0.1868", "value": "Leipzig"}], "year": [{"score": "0.28", "value": "1878"}, {"score": "0.2838", "value": "2013"}]}, "ref_text_x": "Oberländer, R. (1878): Westafrika vom Senegal bis Benguela. Reisen und Schilderungen aus Senegambien, Ober- und Niederguinea. Leipzig OECD (2013): http://stats.oecd.org"}
{"ref_seg_dic": {"other": [{"score": "0.1879", "value": "Uppsala"}], "title": [{"score": "0.1521", "value": "Afro-Regions."}, {"score": "0.0889", "value": "The"}, {"score": "0.1117", "value": "Dynamics"}, {"score": "0.103", "value": "of"}, {"score": "0.1128", "value": "Cross-Border"}, {"score": "0.1539", "value": "Micro-Regionalism"}, {"score": "0.0945", "value": "in"}, {"score": "0.1446", "value": "Africa."}, {"score": "0.0606", "value": "Nordiska"}, {"score": "0.0982", "value": "Afrikainstitutet"}], "year": [{"score": "0.2908", "value": "2008"}], "editor": [{"score": "0.185", "value": "Taylor"}], "author": [[{"score": "0.1992", "surname": "Söderbaum"}], [{"given-names": "F.", "score": "0.2819"}]]}, "ref_text_x": "Söderbaum, F. und /. Taylor (Hrsg.) (2008): Afro-Regions. The Dynamics of Cross-Border Micro-Regionalism in Africa. Nordiska Afrikainstitutet, Uppsala"}
{"ref_seg_dic": {"url": [{"score": "0.158", "value": "www.unodc.org/westandcentralafrica/en/west-africa-coast-"}], "other": [{"score": "0.1515", "value": "initiative.html"}], "year": [{"score": "0.215", "value": "2013"}]}, "ref_text_x": "UNODC (2013): www.unodc.org/westandcentralafrica/en/west-africa-coast- initiative.html"}
{"ref_seg_dic": {"title": [{"score": "0.1456", "value": "Noir"}, {"score": "0.1651", "value": "silence."}, {"score": "0.068", "value": "Qui"}, {"score": "0.1026", "value": "arretera"}, {"score": "0.1101", "value": "la"}, {"score": "0.134", "value": "Francafrique"}], "year": [{"score": "0.2512", "value": "2002"}], "other": [{"score": "0.2137", "value": "Paris"}], "author": [[{"score": "0.1667", "surname": "Verschave"}], [{"given-names": "F.-X", "score": "0.2902"}]]}, "ref_text_x": "Verschave. F.-X. (2002): Noir silence. Qui arretera la Francafrique? Paris"}
{"ref_seg_dic": {"title": [{"score": "0.1575", "value": "Westafrikas"}, {"score": "0.1436", "value": "atlantische"}, {"score": "0.1", "value": "Fassade"}, {"score": "0.1357", "value": "-Geopolitik"}, {"score": "0.1459", "value": "einer"}, {"score": "0.1143", "value": "Krisen­"}, {"score": "0.1284", "value": "region"}], "author": [[{"score": "0.1864", "surname": "Wiese"}], [{"given-names": "B.", "score": "0.3481"}]], "volume": [{"score": "0.2314", "value": "52"}], "source": [{"score": "0.1301", "value": "Geographische"}, {"score": "0.1458", "value": "Rundschau"}, {"score": "0.1216", "value": "SUMMARY"}], "year": [{"score": "0.2528", "value": "2000"}], "issue": [{"score": "0.1666", "value": "11"}], "page": [{"score": "0.235", "value": "60-61"}]}, "ref_text_x": "Wiese. B. (2000): Westafrikas atlantische Fassade -Geopolitik einer Krisen­ region. Geographische Rundschau 52 (11), S. 60-61 SUMMARY"}
