{"ref_seg_dic": {"title": [{"score": "0.117", "value": "Wirtschaftsreformen"}, {"score": "0.1662", "value": "und"}, {"score": "0.1664", "value": "System­"}, {"score": "0.0936", "value": "veränderungen"}, {"score": "0.078", "value": "in"}, {"score": "0.1133", "value": "den"}, {"score": "0.1012", "value": "Planwirtschaften"}, {"score": "0.0953", "value": "Osteuropas"}], "author": [[{"score": "0.333", "surname": "Altmann"}], [{"given-names": "F.-L", "score": "0.2571"}]], "volume": [{"score": "0.1425", "value": "5/90"}], "source": [{"score": "0.0899", "value": "Wirt"}, {"score": "0.1234", "value": "schaftspolitische"}, {"score": "0.1266", "value": "Blätter"}], "year": [{"score": "0.3162", "value": "1990"}], "issue": [{"score": "0.1193", "value": "436"}], "page": [{"score": "0.1544", "value": "426"}]}, "ref_text_x": "Altmann, F.-L. (1990): Wirtschaftsreformen und System­ veränderungen in den Planwirtschaften Osteuropas. Wirt­ schaftspolitische Blätter, 5/90: 426 — 436."}
{"ref_seg_dic": {"title": [{"score": "0.093", "value": "DerWeg"}, {"score": "0.1451", "value": "des"}, {"score": "0.1126", "value": "ungarischen"}, {"score": "0.1054", "value": "Arbeitsmarktes"}, {"score": "0.0764", "value": "in"}, {"score": "0.127", "value": "die"}, {"score": "0.0848", "value": "duale"}, {"score": "0.0981", "value": "Ökonomie"}], "author": [[{"score": "0.2241", "surname": "Csefalvay"}], [{"given-names": "Z", "score": "0.1534"}], [{"given-names": "W.", "score": "0.1742"}], [{"given-names": "Rohn", "score": "0.1026"}]], "volume": [{"score": "0.1328", "value": "richte"}], "source": [{"score": "0.1543", "value": "ISR-Forschungsbe-"}], "other": [{"score": "0.1964", "value": "Wien"}], "year": [{"score": "0.2083", "value": "1991"}], "issue": [{"score": "0.1738", "value": "1"}]}, "ref_text_x": "Csefalvay, Z., u. W. Rohn (1991): DerWeg des ungarischen Arbeitsmarktes in die duale Ökonomie. ISR-Forschungsbe- richte, 1, Wien."}
{"ref_seg_dic": {"publisher": [{"score": "0.0999", "value": "des"}, {"score": "0.1491", "value": "Instituts"}, {"score": "0.1276", "value": "für"}, {"score": "0.1671", "value": "Stadt-"}, {"score": "0.1386", "value": "und"}, {"score": "0.1187", "value": "Regionalforschung"}], "title": [{"score": "0.0757", "value": "Ökonomische"}, {"score": "0.1484", "value": "Voraussetzungen"}, {"score": "0.1664", "value": "undReformen"}], "author": [[{"score": "0.2359", "surname": "Fassmann"}], [{"given-names": "H", "score": "0.2638"}]], "volume": [{"score": "0.1594", "value": "3"}], "source": [{"score": "0.1357", "value": "Vom"}, {"score": "0.1633", "value": "Plan"}, {"score": "0.0954", "value": "zum"}, {"score": "0.0759", "value": "Markt"}, {"score": "0.1691", "value": "Forschungsbericht"}], "editor": [{"score": "0.1997", "value": "Lichtenberger"}, {"score": "0.2355", "value": "E"}], "page": [{"score": "0.2059", "value": "9"}, {"score": "0.2059", "value": "15"}]}, "ref_text_x": "Fassmann, H.: Ökonomische Voraussetzungen undReformen. In: Lichtenberger, E. [Hrsg.]: Vom Plan zum Markt. Forschungsbericht Nr. 3 des Instituts für Stadt- und Regionalforschung, 9—15."}
{"ref_seg_dic": {"other": [{"score": "0.1462", "value": "Luxemburg"}, {"score": "0.1208", "value": "27.-29"}, {"score": "0.1421", "value": "Nov"}, {"score": "0.1192", "value": "1991"}], "title": [{"score": "0.1084", "value": "Human"}, {"score": "0.2162", "value": "Resources"}, {"score": "0.1613", "value": "Development"}, {"score": "0.0709", "value": "in"}, {"score": "0.1033", "value": "the"}, {"score": "0.0943", "value": "1990s:"}, {"score": "0.1438", "value": "The"}, {"score": "0.1654", "value": "Polish"}, {"score": "0.1052", "value": "Dilemma"}], "year": [{"score": "0.2012", "value": "1991"}], "source": [{"score": "0.1487", "value": "Paper"}, {"score": "0.1243", "value": "presentedattheInternationalConferenceHumanResources"}, {"score": "0.0903", "value": "in"}, {"score": "0.1355", "value": "Europe"}, {"score": "0.1081", "value": "atthe"}, {"score": "0.1358", "value": "Dawn"}, {"score": "0.1138", "value": "of"}, {"score": "0.1048", "value": "the"}, {"score": "0.0763", "value": "2Ist"}, {"score": "0.1269", "value": "Century"}], "author": [[{"score": "0.2898", "surname": "Fiejka"}], [{"given-names": "Z", "score": "0.1622"}], [{"given-names": "A.", "score": "0.1795"}], [{"given-names": "Joz", "score": "0.1062"}], [{"score": "0.1226", "surname": "efowicz"}]]}, "ref_text_x": "Fiejka, Z., & A. Joz efowicz (1991): Human Resources Development in the 1990s: The Polish Dilemma. Paper presentedattheInternationalConference\"HumanResources in Europe atthe Dawn of the 2Ist Century\". Luxemburg. 27.-29. Nov. 1991."}
{"ref_seg_dic": {"title": [{"score": "0.1315", "value": "Labour"}, {"score": "0.1309", "value": "Market"}, {"score": "0.1142", "value": "and"}, {"score": "0.1412", "value": "Social"}, {"score": "0.1618", "value": "Development"}, {"score": "0.077", "value": "in"}, {"score": "0.1065", "value": "Centraland"}, {"score": "0.0949", "value": "Eastem"}, {"score": "0.0958", "value": "Europe:"}, {"score": "0.0827", "value": "ImpactonWestern"}, {"score": "0.0992", "value": "Europe"}], "year": [{"score": "0.2869", "value": "1991"}], "other": [{"score": "0.1425", "value": "Paper"}, {"score": "0.1445", "value": "presented"}, {"score": "0.153", "value": "at"}, {"score": "0.161", "value": "the"}, {"score": "0.206", "value": "Conference"}, {"score": "0.171", "value": "on"}, {"score": "0.1308", "value": "Medium"}, {"score": "0.1473", "value": "Term"}], "author": [[{"score": "0.3495", "surname": "Fischer"}], [{"given-names": "G.", "score": "0.2724"}]]}, "ref_text_x": "Fischer, G. (1991): Labour Market and Social Development in Centraland Eastem Europe: ImpactonWestern Europe. Paper presented at the Conference on Medium Term"}
{"ref_seg_dic": {"year": [{"score": "0.1868", "value": "1991"}], "other": [{"score": "0.1299", "value": "Okt"}], "issue": [{"score": "0.144", "value": "16"}], "editor": [{"score": "0.12", "value": "Economic"}, {"score": "0.1155", "value": "Assessment"}, {"score": "0.0875", "value": "Wien"}], "page": [{"score": "0.1586", "value": "14"}]}, "ref_text_x": "Economic Assessment. Wien, 14. —16. Okt. 1991."}
{"ref_seg_dic": {"title": [{"score": "0.1344", "value": "Migrationspotential"}, {"score": "0.1974", "value": "derpostsozialisti­"}, {"score": "0.0862", "value": "schen"}, {"score": "0.0904", "value": "Reformländer"}, {"score": "0.0834", "value": "Europas:"}, {"score": "0.0882", "value": "Hintergründe,"}, {"score": "0.0858", "value": "Daten"}, {"score": "0.1082", "value": "und"}, {"score": "0.1582", "value": "Einschätzungen"}], "author": [[{"score": "0.2046", "surname": "Holz"}], [{"score": "0.1673", "surname": "mann"}], [{"given-names": "R.", "score": "0.1732"}]], "volume": [{"score": "0.1717", "value": "136"}], "source": [{"score": "0.085", "value": "Die"}, {"score": "0.1233", "value": "Auswirkungen"}, {"score": "0.093", "value": "der"}, {"score": "0.0981", "value": "internationalen"}, {"score": "0.0967", "value": "Wanderungen"}, {"score": "0.0945", "value": "auf"}, {"score": "0.1179", "value": "Petermanns"}, {"score": "0.1387", "value": "Geographische"}, {"score": "0.1023", "value": "Mitteilungen"}], "other": [{"score": "0.1576", "value": "Transformation"}, {"score": "0.124", "value": "in"}, {"score": "0.1297", "value": "Ost-Mitteleuropa"}], "editor": [{"score": "0.1174", "value": "Fassmann"}, {"score": "0.146", "value": "H"}, {"score": "0.1216", "value": "Findl"}, {"score": "0.0978", "value": "P"}], "year": [{"score": "0.2563", "value": "1991"}], "page": [{"score": "0.1893", "value": "1992"}, {"score": "0.1893", "value": "1"}]}, "ref_text_x": "Holz mann, R. (1991): Migrationspotential derpostsozialisti­ schen Reformländer Europas: Hintergründe, Daten und Einschätzungen. In: Fassmann, H., Findl, P., u. R. Münz: Die Auswirkungen der internationalen Wanderungen auf Petermanns Geographische Mitteilungen, 136, 1992/1 Transformation in Ost-Mitteleuropa"}
{"ref_seg_dic": {"title": [{"score": "0.0906", "value": "zur"}, {"score": "0.1162", "value": "regionalen"}, {"score": "0.1212", "value": "Bevölkerungsentwick­"}, {"score": "0.0828", "value": "lung"}, {"score": "0.1336", "value": "1991—2031"}, {"score": "0.0658", "value": "des"}, {"score": "0.0942", "value": "Instituts"}, {"score": "0.0853", "value": "fürDemographie"}, {"score": "0.0735", "value": "derÖAW"}], "author": [[{"score": "0.1564", "surname": "Österreich"}], [{"given-names": "Szenarien", "score": "0.0949"}]]}, "ref_text_x": "Österreich. Szenarien zur regionalen Bevölkerungsentwick­ lung 1991—2031 des Instituts fürDemographie derÖAW."}
{"ref_seg_dic": {"volume": [{"score": "0.1927", "value": "89"}], "source": [{"score": "0.1236", "value": "Schriftenreihe"}, {"score": "0.1023", "value": "derÖROK"}], "issue": [{"score": "0.1315", "value": "31"}], "page": [{"score": "0.1737", "value": "18"}]}, "ref_text_x": "Schriftenreihe derÖROK 89, Wien, 18 — 31."}
{"ref_seg_dic": {"title": [{"score": "0.1311", "value": "WirtschaftsreformeninUngarn."}, {"score": "0.0955", "value": "Wirtschafts"}], "author": [[{"score": "0.1624", "surname": "r"}], [{"given-names": "B.", "score": "0.166"}]], "volume": [{"score": "0.1417", "value": "5/90"}], "source": [{"score": "0.1172", "value": "politische"}, {"score": "0.1253", "value": "Blätter"}], "year": [{"score": "0.2518", "value": "1990"}], "issue": [{"score": "0.1193", "value": "463"}], "page": [{"score": "0.1541", "value": "458"}]}, "ref_text_x": "Kä dä r, B. (1990): WirtschaftsreformeninUngarn. Wirtschafts­ politische Blätter, 5/90: 458 — 463."}
{"ref_seg_dic": {"title": [{"score": "0.1073", "value": "Unemploymentand"}, {"score": "0.1604", "value": "market-oriented"}, {"score": "0.1336", "value": "reform"}, {"score": "0.0799", "value": "in"}, {"score": "0.1187", "value": "Czechoslovakia"}], "author": [[{"score": "0.2484", "surname": "Kapl"}], [{"given-names": "M", "score": "0.1739"}], [{"score": "0.1913", "surname": "Sojka"}], [{"given-names": "M", "score": "0.1617"}], [{"given-names": "T.", "score": "0.1938"}], [{"score": "0.1126", "surname": "Tepper"}]], "volume": [{"score": "0.182", "value": "130"}], "source": [{"score": "0.1854", "value": "International"}, {"score": "0.1675", "value": "LabourReview"}], "year": [{"score": "0.2191", "value": "1991"}], "issue": [{"score": "0.1196", "value": "210"}], "page": [{"score": "0.1689", "value": "199"}]}, "ref_text_x": "Kapl, M., Sojka, M., & T. Tepper (1991): Unemploymentand market-oriented reform in Czechoslovakia. International LabourReview, 130: 199 — 210."}
{"ref_seg_dic": {"title": [{"score": "0.1436", "value": "Argumente"}, {"score": "0.1607", "value": "füreine"}, {"score": "0.1318", "value": "Strategie"}, {"score": "0.0911", "value": "der"}, {"score": "0.1287", "value": "Radikal­"}, {"score": "0.0784", "value": "reform"}, {"score": "0.0895", "value": "der"}, {"score": "0.0841", "value": "tschechoslowakischen"}, {"score": "0.1068", "value": "Wirtschaft"}, {"score": "0.0838", "value": "und"}, {"score": "0.1058", "value": "gegen"}, {"score": "0.0921", "value": "den"}, {"score": "0.1036", "value": "Gradualismus"}], "author": [[{"score": "0.3442", "surname": "Klaus"}], [{"given-names": "V.", "score": "0.2626"}]], "volume": [{"score": "0.1563", "value": "5/90"}], "source": [{"score": "0.1402", "value": "Wirtschaftspolitische"}, {"score": "0.1479", "value": "Blätter"}], "year": [{"score": "0.2872", "value": "1990"}], "page": [{"score": "0.1995", "value": "476"}, {"score": "0.1995", "value": "481"}]}, "ref_text_x": "Klaus, V. (1990): Argumente füreine Strategie der Radikal­ reform der tschechoslowakischen Wirtschaft und gegen den Gradualismus. Wirtschaftspolitische Blätter, 5/90: 476-481."}
{"ref_seg_dic": {"title": [{"score": "0.1003", "value": "ThestabilizationplanforPoland."}, {"score": "0.0931", "value": "Wirtschafts"}], "author": [[{"score": "0.3596", "surname": "Laski"}], [{"given-names": "K.", "score": "0.2527"}]], "volume": [{"score": "0.1511", "value": "5/90"}], "source": [{"score": "0.1143", "value": "politische"}, {"score": "0.1134", "value": "Blätter"}], "year": [{"score": "0.2274", "value": "1990"}], "page": [{"score": "0.1989", "value": "444"}, {"score": "0.1989", "value": "457"}]}, "ref_text_x": "Laski, K. (1990): ThestabilizationplanforPoland. Wirtschafts­ politische Blätter, 5/90: 444—457."}
{"ref_seg_dic": {"title": [{"score": "0.106", "value": "Österreich,"}, {"score": "0.1223", "value": "Osteuropa"}, {"score": "0.0716", "value": "unddie"}, {"score": "0.0933", "value": "EG"}], "author": [[{"score": "0.2969", "surname": "Stankovsky"}], [{"given-names": "J.", "score": "0.2557"}]], "volume": [{"score": "0.1459", "value": "5/90"}], "source": [{"score": "0.1223", "value": "Wirtschaftspolitische"}, {"score": "0.1394", "value": "Blätter"}], "year": [{"score": "0.3155", "value": "1990"}], "issue": [{"score": "0.1193", "value": "519"}], "page": [{"score": "0.1539", "value": "513"}]}, "ref_text_x": "Stankovsky, J. (1990): Österreich, Osteuropa unddie EG. Wirtschaftspolitische Blätter, 5/90: 513 — 519."}
{"ref_seg_dic": {"title": [{"score": "0.1346", "value": "DerÜbergangderehemaligenOstblocklän­"}, {"score": "0.1367", "value": "der"}, {"score": "0.1099", "value": "zur"}, {"score": "0.1346", "value": "Marktwirtschaft"}], "author": [[{"score": "0.2856", "surname": "Vintrova"}], [{"given-names": "R.", "score": "0.203"}]], "volume": [{"score": "0.1914", "value": "17"}], "source": [{"score": "0.1581", "value": "Wirtschaft"}, {"score": "0.1078", "value": "undGesellschaft"}], "year": [{"score": "0.2494", "value": "1991"}], "page": [{"score": "0.2265", "value": "55"}, {"score": "0.2265", "value": "68"}]}, "ref_text_x": "Vintrova, R. (1991): DerÜbergangderehemaligenOstblocklän­ der zur Marktwirtschaft. Wirtschaft undGesellschaft, 17: 55-68."}
{"ref_seg_dic": {"title": [{"score": "0.1122", "value": "Stabilisierung"}, {"score": "0.1861", "value": "undRezession."}, {"score": "0.0628", "value": "Die"}, {"score": "0.0695", "value": "Wirtschaft"}, {"score": "0.0775", "value": "der"}, {"score": "0.0763", "value": "früheren"}, {"score": "0.0963", "value": "RGW-Länder"}, {"score": "0.0862", "value": "undJugoslawiens"}, {"score": "0.1514", "value": "1990/91"}], "author": [[{"score": "0.1682", "surname": "WienerInstitutfürinternationale"}], [{"given-names": "Wirtschaftsvergleiche", "score": "0.1173"}]], "volume": [{"score": "0.1544", "value": "5/91"}], "source": [{"score": "0.1273", "value": "WIFO-Monats-"}, {"score": "0.1541", "value": "berichte"}], "year": [{"score": "0.1899", "value": "1991"}], "page": [{"score": "0.2126", "value": "257"}, {"score": "0.2126", "value": "272"}]}, "ref_text_x": "WienerInstitutfürinternationale Wirtschaftsvergleiche (1991): Stabilisierung undRezession. Die Wirtschaft der früheren RGW-Länder undJugoslawiens 1990/91. WIFO-Monats- berichte, 5/91: 257-272."}
{"ref_seg_dic": {"other": [{"score": "0.1769", "value": "Dawn"}, {"score": "0.1444", "value": "of"}], "title": [{"score": "0.116", "value": "Labour"}, {"score": "0.1753", "value": "Market"}, {"score": "0.1169", "value": "in"}, {"score": "0.1323", "value": "Poland:"}, {"score": "0.0873", "value": "Recent"}, {"score": "0.1695", "value": "Changes"}, {"score": "0.132", "value": "and"}, {"score": "0.1488", "value": "Prospects"}], "year": [{"score": "0.279", "value": "1991"}], "source": [{"score": "0.0965", "value": "Paperpresented"}, {"score": "0.1205", "value": "atthe"}, {"score": "0.1394", "value": "International"}, {"score": "0.1164", "value": "Conference"}, {"score": "0.0835", "value": "Human"}, {"score": "0.1498", "value": "Resources"}, {"score": "0.0871", "value": "in"}, {"score": "0.1325", "value": "Europe"}, {"score": "0.0931", "value": "at"}, {"score": "0.1419", "value": "the"}], "author": [[{"score": "0.3195", "surname": "Witkowski"}], [{"given-names": "J.", "score": "0.2712"}]]}, "ref_text_x": "Witkowski, J. (1991): Labour Market in Poland: Recent Changes and Prospects. Paperpresented atthe International Conference \"Human Resources in Europe at the Dawn of"}
{"ref_seg_dic": {"volume": [{"score": "0.1109", "value": "2IstCentury"}], "other": [{"score": "0.1291", "value": "Luxemburg"}, {"score": "0.1067", "value": "27.-29"}, {"score": "0.1276", "value": "Nov"}, {"score": "0.1178", "value": "1991"}]}, "ref_text_x": "the 2IstCentury”. Luxemburg, 27.-29. Nov. 1991."}
{"ref_seg_dic": {"title": [{"score": "0.1154", "value": "Strategien"}, {"score": "0.1291", "value": "des"}, {"score": "0.1253", "value": "Wandels"}, {"score": "0.0907", "value": "im"}, {"score": "0.1097", "value": "Osten"}], "author": [[{"score": "0.2644", "surname": "Zwass"}], [{"given-names": "A.", "score": "0.1844"}]], "volume": [{"score": "0.1691", "value": "3/91"}], "source": [{"score": "0.1561", "value": "Zukunft"}], "year": [{"score": "0.2697", "value": "1991"}], "page": [{"score": "0.2059", "value": "21"}, {"score": "0.2059", "value": "27"}]}, "ref_text_x": "Zwass, A. (1991): Strategien des Wandels im Osten. Zukunft, 3/91: 21-27."}
{"ref_seg_dic": {"volume": [{"score": "0.1143", "value": "30"}], "issue": [{"score": "0.1576", "value": "1"}], "page": [{"score": "0.1283", "value": "1992"}]}, "ref_text_x": "Manuskripteingang: 30. 1. 1992"}
{"ref_seg_dic": {"url": [{"score": "0.1233", "value": "1992"}]}, "ref_text_x": "Manuskriptannahme: 4. 3. 1992"}
{"ref_seg_dic": {"publisher": [{"score": "0.1537", "value": "Perthes"}, {"score": "0.163", "value": "Gotha"}], "other": [{"score": "0.1012", "value": "undRegionalforschung"}, {"score": "0.1248", "value": "Postgasse"}, {"score": "0.0934", "value": "7"}, {"score": "0.0945", "value": "A-1010"}, {"score": "0.1274", "value": "Wien"}, {"score": "0.1263", "value": "Justus"}], "editor": [{"score": "0.1295", "value": "Univ.-Doz"}, {"score": "0.0775", "value": "Dr"}, {"score": "0.0985", "value": "Heinz"}, {"score": "0.0994", "value": "Fassmann"}, {"score": "0.0767", "value": "Österreichische"}, {"score": "0.1007", "value": "Akademie"}, {"score": "0.0828", "value": "der"}, {"score": "0.1068", "value": "Wissenschaften"}, {"score": "0.0786", "value": "Institut"}, {"score": "0.0898", "value": "für"}, {"score": "0.1242", "value": "Stadt-"}], "year": [{"score": "0.1904", "value": "1992"}]}, "ref_text_x": "Univ.-Doz. Dr. Heinz Fassmann, Österreichische Akademie der Wissenschaften, Institut für Stadt- undRegionalforschung, Postgasse 7, A-1010 Wien © 1992 Justus Perthes Gotha"}
