{"ref_seg_dic": {"other": [{"score": "0.2564", "value": "Berlin"}], "year": [{"score": "0.2272", "value": "1960"}], "title": [{"score": "0.0682", "value": "Afrikanische"}, {"score": "0.0953", "value": "Gegenwartsfragen."}, {"score": "0.0648", "value": "(Deutsche"}, {"score": "0.1681", "value": "Außenpolitik,"}, {"score": "0.1299", "value": "Sonderheft"}]}, "ref_text_x": "Afrikanische Gegenwartsfragen. (Deutsche Außenpolitik, Sonderheft, Berlin 1960.)"}
{"ref_seg_dic": {"publisher": [{"score": "0.1465", "value": "Northwestern"}, {"score": "0.2641", "value": "University"}, {"score": "0.1994", "value": "Press"}], "title": [{"score": "0.1205", "value": "Dar-es-Salaam,"}, {"score": "0.0773", "value": "a"}, {"score": "0.1629", "value": "Study"}, {"score": "0.131", "value": "in"}, {"score": "0.106", "value": "Urban"}, {"score": "0.1662", "value": "Geography"}], "year": [{"score": "0.1711", "value": "1963"}], "author": [[{"score": "0.1829", "surname": "Blij"}], [{"given-names": "H.", "score": "0.2784"}], [{"given-names": "J.", "score": "0.1938"}], [{"score": "0.1027", "surname": "de"}]]}, "ref_text_x": "Blij, H. J. de: Dar-es-Salaam, a Study in Urban Geography. Northwestern University Press 1963."}
{"ref_seg_dic": {"source": [{"score": "0.105", "value": "Lehrbrief"}, {"score": "0.0994", "value": "f"}, {"score": "0.0843", "value": "d"}, {"score": "0.1223", "value": "Fernstud"}, {"score": "0.1025", "value": "d"}, {"score": "0.1309", "value": "Lehrer"}], "title": [{"score": "0.0871", "value": "Beiträge"}, {"score": "0.1159", "value": "zur"}, {"score": "0.102", "value": "ökonomischen"}, {"score": "0.0966", "value": "Geographie"}, {"score": "0.1296", "value": "Afrikas"}], "year": [{"score": "0.2514", "value": "1964"}], "other": [{"score": "0.2187", "value": "Potsdam"}], "author": [[{"score": "0.1918", "surname": "Bürger"}], [{"given-names": "K", "score": "0.1791"}], [{"given-names": "B.", "score": "0.269"}], [{"score": "0.1105", "surname": "Zuckermann"}]]}, "ref_text_x": "Bürger, K., u. B. Zuckermann: Beiträge zur ökonomischen Geographie Afrikas. (Lehrbrief f. d. Fernstud. d. Lehrer, Potsdam 1964.)"}
{"ref_seg_dic": {"title": [{"score": "0.0666", "value": "Zur"}, {"score": "0.107", "value": "Kenntnis"}, {"score": "0.1526", "value": "der"}, {"score": "0.1168", "value": "osmanischen"}, {"score": "0.1188", "value": "Stadt."}, {"score": "0.0561", "value": "(Geographische"}, {"score": "0.0942", "value": "Zeitschrift"}], "other": [{"score": "0.1584", "value": "1932"}], "author": [[{"score": "0.1679", "surname": "Buech-Zantner"}], [{"given-names": "R", "score": "0.2701"}]]}, "ref_text_x": "Buech-Zantner, R.: Zur Kenntnis der osmanischen Stadt. (Geographische Zeitschrift, 1932.)"}
{"ref_seg_dic": {"publisher": [{"score": "0.1352", "value": "Standard"}], "other": [{"score": "0.1553", "value": "Tanganyika"}], "year": [{"score": "0.1718", "value": "1964"}], "title": [{"score": "0.0882", "value": "Dar-es-Salaam,"}, {"score": "0.0722", "value": "A"}, {"score": "0.1159", "value": "guide"}, {"score": "0.1456", "value": "to"}]}, "ref_text_x": "Dar-es-Salaam, A guide to. Tanganyika Standard 1964."}
{"ref_seg_dic": {"title": [{"score": "0.0799", "value": "Das"}, {"score": "0.1144", "value": "afrikanische"}, {"score": "0.1607", "value": "Marktwesen"}], "other": [{"score": "0.155", "value": "Zeitschr"}, {"score": "0.202", "value": "f"}], "author": [[{"score": "0.1837", "surname": "Fröhlich"}], [{"given-names": "W", "score": "0.2171"}]]}, "ref_text_x": "Fröhlich, W.: Das afrikanische Marktwesen. (Zeitschr. f."}
{"ref_seg_dic": {"other": [{"score": "0.1312", "value": "ff"}], "year": [{"score": "0.214", "value": "1940"}], "page": [{"score": "0.1544", "value": "234"}], "author": [[{"score": "0.1509", "surname": "Ethnologie"}]]}, "ref_text_x": "Ethnologie, 1940, S. 234 ff.)"}
{"ref_seg_dic": {"volume": [{"score": "0.2049", "value": "11"}], "source": [{"score": "0.1827", "value": "Agricultural"}, {"score": "0.141", "value": "Journal"}], "title": [{"score": "0.0877", "value": "Population"}, {"score": "0.1167", "value": "Problems"}, {"score": "0.1157", "value": "of"}, {"score": "0.1118", "value": "Tanganyika"}, {"score": "0.1043", "value": "Territory"}, {"score": "0.0953", "value": "(EastAfrican"}], "year": [{"score": "0.1699", "value": "1945"}], "author": [[{"score": "0.1815", "surname": "Gillman"}], [{"given-names": "C", "score": "0.3063"}]]}, "ref_text_x": "Gillman, C.: Population Problems of Tanganyika Territory (EastAfrican Agricultural Journal, 11, 1945.)"}
{"ref_seg_dic": {"title": [{"score": "0.0724", "value": "Bilder"}, {"score": "0.1254", "value": "von"}, {"score": "0.1645", "value": "Sansibar"}], "author": [[{"score": "0.1929", "surname": "Haak"}], [{"given-names": "M", "score": "0.3068"}]], "volume": [{"score": "0.1548", "value": "1"}], "source": [{"score": "0.1718", "value": "Erdkunde"}, {"score": "0.1354", "value": "unterricht"}], "other": [{"score": "0.1347", "value": "Zeitschr"}, {"score": "0.1617", "value": "f"}, {"score": "0.1677", "value": "d"}], "year": [{"score": "0.1614", "value": "1965"}]}, "ref_text_x": "Haak, M.: Bilder von Sansibar. (Zeitschr. f. d. Erdkunde­ unterricht, 1, 1965.)"}
{"ref_seg_dic": {"volume": [{"score": "0.2312", "value": "3"}], "other": [{"score": "0.1343", "value": "Diss"}, {"score": "0.1713", "value": "Jena"}, {"score": "0.1298", "value": "1969"}], "year": [{"score": "0.2178", "value": "1967"}], "editor": [{"score": "0.1084", "value": "P"}, {"score": "0.1185", "value": "H"}, {"score": "0.0826", "value": "Potsdam"}], "title": [{"score": "0.0696", "value": "Beiträge"}, {"score": "0.0678", "value": "zur"}, {"score": "0.1137", "value": "Geographie"}, {"score": "0.1307", "value": "der"}, {"score": "0.1316", "value": "Inseln"}, {"score": "0.1302", "value": "Sansibar"}, {"score": "0.1344", "value": "und"}, {"score": "0.155", "value": "Pemba"}, {"score": "0.097", "value": "Die"}, {"score": "0.0768", "value": "StadtSansibar"}, {"score": "0.0968", "value": "—"}, {"score": "0.1514", "value": "Eine"}, {"score": "0.1152", "value": "ökonomisch-geographische"}, {"score": "0.1505", "value": "Untersuchung"}]}, "ref_text_x": "Beiträge zur Geographie der Inseln Sansibar und Pemba. (Wiss. Zeitschr. d. P. H. Potsdam, 3, 1967.) —: Die StadtSansibar — Eine ökonomisch-geographische Untersuchung. (Diss. Jena 1969.)"}
{"ref_seg_dic": {"title": [{"score": "0.1219", "value": "and"}, {"score": "0.1355", "value": "the"}, {"score": "0.1639", "value": "Islands"}], "year": [{"score": "0.1702", "value": "1964"}], "other": [{"score": "0.2078", "value": "London"}], "author": [[{"score": "0.1457", "surname": "Harrison"}], [{"score": "0.2645", "surname": "Church"}], [{"given-names": "R.", "score": "0.2199"}], [{"given-names": "J", "score": "0.1607"}], [{"score": "0.0951", "surname": "Africa"}]]}, "ref_text_x": "Harrison Church, R. J.: Africa and the Islands. London 1964."}
{"ref_seg_dic": {"title": [{"score": "0.0979", "value": "The"}, {"score": "0.1244", "value": "Lands"}, {"score": "0.1316", "value": "and"}, {"score": "0.1162", "value": "Peoples"}, {"score": "0.0902", "value": "of"}, {"score": "0.1501", "value": "EastAfrica"}], "year": [{"score": "0.1738", "value": "1961"}], "other": [{"score": "0.2013", "value": "London"}], "author": [[{"score": "0.2027", "surname": "Hickman"}], [{"given-names": "G.", "score": "0.3437"}], [{"given-names": "M", "score": "0.1688"}], [{"given-names": "W.", "score": "0.1769"}], [{"given-names": "H.", "score": "0.1347"}], [{"given-names": "G.", "score": "0.1495"}], [{"score": "0.0984", "surname": "Dickins"}]]}, "ref_text_x": "Hickman, G. M., u. W. H. G. Dickins: The Lands and Peoples of EastAfrica. London 1961."}
{"ref_seg_dic": {"title": [{"score": "0.0817", "value": "Untersuchungen"}, {"score": "0.104", "value": "zur"}, {"score": "0.1602", "value": "Binnenwanderung"}, {"score": "0.1315", "value": "in"}, {"score": "0.1632", "value": "Tanzania"}], "year": [{"score": "0.1378", "value": "1968"}], "other": [{"score": "0.1872", "value": "München"}], "author": [[{"score": "0.1908", "surname": "Jürgens"}], [{"given-names": "H.", "score": "0.2751"}], [{"given-names": "W", "score": "0.1793"}]]}, "ref_text_x": "Jürgens, H. W.: Untersuchungen zur Binnenwanderung in Tanzania. München 1968."}
{"ref_seg_dic": {"title": [{"score": "0.1001", "value": "Afrika."}, {"score": "0.0593", "value": "Handbuch"}, {"score": "0.1069", "value": "der"}, {"score": "0.1368", "value": "geographischen"}, {"score": "0.1142", "value": "Wissen­"}, {"score": "0.1364", "value": "schaft"}], "year": [{"score": "0.1787", "value": "1930"}], "other": [{"score": "0.2289", "value": "Potsdam"}], "author": [[{"score": "0.1759", "surname": "Klute"}], [{"given-names": "F", "score": "0.276"}]]}, "ref_text_x": "Klute, F.: Afrika. Handbuch der geographischen Wissen­ schaft. Potsdam 1930."}
{"ref_seg_dic": {"title": [{"score": "0.1345", "value": "Länder"}, {"score": "0.1906", "value": "Afrikas"}], "year": [{"score": "0.1777", "value": "1969"}], "other": [{"score": "0.246", "value": "Berlin"}], "author": [[{"score": "0.21", "surname": "Kramer"}], [{"given-names": "H", "score": "0.2165"}]]}, "ref_text_x": "Kramer, H., u. a.: Die Länder Afrikas. Berlin 1969."}
{"ref_seg_dic": {"title": [{"score": "0.1704", "value": "Griff"}, {"score": "0.1824", "value": "nach"}, {"score": "0.213", "value": "Ostafrika"}], "year": [{"score": "0.1783", "value": "1968"}], "other": [{"score": "0.2774", "value": "Berlin"}], "author": [[{"score": "0.2284", "surname": "Loth"}], [{"given-names": "H.", "score": "0.3334"}]]}, "ref_text_x": "Loth, H. : Griff nach Ostafrika. Berlin 1968."}
{"ref_seg_dic": {"title": [{"score": "0.0933", "value": "An"}, {"score": "0.1317", "value": "Introduction"}, {"score": "0.1327", "value": "to"}, {"score": "0.1399", "value": "the"}, {"score": "0.148", "value": "History"}, {"score": "0.116", "value": "of"}, {"score": "0.151", "value": "EastAfrica"}], "year": [{"score": "0.1661", "value": "1965"}], "other": [{"score": "0.1557", "value": "Cambridge"}], "author": [[{"score": "0.2418", "surname": "Marsh"}], [{"given-names": "Z.", "score": "0.3602"}], [{"score": "0.1459", "surname": "A"}], [{"given-names": "G.", "score": "0.2547"}], [{"given-names": "W.", "score": "0.1322"}], [{"score": "0.1003", "surname": "Kingsnorth"}]]}, "ref_text_x": "Marsh, Z. A., u. G. W. Kingsnorth: An Introduction to the History of EastAfrica. Cambridge 1965."}
{"ref_seg_dic": {"title": [{"score": "0.0902", "value": "und"}, {"score": "0.1075", "value": "Bild"}, {"score": "0.0964", "value": "afrikanischer"}, {"score": "0.0737", "value": "Küstenstädte"}], "author": [[{"score": "0.159", "surname": "Mecking"}], [{"given-names": "L", "score": "0.2111"}], [{"score": "0.0774", "surname": "Bau"}]]}, "ref_text_x": "Mecking, L.: Bau und Bild afrikanischer Küstenstädte."}
{"ref_seg_dic": {"volume": [{"score": "0.1819", "value": "22/23"}], "source": [{"score": "0.1061", "value": "Zeitschr"}, {"score": "0.0936", "value": "f"}, {"score": "0.1214", "value": "Erdkunde"}], "year": [{"score": "0.1929", "value": "1938"}]}, "ref_text_x": "Zeitschr. f. Erdkunde, 22/23, 1938.)"}
{"ref_seg_dic": {"title": [{"score": "0.1133", "value": "Plan"}, {"score": "0.1195", "value": "for"}, {"score": "0.1358", "value": "a"}, {"score": "0.1438", "value": "Colonial"}, {"score": "0.1977", "value": "Capital"}], "year": [{"score": "0.1915", "value": "1948"}], "other": [{"score": "0.2022", "value": "London"}], "author": [[{"score": "0.1018", "surname": "Nairobi"}], [{"given-names": "Master", "score": "0.1557"}]]}, "ref_text_x": "Nairobi. Master Plan for a Colonial Capital. London 1948."}
{"ref_seg_dic": {"title": [{"score": "0.103", "value": "Die"}, {"score": "0.0861", "value": "Völker"}, {"score": "0.1256", "value": "Afrikas."}, {"score": "0.0733", "value": "Bd."}, {"score": "0.0983", "value": "II"}], "year": [{"score": "0.1807", "value": "1961"}], "other": [{"score": "0.2334", "value": "Berlin"}], "author": [[{"score": "0.1979", "surname": "Olderogge"}], [{"given-names": "D.", "score": "0.3392"}], [{"given-names": "A", "score": "0.1444"}], [{"given-names": "J.", "score": "0.2529"}], [{"score": "0.1321", "surname": "Potechin"}]]}, "ref_text_x": "Olderogge, D. A., u. J. Potechin: Die Völker Afrikas. Bd. II. Berlin 1961."}
{"ref_seg_dic": {"title": [{"score": "0.0936", "value": ":"}, {"score": "0.1878", "value": "A"}, {"score": "0.1947", "value": "Geography"}, {"score": "0.1191", "value": "of"}, {"score": "0.1622", "value": "EastAfrica"}], "year": [{"score": "0.1744", "value": "1962"}], "other": [{"score": "0.1996", "value": "London"}], "author": [[{"score": "0.1812", "surname": "Pritchard"}], [{"given-names": "J.", "score": "0.3146"}], [{"given-names": "M.", "score": "0.2092"}]]}, "ref_text_x": "Pritchard, J. M. : A Geography of EastAfrica. London 1962."}
{"ref_seg_dic": {"title": [{"score": "0.0708", "value": "Die"}, {"score": "0.1165", "value": "Städtegründung"}, {"score": "0.135", "value": "der"}, {"score": "0.1606", "value": "Araber"}, {"score": "0.119", "value": "im"}, {"score": "0.2015", "value": "Islam"}], "other": [{"score": "0.1827", "value": "München"}, {"score": "0.1351", "value": "1912"}], "author": [[{"score": "0.1577", "surname": "Reitemeyer"}], [{"given-names": "E", "score": "0.281"}]]}, "ref_text_x": "Reitemeyer, E.: Die Städtegründung der Araber im Islam. (Diss. München 1912.)"}
{"ref_seg_dic": {"other": [{"score": "0.1586", "value": "Dar-es-"}, {"score": "0.1123", "value": "Salaam"}], "year": [{"score": "0.1453", "value": "1964"}], "title": [{"score": "0.0851", "value": "Republic"}, {"score": "0.0522", "value": "of"}, {"score": "0.1166", "value": "Tanganyika:"}, {"score": "0.1247", "value": "Statistical"}, {"score": "0.1289", "value": "Abstract"}, {"score": "0.101", "value": "1963"}]}, "ref_text_x": "Republic of Tanganyika: Statistical Abstract 1963. Dar-es- Salaam 1964."}
{"ref_seg_dic": {"title": [{"score": "0.0789", "value": "Small-scale"}, {"score": "0.1249", "value": "Industries"}, {"score": "0.1231", "value": "and"}, {"score": "0.1146", "value": "Industrial"}, {"score": "0.1465", "value": "Education"}, {"score": "0.1125", "value": "in"}, {"score": "0.1559", "value": "Tanzania"}], "year": [{"score": "0.1375", "value": "1968"}], "other": [{"score": "0.1881", "value": "München"}], "author": [[{"score": "0.1711", "surname": "Schädler"}], [{"given-names": "K", "score": "0.2715"}], [{"score": "0.1192", "surname": "Crafts"}]]}, "ref_text_x": "Schädler, K.: Crafts, Small-scale Industries and Industrial Education in Tanzania. München 1968."}
{"ref_seg_dic": {"title": [{"score": "0.0766", "value": "Stadt"}, {"score": "0.1028", "value": "und"}, {"score": "0.0766", "value": "Territorium"}], "author": [[{"score": "0.1453", "surname": "Schmidt-Renner"}], [{"given-names": "Q", "score": "0.2317"}], [{"score": "0.0938", "surname": "Standort"}]]}, "ref_text_x": "Schmidt-Renner, Q.: Standort, Stadt und Territorium."}
{"ref_seg_dic": {"volume": [{"score": "0.152", "value": "1958"}], "source": [{"score": "0.0844", "value": "Geogr"}, {"score": "0.1278", "value": "Berichte"}], "page": [{"score": "0.1469", "value": "106"}], "title": [{"score": "0.0969", "value": "Elementare"}, {"score": "0.1091", "value": "Theorie"}, {"score": "0.1138", "value": "der"}, {"score": "0.1169", "value": "Ökonomischen"}, {"score": "0.0675", "value": "Geographie"}]}, "ref_text_x": "Geogr. Berichte, 1958, S. 106 ff.) —: Elementare Theorie der Ökonomischen Geographie."}
{"ref_seg_dic": {"other": [{"score": "0.1849", "value": "Leipzig"}], "editor": [{"score": "0.136", "value": "Gotha"}], "year": [{"score": "0.166", "value": "1966"}]}, "ref_text_x": "Gotha und Leipzig 1966."}
{"ref_seg_dic": {"title": [{"score": "0.0818", "value": "Stadtentwicklung"}, {"score": "0.0957", "value": "unter"}, {"score": "0.0928", "value": "dem"}, {"score": "0.099", "value": "Einfluß"}, {"score": "0.0994", "value": "der"}, {"score": "0.1296", "value": "Araber"}, {"score": "0.1058", "value": "und"}, {"score": "0.1215", "value": "Inder"}], "year": [{"score": "0.1897", "value": "1965"}], "other": [{"score": "0.2463", "value": "Wiesbaden"}], "author": [[{"score": "0.2533", "surname": "Schneider"}], [{"given-names": "K.", "score": "0.3489"}], [{"given-names": "G", "score": "0.1986"}], [{"score": "0.0997", "surname": "Dar-es-Salaam"}]]}, "ref_text_x": "Schneider, K. G.: Dar-es-Salaam, Stadtentwicklung unter dem Einfluß der Araber und Inder. Wiesbaden 1965."}
{"ref_seg_dic": {"volume": [{"score": "0.1998", "value": "14"}], "source": [{"score": "0.0829", "value": "Geogr"}, {"score": "0.176", "value": "Zeitschr"}, {"score": "0.1434", "value": "Beiheft"}], "title": [{"score": "0.0953", "value": "Evolution"}, {"score": "0.1163", "value": "und"}, {"score": "0.1468", "value": "Revolution"}, {"score": "0.1084", "value": "in"}, {"score": "0.1183", "value": "der"}, {"score": "0.1284", "value": "Land­"}, {"score": "0.0976", "value": "schaftsentwicklung"}, {"score": "0.1278", "value": "Ostafrikas"}], "year": [{"score": "0.1674", "value": "1966"}], "author": [[{"score": "0.1951", "surname": "Schultze"}], [{"given-names": "J.", "score": "0.3166"}], [{"given-names": "H", "score": "0.1635"}]]}, "ref_text_x": "Schultze, J. H.: Evolution und Revolution in der Land­ schaftsentwicklung Ostafrikas. (Geogr. Zeitschr., Beiheft 14, 1966.)"}
{"ref_seg_dic": {"title": [{"score": "0.1517", "value": "Siedlungsgeographie."}], "year": [{"score": "0.1921", "value": "1966"}], "other": [{"score": "0.1546", "value": "West-"}, {"score": "0.1788", "value": "Berlin"}], "author": [[{"score": "0.1771", "surname": "Schwarz"}], [{"given-names": "G", "score": "0.2767"}], [{"score": "0.0773", "surname": "Allgemeine"}]]}, "ref_text_x": "Schwarz, G.: Allgemeine Siedlungsgeographie. [West-] Berlin 1966."}
{"ref_seg_dic": {"other": [{"score": "0.1935", "value": "Dar-es-Salaam"}], "year": [{"score": "0.1433", "value": "1964"}], "title": [{"score": "0.0779", "value": "The"}, {"score": "0.0847", "value": "United"}, {"score": "0.1403", "value": "Republic"}, {"score": "0.1133", "value": "of"}, {"score": "0.1653", "value": "Tanganyika"}, {"score": "0.1311", "value": "and"}, {"score": "0.1041", "value": "Zanzibar:"}, {"score": "0.084", "value": "Tan­"}, {"score": "0.1195", "value": "ganyika"}, {"score": "0.1069", "value": "five"}, {"score": "0.1065", "value": "year"}, {"score": "0.0921", "value": "plan"}, {"score": "0.0937", "value": "for"}, {"score": "0.1047", "value": "economic"}, {"score": "0.0926", "value": "and"}, {"score": "0.1075", "value": "social"}, {"score": "0.1019", "value": "develop­"}, {"score": "0.1146", "value": "ment"}]}, "ref_text_x": "The United Republic of Tanganyika and Zanzibar: Tan­ ganyika five year plan for economic and social develop­ ment. Dar-es-Salaam 1964."}
{"ref_seg_dic": {"title": [{"score": "0.0738", "value": "Der"}, {"score": "0.1271", "value": "nichtkapitalistische"}, {"score": "0.1289", "value": "Entwicklungsweg"}, {"score": "0.1323", "value": "afrika­"}, {"score": "0.1104", "value": "nischer"}, {"score": "0.1425", "value": "Staaten"}], "author": [[{"score": "0.1834", "surname": "Thole"}], [{"given-names": "G", "score": "0.2494"}]], "volume": [{"score": "0.2206", "value": "11"}], "source": [{"score": "0.0893", "value": "Zeitschr"}, {"score": "0.1099", "value": "f"}, {"score": "0.1349", "value": "Erdkundeunterricht"}], "other": [{"score": "0.2164", "value": "a"}], "year": [{"score": "0.2083", "value": "1969"}]}, "ref_text_x": "Thole, G.: Der nichtkapitalistische Entwicklungsweg afrika­ nischer Staaten. (Zeitschr. f. Erdkundeunterricht, 11, 1969 a)"}
{"ref_seg_dic": {"volume": [{"score": "0.1757", "value": "10"}], "source": [{"score": "0.0831", "value": "Zeit"}, {"score": "0.1347", "value": "schr"}, {"score": "0.1088", "value": "f"}, {"score": "0.1219", "value": "Erdkundeunterricht"}], "year": [{"score": "0.2096", "value": "1969"}], "other": [{"score": "0.207", "value": "b"}], "title": [{"score": "0.0957", "value": "Einführung"}, {"score": "0.0639", "value": "in"}, {"score": "0.1406", "value": "die"}, {"score": "0.1382", "value": "politische"}, {"score": "0.1241", "value": "Situation"}, {"score": "0.14", "value": "Afrikas"}]}, "ref_text_x": "Einführung in die politische Situation Afrikas. (Zeit­ schr. f. Erdkundeunterricht, 10, 1969 b)"}
{"ref_seg_dic": {"volume": [{"score": "0.2018", "value": "12"}], "source": [{"score": "0.2028", "value": "Erdkunde"}, {"score": "0.119", "value": "unterricht"}], "title": [{"score": "0.104", "value": "Der"}, {"score": "0.1586", "value": "Industrialisierungsprozeß"}, {"score": "0.1056", "value": "in"}, {"score": "0.1205", "value": "den"}, {"score": "0.1179", "value": "Entwicklungsländern"}, {"score": "0.1518", "value": "Afrikas"}], "other": [{"score": "0.1348", "value": "Zeitschr"}, {"score": "0.1656", "value": "f"}, {"score": "0.1259", "value": "1969"}, {"score": "0.2077", "value": "c"}], "author": [[{"score": "0.217", "surname": "Thole"}], [{"given-names": "G", "score": "0.2167"}], [{"given-names": "R.", "score": "0.2454"}], [{"score": "0.1382", "surname": "König"}]]}, "ref_text_x": "Thole, G., u. R. König: Der Industrialisierungsprozeß in den Entwicklungsländern Afrikas. (Zeitschr. f. Erdkunde­ unterricht, 12, 1969 c)"}
{"ref_seg_dic": {"title": [{"score": "0.0856", "value": "Population"}, {"score": "0.1322", "value": "Patterns"}, {"score": "0.1225", "value": "in"}, {"score": "0.1121", "value": "Tropical"}, {"score": "0.0816", "value": "Africa"}], "author": [[{"score": "0.1638", "surname": "Trewartha"}], [{"given-names": "G.", "score": "0.2561"}], [{"given-names": "T", "score": "0.1919"}]]}, "ref_text_x": "Trewartha, G. T.: Population Patterns in Tropical Africa."}
{"ref_seg_dic": {"volume": [{"score": "0.1929", "value": "44"}], "year": [{"score": "0.1644", "value": "1954"}], "title": [{"score": "0.077", "value": "Annual"}, {"score": "0.085", "value": "of"}, {"score": "0.1522", "value": "the"}, {"score": "0.1821", "value": "Assoc."}, {"score": "0.0777", "value": "of"}, {"score": "0.1392", "value": "Americ."}, {"score": "0.0679", "value": "Geographers"}]}, "ref_text_x": "Annual of the Assoc. of Americ. Geographers, 44, 1954.)"}
{"ref_seg_dic": {"volume": [{"score": "0.1752", "value": "2"}], "title": [{"score": "0.1056", "value": "Social"}, {"score": "0.1293", "value": "implications"}, {"score": "0.1097", "value": "of"}, {"score": "0.127", "value": "industrialization"}, {"score": "0.1139", "value": "and"}, {"score": "0.0994", "value": "urbani-"}, {"score": "0.1264", "value": "zation"}, {"score": "0.0933", "value": "in"}, {"score": "0.1296", "value": "Africa"}, {"score": "0.1133", "value": "south"}, {"score": "0.104", "value": "of"}, {"score": "0.1229", "value": "the"}, {"score": "0.1595", "value": "Sahara"}], "year": [{"score": "0.2056", "value": "1967"}, {"score": "0.1738", "value": "1956"}], "other": [{"score": "0.1936", "value": "Unesco"}, {"score": "0.2113", "value": "Paris"}], "author": [[{"score": "0.1606", "surname": "Ullerich"}], [{"given-names": "K", "score": "0.2297"}], [{"score": "0.0874", "surname": "Tansania"}]]}, "ref_text_x": "Ullerich, K.: Tansania. (Geogr. Berichte, 2, 1967.) Unesco: Social implications of industrialization and urbani- zation in Africa south of the Sahara. Paris 1956."}
{"ref_seg_dic": {"source": [{"score": "0.1369", "value": "The"}, {"score": "0.1203", "value": "Eagle"}, {"score": "0.0914", "value": "Press"}], "title": [{"score": "0.1584", "value": "The"}, {"score": "0.1602", "value": "Geography"}, {"score": "0.129", "value": "of"}, {"score": "0.1469", "value": "a"}, {"score": "0.1317", "value": "New"}, {"score": "0.1414", "value": "City"}], "year": [{"score": "0.1946", "value": "1957"}], "other": [{"score": "0.1776", "value": "Nairobi"}], "author": [[{"score": "0.1844", "surname": "Walmsley"}], [{"given-names": "R.", "score": "0.2593"}], [{"score": "0.1053", "surname": "JF"}], [{"given-names": "Nairobi", "score": "0.1035"}]]}, "ref_text_x": "Walmsley, R. JF.: Nairobi — The Geography of a New City. The Eagle Press, Nairobi 1957."}
{"ref_seg_dic": {"title": [{"score": "0.1402", "value": "Der"}, {"score": "0.159", "value": "Weg"}, {"score": "0.1573", "value": "nach"}, {"score": "0.1907", "value": "vorn"}], "year": [{"score": "0.1682", "value": "1964"}], "other": [{"score": "0.2714", "value": "Berlin"}], "author": [[{"score": "0.152", "surname": "Woddis"}], [{"given-names": "J", "score": "0.2672"}]]}, "ref_text_x": "Woddis, J.: Afrika — Der Weg nach vorn. Berlin 1964."}
