{"ref_seg_dic": {"title": [{"score": "0.1093", "value": "Erprobung"}, {"score": "0.1291", "value": "eines"}, {"score": "0.1069", "value": "physisch-geographischen"}, {"score": "0.1059", "value": "Modells."}, {"score": "0.057", "value": "Die"}, {"score": "0.108", "value": "Wetterkarte"}, {"score": "0.1114", "value": "im"}, {"score": "0.1221", "value": "Geographieunterricht"}, {"score": "0.0871", "value": "der"}, {"score": "0.1071", "value": "Sek"}], "other": [{"score": "0.1311", "value": "I"}], "author": [[{"score": "0.1864", "surname": "Albrecht"}], [{"given-names": "V", "score": "0.3095"}], [{"score": "0.081", "surname": "Unterrichtspraktische"}]]}, "ref_text_x": "Albrecht, V.: Unterrichtspraktische Erprobung eines physisch-geographischen Modells. Die Wetterkarte im Geographieunterricht der Sek. I."}
{"ref_seg_dic": {"page": [{"score": "0.2866", "value": "59"}, {"score": "0.2866", "value": "75"}], "title": [{"score": "0.0742", "value": "Hefte"}, {"score": "0.0737", "value": "zur"}, {"score": "0.1171", "value": "Fachdidaktik"}, {"score": "0.1111", "value": "der"}, {"score": "0.1092", "value": "Geographie"}, {"score": "0.1097", "value": "2/1979"}]}, "ref_text_x": "Hefte zur Fachdidaktik der Geographie 2/1979, S. 59-75."}
{"ref_seg_dic": {"title": [{"score": "0.0786", "value": "Allgemeine"}, {"score": "0.131", "value": "Klimageographie"}], "other": [{"score": "0.1331", "value": "Ber"}, {"score": "0.1216", "value": "lin"}, {"score": "0.1219", "value": "1966"}], "author": [[{"score": "0.1556", "surname": "Blüthgen"}], [{"given-names": "J", "score": "0.2479"}]]}, "ref_text_x": "Blüthgen, J.: Allgemeine Klimageographie. Ber­ lin 1966."}
{"ref_seg_dic": {"title": [{"score": "0.1157", "value": "nach"}, {"score": "0.1315", "value": "Wunsch?"}, {"score": "0.0874", "value": "Perspektiven"}, {"score": "0.1039", "value": "und"}, {"score": "0.1136", "value": "Gefahren"}, {"score": "0.104", "value": "künstlicher"}, {"score": "0.155", "value": "Wetterbeeinflussung"}], "year": [{"score": "0.1927", "value": "1976"}], "other": [{"score": "0.2437", "value": "Stuttgart"}], "author": [[{"score": "0.199", "surname": "Breuer"}], [{"given-names": "G", "score": "0.2773"}], [{"score": "0.0915", "surname": "Wetter"}]]}, "ref_text_x": "Breuer, G.: Wetter nach Wunsch? Perspektiven und Gefahren künstlicher Wetterbeeinflussung. Stuttgart 1976."}
{"ref_seg_dic": {"volume": [{"score": "0.1941", "value": "15"}], "title": [{"score": "0.1304", "value": "Schuß"}, {"score": "0.1239", "value": "in"}, {"score": "0.1448", "value": "die"}, {"score": "0.1355", "value": "Wolken."}, {"score": "0.0953", "value": "Umschau"}, {"score": "0.1038", "value": "in"}, {"score": "0.1529", "value": "Wissenschaft"}, {"score": "0.0964", "value": "und"}, {"score": "0.1127", "value": "Technik"}], "year": [{"score": "0.2697", "value": "1979"}], "page": [{"score": "0.2873", "value": "463"}, {"score": "0.2873", "value": "468"}], "author": [[{"score": "0.1994", "surname": "Federer"}], [{"given-names": "B", "score": "0.3301"}], [{"score": "0.1046", "surname": "Hagelabwehr"}]]}, "ref_text_x": "Federer, B.: Hagelabwehr: Schuß in die Wolken. Umschau in Wissenschaft und Technik. H. 15 (1979), S. 463-468."}
{"ref_seg_dic": {"volume": [{"score": "0.1969", "value": "1"}], "title": [{"score": "0.1106", "value": "wir"}, {"score": "0.1256", "value": "das"}, {"score": "0.1295", "value": "Wetter"}, {"score": "0.1232", "value": "ändern?"}, {"score": "0.1052", "value": "Umschau"}, {"score": "0.1109", "value": "in"}, {"score": "0.1533", "value": "Wissenschaft"}, {"score": "0.0954", "value": "und"}, {"score": "0.1093", "value": "Technik"}], "year": [{"score": "0.293", "value": "1968"}], "page": [{"score": "0.2877", "value": "9"}, {"score": "0.2877", "value": "12"}], "author": [[{"score": "0.1669", "surname": "Fedorov"}], [{"given-names": "E.", "score": "0.3142"}], [{"given-names": "K", "score": "0.1664"}], [{"score": "0.0999", "surname": "Können"}]]}, "ref_text_x": "Fedorov, E. K.: Können wir das Wetter ändern? Umschau in Wissenschaft und Technik. H. 1 (1968), S. 9-12."}
{"ref_seg_dic": {"volume": [{"score": "0.2013", "value": "5"}], "title": [{"score": "0.0631", "value": "Unterrichtsskizze"}, {"score": "0.085", "value": "I:"}, {"score": "0.1199", "value": "Tropischer"}, {"score": "0.1604", "value": "Wirbelsturm."}, {"score": "0.0891", "value": "Geographie"}, {"score": "0.1066", "value": "im"}, {"score": "0.1228", "value": "Unterricht"}], "year": [{"score": "0.2349", "value": "1980"}], "page": [{"score": "0.3199", "value": "199"}, {"score": "0.3199", "value": "215"}], "author": [[{"score": "0.1622", "surname": "Geibert"}], [{"given-names": "H", "score": "0.2641"}]]}, "ref_text_x": "Geibert, H.: Unterrichtsskizze I: \"Tropischer Wirbelsturm.\" Geographie im Unterricht. 5. Jg. (Juni 1980), S. 199-215."}
{"ref_seg_dic": {"source": [{"score": "0.107", "value": "Hefte"}, {"score": "0.1043", "value": "zur"}, {"score": "0.1023", "value": "Fachdi"}], "title": [{"score": "0.1101", "value": "Arbeitsweisen"}, {"score": "0.1236", "value": "der"}, {"score": "0.1257", "value": "physischen"}, {"score": "0.1", "value": "Geographie"}, {"score": "0.093", "value": "-"}, {"score": "0.1156", "value": "dargestellt"}, {"score": "0.0925", "value": "an"}, {"score": "0.0917", "value": "Bei­"}, {"score": "0.1187", "value": "spielen"}, {"score": "0.1008", "value": "der"}, {"score": "0.1217", "value": "Klimageographie"}], "author": [[{"score": "0.1822", "surname": "Geiger"}], [{"given-names": "M", "score": "0.3277"}], [{"score": "0.0756", "surname": "Schulrelevante"}]]}, "ref_text_x": "Geiger, M.: Schulrelevante Arbeitsweisen der physischen Geographie - dargestellt an Bei­ spielen der Klimageographie. Hefte zur Fachdi­"}
{"ref_seg_dic": {"volume": [{"score": "0.1773", "value": "1"}], "year": [{"score": "0.3028", "value": "1978"}], "page": [{"score": "0.286", "value": "60-80"}], "author": [[{"score": "0.0906", "surname": "der"}], [{"given-names": "Geographie", "score": "0.1527"}], [{"score": "0.1805", "surname": "H"}]]}, "ref_text_x": "daktik der Geographie, H. 1 (1978), S. 60-80."}
{"ref_seg_dic": {"source": [{"score": "0.1678", "value": "Weather"}, {"score": "0.1451", "value": "and"}, {"score": "0.1063", "value": "Climate"}, {"score": "0.0636", "value": "Modification"}], "other": [{"score": "0.19", "value": "New"}, {"score": "0.2514", "value": "York"}, {"score": "0.127", "value": "1974"}], "page": [{"score": "0.2805", "value": "497"}, {"score": "0.2805", "value": "521"}], "author": [[{"score": "0.1815", "surname": "Gentry"}], [{"given-names": "C", "score": "0.3075"}], [{"given-names": "Hurricane", "score": "0.0953"}], [{"score": "0.0935", "surname": "Modification"}], [{"given-names": "Hess", "score": "0.0817"}]]}, "ref_text_x": "Gentry, C.: Hurricane Modification. Hess (Hrsg.). Weather and Climate Modification, S. 497-521. New York 1974."}
{"ref_seg_dic": {"title": [{"score": "0.1616", "value": "Peitschen"}, {"score": "0.1219", "value": "vom"}, {"score": "0.11", "value": "Himmel"}], "author": [[{"score": "0.1718", "surname": "Mai"}]], "volume": [{"score": "0.1428", "value": "5"}], "source": [{"score": "0.1942", "value": "GEO-Magazin"}], "year": [{"score": "0.1791", "value": "1979"}], "page": [{"score": "0.309", "value": "37-62"}]}, "ref_text_x": "GEO-Magazin Nr. 5, Mai 1979: \"Peitschen vom Himmel\", S. 37-62."}
{"ref_seg_dic": {"source": [{"score": "0.1539", "value": "Human"}, {"score": "0.2331", "value": "Dimensions"}, {"score": "0.1137", "value": "of"}, {"score": "0.1228", "value": "Weather"}, {"score": "0.1173", "value": "Modification"}], "title": [{"score": "0.108", "value": "Potential"}, {"score": "0.1198", "value": "Impacts"}, {"score": "0.0879", "value": "of"}, {"score": "0.0934", "value": "Storm"}, {"score": "0.1156", "value": "Modification"}, {"score": "0.1049", "value": "on"}, {"score": "0.1112", "value": "the"}, {"score": "0.1139", "value": "Insurance"}, {"score": "0.1012", "value": "Industry"}], "year": [{"score": "0.1685", "value": "1966"}], "other": [{"score": "0.1387", "value": "Sewell"}, {"score": "0.1877", "value": "Chicago"}], "author": [[{"score": "0.2204", "surname": "Hendrick"}], [{"given-names": "R.", "score": "0.2536"}], [{"given-names": "L", "score": "0.1769"}], [{"given-names": "D.", "score": "0.255"}], [{"given-names": "G.", "score": "0.1919"}], [{"score": "0.1171", "surname": "Friedman"}]]}, "ref_text_x": "Hendrick, R. L., und D. G. Friedman: Potential Impacts of Storm Modification on the Insurance Industry; Sewell (Hrsg.). Human Dimensions of Weather Modification. Chicago 1966."}
{"ref_seg_dic": {"source": [{"score": "0.22", "value": "Weather"}, {"score": "0.1466", "value": "and"}, {"score": "0.1132", "value": "Climate"}, {"score": "0.1029", "value": "Modification"}], "other": [{"score": "0.2055", "value": "New"}, {"score": "0.211", "value": "York"}, {"score": "0.1254", "value": "1974"}], "editor": [{"score": "0.1456", "value": "Hess"}, {"score": "0.1702", "value": "W"}, {"score": "0.2016", "value": "N"}]}, "ref_text_x": "Hess, W. N. (Hrsg.): Weather and Climate Modification. New York 1974."}
{"ref_seg_dic": {"title": [{"score": "0.0887", "value": "weather"}, {"score": "0.1194", "value": "and"}, {"score": "0.1722", "value": "agriculture"}, {"score": "0.1161", "value": "in"}, {"score": "0.1244", "value": "the"}, {"score": "0.1657", "value": "tropics"}], "other": [{"score": "0.1577", "value": "London/New"}, {"score": "0.1673", "value": "York"}, {"score": "0.1422", "value": "1977"}], "author": [[{"score": "0.2035", "surname": "Jackson"}], [{"given-names": "I.", "score": "0.2997"}], [{"given-names": "J", "score": "0.1918"}], [{"score": "0.1018", "surname": "Climate"}]]}, "ref_text_x": "Jackson, I. J.: Climate, weather and agriculture in the tropics. London/New York 1977."}
{"ref_seg_dic": {"publisher": [{"score": "0.1097", "value": "Weather"}, {"score": "0.0794", "value": "Modification"}, {"score": "0.1605", "value": "Science"}], "author": [[{"score": "0.169", "surname": "MacDonald"}], [{"given-names": "G", "score": "0.253"}]]}, "ref_text_x": "MacDonald, G.: Weather Modification. Science"}
{"ref_seg_dic": {"volume": [{"score": "0.2766", "value": "4"}], "source": [{"score": "0.1805", "value": "Journal"}], "page": [{"score": "0.3194", "value": "39"}, {"score": "0.3194", "value": "44"}], "year": [{"score": "0.2145", "value": "1968"}]}, "ref_text_x": "Journal. Jg. 4 (January 1968), S. 39-44."}
{"ref_seg_dic": {"title": [{"score": "0.142", "value": "and"}, {"score": "0.134", "value": "Mans"}, {"score": "0.0989", "value": "Environment:"}, {"score": "0.1117", "value": "An"}, {"score": "0.1389", "value": "Introduction"}, {"score": "0.1346", "value": "to"}, {"score": "0.1316", "value": "Applied"}, {"score": "0.1612", "value": "Climatology"}], "other": [{"score": "0.2084", "value": "New"}, {"score": "0.2123", "value": "York"}, {"score": "0.1254", "value": "1973"}], "author": [[{"score": "0.1869", "surname": "Oliver"}], [{"given-names": "J.", "score": "0.3279"}], [{"given-names": "E", "score": "0.1824"}], [{"score": "0.1235", "surname": "Climate"}]]}, "ref_text_x": "Oliver, J. E.: Climate and Man\"s Environment: An Introduction to Applied Climatology. New York 1973."}
{"ref_seg_dic": {"title": [{"score": "0.0648", "value": "Gegenwärtiger"}, {"score": "0.0964", "value": "Stand"}, {"score": "0.1064", "value": "der"}, {"score": "0.1248", "value": "Erkenntnisse"}, {"score": "0.0948", "value": "über"}, {"score": "0.1114", "value": "die"}, {"score": "0.105", "value": "Möglichkeiten"}, {"score": "0.1144", "value": "der"}, {"score": "0.1077", "value": "Wet­"}, {"score": "0.1225", "value": "terbeeinflussung"}], "other": [{"score": "0.1439", "value": "Naturwissenschaftliche"}, {"score": "0.128", "value": "Rund"}], "author": [[{"score": "0.1621", "surname": "Panzram"}], [{"given-names": "H", "score": "0.2702"}]]}, "ref_text_x": "Panzram, H.: Gegenwärtiger Stand der Erkenntnisse über die Möglichkeiten der Wet­ terbeeinflussung. Naturwissenschaftliche Rund­"}
{"ref_seg_dic": {"volume": [{"score": "0.1755", "value": "2"}], "year": [{"score": "0.2972", "value": "1976"}], "page": [{"score": "0.2859", "value": "48"}, {"score": "0.2859", "value": "49"}], "author": [[{"score": "0.1031", "surname": "schau"}], [{"score": "0.0871", "surname": "29"}], [{"given-names": "Jg", "score": "0.136"}], [{"score": "0.1918", "surname": "H"}]]}, "ref_text_x": "schau. 29. Jg., H. 2 (1976), S. 48-49."}
{"ref_seg_dic": {"title": [{"score": "0.1342", "value": "Lernfeld"}, {"score": "0.1767", "value": "Naturbedingungen"}, {"score": "0.1308", "value": "im"}, {"score": "0.1283", "value": "lernzielorientierten"}, {"score": "0.1221", "value": "Geographieunterricht"}, {"score": "0.0954", "value": "der"}, {"score": "0.1316", "value": "Sek."}, {"score": "0.0542", "value": "I"}], "author": [[{"score": "0.2436", "surname": "Richter"}], [{"given-names": "D", "score": "0.3101"}], [{"score": "0.104", "surname": "Das"}]], "volume": [{"score": "0.1289", "value": "H"}, {"score": "0.2", "value": "1"}], "source": [{"score": "0.1325", "value": "HFG"}], "year": [{"score": "0.2936", "value": "1978"}], "page": [{"score": "0.2865", "value": "81"}, {"score": "0.2865", "value": "103"}]}, "ref_text_x": "Richter, D.: Das Lernfeld \"Naturbedingungen\" im lernzielorientierten Geographieunterricht der Sek. I. HFG. H. 1 (1978), S. 81-103."}
{"ref_seg_dic": {"volume": [{"score": "0.199", "value": "5"}], "title": [{"score": "0.0837", "value": "Der"}, {"score": "0.1383", "value": "tropische"}, {"score": "0.1374", "value": "Wirbelsturm."}, {"score": "0.0839", "value": "Umschau"}, {"score": "0.1075", "value": "in"}, {"score": "0.1581", "value": "Wissenschaft"}, {"score": "0.0988", "value": "und"}, {"score": "0.1034", "value": "Technik"}], "year": [{"score": "0.2907", "value": "1980"}], "page": [{"score": "0.2857", "value": "131"}, {"score": "0.2857", "value": "137"}], "author": [[{"score": "0.1876", "surname": "Riehl"}], [{"given-names": "H", "score": "0.2511"}]]}, "ref_text_x": "Riehl, H.: Der tropische Wirbelsturm. Umschau in Wissenschaft und Technik. H. 5 (1980), S. 131-137."}
{"ref_seg_dic": {"source": [{"score": "0.1", "value": "DIE"}, {"score": "0.1345", "value": "ZEIT"}, {"score": "0.1401", "value": "vom"}, {"score": "0.0831", "value": "12"}], "title": [{"score": "0.1368", "value": "Sturmwut."}, {"score": "0.0729", "value": "Wie"}, {"score": "0.1063", "value": "zähmt"}, {"score": "0.1192", "value": "man"}, {"score": "0.0981", "value": "einen"}, {"score": "0.1187", "value": "Hurrikan"}], "author": [[{"score": "0.1864", "surname": "Ruland"}], [{"given-names": "H", "score": "0.2999"}], [{"score": "0.0878", "surname": "Unternehmen"}]]}, "ref_text_x": "Ruland, H.: Unternehmen Sturmwut. Wie zähmt man einen Hurrikan? DIE ZEIT vom 12."}
{"ref_seg_dic": {"year": [{"score": "0.2123", "value": "1974"}], "page": [{"score": "0.1937", "value": "41"}], "author": [[{"score": "0.1203", "surname": "Juli"}]]}, "ref_text_x": "Juli 1974, S. 41."}
{"ref_seg_dic": {"source": [{"score": "0.1611", "value": "Science"}, {"score": "0.121", "value": "vom"}, {"score": "0.0873", "value": "7"}, {"score": "0.0949", "value": "Juni"}], "page": [{"score": "0.318", "value": "1059-1061"}], "year": [{"score": "0.2008", "value": "1974"}]}, "ref_text_x": "Science vom 7. Juni 1974, S. 1059-1061."}
{"ref_seg_dic": {"source": [{"score": "0.1924", "value": "Human"}, {"score": "0.2295", "value": "Dimensions"}], "other": [{"score": "0.1885", "value": "Chicago"}], "year": [{"score": "0.1688", "value": "1966"}], "editor": [{"score": "0.263", "value": "Sewell"}, {"score": "0.2146", "value": "D"}], "title": [{"score": "0.107", "value": "Wea­"}, {"score": "0.112", "value": "ther"}, {"score": "0.1525", "value": "Modification"}]}, "ref_text_x": "Sewell, D. (Hrsg.): Human Dimensions of Wea­ ther Modification. Chicago 1966."}
{"ref_seg_dic": {"title": [{"score": "0.0694", "value": "Principles"}, {"score": "0.1088", "value": "of"}, {"score": "0.1319", "value": "Applied"}, {"score": "0.166", "value": "Climatology"}], "other": [{"score": "0.2025", "value": "New"}, {"score": "0.2094", "value": "York"}, {"score": "0.1254", "value": "1975"}], "author": [[{"score": "0.1732", "surname": "Smith"}], [{"given-names": "K", "score": "0.2785"}]]}, "ref_text_x": "Smith, K.: Principles of Applied Climatology. New York 1975."}
{"ref_seg_dic": {"title": [{"score": "0.0867", "value": "Einführung"}, {"score": "0.1059", "value": "in"}, {"score": "0.1503", "value": "die"}, {"score": "0.1515", "value": "Allgemeine"}, {"score": "0.2027", "value": "Klimatologie"}, {"score": "0.0915", "value": "O"}, {"score": "0.1285", "value": "In"}, {"score": "0.0927", "value": "eigener"}], "year": [{"score": "0.2028", "value": "1977"}], "other": [{"score": "0.2636", "value": "Stuttgart"}, {"score": "0.1404", "value": "Sache"}], "author": [[{"score": "0.1656", "surname": "Weischet"}], [{"given-names": "W", "score": "0.2718"}]]}, "ref_text_x": "Weischet, W.: Einführung in die Allgemeine Klimatologie. Stuttgart 1977. O In eigener Sache:"}
