{"ref_seg_dic": {"url": [{"score": "0.1058", "value": "69/2008"}, {"score": "0.1248", "value": "(www.bundesregierung.de)"}], "source": [{"score": "0.1703", "value": "Die"}, {"score": "0.1154", "value": "Kartoffel"}, {"score": "0.1064", "value": "Erfolgsgeschichte"}, {"score": "0.0895", "value": "einer"}, {"score": "0.1206", "value": "ärmlichen"}, {"score": "0.1293", "value": "Knolle"}, {"score": "0.1463", "value": "Magazin"}, {"score": "0.1579", "value": "zur"}, {"score": "0.2142", "value": "Entwicklungspolitik"}], "editor": [{"score": "0.2371", "value": "Die"}, {"score": "0.2301", "value": "Bundesregierung"}]}, "ref_text_x": "Die Bundesregierung (Hrsg.): Die Kartoffel: Erfolgsgeschichte einer \"ärmlichen Knolle\". Magazin zur Entwicklungspolitik Nr. 69/2008 (www.bundesregierung.de)"}
{"ref_seg_dic": {"title": [{"score": "0.1389", "value": "Vielfalt"}, {"score": "0.1324", "value": "in"}, {"score": "0.1478", "value": "der"}, {"score": "0.1975", "value": "Landwirtschaft."}, {"score": "0.0559", "value": "Ihre"}, {"score": "0.0901", "value": "Bedeutung"}, {"score": "0.0808", "value": "für"}, {"score": "0.0911", "value": "die"}, {"score": "0.1192", "value": "Ernährungssicherung"}, {"score": "0.0977", "value": "in"}, {"score": "0.1137", "value": "Zeiten"}, {"score": "0.098", "value": "des"}, {"score": "0.0716", "value": "Klimawandels"}], "author": [[{"score": "0.164", "surname": "Corves"}], [{"given-names": "C", "score": "0.2918"}], [{"score": "0.0771", "surname": "Biologische"}]]}, "ref_text_x": "Corves, C.: Biologische Vielfalt in der Landwirtschaft. Ihre Bedeutung für die Ernährungssicherung in Zeiten des Klimawandels."}
{"ref_seg_dic": {"volume": [{"score": "0.2117", "value": "61"}], "source": [{"score": "0.1224", "value": "Geographische"}, {"score": "0.1096", "value": "Rundschau"}], "issue": [{"score": "0.1339", "value": "H.4"}], "page": [{"score": "0.2775", "value": "38"}, {"score": "0.2775", "value": "45"}], "year": [{"score": "0.2505", "value": "2009"}]}, "ref_text_x": "Geographische Rundschau 61 (2009) H.4, S. 38-45"}
{"ref_seg_dic": {"publisher": [{"score": "0.1238", "value": "una"}, {"score": "0.1341", "value": "vision"}, {"score": "0.1182", "value": "estrategica"}], "title": [{"score": "0.1051", "value": "comparativo"}, {"score": "0.1065", "value": "del"}, {"score": "0.1195", "value": "sector"}, {"score": "0.1192", "value": "papa"}, {"score": "0.1187", "value": "en"}, {"score": "0.1229", "value": "Bolivia,"}, {"score": "0.0912", "value": "Ecuador"}, {"score": "0.1187", "value": "y"}, {"score": "0.2065", "value": "Peru"}, {"score": "0.0926", "value": "en"}, {"score": "0.1106", "value": "la"}, {"score": "0.1204", "value": "regiön"}, {"score": "0.118", "value": "andina"}], "author": [[{"score": "0.2194", "surname": "Devaux"}], [{"given-names": "A.", "score": "0.2767"}]], "source": [{"score": "0.1966", "value": "El"}, {"score": "0.2153", "value": "sector"}], "other": [{"score": "0.1516", "value": "papa"}, {"score": "0.161", "value": "Diagnöstico"}, {"score": "0.1492", "value": "y"}, {"score": "0.1312", "value": "elementos"}, {"score": "0.1454", "value": "para"}], "editor": [{"score": "0.1361", "value": "Devaux"}, {"score": "0.1632", "value": "A"}]}, "ref_text_x": "Devaux, A. u. a.: Anälisis comparativo del sector papa en Bolivia, Ecuador y Peru. In: Devaux, A. u. a. (Hrsg.): El sector papa en la regiön andina. Diagnöstico y elementos para una vision estrategica"}
{"ref_seg_dic": {"other": [{"score": "0.1703", "value": "Lima"}], "year": [{"score": "0.2345", "value": "2010"}], "page": [{"score": "0.3138", "value": "8"}, {"score": "0.3138", "value": "22"}], "title": [{"score": "0.0824", "value": "Bolivia,"}, {"score": "0.0553", "value": "Ecuador"}, {"score": "0.1064", "value": "y"}, {"score": "0.1658", "value": "Peru"}]}, "ref_text_x": "Bolivia, Ecuador y Peru). Lima 2010, S. 8-22"}
{"ref_seg_dic": {"title": [{"score": "0.1196", "value": "Biodiversity"}, {"score": "0.1095", "value": "is"}, {"score": "0.1199", "value": "Essential"}, {"score": "0.1132", "value": "for"}, {"score": "0.1254", "value": "Adapting"}, {"score": "0.1193", "value": "to"}, {"score": "0.1491", "value": "Climate"}, {"score": "0.167", "value": "Change"}], "author": [[{"score": "0.1647", "surname": "Kotschi"}], [{"given-names": "J", "score": "0.2935"}], [{"score": "0.0782", "surname": "Agricultural"}]], "volume": [{"score": "0.2952", "value": "16"}], "source": [{"score": "0.1435", "value": "GAIA"}], "year": [{"score": "0.2304", "value": "2007"}], "issue": [{"score": "0.1393", "value": "H.2"}], "page": [{"score": "0.2777", "value": "98"}, {"score": "0.2777", "value": "101"}]}, "ref_text_x": "Kotschi, J.: Agricultural Biodiversity is Essential for Adapting to Climate Change. GAIA 16 (2007) H.2, S. 98-101"}
{"ref_seg_dic": {"title": [{"score": "0.1044", "value": "Kraft"}, {"score": "0.1529", "value": "der"}, {"score": "0.1373", "value": "Knolle."}, {"score": "0.0597", "value": "Die"}, {"score": "0.1052", "value": "Kartoffel"}, {"score": "0.1416", "value": "und"}, {"score": "0.1182", "value": "ihre"}, {"score": "0.1129", "value": "Bedeutung"}, {"score": "0.0957", "value": "als"}, {"score": "0.1071", "value": "Kulturpflanze,"}, {"score": "0.0778", "value": "die"}, {"score": "0.0793", "value": "zeitung"}, {"score": "0.0909", "value": "-"}, {"score": "0.1018", "value": "terre"}, {"score": "0.0896", "value": "des"}, {"score": "0.0815", "value": "hommes"}, {"score": "0.1179", "value": "4/2007"}], "year": [{"score": "0.0989", "value": "Die"}], "page": [{"score": "0.1598", "value": "3"}], "author": [[{"score": "0.1619", "surname": "Melissis"}], [{"given-names": "A", "score": "0.2931"}]]}, "ref_text_x": "Melissis, A.: Die Kraft der Knolle. Die Kartoffel und ihre Bedeutung als Kulturpflanze, die zeitung - terre des hommes 4/2007, S. 3"}
{"ref_seg_dic": {"title": [{"score": "0.1026", "value": "papas"}, {"score": "0.1246", "value": "nativas"}, {"score": "0.136", "value": "conquistan"}, {"score": "0.1138", "value": "el"}, {"score": "0.1183", "value": "mundo."}, {"score": "0.0593", "value": "El"}, {"score": "0.0956", "value": "Comercio"}, {"score": "0.0816", "value": "vom"}, {"score": "0.0849", "value": "11.01"}], "year": [{"score": "0.1581", "value": "2010"}], "author": [[{"score": "0.1866", "surname": "Mayo"}], [{"given-names": "R", "score": "0.2875"}], [{"score": "0.0652", "surname": "Las"}]]}, "ref_text_x": "Mayo, R.: Las papas nativas conquistan el mundo. El Comercio vom 11.01. 2010"}
{"ref_seg_dic": {"title": [{"score": "0.141", "value": "Höhenstufen"}, {"score": "0.1781", "value": "der"}, {"score": "0.1512", "value": "Anden"}, {"score": "0.0829", "value": "-"}, {"score": "0.1302", "value": "Ein"}, {"score": "0.1062", "value": "neuer"}, {"score": "0.1152", "value": "didaktischer"}, {"score": "0.1152", "value": "und"}, {"score": "0.0974", "value": "inhaltlicher"}, {"score": "0.093", "value": "Zugang"}, {"score": "0.1026", "value": "zu"}, {"score": "0.1197", "value": "einem"}, {"score": "0.1114", "value": "alten"}, {"score": "0.1216", "value": "Thema"}, {"score": "0.1356", "value": "des"}, {"score": "0.1585", "value": "Geographieunterrichts"}], "year": [{"score": "0.089", "value": "Zweimal"}], "source": [{"score": "0.2141", "value": "Materialien"}, {"score": "0.1631", "value": "zur"}, {"score": "0.1202", "value": "Didaktik"}, {"score": "0.1092", "value": "der"}], "author": [[{"score": "0.1681", "surname": "Schmidt-Wulffen"}], [{"given-names": "W.-D", "score": "0.3206"}]]}, "ref_text_x": "Schmidt-Wulffen, W.-D.: Zweimal \"Höhenstufen der Anden\" - Ein neuer didaktischer und inhaltlicher Zugang zu einem \"alten\" Thema des Geographieunterrichts. In: Materialien zur Didaktik der"}
{"ref_seg_dic": {"volume": [{"score": "0.2581", "value": "15"}], "year": [{"score": "0.1914", "value": "1999"}], "editor": [{"score": "0.1385", "value": "Geographie"}], "page": [{"score": "0.2929", "value": "99"}, {"score": "0.2929", "value": "106"}], "author": [[{"score": "0.1418", "surname": "Wirtschaftskunde"}]]}, "ref_text_x": "Geographie und Wirtschaftskunde (1999) Bd. 15, S. 99-106"}
{"ref_seg_dic": {"title": [{"score": "0.0843", "value": "A"}, {"score": "0.1222", "value": "single"}, {"score": "0.126", "value": "domestication"}, {"score": "0.103", "value": "for"}, {"score": "0.1055", "value": "potato"}, {"score": "0.0939", "value": "based"}, {"score": "0.1002", "value": "on"}, {"score": "0.1099", "value": "multilocus"}, {"score": "0.0918", "value": "amplified"}, {"score": "0.0772", "value": "fragment"}, {"score": "0.0918", "value": "length"}, {"score": "0.1009", "value": "polymorphism"}, {"score": "0.064", "value": "genotyping"}], "author": [[{"score": "0.2021", "surname": "Spooner"}], [{"given-names": "D.", "score": "0.308"}], [{"given-names": "M.", "score": "0.1846"}], [{"score": "0.0994", "surname": "u.a"}]]}, "ref_text_x": "Spooner, D. M. u.a.: A single domestication for potato based on multilocus amplified fragment length polymorphism genotyping."}
{"ref_seg_dic": {"title": [{"score": "0.0812", "value": "H.41"}, {"score": "0.0997", "value": "Filme"}, {"score": "0.0989", "value": "Bundesministerium"}, {"score": "0.0887", "value": "für"}, {"score": "0.082", "value": "wirtschaftliche"}, {"score": "0.0972", "value": "Zusammenarbeit"}, {"score": "0.0982", "value": "und"}, {"score": "0.102", "value": "Gold"}, {"score": "0.1035", "value": "der"}, {"score": "0.1353", "value": "Inkas."}, {"score": "0.0505", "value": "Wie"}, {"score": "0.0933", "value": "die"}, {"score": "0.1276", "value": "Kartoffel"}, {"score": "0.0996", "value": "in"}, {"score": "0.1035", "value": "Zeiten"}, {"score": "0.0871", "value": "des"}, {"score": "0.0881", "value": "Klimawandels"}, {"score": "0.0898", "value": "die"}, {"score": "0.1091", "value": "Ernährung"}, {"score": "0.1057", "value": "sichern"}, {"score": "0.1239", "value": "kann"}], "author": [[{"score": "0.1371", "surname": "PNAS"}], [{"given-names": "102", "score": "0.1018"}]], "volume": [{"score": "0.1437", "value": "017"}], "source": [{"score": "0.1872", "value": "Das"}, {"score": "0.1761", "value": "grüne"}, {"score": "0.1177", "value": "Bonn/Berlin"}, {"score": "0.0849", "value": "2008"}, {"score": "0.1129", "value": "BMZ"}, {"score": "0.149", "value": "Filmservice"}], "editor": [{"score": "0.1259", "value": "Entwick"}, {"score": "0.1931", "value": "lung"}, {"score": "0.164", "value": "BMZ"}], "year": [{"score": "0.2065", "value": "2005"}]}, "ref_text_x": "PNAS 102 (2005) H.41 Filme Bundesministerium für wirtschaftliche Zusammenarbeit und Entwick­ lung (BMZ) (Hrsg.): Das grüne Gold der Inkas. Wie die Kartoffel in Zeiten des Klimawandels die Ernährung sichern kann. Bonn/Berlin 2008 (BMZ Filmservice 017)"}
