{"ref_seg_dic": {"other": [{"score": "0.1996", "value": "Boulder"}], "title": [{"score": "0.1752", "value": "Neoglacial"}, {"score": "0.1995", "value": "chronology"}, {"score": "0.1217", "value": "in"}, {"score": "0.1227", "value": "the"}, {"score": "0.1333", "value": "Fourth"}, {"score": "0.1157", "value": "of"}, {"score": "0.1141", "value": "July"}, {"score": "0.1318", "value": "Cirque"}], "year": [{"score": "0.4118", "value": "1974"}], "source": [{"score": "0.1733", "value": "Unpublished"}, {"score": "0.1174", "value": "term-"}, {"score": "0.1107", "value": "paper"}], "author": [[{"score": "0.2566", "surname": "Agard"}], [{"given-names": "S.", "score": "0.3077"}]]}, "ref_text_x": "Agard, S. (1974): Neoglacial chronology in the Fourth of July Cirque. - Unpublished term- paper, Boulder."}
{"ref_seg_dic": {"title": [{"score": "0.165", "value": "Recent"}, {"score": "0.1733", "value": "glacial"}, {"score": "0.1213", "value": "history"}, {"score": "0.0977", "value": "of"}, {"score": "0.148", "value": "an"}, {"score": "0.142", "value": "alpine"}, {"score": "0.1405", "value": "area"}, {"score": "0.0947", "value": "in"}, {"score": "0.1083", "value": "the"}, {"score": "0.1185", "value": "Colorado"}, {"score": "0.1018", "value": "Front"}, {"score": "0.1013", "value": "Range,"}, {"score": "0.0637", "value": "U.S.A."}, {"score": "0.0578", "value": "I."}, {"score": "0.0683", "value": "Establishing"}, {"score": "0.1062", "value": "a"}, {"score": "0.1352", "value": "lichengrowth"}, {"score": "0.1321", "value": "curve"}], "author": [[{"score": "0.2159", "surname": "Benedict"}], [{"given-names": "J.", "score": "0.4071"}], [{"given-names": "B.", "score": "0.2459"}]], "volume": [{"score": "0.2168", "value": "6"}], "source": [{"score": "0.0971", "value": "J"}, {"score": "0.1311", "value": "Glaciol"}], "year": [{"score": "0.2865", "value": "1967"}], "page": [{"score": "0.3193", "value": "817"}, {"score": "0.3193", "value": "832"}]}, "ref_text_x": "Benedict, J. B. (1967): Recent glacial history of an alpine area in the Colorado Front Range, U.S.A. I. Establishing a lichengrowth curve. - J. Glaciol., 6: 817-832."}
{"ref_seg_dic": {"volume": [{"score": "0.2172", "value": "7"}], "source": [{"score": "0.0927", "value": "J"}, {"score": "0.1334", "value": "Glaciol"}], "page": [{"score": "0.3193", "value": "77"}, {"score": "0.3193", "value": "87"}], "title": [{"score": "0.086", "value": "Recent"}, {"score": "0.0886", "value": "glacial"}, {"score": "0.1288", "value": "history"}, {"score": "0.1106", "value": "of"}, {"score": "0.1629", "value": "an"}, {"score": "0.1543", "value": "alpine"}, {"score": "0.1502", "value": "area"}, {"score": "0.1005", "value": "in"}, {"score": "0.1166", "value": "the"}, {"score": "0.1182", "value": "Colorado"}, {"score": "0.1536", "value": "FrontRange,"}, {"score": "0.0677", "value": "U.S.A."}, {"score": "0.0683", "value": "II."}, {"score": "0.0622", "value": "Dating"}, {"score": "0.113", "value": "the"}, {"score": "0.1272", "value": "glacial"}, {"score": "0.1271", "value": "deposits"}]}, "ref_text_x": "Recent glacial history of an alpine area in the Colorado FrontRange, U.S.A. II. Dating the glacial deposits. - J. Glaciol., 7: 77-87."}
{"ref_seg_dic": {"volume": [{"score": "0.2047", "value": "3"}], "source": [{"score": "0.1955", "value": "Quaternary"}, {"score": "0.163", "value": "Research"}], "page": [{"score": "0.308", "value": "584-599"}], "title": [{"score": "0.076", "value": "Chronology"}, {"score": "0.0751", "value": "of"}, {"score": "0.1478", "value": "cirque"}, {"score": "0.1543", "value": "glaciation,"}, {"score": "0.0777", "value": "Colorado"}, {"score": "0.1119", "value": "FrontRange"}]}, "ref_text_x": "Chronology of cirque glaciation, Colorado FrontRange. - Quaternary Research, 3: 584-599."}
{"ref_seg_dic": {"title": [{"score": "0.1479", "value": "Use"}, {"score": "0.1676", "value": "of"}, {"score": "0.1533", "value": "relative"}, {"score": "0.1193", "value": "age"}, {"score": "0.12", "value": "dating"}, {"score": "0.1567", "value": "methods"}, {"score": "0.1062", "value": "in"}, {"score": "0.1038", "value": "a"}, {"score": "0.1574", "value": "Stratigraphie"}, {"score": "0.1339", "value": "study"}, {"score": "0.107", "value": "of"}, {"score": "0.1268", "value": "rode"}, {"score": "0.1158", "value": "glacierdeposits,"}, {"score": "0.082", "value": "Mt"}], "author": [[{"score": "0.2364", "surname": "Birkeland"}], [{"given-names": "P.", "score": "0.4196"}], [{"given-names": "W.", "score": "0.2044"}]], "volume": [{"score": "0.2042", "value": "5"}], "source": [{"score": "0.1025", "value": "Sopris"}, {"score": "0.0845", "value": "Colorado"}, {"score": "0.081", "value": "-"}, {"score": "0.1204", "value": "Arct"}, {"score": "0.1079", "value": "Alp"}, {"score": "0.1211", "value": "Res"}], "year": [{"score": "0.2745", "value": "1973"}], "page": [{"score": "0.3079", "value": "401"}, {"score": "0.3079", "value": "416"}]}, "ref_text_x": "Birkeland, P. W. (1973): Use of relative age dating methods in a Stratigraphie study of rode glacierdeposits, Mt. Sopris, Colorado. - Arct. Alp. Res., 5: 401-416."}
{"ref_seg_dic": {"publisher": [{"score": "0.1176", "value": "Univ"}, {"score": "0.206", "value": "Press"}], "other": [{"score": "0.1719", "value": "Oxford"}, {"score": "0.1919", "value": "New"}, {"score": "0.2177", "value": "York"}], "editor": [{"score": "0.1391", "value": "Pedology"}, {"score": "0.0893", "value": "Weathering"}], "title": [{"score": "0.1357", "value": "Geomorphological"}, {"score": "0.1485", "value": "Research"}]}, "ref_text_x": "Pedology, Weathering, and Geomorphological Research. - Oxford Univ. Press, New York."}
{"ref_seg_dic": {"title": [{"score": "0.1432", "value": "Re-interpretation"}, {"score": "0.1399", "value": "of"}, {"score": "0.1466", "value": "the"}, {"score": "0.1308", "value": "type"}, {"score": "0.0907", "value": "Temple"}, {"score": "0.0846", "value": "Lake"}, {"score": "0.1058", "value": "moraine"}, {"score": "0.1052", "value": "and"}, {"score": "0.0999", "value": "other"}, {"score": "0.1173", "value": "Neoglacial"}, {"score": "0.1046", "value": "deposits,"}, {"score": "0.0546", "value": "Southern"}, {"score": "0.0625", "value": "Wind"}, {"score": "0.0938", "value": "River"}, {"score": "0.1123", "value": "Mountains,"}, {"score": "0.0876", "value": "Wyoming"}], "author": [[{"score": "0.2305", "surname": "Birkeland"}], [{"given-names": "P.", "score": "0.3616"}], [{"given-names": "W.", "score": "0.1808"}], [{"given-names": "C.", "score": "0.1446"}], [{"given-names": "D.", "score": "0.196"}], [{"score": "0.1235", "surname": "Miller"}]], "volume": [{"score": "0.2318", "value": "5"}], "source": [{"score": "0.0802", "value": "-"}, {"score": "0.1137", "value": "Geol"}, {"score": "0.0978", "value": "Soc"}, {"score": "0.125", "value": "Am"}, {"score": "0.1894", "value": "Abs"}], "year": [{"score": "0.2639", "value": "1973"}], "page": [{"score": "0.252", "value": "465-466"}]}, "ref_text_x": "Birkeland, P. W. & C. D. Miller (1973): Re-interpretation of the type Temple Lake moraine and other Neoglacial deposits, Southern Wind River Mountains, Wyoming. - Geol. Soc. Am. Abs. 5: 465-466."}
{"ref_seg_dic": {"title": [{"score": "0.1532", "value": "Glacialsequence"}, {"score": "0.1392", "value": "ofthe"}, {"score": "0.1257", "value": "UpperBoulderCreek"}, {"score": "0.1116", "value": "drainage"}, {"score": "0.1166", "value": "basin"}, {"score": "0.0952", "value": "in"}, {"score": "0.1064", "value": "the"}, {"score": "0.1092", "value": "Colo­"}, {"score": "0.1232", "value": "rado"}, {"score": "0.1069", "value": "Front"}, {"score": "0.1071", "value": "Range"}], "year": [{"score": "0.2799", "value": "1970"}], "source": [{"score": "0.164", "value": "Unpublished"}, {"score": "0.1393", "value": "dissertation"}, {"score": "0.1046", "value": "Ohio"}, {"score": "0.1009", "value": "State"}, {"score": "0.147", "value": "Univ"}], "author": [[{"score": "0.2422", "surname": "Bonnett"}], [{"given-names": "R.", "score": "0.3453"}], [{"given-names": "B.", "score": "0.2623"}]]}, "ref_text_x": "Bonnett, R. B. (1970): Glacialsequence ofthe UpperBoulderCreek drainage basin in the Colo­ rado Front Range. - Unpublished dissertation, Ohio State Univ."}
{"ref_seg_dic": {"title": [{"score": "0.1624", "value": "Relative"}, {"score": "0.1557", "value": "age"}, {"score": "0.1424", "value": "dating"}, {"score": "0.1408", "value": "techniques"}, {"score": "0.115", "value": "and"}, {"score": "0.1117", "value": "a"}, {"score": "0.1208", "value": "late"}, {"score": "0.1564", "value": "Quaternary"}, {"score": "0.1072", "value": "chronology,"}, {"score": "0.0742", "value": "Arikaree"}, {"score": "0.0872", "value": "Cirque,"}, {"score": "0.0758", "value": "Colorado"}], "author": [[{"score": "0.2456", "surname": "Carroll"}], [{"given-names": "T.", "score": "0.3547"}]], "volume": [{"score": "0.1551", "value": "2"}], "source": [{"score": "0.1187", "value": "-"}, {"score": "0.175", "value": "Geology"}], "year": [{"score": "0.28", "value": "1974"}], "page": [{"score": "0.2888", "value": "321"}, {"score": "0.2888", "value": "325"}]}, "ref_text_x": "Carroll, T. (1974): Relative age dating techniques and a late Quaternary chronology, Arikaree Cirque, Colorado. - Geology 2: 321-325."}
{"ref_seg_dic": {"title": [{"score": "0.1731", "value": "Probable"}, {"score": "0.1554", "value": "pre-Neoglacialage"}, {"score": "0.1135", "value": "of"}, {"score": "0.1367", "value": "the"}, {"score": "0.1301", "value": "type"}, {"score": "0.0931", "value": "Temple"}, {"score": "0.095", "value": "Lake"}, {"score": "0.115", "value": "moraine,"}, {"score": "0.0971", "value": "Wyoming"}], "author": [[{"score": "0.2216", "surname": "Currey"}], [{"given-names": "D.", "score": "0.3594"}], [{"given-names": "R.", "score": "0.2122"}]], "volume": [{"score": "0.2037", "value": "6"}], "other": [{"score": "0.1254", "value": "Arct"}, {"score": "0.1731", "value": "Alp"}, {"score": "0.1214", "value": "Res"}], "year": [{"score": "0.2845", "value": "1974"}], "page": [{"score": "0.2553", "value": "293"}, {"score": "0.2553", "value": "300"}]}, "ref_text_x": "Currey, D. R. (1974): Probable pre-Neoglacialage of the type Temple Lake moraine, Wyoming. - Arct. Alp. Res. 6: 293-300."}
{"ref_seg_dic": {"title": [{"score": "0.1777", "value": "Pinedale"}, {"score": "0.1401", "value": "and"}, {"score": "0.093", "value": "Bull"}, {"score": "0.0878", "value": "Lake"}, {"score": "0.1369", "value": "glaciation"}, {"score": "0.1274", "value": "in"}, {"score": "0.1106", "value": "upper"}, {"score": "0.1198", "value": "St."}, {"score": "0.0646", "value": "Vrain"}, {"score": "0.0981", "value": "drainage"}, {"score": "0.1011", "value": "basin,"}, {"score": "0.074", "value": "BoulderCounty,"}, {"score": "0.0723", "value": "Colorado"}], "author": [[{"score": "0.2193", "surname": "Madole"}], [{"given-names": "R.", "score": "0.3291"}], [{"given-names": "F.", "score": "0.2546"}]], "volume": [{"score": "0.2067", "value": "1"}], "source": [{"score": "0.0785", "value": "-"}, {"score": "0.1098", "value": "Arct"}, {"score": "0.1193", "value": "Alp"}, {"score": "0.1203", "value": "Res"}], "year": [{"score": "0.2832", "value": "1969"}], "page": [{"score": "0.2555", "value": "279"}, {"score": "0.2555", "value": "287"}]}, "ref_text_x": "Madole, R. F. (1969): Pinedale and Bull Lake glaciation in upper St. Vrain drainage basin, BoulderCounty, Colorado. - Arct. Alp. Res. 1: 279-287."}
{"ref_seg_dic": {"volume": [{"score": "0.2152", "value": "4"}], "other": [{"score": "0.1632", "value": "Alp"}, {"score": "0.1168", "value": "Res"}, {"score": "0.1256", "value": "344"}], "page": [{"score": "0.188", "value": "119-130"}], "title": [{"score": "0.1023", "value": "Neoglacialfacies"}, {"score": "0.0763", "value": "in"}, {"score": "0.1563", "value": "the"}, {"score": "0.1596", "value": "Colorado"}, {"score": "0.1903", "value": "FrontRange."}, {"score": "0.0642", "value": "-"}, {"score": "0.132", "value": "Arct"}]}, "ref_text_x": "Neoglacialfacies in the Colorado FrontRange. - Arct. Alp. Res. 4: 119-130. 344"}
{"ref_seg_dic": {"title": [{"score": "0.1228", "value": "Audubon:"}, {"score": "0.1189", "value": "New"}, {"score": "0.0955", "value": "name"}, {"score": "0.0955", "value": "forColorado"}, {"score": "0.093", "value": "FrontRange"}, {"score": "0.0976", "value": "NeoglacialDeposits"}, {"score": "0.0911", "value": "for-"}, {"score": "0.1124", "value": "merly"}, {"score": "0.0979", "value": "called"}, {"score": "0.1501", "value": "Arikaree"}], "author": [[{"score": "0.2282", "surname": "M"}], [{"given-names": "Gabriel", "score": "0.1812"}], [{"given-names": "Mahaney", "score": "0.2587"}], [{"score": "0.2156", "surname": "W"}]], "volume": [{"score": "0.2132", "value": "4"}], "source": [{"score": "0.1065", "value": "-"}, {"score": "0.1321", "value": "Arct"}, {"score": "0.1111", "value": "Alp"}, {"score": "0.1201", "value": "Res"}], "year": [{"score": "0.2697", "value": "1972"}], "page": [{"score": "0.2569", "value": "355"}, {"score": "0.2569", "value": "357"}]}, "ref_text_x": "M. Gabriel Mahaney, W. (1972): Audubon: New name forColorado FrontRange NeoglacialDeposits for- merly called \"Arikaree\". - Arct. Alp. Res. 4: 355-357."}
{"ref_seg_dic": {"volume": [{"score": "0.1997", "value": "84"}], "source": [{"score": "0.0871", "value": "Soc"}, {"score": "0.1067", "value": "Am"}, {"score": "0.1344", "value": "Bull"}], "page": [{"score": "0.3084", "value": "161"}, {"score": "0.3084", "value": "170"}], "title": [{"score": "0.0728", "value": "Neoglacialchronologyinthe"}, {"score": "0.075", "value": "Fourth"}, {"score": "0.1172", "value": "ofJuly"}, {"score": "0.1373", "value": "Cirque,"}, {"score": "0.0855", "value": "CentralColorado"}, {"score": "0.1337", "value": "FrontRange."}, {"score": "0.0624", "value": "-"}, {"score": "0.1299", "value": "Geol"}]}, "ref_text_x": "Neoglacialchronologyinthe Fourth ofJuly Cirque, CentralColorado FrontRange. - Geol. Soc. Am. Bull., 84: 161-170."}
{"ref_seg_dic": {"title": [{"score": "0.1864", "value": "Glaciation"}, {"score": "0.1474", "value": "in"}, {"score": "0.1374", "value": "the"}, {"score": "0.1464", "value": "headwaters"}, {"score": "0.1346", "value": "ofMiddle"}, {"score": "0.1116", "value": "BoulderCreek"}], "author": [[{"score": "0.2089", "surname": "Millett"}], [{"given-names": "M.", "score": "0.3711"}], [{"given-names": "T.", "score": "0.2308"}]], "source": [{"score": "0.1131", "value": "thesis"}, {"score": "0.1484", "value": "Univ"}, {"score": "0.0955", "value": "of"}, {"score": "0.0922", "value": "Colo"}], "other": [{"score": "0.1482", "value": "Colorado"}], "editor": [{"score": "0.1173", "value": "M"}, {"score": "0.125", "value": "S"}], "year": [{"score": "0.307", "value": "1956"}]}, "ref_text_x": "Millett, M. T. (1956): Glaciation in the headwaters ofMiddle BoulderCreek, Colorado. - M. S. thesis, Univ. of Colo."}
{"ref_seg_dic": {"title": [{"score": "0.1702", "value": "Glaciation"}, {"score": "0.1512", "value": "of"}, {"score": "0.1575", "value": "the"}, {"score": "0.1409", "value": "eastslope"}, {"score": "0.1104", "value": "of"}, {"score": "0.1038", "value": "Rocky"}, {"score": "0.104", "value": "Mountain"}, {"score": "0.1155", "value": "NationalPark,"}, {"score": "0.0641", "value": "Colo­"}, {"score": "0.1084", "value": "rado."}, {"score": "0.0596", "value": "-"}, {"score": "0.1225", "value": "Geol"}], "author": [[{"score": "0.1774", "surname": "Richmond"}], [{"given-names": "G.", "score": "0.3024"}], [{"given-names": "M.", "score": "0.2524"}]], "volume": [{"score": "0.2002", "value": "71"}], "source": [{"score": "0.0939", "value": "Soc"}, {"score": "0.1125", "value": "Am"}, {"score": "0.137", "value": "Bull"}], "year": [{"score": "0.2952", "value": "1960"}], "page": [{"score": "0.3069", "value": "1371"}, {"score": "0.3069", "value": "1382"}]}, "ref_text_x": "Richmond, G. M. (1960): Glaciation of the eastslope of Rocky Mountain NationalPark, Colo­ rado. - Geol. Soc. Am. Bull., 71: 1371-1382."}
{"ref_seg_dic": {"publisher": [{"score": "0.122", "value": "J"}], "author": [[{"score": "0.1658", "surname": "Wright"}], [{"given-names": "H.", "score": "0.2211"}], [{"given-names": "E.", "score": "0.173"}]], "title": [{"score": "0.0781", "value": "Glaciation"}, {"score": "0.0814", "value": "ofthe"}, {"score": "0.1224", "value": "Rocky"}, {"score": "0.1465", "value": "Mountains."}, {"score": "0.0747", "value": "-"}, {"score": "0.1033", "value": "In"}], "source": [{"score": "0.1633", "value": "The"}, {"score": "0.1895", "value": "Quaternary"}, {"score": "0.1226", "value": "of"}, {"score": "0.1213", "value": "the"}, {"score": "0.1352", "value": "United"}, {"score": "0.1189", "value": "Staets"}], "other": [{"score": "0.1591", "value": "Princeton"}, {"score": "0.1338", "value": "N"}], "editor": [{"score": "0.145", "value": "D"}, {"score": "0.1862", "value": "G"}, {"score": "0.1605", "value": "Frey"}]}, "ref_text_x": "Glaciation ofthe Rocky Mountains. - In Wright, H. E. & D. G. Frey (ed.), The Quaternary of the United Staets. - Princeton, N. J."}
{"ref_seg_dic": {"volume": [{"score": "0.1365", "value": "49"}], "title": [{"score": "0.1733", "value": "Die"}, {"score": "0.1704", "value": "diluviale"}, {"score": "0.1562", "value": "Erosion"}, {"score": "0.142", "value": "undAkkumulation."}, {"score": "0.0623", "value": "Erkenntnisse"}, {"score": "0.0867", "value": "aus"}, {"score": "0.1152", "value": "Untersuchungen"}, {"score": "0.1026", "value": "über"}, {"score": "0.1119", "value": "die"}, {"score": "0.1339", "value": "Talbildung"}, {"score": "0.1234", "value": "im"}, {"score": "0.1302", "value": "Alpenvorland"}], "year": [{"score": "0.273", "value": "1950"}], "source": [{"score": "0.1581", "value": "Forschungnezurdeutschen"}, {"score": "0.1061", "value": "Landeskunde"}], "author": [[{"score": "0.2214", "surname": "Schäfer"}], [{"given-names": "I.", "score": "0.3045"}]]}, "ref_text_x": "Schäfer, I. (1950): Die diluviale Erosion undAkkumulation. Erkenntnisse aus Untersuchungen über die Talbildung im Alpenvorland. - Forschungnezurdeutschen Landeskunde, 49."}
{"ref_seg_dic": {"title": [{"score": "0.1688", "value": "Untersuchungen"}, {"score": "0.1761", "value": "vonGletscherschwankungen"}, {"score": "0.122", "value": "im"}, {"score": "0.1137", "value": "Val"}, {"score": "0.098", "value": "de"}, {"score": "0.1122", "value": "Bagnes"}], "author": [[{"score": "0.2075", "surname": "Schneebeli"}], [{"given-names": "W.", "score": "0.2713"}]], "volume": [{"score": "0.1848", "value": "52"}], "source": [{"score": "0.1755", "value": "Die"}, {"score": "0.1517", "value": "Alpen"}], "year": [{"score": "0.2748", "value": "1976"}], "page": [{"score": "0.2722", "value": "5"}, {"score": "0.2722", "value": "57"}]}, "ref_text_x": "Schneebeli, W. (1976): Untersuchungen vonGletscherschwankungen im Val de Bagnes. - Die Alpen 52: 5-57."}
{"ref_seg_dic": {"title": [{"score": "0.1649", "value": "Neoglacialchronology"}, {"score": "0.1565", "value": "ofthe"}, {"score": "0.1138", "value": "Fourth"}, {"score": "0.0954", "value": "of"}, {"score": "0.1111", "value": "July"}, {"score": "0.1139", "value": "Cirque,"}, {"score": "0.0791", "value": "CentralColorado"}, {"score": "0.0925", "value": "Front"}, {"score": "0.0825", "value": "Range:"}, {"score": "0.1267", "value": "Discussion."}, {"score": "0.0576", "value": "-"}, {"score": "0.1214", "value": "Geol"}], "author": [[{"score": "0.2293", "surname": "Williams"}], [{"given-names": "J.", "score": "0.3723"}]], "volume": [{"score": "0.2002", "value": "84"}], "source": [{"score": "0.0937", "value": "Soc"}, {"score": "0.1127", "value": "Am"}, {"score": "0.1375", "value": "Bull"}], "year": [{"score": "0.257", "value": "1973"}], "page": [{"score": "0.3085", "value": "3761"}, {"score": "0.3085", "value": "3765"}]}, "ref_text_x": "Williams, J. (1973): Neoglacialchronology ofthe Fourth of July Cirque, CentralColorado Front Range: Discussion. - Geol. Soc. Am. Bull., 84: 3761-3765."}
{"ref_seg_dic": {"volume": [{"score": "0.2117", "value": "1549"}], "publisher": [{"score": "0.1029", "value": "F"}], "other": [{"score": "0.1472", "value": "Postfach"}, {"score": "0.1178", "value": "Bamberg"}, {"score": "0.1129", "value": "Z"}, {"score": "0.1276", "value": "Geomorph"}, {"score": "0.1413", "value": "N"}], "page": [{"score": "0.1606", "value": "8600"}], "author": [[{"score": "0.114", "surname": "AnschriftdesAutors"}], [{"given-names": "Manfred", "score": "0.1372"}], [{"score": "0.1579", "surname": "Gabriel"}], [{"given-names": "LehrstuhlfürGeographie", "score": "0.1143"}], [{"score": "0.091", "surname": "I"}]]}, "ref_text_x": "AnschriftdesAutors: Manfred Gabriel, LehrstuhlfürGeographie I, Postfach 1549, 8600 Bamberg. Z. Geomorph. N. F."}
