{"ref_seg_dic": {"source": [{"score": "0.0905", "value": "Türkische"}, {"score": "0.1444", "value": "Gastarbeiter"}, {"score": "0.1181", "value": "aus"}, {"score": "0.1078", "value": "der"}], "author": [[{"score": "0.1189", "surname": "Lit"}], [{"score": "0.1514", "surname": "Bartels"}], [{"given-names": "D", "score": "0.2184"}]]}, "ref_text_x": "Lit.: Bartels, D.: Türkische Gastarbeiter aus der Re­"}
{"ref_seg_dic": {"other": [{"score": "0.2436", "value": "Frankfurt"}], "title": [{"score": "0.1063", "value": "Arbeiter"}, {"score": "0.1103", "value": "in"}, {"score": "0.1179", "value": "einer"}, {"score": "0.1264", "value": "Großstadt"}], "year": [{"score": "0.2051", "value": "1968"}, {"score": "0.064", "value": "Ausländische"}], "page": [{"score": "0.3462", "value": "313"}, {"score": "0.3462", "value": "324"}], "author": [[{"score": "0.0977", "surname": "gion"}], [{"given-names": "Izmir", "score": "0.1414"}], [{"given-names": "Erdkunde", "score": "0.1002"}], [{"given-names": "Borris", "score": "0.1197"}], [{"score": "0.2539", "surname": "M"}]]}, "ref_text_x": "gion Izmir. Erdkunde, 1968, S. 313-324. - Borris, M.: Ausländische Arbeiter in einer Großstadt. Frankfurt/"}
{"ref_seg_dic": {"title": [{"score": "0.0897", "value": "Konzentration"}, {"score": "0.1008", "value": "von"}, {"score": "0.079", "value": "Gast­"}, {"score": "0.1316", "value": "arbeitern"}, {"score": "0.1247", "value": "in"}, {"score": "0.1151", "value": "alten"}, {"score": "0.1338", "value": "Dorfkernen"}], "year": [{"score": "0.1881", "value": "1973"}], "other": [{"score": "0.1319", "value": "Geogr"}, {"score": "0.1456", "value": "Rundschau"}], "author": [[{"score": "0.1395", "surname": "Main"}], [{"given-names": "Geiger", "score": "0.1483"}], [{"score": "0.2723", "surname": "F"}], [{"given-names": "Zur", "score": "0.064"}]]}, "ref_text_x": "Main 1973. - Geiger, F.: Zur Konzentration von Gast­ arbeitern in alten Dorfkernen. Geogr. Rundschau,"}
{"ref_seg_dic": {"source": [{"score": "0.1377", "value": "Gastarbeiter"}], "other": [{"score": "0.1368", "value": "oder"}, {"score": "0.1295", "value": "Ein"}], "page": [{"score": "0.2908", "value": "61"}, {"score": "0.2908", "value": "71"}], "author": [[{"score": "0.1349", "surname": "Puls"}], [{"given-names": "W.", "score": "0.2172"}], [{"given-names": "W", "score": "0.1307"}]]}, "ref_text_x": "S. 61-71. - Puls, W. W.: Gastarbeiter oder Ein­"}
{"ref_seg_dic": {"author": [[{"score": "0.0913", "surname": "wanderer"}], [{"given-names": "Geogr", "score": "0.1609"}], [{"score": "0.1114", "surname": "Rundschau"}]], "source": [{"score": "0.2488", "value": "Ausländer"}, {"score": "0.1798", "value": "in"}, {"score": "0.1125", "value": "Kiel"}, {"score": "0.1226", "value": "Statistische"}, {"score": "0.099", "value": "Be"}], "other": [{"score": "0.1398", "value": "Frankfurt/Main"}], "editor": [{"score": "0.133", "value": "Schret-"}, {"score": "0.0841", "value": "tenbrunner"}, {"score": "0.0943", "value": "H"}, {"score": "0.0614", "value": "Gastarbeiter"}, {"score": "0.2075", "value": "Stadt"}, {"score": "0.2289", "value": "Kiel"}], "year": [{"score": "0.2384", "value": "1975"}, {"score": "0.1611", "value": "1976"}], "page": [{"score": "0.2725", "value": "49"}, {"score": "0.2725", "value": "60"}]}, "ref_text_x": "wanderer. Geogr. Rundschau, 1975, S. 49-60. - Schret- tenbrunner, H.: Gastarbeiter. Frankfurt/Main 1976. - Stadt Kiel (Hrsg.): Ausländer in Kiel. Statistische Be­"}
{"ref_seg_dic": {"volume": [{"score": "0.1449", "value": "89"}], "source": [{"score": "0.1327", "value": "richte"}, {"score": "0.1878", "value": "Ausländer"}], "other": [{"score": "0.1274", "value": "Kiel"}], "editor": [{"score": "0.1649", "value": "dito"}], "year": [{"score": "0.1564", "value": "1978"}]}, "ref_text_x": "richte, Nr. 89, Kiel 1978. - dito (Hrsg.): Ausländer"}
{"ref_seg_dic": {"volume": [{"score": "0.1631", "value": "94"}], "source": [{"score": "0.1386", "value": "Statistische"}, {"score": "0.2327", "value": "Berichte"}], "other": [{"score": "0.1354", "value": "Kiel"}, {"score": "0.1435", "value": "dito"}], "year": [{"score": "0.1448", "value": "1979"}]}, "ref_text_x": "Statistische Berichte, Nr. 94, Kiel 1979. - dito"}
{"ref_seg_dic": {"author": [[{"score": "0.1332", "surname": "Kiel"}], [{"given-names": "Thissen", "score": "0.1338"}], [{"score": "0.2359", "surname": "G"}]], "volume": [{"score": "0.175", "value": "52"}, {"score": "0.2158", "value": "32"}], "source": [{"score": "0.1975", "value": "Statistische"}, {"score": "0.2074", "value": "Informationen"}, {"score": "0.1042", "value": "Ausländer"}, {"score": "0.0984", "value": "in"}, {"score": "0.1035", "value": "Schleswig-Holstein"}, {"score": "0.1037", "value": "Statisti"}, {"score": "0.1123", "value": "sche"}, {"score": "0.1598", "value": "Monatshefte"}, {"score": "0.1545", "value": "Schleswig-Holstein"}], "other": [{"score": "0.1607", "value": "Jg"}], "editor": [{"score": "0.1798", "value": "Hrsg"}], "year": [{"score": "0.1697", "value": "1980"}], "issue": [{"score": "0.2143", "value": "6"}]}, "ref_text_x": "Hrsg.): Statistische Informationen. Nr. 52, Kiel 1980. - Thissen, G.: Ausländer in Schleswig-Holstein. Statisti­ sche Monatshefte Schleswig-Holstein. 32. Jg., H. 6,"}
{"ref_seg_dic": {"title": [{"score": "0.0677", "value": "Sek­"}, {"score": "0.1031", "value": "torale"}, {"score": "0.1113", "value": "und"}, {"score": "0.0986", "value": "regionale"}, {"score": "0.0907", "value": "Mobilität"}, {"score": "0.0956", "value": "von"}, {"score": "0.1182", "value": "Rückwanderern"}, {"score": "0.1001", "value": "in"}, {"score": "0.1085", "value": "die"}, {"score": "0.1362", "value": "Türkei."}, {"score": "0.0731", "value": "Ein"}, {"score": "0.0966", "value": "Beispiel"}, {"score": "0.1124", "value": "aus"}, {"score": "0.1126", "value": "der"}, {"score": "0.1266", "value": "Provinz"}, {"score": "0.0658", "value": "Trabzon"}], "year": [{"score": "0.2437", "value": "1980"}], "page": [{"score": "0.336", "value": "117-124"}], "author": [[{"score": "0.1377", "surname": "Kiel"}], [{"given-names": "Toepfer", "score": "0.1841"}], [{"score": "0.2095", "surname": "H"}], [{"score": "0.2266", "surname": "V"}], [{"given-names": "Suicmez", "score": "0.1271"}]]}, "ref_text_x": "Kiel 1980, S. 117-124. - Toepfer, H. u. V. Suicmez: Sek­ torale und regionale Mobilität von Rückwanderern in die Türkei. Ein Beispiel aus der Provinz Trabzon."}
{"ref_seg_dic": {"title": [{"score": "0.0686", "value": "Zur"}, {"score": "0.0899", "value": "angewandten"}, {"score": "0.1581", "value": "Kriminalgeogr."}, {"score": "0.0778", "value": "der"}, {"score": "0.1443", "value": "Ballungsgebiete."}, {"score": "0.0633", "value": "Stadtgeogr."}, {"score": "0.0455", "value": "Ana­"}, {"score": "0.0967", "value": "lyse"}, {"score": "0.1079", "value": "subkultureller"}, {"score": "0.0978", "value": "Phänomene"}], "author": [[{"score": "0.1348", "surname": "Orient"}], [{"score": "0.1682", "surname": "Wiebe"}], [{"given-names": "D", "score": "0.2677"}]], "volume": [{"score": "0.1455", "value": "41"}], "other": [{"score": "0.1111", "value": "Deutscher"}, {"score": "0.1877", "value": "Geo"}], "year": [{"score": "0.2512", "value": "1979"}], "page": [{"score": "0.335", "value": "92-107"}]}, "ref_text_x": "Orient, 1979, S. 92-107. - Wiebe, D.: Zur angewandten Kriminalgeogr. der Ballungsgebiete. Stadtgeogr. Ana­ lyse subkultureller Phänomene. 41. Deutscher Geo­"}
{"ref_seg_dic": {"title": [{"score": "0.0899", "value": "Tagungsbericht"}, {"score": "0.1366", "value": "und"}, {"score": "0.1193", "value": "wiss."}, {"score": "0.0694", "value": "Abhand­"}, {"score": "0.0915", "value": "lungen"}], "year": [{"score": "0.2039", "value": "1978"}], "page": [{"score": "0.3191", "value": "207"}, {"score": "0.3191", "value": "227"}], "author": [[{"score": "0.0959", "surname": "graphentag"}], [{"given-names": "Mainz", "score": "0.2063"}]]}, "ref_text_x": "graphentag Mainz, Tagungsbericht und wiss. Abhand­ lungen, 1978, S. 207-227."}
{"ref_seg_dic": {"publisher": [{"score": "0.137", "value": "sie"}, {"score": "0.1077", "value": "müssen"}, {"score": "0.1124", "value": "noch"}, {"score": "0.11", "value": "verstärkt"}], "title": [{"score": "0.1383", "value": "aus"}, {"score": "0.146", "value": "Kleiboden,"}, {"score": "0.0977", "value": "den"}, {"score": "0.1029", "value": "sogenann­"}, {"score": "0.0918", "value": "ten"}, {"score": "0.1114", "value": "Warften”"}, {"score": "0.1365", "value": "(von"}, {"score": "0.1308", "value": "dem"}, {"score": "0.0943", "value": "Wort"}, {"score": "0.107", "value": "aufwerfen”)"}, {"score": "0.095", "value": "ange­"}, {"score": "0.1147", "value": "legt."}, {"score": "0.0612", "value": "Die"}, {"score": "0.0999", "value": "Warften"}, {"score": "0.1309", "value": "erheben"}, {"score": "0.1113", "value": "sich"}, {"score": "0.098", "value": "rund"}, {"score": "0.0933", "value": "5"}, {"score": "0.071", "value": "m"}, {"score": "0.1079", "value": "über"}, {"score": "0.1227", "value": "NN,"}, {"score": "0.0696", "value": "sind"}, {"score": "0.0805", "value": "aber"}, {"score": "0.0935", "value": "nach"}, {"score": "0.0952", "value": "den"}, {"score": "0.107", "value": "Erfahrungen"}, {"score": "0.0943", "value": "der"}, {"score": "0.0994", "value": "Sturm­"}, {"score": "0.099", "value": "fluten"}, {"score": "0.0898", "value": "1953,"}, {"score": "0.0964", "value": "1962"}, {"score": "0.0953", "value": "und"}, {"score": "0.1194", "value": "1976"}, {"score": "0.0968", "value": "nicht"}, {"score": "0.0998", "value": "alle"}, {"score": "0.0803", "value": "fest"}, {"score": "0.094", "value": "und"}], "other": [{"score": "0.1535", "value": "hoch"}, {"score": "0.1148", "value": "genug"}, {"score": "0.156", "value": "werden"}], "author": [[{"score": "0.1349", "surname": "chen"}], [{"given-names": "Erdhügeln", "score": "0.1167"}]]}, "ref_text_x": "chen Erdhügeln aus Kleiboden, den sogenann­ ten \"Warften” (von dem Wort \"aufwerfen”) ange­ legt. Die Warften erheben sich rund 5 m über NN, sind aber nach den Erfahrungen der Sturm­ fluten 1953, 1962 und 1976 nicht alle fest und hoch genug; sie müssen noch verstärkt werden."}
{"ref_seg_dic": {"source": [{"score": "0.1183", "value": "Die"}, {"score": "0.1001", "value": "Land"}, {"score": "0.1098", "value": "wirtschaft"}, {"score": "0.1009", "value": "meist"}, {"score": "0.1348", "value": "Weidewirtschaft"}, {"score": "0.1235", "value": "wegen"}, {"score": "0.1128", "value": "des"}, {"score": "0.0863", "value": "re"}, {"score": "0.1061", "value": "lativ"}, {"score": "0.1036", "value": "unfruchtbaren"}, {"score": "0.1179", "value": "Geestbodens"}, {"score": "0.112", "value": "hat"}, {"score": "0.1305", "value": "nur"}], "other": [{"score": "0.1552", "value": "eine"}], "title": [{"score": "0.0786", "value": "Die"}, {"score": "0.0823", "value": "Wirtschaftsweise"}, {"score": "0.1582", "value": "der"}, {"score": "0.1637", "value": "Einwohner"}, {"score": "0.1269", "value": "ist"}, {"score": "0.1229", "value": "diffe­"}, {"score": "0.1488", "value": "renziert."}, {"score": "0.0607", "value": "Sylt,"}, {"score": "0.0693", "value": "Amrun"}, {"score": "0.0977", "value": "und"}, {"score": "0.1073", "value": "Föhr"}, {"score": "0.0923", "value": "leben"}, {"score": "0.1078", "value": "heute"}, {"score": "0.117", "value": "weitgehend"}, {"score": "0.0862", "value": "vom"}, {"score": "0.1076", "value": "Fremdenverkehr"}]}, "ref_text_x": "Die Wirtschaftsweise der Einwohner ist diffe­ renziert. Sylt, Amrun und Föhr leben heute weitgehend vom Fremdenverkehr. Die Land­ wirtschaft (meist Weidewirtschaft wegen des re­ lativ unfruchtbaren Geestbodens) hat nur eine"}
{"ref_seg_dic": {"source": [{"score": "0.1211", "value": "Versuchsfelder"}, {"score": "0.1226", "value": "mit"}], "title": [{"score": "0.0728", "value": "ßige"}, {"score": "0.0793", "value": "Salzwasserüberflutungen"}, {"score": "0.1327", "value": "keinen"}, {"score": "0.1226", "value": "Anbau"}, {"score": "0.12", "value": "von"}, {"score": "0.1172", "value": "Getreide"}, {"score": "0.1038", "value": "oder"}, {"score": "0.0986", "value": "Feldfrüchten"}, {"score": "0.0906", "value": "zulassen"}, {"score": "0.0941", "value": "(z.B."}, {"score": "0.0748", "value": "wird"}, {"score": "0.0958", "value": "Hallig"}, {"score": "0.1152", "value": "Gröde"}, {"score": "0.0993", "value": "etwa"}, {"score": "0.1078", "value": "20"}, {"score": "0.0825", "value": "mal,"}, {"score": "0.0629", "value": "Langeneß"}, {"score": "0.0947", "value": "ca."}, {"score": "0.0512", "value": "7"}, {"score": "0.0572", "value": "-"}, {"score": "0.0916", "value": "8"}, {"score": "0.0657", "value": "mal"}, {"score": "0.0846", "value": "im"}, {"score": "0.0977", "value": "Jahr"}, {"score": "0.1232", "value": "überflutet"}]}, "ref_text_x": "ßige Salzwasserüberflutungen keinen Anbau von Getreide oder Feldfrüchten zulassen (z.B. wird Hallig Gröde etwa 20 mal, Langeneß ca. 7 - 8 mal im Jahr überflutet). Versuchsfelder mit"}
{"ref_seg_dic": {"url": [{"score": "0.114", "value": "scheiterten."}], "title": [{"score": "0.079", "value": "Rüben"}, {"score": "0.1041", "value": "und"}, {"score": "0.1175", "value": "Kartoffeln"}, {"score": "0.0981", "value": "auf"}, {"score": "0.0842", "value": "de"}, {"score": "0.0803", "value": "Hal­"}, {"score": "0.1226", "value": "lig"}, {"score": "0.1104", "value": "Hooge"}, {"score": "0.104", "value": "1933"}, {"score": "0.0822", "value": "-"}, {"score": "0.1194", "value": "41"}], "author": [[{"score": "0.1954", "surname": "Hafer"}], [{"score": "0.1513", "surname": "Gerste"}]]}, "ref_text_x": "Hafer, Gerste, Rüben und Kartoffeln auf de Hal­ lig Hooge 1933 - 41 scheiterten."}
{"ref_seg_dic": {"source": [{"score": "0.091", "value": "50"}, {"score": "0.0842", "value": "während"}, {"score": "0.0711", "value": "40"}, {"score": "0.094", "value": "im"}, {"score": "0.092", "value": "tertiären"}, {"score": "0.088", "value": "Wirtschaftssektor"}, {"score": "0.1126", "value": "vorwiegend"}, {"score": "0.1442", "value": "Fremdenverkehr"}, {"score": "0.1206", "value": "und"}, {"score": "0.101", "value": "Versorgungsbetriebe"}, {"score": "0.08", "value": "be"}, {"score": "0.1114", "value": "schäftigt"}], "other": [{"score": "0.1462", "value": "sind"}], "title": [{"score": "0.0825", "value": "Eine"}, {"score": "0.0913", "value": "Zwischenstellung"}, {"score": "0.1289", "value": "nimmt"}, {"score": "0.1379", "value": "die"}, {"score": "0.104", "value": "Insel"}, {"score": "0.1219", "value": "Pell­"}, {"score": "0.1016", "value": "worm"}, {"score": "0.124", "value": "ein."}, {"score": "0.0599", "value": "Der"}, {"score": "0.1102", "value": "Hauptanteil"}, {"score": "0.1043", "value": "der"}, {"score": "0.13", "value": "Erwerbstätigen"}, {"score": "0.0961", "value": "lebt"}, {"score": "0.1131", "value": "von"}, {"score": "0.1031", "value": "der"}, {"score": "0.1254", "value": "Landwirtschaft"}, {"score": "0.076", "value": "(rd"}]}, "ref_text_x": "Eine Zwischenstellung nimmt die Insel Pell­ worm ein. Der Hauptanteil der Erwerbstätigen lebt von der Landwirtschaft (rd. 50%), während 40% im tertiären Wirtschaftssektor (vorwiegend Fremdenverkehr und Versorgungsbetriebe) be­ schäftigt sind."}
{"ref_seg_dic": {"source": [{"score": "0.1187", "value": "mit"}, {"score": "0.1181", "value": "der"}, {"score": "0.1295", "value": "speziellen"}, {"score": "0.0829", "value": "Pro"}, {"score": "0.1112", "value": "blematik"}, {"score": "0.106", "value": "der"}, {"score": "0.095", "value": "Insellage"}, {"score": "0.1068", "value": "erhöhte"}, {"score": "0.1246", "value": "Betriebskosten"}, {"score": "0.1094", "value": "zusammen"}], "title": [{"score": "0.1501", "value": "bzw."}, {"score": "0.0874", "value": "Halligen"}, {"score": "0.1186", "value": "ist"}, {"score": "0.1459", "value": "gemeinsam,"}, {"score": "0.0776", "value": "daß"}, {"score": "0.1077", "value": "der"}, {"score": "0.1224", "value": "geringste"}, {"score": "0.1087", "value": "Teil"}, {"score": "0.1124", "value": "der"}, {"score": "0.1476", "value": "Erwerbstätigen"}, {"score": "0.1107", "value": "im"}, {"score": "0.1069", "value": "sekun­"}, {"score": "0.0871", "value": "dären"}, {"score": "0.1092", "value": "Wirtschaftssektor"}, {"score": "0.1009", "value": "(Handwerk"}], "other": [{"score": "0.171", "value": "Industrie"}, {"score": "0.1099", "value": "arbeitet"}, {"score": "0.1311", "value": "dies"}, {"score": "0.0985", "value": "hängt"}, {"score": "0.2422", "value": "u.a"}], "author": [[{"score": "0.1335", "surname": "Allen"}], [{"given-names": "Inseln", "score": "0.1473"}]]}, "ref_text_x": "Allen Inseln bzw. Halligen ist gemeinsam, daß der geringste Teil der Erwerbstätigen im sekun­ dären Wirtschaftssektor (Handwerk, Industrie) arbeitet; dies hängt u.a. mit der speziellen Pro­ blematik der Insellage (erhöhte Betriebskosten!) zusammen."}
{"ref_seg_dic": {"other": [{"score": "0.1207", "value": "günsti"}], "title": [{"score": "0.0742", "value": "Schließlich"}, {"score": "0.1074", "value": "sind"}, {"score": "0.1073", "value": "Inseln"}, {"score": "0.1053", "value": "Anziehungspunkte"}, {"score": "0.1095", "value": "für"}, {"score": "0.1029", "value": "den"}, {"score": "0.1233", "value": "Tourismus."}, {"score": "0.0693", "value": "Neben"}, {"score": "0.0856", "value": "dem"}, {"score": "0.0993", "value": "Abwechs­"}, {"score": "0.0969", "value": "lungsreichtum"}, {"score": "0.0933", "value": "der"}, {"score": "0.1015", "value": "Landschaft"}, {"score": "0.0837", "value": "spielt"}, {"score": "0.1028", "value": "das"}]}, "ref_text_x": "c) Schließlich sind Inseln Anziehungspunkte für den Tourismus. Neben dem Abwechs­ lungsreichtum der Landschaft spielt das günsti­"}
{"ref_seg_dic": {"source": [{"score": "0.0932", "value": "Sylt"}, {"score": "0.1253", "value": "Amrun"}, {"score": "0.1127", "value": "und"}, {"score": "0.1136", "value": "Föhr"}, {"score": "0.1127", "value": "entwickelten"}], "other": [{"score": "0.1644", "value": "sich"}, {"score": "0.1534", "value": "zu"}], "title": [{"score": "0.0625", "value": "kraft"}, {"score": "0.0652", "value": "bei"}, {"score": "0.1145", "value": "vielerlei"}, {"score": "0.1496", "value": "Erkrankungen"}, {"score": "0.1226", "value": "nachgewiesen"}, {"score": "0.1218", "value": "ist."}, {"score": "0.0562", "value": "Auch"}, {"score": "0.0799", "value": "ist"}, {"score": "0.0979", "value": "die"}, {"score": "0.0878", "value": "Zahl"}, {"score": "0.1178", "value": "der"}, {"score": "0.1115", "value": "Sonnentage"}, {"score": "0.0791", "value": "hier"}, {"score": "0.0839", "value": "we­"}, {"score": "0.1092", "value": "sentlich"}, {"score": "0.1012", "value": "höher"}, {"score": "0.0861", "value": "als"}, {"score": "0.119", "value": "auf"}, {"score": "0.0914", "value": "dem"}, {"score": "0.1037", "value": "Festland"}]}, "ref_text_x": "kraft bei vielerlei Erkrankungen nachgewiesen ist. Auch ist die Zahl der Sonnentage hier we­ sentlich höher als auf dem Festland. Sylt, Amrun und Föhr entwickelten sich zu"}
{"ref_seg_dic": {"title": [{"score": "0.0913", "value": "für"}, {"score": "0.1169", "value": "die"}, {"score": "0.104", "value": "einheimische"}], "other": [{"score": "0.1455", "value": "Bevöl-"}], "author": [[{"score": "0.112", "surname": "viele"}], [{"given-names": "Arbeitsplätze", "score": "0.102"}]]}, "ref_text_x": "viele Arbeitsplätze für die einheimische Bevöl-"}
