{"ref_seg_dic": {"other": [{"score": "0.1511", "value": "f"}, {"score": "0.1781", "value": "die"}], "year": [{"score": "0.2416", "value": "1996"}], "publisher": [{"score": "0.1439", "value": "Zahl"}], "page": [{"score": "0.1491", "value": "162"}], "author": [[{"score": "0.1148", "surname": "So"}], [{"given-names": "beziffert", "score": "0.1248"}], [{"score": "0.1239", "surname": "Bar-On"}]]}, "ref_text_x": "So beziffert Bar-On (1996, S. 162 f.) die Zahl"}
{"ref_seg_dic": {"source": [{"score": "0.0954", "value": "für"}, {"score": "0.1125", "value": "1994"}, {"score": "0.1262", "value": "mit"}, {"score": "0.1019", "value": "2.170.000"}], "other": [{"score": "0.1972", "value": "die"}], "title": [{"score": "0.0835", "value": "der"}, {"score": "0.1216", "value": "visitor"}, {"score": "0.1966", "value": "arrivals"}, {"score": "0.1289", "value": "in"}, {"score": "0.1224", "value": "Israel"}, {"score": "0.1016", "value": "für"}, {"score": "0.115", "value": "das"}, {"score": "0.1179", "value": "Jahr"}, {"score": "0.1157", "value": "1970"}, {"score": "0.0973", "value": "mit"}, {"score": "0.1352", "value": "441.000"}]}, "ref_text_x": "der \"visitor arrivals\" in Israel für das Jahr 1970 mit 441.000, für 1994 mit 2.170.000 und die"}
{"ref_seg_dic": {"volume": [{"score": "0.1324", "value": "1.503.000"}], "title": [{"score": "0.1814", "value": "tourists"}, {"score": "0.16", "value": "by"}, {"score": "0.1828", "value": "air"}, {"score": "0.1175", "value": "für"}, {"score": "0.1074", "value": "1970"}, {"score": "0.089", "value": "mit"}, {"score": "0.1344", "value": "382.000"}], "year": [{"score": "0.1501", "value": "1994"}], "other": [{"score": "0.1353", "value": "für"}], "author": [[{"score": "0.109", "surname": "Zahl"}], [{"given-names": "der", "score": "0.0937"}]]}, "ref_text_x": "Zahl der \"tourists by air\" für 1970 mit 382.000, für 1994 mit 1.503.000."}
{"ref_seg_dic": {"other": [{"score": "0.2061", "value": "die"}], "title": [{"score": "0.1454", "value": "zeichnet"}, {"score": "0.1634", "value": "die"}, {"score": "0.1371", "value": "Debatte"}, {"score": "0.1186", "value": "nach"}], "editor": [{"score": "0.1454", "value": "Seidler"}], "year": [{"score": "0.2192", "value": "2007"}]}, "ref_text_x": "Seidler (2007) zeichnet die Debatte nach, die"}
{"ref_seg_dic": {"title": [{"score": "0.1083", "value": "und"}, {"score": "0.1247", "value": "Werte"}, {"score": "0.1047", "value": "geführt"}, {"score": "0.0705", "value": "wurde"}], "author": [[{"score": "0.1656", "surname": "Rassismus"}], [{"given-names": "Ethik", "score": "0.1324"}]]}, "ref_text_x": "Rassismus, Ethik und Werte geführt wurde."}
{"ref_seg_dic": {"title": [{"score": "0.1202", "value": "die"}, {"score": "0.1369", "value": "dies"}, {"score": "0.113", "value": "für"}, {"score": "0.092", "value": "den"}, {"score": "0.0917", "value": "Fall"}, {"score": "0.1022", "value": "der"}, {"score": "0.1268", "value": "Wiederbelebung"}, {"score": "0.0998", "value": "des"}, {"score": "0.0984", "value": "slowenischen"}, {"score": "0.0883", "value": "Tourismus"}, {"score": "0.091", "value": "Anfang"}, {"score": "0.0742", "value": "der"}, {"score": "0.0853", "value": "1990er"}, {"score": "0.1072", "value": "Jahre"}, {"score": "0.112", "value": "nach"}, {"score": "0.0935", "value": "den"}, {"score": "0.119", "value": "Kriegen"}, {"score": "0.1037", "value": "in"}, {"score": "0.1213", "value": "Jugoslawien"}, {"score": "0.0698", "value": "darstellt"}], "year": [{"score": "0.2237", "value": "1996"}], "author": [[{"score": "0.1574", "surname": "Tanja"}], [{"given-names": "Mihalic", "score": "0.1527"}]]}, "ref_text_x": "Vgl. hierzu Tanja Mihalic (1996), die dies für den Fall der Wiederbelebung des slowenischen Tourismus Anfang der 1990er Jahre nach den Kriegen in Jugoslawien darstellt."}
{"ref_seg_dic": {"title": [{"score": "0.1177", "value": "Jihad"}, {"score": "0.1494", "value": "vs"}, {"score": "0.1692", "value": "McWorld"}], "year": [{"score": "0.2546", "value": "1995"}], "publisher": [{"score": "0.2369", "value": "Random"}, {"score": "0.1509", "value": "House"}], "other": [{"score": "0.2189", "value": "New"}, {"score": "0.1991", "value": "York"}], "author": [[{"score": "0.2258", "surname": "Barber"}], [{"given-names": "B.", "score": "0.3825"}]]}, "ref_text_x": "Barber, B. (1995). Jihad vs McWorld. New York: Random House"}
{"ref_seg_dic": {"title": [{"score": "0.1053", "value": "Measuring"}, {"score": "0.1517", "value": "the"}, {"score": "0.1371", "value": "Effects"}, {"score": "0.1242", "value": "on"}, {"score": "0.1107", "value": "Tourism"}, {"score": "0.0949", "value": "of"}, {"score": "0.1264", "value": "Violence"}, {"score": "0.1162", "value": "and"}, {"score": "0.0923", "value": "of"}], "year": [{"score": "0.2262", "value": "1996"}], "publisher": [{"score": "0.1451", "value": "Promo"}], "author": [[{"score": "0.2121", "surname": "Bar-On"}], [{"given-names": "R.", "score": "0.3181"}], [{"given-names": "R.", "score": "0.2465"}]]}, "ref_text_x": "Bar-On, R. R. (1996). Measuring the Effects on Tourism of Violence and of Promo­"}
{"ref_seg_dic": {"publisher": [{"score": "0.1499", "value": "John"}, {"score": "0.1235", "value": "Wiley"}, {"score": "0.1054", "value": "&"}, {"score": "0.1053", "value": "Sons"}], "title": [{"score": "0.0739", "value": "tion"}, {"score": "0.0929", "value": "Following"}, {"score": "0.1688", "value": "Violent"}, {"score": "0.203", "value": "Acts"}, {"score": "0.103", "value": "In­"}, {"score": "0.1254", "value": "ternational"}, {"score": "0.1252", "value": "Security"}, {"score": "0.1428", "value": "Issues"}], "source": [{"score": "0.1506", "value": "Tourism"}, {"score": "0.1595", "value": "Crime"}], "other": [{"score": "0.158", "value": "Chichester"}, {"score": "0.1563", "value": "u"}, {"score": "0.1753", "value": "a"}], "editor": [{"score": "0.1309", "value": "Pizam"}, {"score": "0.2011", "value": "A"}, {"score": "0.2024", "value": "Mansfeld"}, {"score": "0.1768", "value": "Y"}], "page": [{"score": "0.3079", "value": "159"}, {"score": "0.3079", "value": "174"}]}, "ref_text_x": "tion Following Violent Acts. In: Pizam, A./ Mansfeld, Y. (Hg.), Tourism, Crime and In­ ternational Security Issues. Chichester u. a.: John Wiley & Sons, S. 159-174"}
{"ref_seg_dic": {"source": [{"score": "0.124", "value": "Postmoderne"}], "editor": [{"score": "0.1401", "value": "Heinz-Günter"}, {"score": "0.1297", "value": "Vester"}], "title": [{"score": "0.0731", "value": "Tourismus"}, {"score": "0.123", "value": "und"}, {"score": "0.1241", "value": "Terrorismus"}, {"score": "0.1045", "value": "im"}, {"score": "0.1169", "value": "Zeichen"}, {"score": "0.0918", "value": "der"}]}, "ref_text_x": "Heinz-Günter Vester / Tourismus und Terrorismus im Zeichen der Postmoderne"}
{"ref_seg_dic": {"title": [{"score": "0.0955", "value": "Der"}, {"score": "0.1419", "value": "symbolische"}], "year": [{"score": "0.2713", "value": "1982"}], "other": [{"score": "0.122", "value": "Tausch"}], "author": [[{"score": "0.1795", "surname": "Baudrillard"}], [{"given-names": "J.", "score": "0.3255"}]]}, "ref_text_x": "Baudrillard, J. (1982). Der symbolische Tausch"}
{"ref_seg_dic": {"publisher": [{"score": "0.1945", "value": "Matthes"}, {"score": "0.1292", "value": "&"}, {"score": "0.1769", "value": "Seitz"}], "other": [{"score": "0.1608", "value": "München"}], "title": [{"score": "0.0966", "value": "und"}, {"score": "0.0911", "value": "der"}, {"score": "0.1465", "value": "Tod"}]}, "ref_text_x": "und der Tod. München: Matthes & Seitz"}
{"ref_seg_dic": {"title": [{"score": "0.1083", "value": "Die"}, {"score": "0.1438", "value": "fatalen"}, {"score": "0.0912", "value": "Strategien"}], "year": [{"score": "0.2263", "value": "1985"}], "author": [[{"score": "0.1788", "surname": "Baudrillard"}], [{"given-names": "J.", "score": "0.2985"}]]}, "ref_text_x": "Baudrillard, J. (1985). Die fatalen Strategien."}
{"ref_seg_dic": {"publisher": [{"score": "0.1627", "value": "Matthes"}, {"score": "0.1176", "value": "&"}, {"score": "0.1726", "value": "Seitz"}], "other": [{"score": "0.1217", "value": "München"}]}, "ref_text_x": "München: Matthes & Seitz"}
{"ref_seg_dic": {"title": [{"score": "0.1096", "value": "La"}, {"score": "0.1753", "value": "guerre"}, {"score": "0.1424", "value": "du"}, {"score": "0.1423", "value": "Golfe"}, {"score": "0.1094", "value": "na"}, {"score": "0.1061", "value": "pas"}, {"score": "0.1162", "value": "eu"}, {"score": "0.1198", "value": "lieu"}], "year": [{"score": "0.2454", "value": "1991"}], "publisher": [{"score": "0.2453", "value": "Edition"}, {"score": "0.1978", "value": "Galilee"}], "other": [{"score": "0.2337", "value": "Paris"}], "author": [[{"score": "0.1927", "surname": "Baudrillard"}], [{"given-names": "J.", "score": "0.3484"}]]}, "ref_text_x": "Baudrillard, J. (1991). La guerre du Golfe n\"a pas eu lieu. Paris: Edition Galilee"}
{"ref_seg_dic": {"title": [{"score": "0.1003", "value": "Liquid"}, {"score": "0.1685", "value": "Modernity"}], "year": [{"score": "0.2943", "value": "2000"}], "other": [{"score": "0.1881", "value": "Cam"}], "author": [[{"score": "0.2275", "surname": "Bauman"}], [{"given-names": "Z.", "score": "0.3129"}]]}, "ref_text_x": "Bauman, Z. (2000). Liquid Modernity. Cam­"}
{"ref_seg_dic": {"publisher": [{"score": "0.2128", "value": "Polity"}, {"score": "0.19", "value": "Press"}, {"score": "0.0992", "value": "Flüchtige"}, {"score": "0.1158", "value": "Moderne"}], "other": [{"score": "0.1339", "value": "bridge"}]}, "ref_text_x": "bridge: Polity Press (Flüchtige Moderne."}
{"ref_seg_dic": {"publisher": [{"score": "0.0957", "value": "Suhrkamp"}, {"score": "0.2535", "value": "Polity"}, {"score": "0.1913", "value": "Press"}, {"score": "0.1553", "value": "Suhrkamp"}], "other": [{"score": "0.2091", "value": "Frankfurt"}, {"score": "0.1696", "value": "am"}, {"score": "0.1456", "value": "Main"}, {"score": "0.1797", "value": "Cambridge"}, {"score": "0.3181", "value": "Frankfurt"}, {"score": "0.1985", "value": "am"}, {"score": "0.2083", "value": "Main"}], "title": [{"score": "0.1", "value": "Liquid"}, {"score": "0.1466", "value": "Life"}, {"score": "0.0953", "value": "Leben"}, {"score": "0.0937", "value": "in"}, {"score": "0.1097", "value": "der"}, {"score": "0.1205", "value": "flüchtigen"}, {"score": "0.0974", "value": "Moder­"}, {"score": "0.1357", "value": "ne"}], "author": [[{"score": "0.223", "surname": "Bauman"}], [{"given-names": "Z.", "score": "0.2674"}]], "year": [{"score": "0.2468", "value": "2003"}, {"score": "0.2884", "value": "2005"}, {"score": "0.1745", "value": "2007"}]}, "ref_text_x": "Frankfurt am Main: Suhrkamp 2003) Bauman, Z. (2005). Liquid Life. Cambridge: Polity Press (Leben in der flüchtigen Moder­ ne. Frankfurt am Main: Suhrkamp 2007)"}
{"ref_seg_dic": {"title": [{"score": "0.082", "value": "Interna­"}, {"score": "0.1442", "value": "tional"}, {"score": "0.1386", "value": "Terrorism"}, {"score": "0.1214", "value": "and"}, {"score": "0.1341", "value": "the"}, {"score": "0.1657", "value": "World"}, {"score": "0.2203", "value": "System"}], "author": [[{"score": "0.2381", "surname": "Bergesen"}], [{"given-names": "A.", "score": "0.293"}], [{"given-names": "J", "score": "0.1697"}], [{"score": "0.247", "surname": "Lizado"}], [{"given-names": "O.", "score": "0.1961"}]], "volume": [{"score": "0.2162", "value": "22"}], "source": [{"score": "0.2557", "value": "Sociological"}, {"score": "0.2216", "value": "Theory"}], "year": [{"score": "0.2399", "value": "2004"}], "issue": [{"score": "0.1988", "value": "1"}], "page": [{"score": "0.2765", "value": "38"}, {"score": "0.2765", "value": "52"}]}, "ref_text_x": "Bergesen, A. J./ Lizado, O. (2004). Interna­ tional Terrorism and the World System. In: Sociological Theory 22 (1), S. 38-52"}
{"ref_seg_dic": {"source": [{"score": "0.139", "value": "The"}, {"score": "0.1364", "value": "Postmodern"}], "year": [{"score": "0.2627", "value": "2001"}], "author": [[{"score": "0.1656", "surname": "Best"}], [{"given-names": "S", "score": "0.206"}], [{"score": "0.1561", "surname": "Kellner"}], [{"given-names": "D.", "score": "0.1962"}]]}, "ref_text_x": "Best, S./ Kellner, D. (2001). The Postmodern"}
{"ref_seg_dic": {"publisher": [{"score": "0.2984", "value": "Routledge"}], "other": [{"score": "0.2318", "value": "London"}], "title": [{"score": "0.104", "value": "Adventure."}, {"score": "0.0551", "value": "Science,"}, {"score": "0.0914", "value": "Technology,"}, {"score": "0.0727", "value": "and"}, {"score": "0.1087", "value": "Cultur-"}, {"score": "0.1064", "value": "al"}, {"score": "0.1305", "value": "Studies"}, {"score": "0.1041", "value": "at"}, {"score": "0.1258", "value": "the"}, {"score": "0.1444", "value": "Third"}, {"score": "0.1398", "value": "Millenium"}]}, "ref_text_x": "Adventure. Science, Technology, and Cultur- al Studies at the Third Millenium. London: Routledge"}
{"ref_seg_dic": {"title": [{"score": "0.1008", "value": "Interna­"}, {"score": "0.1491", "value": "tional"}, {"score": "0.1157", "value": "Terrorism:"}, {"score": "0.1056", "value": "Implications"}, {"score": "0.1239", "value": "and"}, {"score": "0.1311", "value": "Challenge"}, {"score": "0.0952", "value": "for"}, {"score": "0.1218", "value": "Global"}, {"score": "0.1566", "value": "Tourism"}], "author": [[{"score": "0.2488", "surname": "DAmore"}], [{"given-names": "L.", "score": "0.2665"}], [{"given-names": "J", "score": "0.1992"}], [{"score": "0.172", "surname": "Anunza"}], [{"given-names": "T.", "score": "0.2536"}], [{"given-names": "E.", "score": "0.2379"}]], "source": [{"score": "0.2105", "value": "Business"}, {"score": "0.1765", "value": "Quarterly"}], "other": [{"score": "0.1817", "value": "November"}], "year": [{"score": "0.2466", "value": "1986"}], "page": [{"score": "0.2949", "value": "20"}, {"score": "0.2949", "value": "29"}]}, "ref_text_x": "D\"Amore, L. J./ Anunza, T. E. (1986). Interna­ tional Terrorism: Implications and Challenge for Global Tourism. In: Business Quarterly, November, S. 20-29"}
{"ref_seg_dic": {"title": [{"score": "0.0866", "value": "Über"}, {"score": "0.1502", "value": "Gott"}, {"score": "0.1361", "value": "und"}, {"score": "0.1168", "value": "die"}, {"score": "0.1078", "value": "Welt"}], "year": [{"score": "0.2601", "value": "1985"}], "publisher": [{"score": "0.222", "value": "Hanser"}], "other": [{"score": "0.1602", "value": "Mün"}, {"score": "0.1638", "value": "chen"}], "author": [[{"score": "0.238", "surname": "Eco"}], [{"given-names": "U.", "score": "0.2936"}]]}, "ref_text_x": "Eco, U. (1985). Über Gott und die Welt. Mün­ chen: Hanser"}
{"ref_seg_dic": {"publisher": [{"score": "0.27", "value": "Polity"}, {"score": "0.1932", "value": "Press"}], "title": [{"score": "0.1157", "value": "Globalization"}, {"score": "0.1641", "value": "and"}, {"score": "0.1448", "value": "the"}, {"score": "0.1559", "value": "War"}, {"score": "0.191", "value": "against"}, {"score": "0.2223", "value": "Terrorism"}], "author": [[{"score": "0.2431", "surname": "Freedman"}], [{"given-names": "L.", "score": "0.3157"}]], "source": [{"score": "0.1791", "value": "Understanding"}, {"score": "0.1925", "value": "Global"}, {"score": "0.1385", "value": "Terror"}], "other": [{"score": "0.1877", "value": "Cambridge"}], "editor": [{"score": "0.1455", "value": "Ankersen"}, {"score": "0.1756", "value": "C"}, {"score": "0.2059", "value": "OLeary"}, {"score": "0.192", "value": "M"}], "year": [{"score": "0.28", "value": "2007"}], "page": [{"score": "0.2883", "value": "217"}, {"score": "0.2883", "value": "229"}]}, "ref_text_x": "Freedman, L. (2007). Globalization and the War against Terrorism. In: Ankersen, C./ O\"Leary, M. (Hg.), Understanding Global Terror. Cambridge: Polity Press, S. 217-229"}
{"ref_seg_dic": {"other": [{"score": "0.1723", "value": "Schutz"}, {"score": "0.1213", "value": "vor"}, {"score": "0.1349", "value": "Risiken"}], "title": [{"score": "0.1233", "value": "Sicherheit"}, {"score": "0.1194", "value": "in"}, {"score": "0.1292", "value": "Tourismus"}, {"score": "0.1172", "value": "und"}, {"score": "0.1351", "value": "Verkehr"}], "editor": [{"score": "0.1329", "value": "Freyer"}, {"score": "0.0833", "value": "W"}, {"score": "0.1227", "value": "Groß"}, {"score": "0.1625", "value": "S"}], "year": [{"score": "0.272", "value": "2004"}]}, "ref_text_x": "Freyer, W./ Groß, S. (Hg.) (2004). Sicherheit in Tourismus und Verkehr. Schutz vor Risiken"}
{"ref_seg_dic": {"publisher": [{"score": "0.2994", "value": "Routledge"}], "title": [{"score": "0.0952", "value": "FIT"}, {"score": "0.1113", "value": "-"}, {"score": "0.137", "value": "Forschungsin­"}, {"score": "0.1019", "value": "stitut"}, {"score": "0.0938", "value": "für"}, {"score": "0.0848", "value": "Tourismus"}], "author": [[{"score": "0.1491", "surname": "Krisen"}], [{"given-names": "Dresden", "score": "0.0891"}], [{"given-names": "Gray", "score": "0.1488"}], [{"score": "0.2088", "surname": "C"}], [{"score": "0.1892", "surname": "H"}]], "source": [{"score": "0.1405", "value": "Postmodern"}, {"score": "0.0839", "value": "War"}, {"score": "0.1238", "value": "The"}, {"score": "0.1101", "value": "New"}, {"score": "0.2022", "value": "Politics"}, {"score": "0.1445", "value": "of"}, {"score": "0.1626", "value": "Conflict"}], "other": [{"score": "0.2267", "value": "London"}], "year": [{"score": "0.2841", "value": "1997"}]}, "ref_text_x": "und Krisen. Dresden: FIT - Forschungsin­ stitut für Tourismus Gray, C. H. (1997). Postmodern War: The New Politics of Conflict. London: Routledge"}
{"ref_seg_dic": {"title": [{"score": "0.0909", "value": "Media,"}, {"score": "0.0997", "value": "War"}, {"score": "0.1054", "value": "and"}, {"score": "0.1136", "value": "Post-"}, {"score": "0.1212", "value": "modernity"}], "year": [{"score": "0.2955", "value": "2007"}], "publisher": [{"score": "0.2915", "value": "Routledge"}], "other": [{"score": "0.2406", "value": "London"}], "author": [[{"score": "0.2098", "surname": "Hammond"}], [{"given-names": "P.", "score": "0.3189"}]]}, "ref_text_x": "Hammond, P. (2007). Media, War and Post- modernity. London: Routledge"}
{"ref_seg_dic": {"publisher": [{"score": "0.153", "value": "John"}, {"score": "0.126", "value": "Wiley"}, {"score": "0.1069", "value": "&"}, {"score": "0.1064", "value": "Sons"}], "title": [{"score": "0.0975", "value": "Tourism,"}, {"score": "0.1078", "value": "Political"}, {"score": "0.1443", "value": "Stability"}, {"score": "0.1534", "value": "and"}, {"score": "0.1976", "value": "Violence"}], "author": [[{"score": "0.1875", "surname": "Hall"}], [{"given-names": "C.", "score": "0.3097"}], [{"given-names": "M", "score": "0.1882"}], [{"score": "0.2232", "surname": "OSullivan"}], [{"given-names": "V.", "score": "0.2665"}]], "source": [{"score": "0.1641", "value": "Tourism"}, {"score": "0.178", "value": "Crime"}, {"score": "0.0982", "value": "and"}, {"score": "0.147", "value": "International"}, {"score": "0.1228", "value": "Security"}, {"score": "0.1183", "value": "Issues"}], "other": [{"score": "0.1614", "value": "Chichester"}, {"score": "0.1591", "value": "u"}, {"score": "0.1777", "value": "a"}], "editor": [{"score": "0.1217", "value": "Pizam"}, {"score": "0.1967", "value": "A"}, {"score": "0.1971", "value": "Mansfeld"}, {"score": "0.1739", "value": "Y"}], "year": [{"score": "0.2516", "value": "1996"}], "page": [{"score": "0.308", "value": "105-121"}]}, "ref_text_x": "Hall, C. M./ O\"Sullivan, V. (1996). Tourism, Political Stability and Violence. In: Pizam, A./ Mansfeld, Y. (Hg.), Tourism, Crime and International Security Issues. Chichester u. a.: John Wiley & Sons, S. 105-121"}
{"ref_seg_dic": {"title": [{"score": "0.1301", "value": "Trauma"}, {"score": "0.1442", "value": "and"}, {"score": "0.1088", "value": "Terrorism"}], "year": [{"score": "0.2611", "value": "2007"}], "publisher": [{"score": "0.2225", "value": "How"}], "author": [[{"score": "0.1827", "surname": "Hassani"}], [{"given-names": "B.", "score": "0.2873"}]]}, "ref_text_x": "Hassani, B. (2007). Trauma and Terrorism: How"}
{"ref_seg_dic": {"publisher": [{"score": "0.1788", "value": "Gordian"}, {"score": "0.1513", "value": "Knot"}, {"score": "0.1412", "value": "Books"}], "title": [{"score": "0.0803", "value": "Do"}, {"score": "0.1066", "value": "Humans"}, {"score": "0.2015", "value": "Respond"}], "source": [{"score": "0.1879", "value": "Modern"}, {"score": "0.2061", "value": "Terrorism"}, {"score": "0.0979", "value": "and"}, {"score": "0.1283", "value": "Psychological"}, {"score": "0.1039", "value": "Trauma"}], "other": [{"score": "0.1964", "value": "New"}, {"score": "0.2036", "value": "York"}], "editor": [{"score": "0.2625", "value": "Trappier"}, {"score": "0.276", "value": "B"}], "page": [{"score": "0.3016", "value": "1"}, {"score": "0.3016", "value": "13"}]}, "ref_text_x": "Do Humans Respond? In: Trappier, B. (Hg.), Modern Terrorism and Psychological Trauma. New York: Gordian Knot Books, S. 1-13"}
{"ref_seg_dic": {"year": [{"score": "0.2594", "value": "2008"}], "other": [{"score": "0.1632", "value": "Emotions"}], "author": [[{"score": "0.1742", "surname": "Hutchinson"}], [{"given-names": "E", "score": "0.254"}], [{"score": "0.1343", "surname": "Bleiker"}], [{"given-names": "R.", "score": "0.1473"}]]}, "ref_text_x": "Hutchinson, E./ Bleiker, R. (2008). Emotions"}
{"ref_seg_dic": {"editor": [{"score": "0.1353", "value": "Bellamy"}, {"score": "0.1208", "value": "A"}, {"score": "0.0854", "value": "J"}], "title": [{"score": "0.0824", "value": "in"}, {"score": "0.0892", "value": "the"}, {"score": "0.1732", "value": "War"}, {"score": "0.1884", "value": "on"}, {"score": "0.2021", "value": "Terror"}]}, "ref_text_x": "in the War on Terror. In: Bellamy, A. J./"}
{"ref_seg_dic": {"publisher": [{"score": "0.2145", "value": "Routledge"}], "title": [{"score": "0.1052", "value": "Security"}, {"score": "0.0942", "value": "and"}, {"score": "0.1139", "value": "the"}, {"score": "0.1268", "value": "War"}, {"score": "0.1302", "value": "on"}, {"score": "0.1535", "value": "Terror"}], "author": [[{"score": "0.1685", "surname": "Bleiker"}], [{"given-names": "R", "score": "0.2396"}], [{"score": "0.1795", "surname": "Davies"}]], "other": [{"score": "0.2249", "value": "London"}, {"score": "0.1511", "value": "New"}, {"score": "0.2207", "value": "York"}], "editor": [{"score": "0.1245", "value": "E"}, {"score": "0.1638", "value": "Devetak"}, {"score": "0.167", "value": "R"}], "page": [{"score": "0.3018", "value": "57"}, {"score": "0.3018", "value": "70"}]}, "ref_text_x": "Bleiker, R./ Davies, S. E./ Devetak, R. (Hg.), Security and the War on Terror. London, New York: Routledge, S. 57-70"}
{"ref_seg_dic": {"title": [{"score": "0.1446", "value": "Postmodern"}, {"score": "0.2747", "value": "Terrorism"}], "author": [[{"score": "0.1889", "surname": "Laqueur"}], [{"given-names": "W.", "score": "0.2908"}]], "volume": [{"score": "0.1736", "value": "75"}], "source": [{"score": "0.2135", "value": "Foreign"}, {"score": "0.177", "value": "Affairs"}], "year": [{"score": "0.2898", "value": "1996"}], "page": [{"score": "0.1691", "value": "24"}]}, "ref_text_x": "Laqueur, W. (1996). Postmodern Terrorism. In: Foreign Affairs 75, S. 24"}
{"ref_seg_dic": {"source": [{"score": "0.1205", "value": "Empty"}, {"score": "0.131", "value": "Meeting"}], "year": [{"score": "0.2455", "value": "1992"}], "author": [[{"score": "0.1859", "surname": "MacCannell"}], [{"given-names": "D.", "score": "0.2876"}]]}, "ref_text_x": "MacCannell, D. (1992). Empty Meeting"}
{"ref_seg_dic": {"publisher": [{"score": "0.183", "value": "Rout"}, {"score": "0.1204", "value": "ledge"}], "other": [{"score": "0.2257", "value": "London"}], "title": [{"score": "0.0891", "value": "Grounds."}, {"score": "0.0479", "value": "The"}, {"score": "0.1343", "value": "Tourist"}, {"score": "0.1519", "value": "Papers"}]}, "ref_text_x": "Grounds. The Tourist Papers. London: Rout­ ledge"}
{"ref_seg_dic": {"publisher": [{"score": "0.184", "value": "John"}, {"score": "0.1625", "value": "Wiley"}], "title": [{"score": "0.1113", "value": "Tourism"}, {"score": "0.1665", "value": "and"}, {"score": "0.132", "value": "Warfare"}, {"score": "0.1108", "value": "-"}, {"score": "0.1377", "value": "the"}, {"score": "0.1154", "value": "Case"}, {"score": "0.1614", "value": "of"}, {"score": "0.222", "value": "Slovenia"}], "author": [[{"score": "0.2172", "surname": "Mihalic"}], [{"given-names": "T.", "score": "0.3727"}]], "source": [{"score": "0.1701", "value": "Tourism"}, {"score": "0.1841", "value": "Crime"}, {"score": "0.1025", "value": "and"}, {"score": "0.1531", "value": "International"}, {"score": "0.1286", "value": "Security"}, {"score": "0.1241", "value": "Issues"}], "other": [{"score": "0.1666", "value": "Chichester"}, {"score": "0.165", "value": "u"}, {"score": "0.1858", "value": "a"}], "editor": [{"score": "0.1267", "value": "Pizam"}, {"score": "0.1963", "value": "A"}, {"score": "0.195", "value": "Mansfeld"}, {"score": "0.1724", "value": "Y"}], "year": [{"score": "0.263", "value": "1996"}]}, "ref_text_x": "Mihalic, T. (1996). Tourism and Warfare - the Case of Slovenia. In: Pizam, A./ Mansfeld, Y. (Hg.), Tourism, Crime and International Security Issues. Chichester u. a.: John Wiley"}
{"ref_seg_dic": {"page": [{"score": "0.3034", "value": "231"}, {"score": "0.3034", "value": "246"}], "author": [[{"score": "0.1741", "surname": "Sons"}], [{"given-names": "S.", "score": "0.1723"}]]}, "ref_text_x": "Sons, S. 231-246"}
{"ref_seg_dic": {"publisher": [{"score": "0.2691", "value": "Polity"}, {"score": "0.1922", "value": "Press"}], "title": [{"score": "0.0948", "value": "Explaining"}, {"score": "0.1848", "value": "Suiciae"}, {"score": "0.2084", "value": "Terrorism"}], "author": [[{"score": "0.1597", "surname": "Pedahzur"}], [{"given-names": "A", "score": "0.2309"}], [{"score": "0.1202", "surname": "Perliger"}], [{"given-names": "A", "score": "0.1725"}], [{"score": "0.1337", "surname": "Bialsky"}], [{"given-names": "A.", "score": "0.2163"}]], "source": [{"score": "0.1938", "value": "Understanding"}, {"score": "0.1524", "value": "Glob"}, {"score": "0.1146", "value": "al"}, {"score": "0.1346", "value": "Terror"}], "other": [{"score": "0.1846", "value": "Cambridge"}], "editor": [{"score": "0.1454", "value": "Ankersen"}, {"score": "0.1757", "value": "C"}, {"score": "0.2059", "value": "OLeary"}, {"score": "0.1914", "value": "M"}], "year": [{"score": "0.2571", "value": "2007"}], "page": [{"score": "0.2892", "value": "37"}, {"score": "0.2892", "value": "56"}]}, "ref_text_x": "Pedahzur, A./ Perliger, A./ Bialsky, A. (2007). Explaining Suiciae Terrorism. In: Ankersen, C./ O\"Leary, M. (Hg.), Understanding Glob­ al Terror. Cambridge: Polity Press, S. 37-56"}
{"ref_seg_dic": {"title": [{"score": "0.0864", "value": "Terror­"}, {"score": "0.1307", "value": "ism"}, {"score": "0.1071", "value": "and"}, {"score": "0.1124", "value": "Tourism"}, {"score": "0.1065", "value": "as"}, {"score": "0.1359", "value": "Logical"}, {"score": "0.1514", "value": "Companions"}], "author": [[{"score": "0.232", "surname": "Richter"}], [{"given-names": "L.", "score": "0.3048"}], [{"given-names": "K", "score": "0.1879"}], [{"score": "0.1651", "surname": "Waugh"}], [{"given-names": "W.", "score": "0.1777"}], [{"given-names": "L.", "score": "0.1632"}], [{"score": "0.1216", "surname": "Jr"}]], "volume": [{"score": "0.2441", "value": "7"}], "source": [{"score": "0.3094", "value": "Tourism"}, {"score": "0.2915", "value": "Management"}], "year": [{"score": "0.2306", "value": "1986"}], "issue": [{"score": "0.1929", "value": "4"}], "page": [{"score": "0.2733", "value": "230"}, {"score": "0.2733", "value": "238"}]}, "ref_text_x": "Richter, L. K./ Waugh, W. L. Jr. (1986). Terror­ ism and Tourism as Logical Companions. In: Tourism Management 7 (4), S. 230-238"}
{"ref_seg_dic": {"title": [{"score": "0.1152", "value": "Understanding"}, {"score": "0.1703", "value": "Terrorist"}, {"score": "0.1638", "value": "Networks"}], "year": [{"score": "0.2861", "value": "2004"}], "publisher": [{"score": "0.2698", "value": "University"}, {"score": "0.1436", "value": "of"}, {"score": "0.1735", "value": "Penn"}], "other": [{"score": "0.202", "value": "Philadelphia"}], "author": [[{"score": "0.252", "surname": "Sageman"}], [{"given-names": "M.", "score": "0.2987"}]]}, "ref_text_x": "Sageman, M. (2004). Understanding Terrorist Networks. Philadelphia: University of Penn­"}
{"ref_seg_dic": {"title": [{"score": "0.1148", "value": "Cities"}, {"score": "0.1469", "value": "in"}, {"score": "0.122", "value": "aTime"}, {"score": "0.1129", "value": "of"}, {"score": "0.1096", "value": "Ter­"}, {"score": "0.1311", "value": "ror."}, {"score": "0.0645", "value": "Space,"}, {"score": "0.074", "value": "Territory,"}, {"score": "0.0668", "value": "and"}, {"score": "0.092", "value": "Local"}, {"score": "0.142", "value": "Resilience"}], "year": [{"score": "0.2258", "value": "2008"}], "publisher": [{"score": "0.1625", "value": "M.E"}, {"score": "0.2174", "value": "Sharpe"}], "other": [{"score": "0.157", "value": "Armonk"}, {"score": "0.1573", "value": "NY"}], "author": [[{"score": "0.1405", "surname": "Press"}], [{"given-names": "Savitch", "score": "0.2829"}], [{"score": "0.2515", "surname": "H"}], [{"score": "0.2203", "surname": "V"}]]}, "ref_text_x": "sylvania Press Savitch, H. V. (2008). Cities in aTime of Ter­ ror. Space, Territory, and Local Resilience. Armonk, NY: M.E. Sharpe"}
{"ref_seg_dic": {"title": [{"score": "0.0786", "value": "Urban"}, {"score": "0.1454", "value": "Fears"}, {"score": "0.1312", "value": "and"}, {"score": "0.1148", "value": "Global"}, {"score": "0.1346", "value": "Terrors."}, {"score": "0.0694", "value": "Citizenship,"}, {"score": "0.0686", "value": "Multicultures"}, {"score": "0.0819", "value": "and"}, {"score": "0.1106", "value": "Be-"}, {"score": "0.0872", "value": "longings"}, {"score": "0.0827", "value": "after"}, {"score": "0.0793", "value": "7/7"}], "year": [{"score": "0.2953", "value": "2007"}], "publisher": [{"score": "0.3072", "value": "Routledge"}], "other": [{"score": "0.2035", "value": "London"}], "author": [[{"score": "0.2066", "surname": "Seidler"}], [{"given-names": "V.", "score": "0.3266"}], [{"given-names": "J.", "score": "0.22"}]]}, "ref_text_x": "Seidler, V. J. (2007). Urban Fears and Global Terrors. Citizenship, Multicultures and Be- longings after 7/7. London: Routledge"}
{"ref_seg_dic": {"publisher": [{"score": "0.1526", "value": "John"}, {"score": "0.1256", "value": "Wiley"}, {"score": "0.1067", "value": "&"}, {"score": "0.1063", "value": "Sons"}], "title": [{"score": "0.1192", "value": "War"}, {"score": "0.1713", "value": "and"}, {"score": "0.1213", "value": "Its"}, {"score": "0.1085", "value": "Tourist"}, {"score": "0.1427", "value": "At-"}, {"score": "0.1864", "value": "tractions"}], "author": [[{"score": "0.1794", "surname": "Smith"}], [{"given-names": "V.", "score": "0.3616"}], [{"given-names": "L.", "score": "0.2239"}]], "source": [{"score": "0.1628", "value": "Tourism"}, {"score": "0.1768", "value": "Crime"}, {"score": "0.0975", "value": "and"}, {"score": "0.1461", "value": "International"}, {"score": "0.1221", "value": "Security"}, {"score": "0.1177", "value": "Issues"}], "other": [{"score": "0.161", "value": "Chichester"}, {"score": "0.1587", "value": "u"}, {"score": "0.1774", "value": "a"}], "editor": [{"score": "0.1215", "value": "Pizam"}, {"score": "0.1969", "value": "A"}, {"score": "0.1976", "value": "Mansfeld"}, {"score": "0.1742", "value": "Y"}], "year": [{"score": "0.2886", "value": "1996"}], "page": [{"score": "0.308", "value": "247-264"}]}, "ref_text_x": "Smith, V. L. (1996). War and Its Tourist At- tractions. In: Pizam, A./ Mansfeld, Y. (Hg.), Tourism, Crime and International Security Issues. Chichester u. a.: John Wiley & Sons, S. 247-264"}
{"ref_seg_dic": {"other": [{"score": "0.2039", "value": "New"}, {"score": "0.2053", "value": "York"}], "title": [{"score": "0.1026", "value": "Modern"}, {"score": "0.1704", "value": "Terrorism"}, {"score": "0.1333", "value": "and"}, {"score": "0.1344", "value": "Psychological"}, {"score": "0.1759", "value": "Trauma"}], "publisher": [{"score": "0.1827", "value": "Gord"}, {"score": "0.1242", "value": "ian"}, {"score": "0.1237", "value": "Knot"}, {"score": "0.185", "value": "Books"}], "editor": [{"score": "0.2588", "value": "Trappier"}, {"score": "0.1993", "value": "B"}], "year": [{"score": "0.3136", "value": "2007"}]}, "ref_text_x": "Trappier, B. (Hg.) (2007). Modern Terrorism and Psychological Trauma. New York: Gord­ ian Knot Books"}
{"ref_seg_dic": {"title": [{"score": "0.1141", "value": "Soziologie"}, {"score": "0.1652", "value": "der"}, {"score": "0.1731", "value": "Postmo­"}, {"score": "0.1353", "value": "derne"}], "year": [{"score": "0.2702", "value": "1993"}], "publisher": [{"score": "0.2537", "value": "Quintessenz"}], "other": [{"score": "0.1766", "value": "München"}], "author": [[{"score": "0.2361", "surname": "Vester"}], [{"given-names": "H.-G", "score": "0.3736"}]]}, "ref_text_x": "Vester, H.-G. (1993). Soziologie der Postmo­ derne. München: Quintessenz"}
{"ref_seg_dic": {"title": [{"score": "0.1293", "value": "Tourismustheorie."}, {"score": "0.0936", "value": "Sozi­"}, {"score": "0.106", "value": "ologische"}, {"score": "0.1151", "value": "Wegweiser"}, {"score": "0.1121", "value": "zum"}, {"score": "0.1215", "value": "Verständnis"}, {"score": "0.1053", "value": "touri­"}, {"score": "0.1125", "value": "stischer"}, {"score": "0.1809", "value": "Phänomene"}], "year": [{"score": "0.2864", "value": "1999"}], "publisher": [{"score": "0.2693", "value": "Profil"}], "other": [{"score": "0.1471", "value": "München"}, {"score": "0.1903", "value": "Wien"}], "author": [[{"score": "0.2462", "surname": "Vester"}], [{"given-names": "H.-G", "score": "0.3648"}]]}, "ref_text_x": "Vester, H.-G. (1999). Tourismustheorie. Sozi­ ologische Wegweiser zum Verständnis touri­ stischer Phänomene. München, Wien: Profil"}
{"ref_seg_dic": {"source": [{"score": "0.2263", "value": "Ferntourismus"}, {"score": "0.1503", "value": "wohin"}, {"score": "0.0982", "value": "Der"}, {"score": "0.0904", "value": "globale"}, {"score": "0.101", "value": "Touris"}], "title": [{"score": "0.1069", "value": "Tourismus"}, {"score": "0.16", "value": "und"}, {"score": "0.1192", "value": "Terro­"}, {"score": "0.1506", "value": "rismus"}, {"score": "0.1079", "value": "in"}, {"score": "0.1073", "value": "Äypten."}, {"score": "0.0634", "value": "Die"}, {"score": "0.1394", "value": "Entwicklung"}, {"score": "0.114", "value": "in"}, {"score": "0.1047", "value": "der"}, {"score": "0.112", "value": "letzten"}, {"score": "0.1104", "value": "Dekade"}, {"score": "0.0912", "value": "des"}, {"score": "0.1186", "value": "20."}, {"score": "0.0966", "value": "Jahrhunderts"}], "year": [{"score": "0.2454", "value": "2004"}], "editor": [{"score": "0.1159", "value": "Lu-"}, {"score": "0.1182", "value": "ger"}, {"score": "0.1213", "value": "K"}, {"score": "0.1069", "value": "Baumgartner"}, {"score": "0.1073", "value": "C"}, {"score": "0.1398", "value": "Wöhler"}, {"score": "0.1558", "value": "K"}], "author": [[{"score": "0.3165", "surname": "Vester"}], [{"given-names": "H.-G", "score": "0.3346"}]]}, "ref_text_x": "Vester, H.-G. (2004). Tourismus und Terro­ rismus in Äypten. Die Entwicklung in der letzten Dekade des 20. Jahrhunderts. In: Lu- ger, K./ Baumgartner, C./ Wöhler, K. (Hg.), Ferntourismus wohin? Der globale Touris­"}
{"ref_seg_dic": {"publisher": [{"score": "0.1709", "value": "StudienVerlag"}], "other": [{"score": "0.1667", "value": "Innsbruck"}, {"score": "0.146", "value": "u"}, {"score": "0.1634", "value": "a"}], "page": [{"score": "0.2812", "value": "287"}, {"score": "0.2812", "value": "295"}], "title": [{"score": "0.0733", "value": "mus"}, {"score": "0.0926", "value": "erobert"}, {"score": "0.1338", "value": "den"}, {"score": "0.1626", "value": "Horizont"}]}, "ref_text_x": "mus erobert den Horizont. Innsbruck u. a.: StudienVerlag, S. 287-295"}
{"ref_seg_dic": {"publisher": [{"score": "0.1534", "value": "John"}, {"score": "0.1263", "value": "Wiley"}, {"score": "0.107", "value": "&"}, {"score": "0.1066", "value": "Sons"}], "title": [{"score": "0.1546", "value": "Terrorism"}, {"score": "0.1614", "value": "and"}, {"score": "0.1157", "value": "Tourism:"}, {"score": "0.1186", "value": "an"}, {"score": "0.1621", "value": "OverView"}, {"score": "0.1313", "value": "and"}, {"score": "0.137", "value": "an"}, {"score": "0.158", "value": "Irish"}, {"score": "0.2032", "value": "Example"}], "author": [[{"score": "0.2112", "surname": "Wall"}], [{"given-names": "G.", "score": "0.3827"}]], "source": [{"score": "0.1653", "value": "Tourism"}, {"score": "0.1791", "value": "Crime"}, {"score": "0.0989", "value": "and"}, {"score": "0.1479", "value": "International"}, {"score": "0.1235", "value": "Security"}, {"score": "0.1189", "value": "Issues"}], "other": [{"score": "0.1618", "value": "Chichester"}, {"score": "0.1594", "value": "u"}, {"score": "0.178", "value": "a"}], "editor": [{"score": "0.1196", "value": "Pizam"}, {"score": "0.196", "value": "A"}, {"score": "0.1965", "value": "Mansfeld"}, {"score": "0.1736", "value": "Y"}], "year": [{"score": "0.2631", "value": "1996"}], "page": [{"score": "0.308", "value": "143-158"}]}, "ref_text_x": "Wall, G. (1996). Terrorism and Tourism: an OverView and an Irish Example. In: Pizam, A./ Mansfeld, Y. (Hg.), Tourism, Crime and International Security Issues. Chichester u. a.: John Wiley & Sons, S. 143-158"}
{"ref_seg_dic": {"publisher": [{"score": "0.2698", "value": "Polity"}, {"score": "0.1916", "value": "Press"}], "title": [{"score": "0.114", "value": "Europe"}, {"score": "0.1675", "value": "and"}, {"score": "0.1474", "value": "the"}, {"score": "0.1508", "value": "War"}, {"score": "0.175", "value": "on"}, {"score": "0.2001", "value": "Terror"}], "author": [[{"score": "0.1993", "surname": "Wallace"}], [{"given-names": "W.", "score": "0.2984"}]], "source": [{"score": "0.1791", "value": "Understanding"}, {"score": "0.1925", "value": "Global"}, {"score": "0.1385", "value": "Terror"}], "other": [{"score": "0.1877", "value": "Cambridge"}], "editor": [{"score": "0.1394", "value": "Ankersen"}, {"score": "0.1746", "value": "C"}, {"score": "0.2057", "value": "OLeary"}, {"score": "0.192", "value": "M"}], "year": [{"score": "0.3038", "value": "2007"}], "page": [{"score": "0.2892", "value": "83"}, {"score": "0.2892", "value": "94"}]}, "ref_text_x": "Wallace, W. (2007). Europe and the War on Terror. In: Ankersen, C./ O\"Leary, M. (Hg.), Understanding Global Terror. Cambridge: Polity Press, S. 83-94"}
{"ref_seg_dic": {"title": [{"score": "0.1114", "value": "Promotional"}, {"score": "0.2067", "value": "Culture."}, {"score": "0.0653", "value": "Ad-"}, {"score": "0.1125", "value": "vertising,"}, {"score": "0.0838", "value": "Ideology"}, {"score": "0.1132", "value": "and"}, {"score": "0.1338", "value": "Symbolic"}, {"score": "0.1267", "value": "Expression"}], "year": [{"score": "0.2838", "value": "1991"}], "publisher": [{"score": "0.2325", "value": "Sage"}, {"score": "0.102", "value": "Tourismus"}, {"score": "0.0924", "value": "und"}, {"score": "0.1195", "value": "Terrorismus"}, {"score": "0.0979", "value": "aus"}, {"score": "0.0984", "value": "ökonomischer"}, {"score": "0.1214", "value": "Sicht"}], "other": [{"score": "0.2222", "value": "London"}], "author": [[{"score": "0.2478", "surname": "Wernick"}], [{"given-names": "A.", "score": "0.3865"}]]}, "ref_text_x": "Wernick, A. (1991). Promotional Culture. Ad- vertising, Ideology and Symbolic Expression. London: Sage Tourismus und Terrorismus aus ökonomischer Sicht"}
{"ref_seg_dic": {"other": [{"score": "0.1195", "value": "Simon"}, {"score": "0.1017", "value": "Lüchinger"}, {"score": "0.1494", "value": "Zusammenfassung"}], "editor": [{"score": "0.121", "value": "Bruno"}, {"score": "0.1419", "value": "S"}, {"score": "0.1254", "value": "Frey"}]}, "ref_text_x": "Bruno S. Frey & Simon Lüchinger Zusammenfassung:"}
