{"ref_seg_dic": {"other": [{"score": "0.1045", "value": "XIX/8"}, {"score": "0.1736", "value": "Bucuresti"}], "year": [{"score": "0.1947", "value": "1938"}], "title": [{"score": "0.0763", "value": "de"}, {"score": "0.0799", "value": "la"}, {"score": "0.1769", "value": "Sect."}, {"score": "0.1038", "value": "scientif."}, {"score": "0.0549", "value": "de"}, {"score": "0.0798", "value": "la"}, {"score": "0.089", "value": "Academie"}, {"score": "0.0962", "value": "Rou-"}, {"score": "0.0903", "value": "maine"}]}, "ref_text_x": "de la Sect. scientif. de la Academie Rou- maine, XIX/8, Bucuresti 1938."}
{"ref_seg_dic": {"volume": [{"score": "0.1936", "value": "56"}], "source": [{"score": "0.1063", "value": "Die"}, {"score": "0.0973", "value": "Deltas"}, {"score": "0.1253", "value": "Pet"}, {"score": "0.118", "value": "Ergh"}], "year": [{"score": "0.2011", "value": "1878"}], "other": [{"score": "0.1929", "value": "Gotha"}], "author": [[{"score": "0.1583", "surname": "CREDNER"}], [{"given-names": "G.", "score": "0.264"}], [{"given-names": "R", "score": "0.1809"}]]}, "ref_text_x": "CREDNER, G. R.: Die Deltas. Pet. Ergh. 56, 1878, Gotha."}
{"ref_seg_dic": {"volume": [{"score": "0.1772", "value": "II"}, {"score": "0.1565", "value": "1950/51"}], "source": [{"score": "0.1401", "value": "Die"}, {"score": "0.1452", "value": "Erde"}], "title": [{"score": "0.1005", "value": "md"}, {"score": "0.1207", "value": "Schwemm­"}, {"score": "0.147", "value": "ebene"}, {"score": "0.1207", "value": "in"}, {"score": "0.1158", "value": "der"}, {"score": "0.1457", "value": "Piedmontzone"}], "page": [{"score": "0.2674", "value": "155"}, {"score": "0.2674", "value": "166"}], "author": [[{"score": "0.1911", "surname": "CZAJKA"}], [{"given-names": "W", "score": "0.2952"}], [{"score": "0.0899", "surname": "Schwemmfächer"}]]}, "ref_text_x": "CZAJKA, W.: Schwemmfächer md Schwemm­ ebene in der Piedmontzone. Die Erde, Bd. II, 1950/51, 155—166."}
{"ref_seg_dic": {"volume": [{"score": "0.2375", "value": "100"}], "source": [{"score": "0.1363", "value": "Ges"}, {"score": "0.1209", "value": "Wien"}], "issue": [{"score": "0.1034", "value": "1958"}], "page": [{"score": "0.2952", "value": "18"}, {"score": "0.2952", "value": "36"}], "title": [{"score": "0.0928", "value": "Schwemmfächerbildung"}, {"score": "0.0923", "value": "undSchwemmfächer­"}, {"score": "0.1728", "value": "formen."}, {"score": "0.0991", "value": "Mitt."}, {"score": "0.0714", "value": "Geogr"}]}, "ref_text_x": "Schwemmfächerbildung undSchwemmfächer­ formen. Mitt. Geogr. Ges. Wien, Bd. 100, 1958, 18—36."}
{"ref_seg_dic": {"other": [{"score": "0.1251", "value": "Shoreline"}, {"score": "0.1186", "value": "Topography"}], "author": [[{"score": "0.1819", "surname": "GULLIVER"}], [{"given-names": "F.", "score": "0.2308"}], [{"given-names": "H", "score": "0.1262"}]]}, "ref_text_x": "GULLIVER, F. H.: Shoreline Topography."}
{"ref_seg_dic": {"volume": [{"score": "0.1393", "value": "XXXIV"}, {"score": "0.1329", "value": "1899"}], "title": [{"score": "0.0861", "value": "USA"}, {"score": "0.0704", "value": "Proceedings"}, {"score": "0.1349", "value": "Amer."}, {"score": "0.0567", "value": "of"}, {"score": "0.1189", "value": "Arts"}, {"score": "0.1298", "value": "and"}, {"score": "0.1148", "value": "Scien­"}, {"score": "0.0759", "value": "ces"}]}, "ref_text_x": "USA Proceedings Amer. of Arts and Scien­ ces, Vol. XXXIV, 1899."}
{"ref_seg_dic": {"title": [{"score": "0.0688", "value": "Rhythmische"}, {"score": "0.1198", "value": "Phänomene"}, {"score": "0.1261", "value": "der"}, {"score": "0.1717", "value": "Erdoberfläche"}], "year": [{"score": "0.1949", "value": "1929"}], "other": [{"score": "0.2228", "value": "Braunschweig"}], "author": [[{"score": "0.1813", "surname": "KAUFMANN"}], [{"given-names": "H", "score": "0.2936"}]]}, "ref_text_x": "KAUFMANN, H.: Rhythmische Phänomene der Erdoberfläche. Braunschweig 1929."}
{"ref_seg_dic": {"title": [{"score": "0.1168", "value": "Gefälle"}, {"score": "0.114", "value": "der"}, {"score": "0.1387", "value": "Talwege"}, {"score": "0.1048", "value": "im"}], "other": [{"score": "0.165", "value": "Donau"}], "author": [[{"score": "0.186", "surname": "LEPSI"}], [{"given-names": "I", "score": "0.2413"}], [{"score": "0.0702", "surname": "Das"}]]}, "ref_text_x": "LEPSI, I.: Das Gefälle der Talwege im Donau­"}
{"ref_seg_dic": {"volume": [{"score": "0.2551", "value": "87"}], "source": [{"score": "0.0796", "value": "delta"}, {"score": "0.1075", "value": "Pet"}, {"score": "0.1016", "value": "Mitt"}], "issue": [{"score": "0.1025", "value": "1941"}], "page": [{"score": "0.2945", "value": "267"}, {"score": "0.2945", "value": "270"}]}, "ref_text_x": "delta. Pet. Mitt., Bd. 87, 1941, 267—270."}
{"ref_seg_dic": {"source": [{"score": "0.1084", "value": "Rivista"}, {"score": "0.109", "value": "Geogr"}, {"score": "0.0968", "value": "Ital"}, {"score": "0.0924", "value": "XIX"}], "title": [{"score": "0.0745", "value": "Lincrescimente"}, {"score": "0.1123", "value": "del"}, {"score": "0.1162", "value": "delta"}, {"score": "0.0999", "value": "del"}, {"score": "0.13", "value": "Po"}, {"score": "0.1181", "value": "nel"}, {"score": "0.1314", "value": "secolo"}], "year": [{"score": "0.1594", "value": "1898"}], "author": [[{"score": "0.1926", "surname": "MARINELLI"}], [{"given-names": "Ö", "score": "0.3049"}]]}, "ref_text_x": "MARINELLI, Ö.: L\"increscimente del delta del Po nel secolo. Rivista Geogr. Ital., XIX, 1898."}
{"ref_seg_dic": {"volume": [{"score": "0.1754", "value": "1—2"}], "source": [{"score": "0.1108", "value": "XIV"}, {"score": "0.0837", "value": "Fase"}], "year": [{"score": "0.1438", "value": "1926"}], "title": [{"score": "0.086", "value": "Süll"}, {"score": "0.0808", "value": "etä"}, {"score": "0.1288", "value": "dei"}, {"score": "0.1141", "value": "delta"}, {"score": "0.1092", "value": "dei"}, {"score": "0.1212", "value": "fiumi"}, {"score": "0.143", "value": "italiani."}, {"score": "0.056", "value": "La"}, {"score": "0.0977", "value": "Geo­"}, {"score": "0.1197", "value": "graphie"}]}, "ref_text_x": "Süll etä dei delta dei fiumi italiani. La Geo­ graphie, XIV, Fase. 1—2, 1926."}
{"ref_seg_dic": {"other": [{"score": "0.1516", "value": "Tome"}, {"score": "0.2014", "value": "Paris"}, {"score": "0.1316", "value": "1926"}], "author": [[{"score": "0.1061", "surname": "second"}]], "page": [{"score": "0.2199", "value": "971"}, {"score": "0.2199", "value": "996"}], "title": [{"score": "0.078", "value": "MARTONNE"}, {"score": "0.0564", "value": "de"}, {"score": "0.1114", "value": "E.:"}, {"score": "0.0784", "value": "Traite"}, {"score": "0.0866", "value": "de"}, {"score": "0.1019", "value": "Geographie"}, {"score": "0.0922", "value": "Phy-"}, {"score": "0.1326", "value": "sique"}]}, "ref_text_x": "MARTONNE de E.: Traite de Geographie Phy- sique. Tome second, 971—996, Paris 1926."}
{"ref_seg_dic": {"title": [{"score": "0.1203", "value": "Probleme"}, {"score": "0.1285", "value": "der"}, {"score": "0.1454", "value": "vergleichen­"}, {"score": "0.1188", "value": "den"}, {"score": "0.163", "value": "Erdkunde"}], "year": [{"score": "0.2052", "value": "1870"}], "other": [{"score": "0.2429", "value": "Leipzig"}], "page": [{"score": "0.2676", "value": "110"}, {"score": "0.2676", "value": "129"}], "author": [[{"score": "0.1958", "surname": "PESCHEL"}], [{"given-names": "O", "score": "0.2989"}], [{"score": "0.0768", "surname": "Neue"}]]}, "ref_text_x": "PESCHEL, O.: Neue Probleme der vergleichen­ den Erdkunde. Leipzig 1870, 110—129."}
{"ref_seg_dic": {"title": [{"score": "0.134", "value": "Quartärgeschichte"}, {"score": "0.1329", "value": "des"}, {"score": "0.1577", "value": "Donaudeltas."}, {"score": "0.0546", "value": "Bonner"}, {"score": "0.112", "value": "Geogr"}], "year": [{"score": "0.0871", "value": "Die"}], "other": [{"score": "0.1589", "value": "Abhand"}], "author": [[{"score": "0.1847", "surname": "PFANNENSTIEL"}], [{"given-names": "M", "score": "0.2911"}]]}, "ref_text_x": "PFANNENSTIEL, M.: Die Quartärgeschichte des Donaudeltas. Bonner Geogr. Abhand­"}
{"ref_seg_dic": {"year": [{"score": "0.1799", "value": "1950"}], "other": [{"score": "0.2092", "value": "Bonn"}], "issue": [{"score": "0.1199", "value": "6"}], "author": [[{"score": "0.1246", "surname": "lungen"}], [{"given-names": "H.", "score": "0.2335"}]]}, "ref_text_x": "lungen, H. 6, Bonn 1950."}
{"ref_seg_dic": {"title": [{"score": "0.0888", "value": "Morphologie"}, {"score": "0.1262", "value": "des"}, {"score": "0.1362", "value": "Mississippi­"}, {"score": "0.1236", "value": "deltas."}, {"score": "0.0794", "value": "Geogr"}], "author": [[{"score": "0.1851", "surname": "RÜSSEL"}], [{"given-names": "R.", "score": "0.2596"}], [{"given-names": "J", "score": "0.1836"}]], "volume": [{"score": "0.1976", "value": "45"}, {"score": "0.1181", "value": "1939"}], "source": [{"score": "0.1238", "value": "Zeitschr"}], "other": [{"score": "0.1497", "value": "28i"}], "page": [{"score": "0.2027", "value": "293"}]}, "ref_text_x": "RÜSSEL, R. J.: Morphologie des Mississippi­ deltas. Geogr. Zeitschr., 45. Bd., 1939, 28i_ 293."}
{"ref_seg_dic": {"source": [{"score": "0.1177", "value": "Die"}, {"score": "0.1066", "value": "Flußmündungen"}], "other": [{"score": "0.1956", "value": "Gotha"}], "year": [{"score": "0.1673", "value": "1956"}], "author": [[{"score": "0.1748", "surname": "SAMOJLOV"}], [{"given-names": "I.", "score": "0.2536"}], [{"given-names": "V", "score": "0.165"}]]}, "ref_text_x": "SAMOJLOV, I. V.: Die Flußmündungen. Gotha 1956."}
{"ref_seg_dic": {"title": [{"score": "0.1178", "value": "Kartographie"}, {"score": "0.1313", "value": "und"}, {"score": "0.1041", "value": "Morpho­"}, {"score": "0.1116", "value": "logie"}, {"score": "0.1182", "value": "des"}, {"score": "0.1383", "value": "Donaudeltas."}, {"score": "0.0486", "value": "Wiener"}, {"score": "0.105", "value": "Geogr"}], "author": [[{"score": "0.1731", "surname": "SLANAR"}], [{"given-names": "H", "score": "0.2871"}], [{"score": "0.0853", "surname": "Zur"}]], "volume": [{"score": "0.121", "value": "12"}], "source": [{"score": "0.1025", "value": "Stu"}, {"score": "0.1161", "value": "dien"}], "other": [{"score": "0.2054", "value": "Wien"}], "year": [{"score": "0.1503", "value": "1945"}]}, "ref_text_x": "SLANAR, H.: Zur Kartographie und Morpho­ logie des Donaudeltas. Wiener Geogr. Stu­ dien, H. 12, Wien 1945."}
{"ref_seg_dic": {"title": [{"score": "0.0767", "value": "Umlaufseen"}, {"score": "0.115", "value": "und"}, {"score": "0.1052", "value": "Dammufer­"}, {"score": "0.1062", "value": "seen"}, {"score": "0.1177", "value": "tropischer"}, {"score": "0.1325", "value": "Tieflandflüsse"}], "other": [{"score": "0.1577", "value": "Zeitschrift"}], "author": [[{"score": "0.1857", "surname": "WILHELMY"}], [{"given-names": "H", "score": "0.2543"}]]}, "ref_text_x": "WILHELMY, H.: Umlaufseen und Dammufer­ seen tropischer Tieflandflüsse. Zeitschrift"}
{"ref_seg_dic": {"volume": [{"score": "0.2986", "value": "2"}], "source": [{"score": "0.0914", "value": "Geomorphologie"}, {"score": "0.1046", "value": "Neue"}, {"score": "0.108", "value": "Folge"}], "issue": [{"score": "0.1971", "value": "1/2"}], "page": [{"score": "0.2597", "value": "27"}, {"score": "0.2597", "value": "64"}], "year": [{"score": "0.1676", "value": "1958"}]}, "ref_text_x": "f. Geomorphologie, Neue Folge, Bd. 2, H. 1/2, 1958, 27—64."}
{"ref_seg_dic": {"other": [{"score": "0.1577", "value": "1959"}], "title": [{"score": "0.0794", "value": "Manuskript"}, {"score": "0.0894", "value": "eingelangt"}, {"score": "0.1231", "value": "im"}, {"score": "0.0974", "value": "Herbst"}]}, "ref_text_x": "Manuskript eingelangt im Herbst 1959"}
