<title prob="0.0866">Rechtsverordnung</title> <title prob="0.0579">vom</title> <title prob="0.1203">31.</title> <title prob="0.068">Oktober</title> <title prob="0.0877">1940</title> <title prob="0.0925">unter</title> <title prob="0.12">Naturschutz</title> <title prob="0.1108">gestellt;</title> <title prob="0.0664">im</title> <title prob="0.1085">Landschaftsplan</title> <title prob="0.1472">"Vulkaneifel"</title> <title prob="0.1232">von</title> <title prob="0.1175">1968</title> <title prob="0.082">ist</title> <title prob="0.1137">es</title> <title prob="0.1178">wie</title> <title prob="0.1017">folgt</title> <title prob="0.0768">beschrieben</title> " ...:
<title prob="0.1048">mit</title> <title prob="0.0814">bedeutendem</title> <title prob="0.1083">Erholungswert:</title> <title prob="0.1147">Gebiet</title> <title prob="0.1225">enthält</title> <title prob="0.1081">vielfältige</title> <title prob="0.0998">Biozönosen</title> <title prob="0.0869">(oli­</title> <title prob="0.1236">gotrophes</title> <title prob="0.1113">Gewässer,</title> <title prob="0.0736">Verlandungsufer,</title> <title prob="0.0573">Wiesen</title> <title prob="0.0978">und</title> <title prob="0.0829">Wald),</title> <title prob="0.0637">Brut-</title> <title prob="0.0897">und</title> <title prob="0.0648">Rast­</title> <title prob="0.0688">platz</title> <title prob="0.0799">für</title> <title prob="0.0939">Wassergeflügel,</title> <title prob="0.0539">besonders</title> <title prob="0.0903">Enten</title> <title prob="0.0883">und</title> <title prob="0.1033">Taucher</title>. <other prob="0.1474">Vorkommen</other> <other prob="0.1288">seltener</other>
<editor prob="0.1416">Pflanzen</editor> (folgt <title prob="0.0858">Aufzählung)</title> <title prob="0.1328">.</title> <title prob="0.0823">Als</title> <title prob="0.1266">Bemerkung</title> <title prob="0.1006">ist</title> <title prob="0.0786">angefügt</title> " ...: <other prob="0.2593">Ausbau</other>
<author><surname prob="0.2328">Ahrens</surname>, <given-names prob="0.2869">W.</given-names></author> (<year prob="0.2933">1932</year>): <title prob="0.1391">Die</title> <title prob="0.1698">Basaltvulkane</title> <title prob="0.142">des</title> <title prob="0.1099">südöstlichen</title> <title prob="0.1084">Laacher-See-Gebiets</title> <title prob="0.1314">und</title> <title prob="0.1079">ihre</title> <title prob="0.1263">Lavaströme</title> —. In: <source prob="0.1201">Jb</source>. <source prob="0.1374">preuß</source>. <source prob="0.128">Geol</source>. L.A. <volume prob="0.2023">53</volume>, S. <fpage prob="0.3018">851</fpage> - <lpage prob="0.3018">878</lpage>.
<author><surname prob="0.1677">Bosselmann</surname>, <given-names prob="0.2295">J.</given-names></author> <empty prob="0.199">u. <editor prob="0.1389">K</editor>. <editor prob="0.0762">-</editor> <editor prob="0.1371">H</editor>. <editor prob="0.1072">Christmann</editor> (<year prob="0.2462">1974</year>): <title prob="0.1421">Die</title> <title prob="0.1652">Vogelwelt</title> <title prob="0.1413">im</title> <title prob="0.092">Raum</title> <title prob="0.0833">Andernach—Mayen—Cochem</title> —. <source prob="0.1446">Beiträge</source> <source prob="0.1039">zur</source> <source prob="0.1532">Avifauna</source> <source prob="0.1109">des</source> <source prob="0.1072">Rhein</source>­ <source prob="0.0809">landes</source>, H. <issue prob="0.1295">3</issue>.
<author><surname prob="0.2593">Fischer</surname>, <given-names prob="0.3044">H.</given-names></author> (<year prob="0.3105">1979</year>): <title prob="0.1701">Grenzen</title> <title prob="0.1612">der</title> <title prob="0.1457">Belastung</title> <title prob="0.1255">der</title> <title prob="0.1275">Laacher</title> <title prob="0.1356">Landschaft</title> —. <editor prob="0.11">In</editor>: <editor prob="0.1044">Die</editor> <editor prob="0.1158">Laacher</editor> <editor prob="0.0903">Vulkaneifel</editor> — <title prob="0.1394">Erholungslandschaft</title> <title prob="0.1062">oder</title> <title prob="0.1373">Rohstofflieferant?</title> <title prob="0.0712">Tagungsbericht</title> <title prob="0.0895">d</title>. <source prob="0.1127">Schutzgemeinschaft</source> <source prob="0.1145">Deutscher</source> <source prob="0.0893">Wald</source> <source prob="0.0858">über</source> <source prob="0.1181">die</source> <source prob="0.1007">Herbst</source>­ <source prob="0.1263">tagung</source> <source prob="0.1083">in</source> <source prob="0.1089">Maria</source> <source prob="0.1391">Laach</source> <source prob="0.1052">vom</source> <source prob="0.0934">26.-29</source>. <source prob="0.1199">Oktober</source> <year prob="0.1655">1978</year>, S. <page prob="0.321">48—62</page>.
<author><surname prob="0.218">Fischer</surname>, <given-names prob="0.2479">H.</given-names></author> u. <given-names prob="0.2573">R.</given-names> <author><surname prob="0.1523">Graafen</surname></author> (<year prob="0.2557">1974</year>): <title prob="0.158">Die</title> <title prob="0.1347">naturräumlichen</title> <title prob="0.1281">Einheiten</title> <title prob="0.0809">auf</title> <title prob="0.0934">Blatt</title> <title prob="0.0904">136/137</title> <empty prob="0.139">Cochem —. <editor prob="0.1135">Bonn-Bad</editor> <editor prob="0.0824">Godesberg</editor> =. <source prob="0.1214">Geographische</source> <source prob="0.1099">Landes</source>­ <source prob="0.1292">aufnahme</source> <volume prob="0.195">1</volume>: <volume prob="0.0913">200</volume> <issue prob="0.1686">000</issue>, <other prob="0.1276">Naturräumliche</other> <publisher prob="0.1068">Gliederung</publisher> <publisher prob="0.1112">Deutschlands</publisher>.
<author><surname prob="0.1848">Frechen</surname>, <given-names prob="0.2697">J</given-names></author>., <given-names prob="0.2206">M.</given-names> <author><surname prob="0.1709">Hopmann</surname> u. <given-names prob="0.2354">G.</given-names></author> <author><surname prob="0.1416">Knetsch</surname></author> (<year prob="0.2383">1976</year>): <title prob="0.1543">Die</title> <title prob="0.1511">vulka­</title> <title prob="0.1188">nische</title> <title prob="0.1036">Eifel</title> —. <editor prob="0.1609">Bonn</editor> (= <source prob="0.2194">Geologische</source> <source prob="0.1308">Reihe</source>, Bd. <volume prob="0.1921">2</volume>.)
<title prob="0.0888">H</title> <title prob="0.0852">a</title> <title prob="0.1637">l</title> <title prob="0.1738">b</title> <title prob="0.1669">f</title> <title prob="0.1556">a</title> s s, <author><surname prob="0.1874">W</surname></author>. (<year prob="0.2796">1907</year>): <title prob="0.1387">Der</title> <title prob="0.139">heutige</title> <title prob="0.1024">Stand</title> <title prob="0.0988">der</title> <title prob="0.1507">Seichesforschung</title> —. In: <source prob="0.157">Ztschr</source>. <source prob="0.1078">d</source>. <source prob="0.1206">Ges</source>. <source prob="0.1007">f</source>. <source prob="0.211">Erdkunde</source> <source prob="0.143">zu</source> <other prob="0.1875">Berlin</other>, S. <fpage prob="0.3223">5</fpage> - <lpage prob="0.3223">24</lpage>.
<author><surname prob="0.241">Henning</surname>, <given-names prob="0.3127">I.</given-names></author> (<year prob="0.3611">1965</year>): <title prob="0.1795">Das</title> <title prob="0.2293">Laacher-See-Gebiet.</title> <title prob="0.074">Eine</title> <title prob="0.1174">Stunde</title> <title prob="0.1129">zur</title> <title prob="0.1218">Hydrologie</title> <title prob="0.1159">und</title> <title prob="0.1171">Klimatologie</title> —. <editor prob="0.15">Bonn</editor> (=. <source prob="0.1578">Arbeiten</source> <source prob="0.1049">zur</source> <source prob="0.1359">Rheinischen</source> <source prob="0.1117">Landeskunde</source>, <volume prob="0.1358">22</volume>.)
<author><surname prob="0.1185">Mattem</surname> <surname prob="0.1682">e</surname>, <given-names prob="0.1811">M.</given-names></author> u. <given-names prob="0.2665">B.</given-names> <given-names prob="0.166">W.</given-names> <author><surname prob="0.1544">Scharf</surname></author> (<year prob="0.2535">1977</year>): <title prob="0.1361">Zur</title> <title prob="0.147">Eutrophierung</title> <title prob="0.1226">und</title> <title prob="0.0937">Restau­</title> <title prob="0.0977">rierung</title> <title prob="0.104">des</title> <title prob="0.0906">Laacher</title> <title prob="0.1097">Sees</title> —. In: <source prob="0.1489">Arch</source>. <source prob="0.1801">Hydrobiol</source>, <volume prob="0.2122">80</volume>, <issue prob="0.1976">4</issue>, S. <fpage prob="0.2566">506</fpage> - <lpage prob="0.2566">518</lpage>.
<author><surname prob="0.2321">Meyer</surname>, <given-names prob="0.3216">E.</given-names></author> (<year prob="0.3149">1979</year>): <title prob="0.1757">Geologie</title> <title prob="0.1686">des</title> <title prob="0.1291">Laacher</title> <title prob="0.1447">Vulkangebietes</title> —. <editor prob="0.1099">In</editor>: <editor prob="0.1045">Die</editor> <editor prob="0.1104">Laacher</editor> <title prob="0.1124">Vulkaneifel</title> <title prob="0.0926">-</title> <title prob="0.1266">Erholungslandschaft</title> <title prob="0.0929">oder</title> <title prob="0.1263">Rohstofflieferant?</title> <title prob="0.0882">Tagungsbe­</title> <title prob="0.0912">richt</title> <title prob="0.0889">d</title>. <source prob="0.1078">Schutzgemeinschaft</source> <source prob="0.1143">Deutscher</source> <source prob="0.0897">Wald</source> <source prob="0.089">über</source> <source prob="0.1285">die</source> <source prob="0.1338">Herbsttagung</source> <source prob="0.1215">in</source> <source prob="0.1092">Maria</source> <source prob="0.1384">Laach</source> <source prob="0.1047">vom</source> <source prob="0.0931">26.-29</source>. <source prob="0.1195">Oktober</source> <year prob="0.1656">1978</year>, S. <page prob="0.321">40-47</page>.
<author><surname prob="0.1235">Fischer</surname>: <given-names prob="0.157">Naturschutzgebiet</given-names></author>, <title prob="0.1011">Laacher</title> <title prob="0.1003">See</title>" <volume prob="0.1339">101</volume>
<author><surname prob="0.2308">Müller-Miny</surname>, <given-names prob="0.3119">H.</given-names></author> (<year prob="0.2735">1959</year>): <title prob="0.1813">Die</title> <title prob="0.1714">naturräumliche</title> <title prob="0.1595">Gliederung</title> <title prob="0.1008">am</title> <title prob="0.1117">Mittelrhein.</title> <title prob="0.0683">—</title> <title prob="0.1409">Remagen</title>, <volume prob="0.2012">74</volume> Seiten =. <title prob="0.1127">Zusammendruck</title> <title prob="0.1003">einer</title> <title prob="0.1255">Beitragsfolge</title> <title prob="0.1077">in</title> <title prob="0.1061">den</title> <title prob="0.1164">Ber</title>. <other prob="0.193">z</other>. <source prob="0.1504">dt</source>. <source prob="0.2037">Landeskunde</source> Bd. <volume prob="0.2218">21</volume>, <issue prob="0.1441">2</issue>.
<author><surname prob="0.2023">Nüchel</surname>, <given-names prob="0.3016">G.</given-names></author> (<year prob="0.3013">1972</year>): <title prob="0.1554">Vegetationskundliche</title> <title prob="0.1972">Untersuchungen</title> <title prob="0.1263">im</title> <title prob="0.1158">Naturschutz­</title> <title prob="0.1139">gebiet</title> <title prob="0.1118">des</title> <title prob="0.0943">Laacher</title> <title prob="0.0943">Sees.</title> <title prob="0.0542">—</title> <title prob="0.1248">Masch.</title> <title prob="0.0707">Ms</title>. <source prob="0.1424">Prüfungsarbeit</source> <source prob="0.1057">f</source>. <source prob="0.083">d</source>. <source prob="0.1215">Lehramt</source> <source prob="0.1246">an</source> <source prob="0.1102">Realschulen</source>.
<author><surname prob="0.2626">Wilhelmy</surname>, <given-names prob="0.3091">H.</given-names></author> (<year prob="0.3004">1977</year>): <title prob="0.1614">Geomorphologie.</title> — <editor prob="0.1541">Kiel</editor> (= <source prob="0.1421">Hirts</source> <source prob="0.1036">Stichwortbücher</source>, <other prob="0.1319">H.2</other>.)
