<author><surname prob="0.2804">Altmann</surname>, <given-names prob="0.1916">F</given-names></author>., <author><surname prob="0.1323">Keck</surname>, <given-names prob="0.1468">J.</given-names></author> <author><surname prob="0.0912">undKeese</surname>, <given-names prob="0.1202">D</given-names></author>.: <title prob="0.05">Die</title> <title prob="0.0913">Wirtschaftder</title> <title prob="0.0935">Tschechoslowakei</title> <title prob="0.097">undPolens</title>. <other prob="0.1422">München/Wien</other> <other prob="0.108">1968</other>.
<editor prob="0.1462">Atlas</editor> <editor prob="0.1027">Wojewodztwa</editor> <other prob="0.1526">katowickiego</other>: <publisher prob="0.1533">Warszawa1971</publisher>.
<author><surname prob="0.2015">Barbag</surname>, <given-names prob="0.1532">J.</given-names></author> <author><surname prob="0.091">undBerezowski</surname>, <given-names prob="0.1351">S</given-names></author>.: <title prob="0.0605">ökonomische</title> <title prob="0.1189">Geographie</title> <title prob="0.1282">derVolksrepublikPolen</title>. <other prob="0.2149">Berlin</other> <year prob="0.1853">1956</year>.
<editor prob="0.2595">Fisher</editor>, <editor prob="0.1941">J</editor>. (<empty prob="0.284">ed.): <title prob="0.0671">City</title> <title prob="0.0773">and</title> <title prob="0.1587">RegionalPlanning</title> <title prob="0.0969">in</title> <title prob="0.1283">Poland</title>. <other prob="0.1252">Ithaka</other>, <other prob="0.1835">NewYork</other> <year prob="0.17">1966</year>.
<author><surname prob="0.2523">Herman</surname>, <given-names prob="0.1641">St</given-names></author>.: <author><given-names prob="0.1075">Industrielle</given-names></author> <title prob="0.1018">Konzentrationsgebiete</title> <title prob="0.0816">in</title> <title prob="0.1271">der</title> <title prob="0.1382">Volksrepublik</title> <title prob="0.1424">Polen</title>. In: <source prob="0.2019">PM</source> <source prob="0.1284">1972/1</source>, S. <fpage prob="0.1825">11</fpage> - <lpage prob="0.1825">15</lpage>, <year prob="0.164">1972</year>.
<author><surname prob="0.2404">Iwanicka-Lyra</surname>, <given-names prob="0.2599">E</given-names></author>.: <title prob="0.0565">Großstadtballungen</title> <title prob="0.0654">—</title> <title prob="0.1154">methodische</title> <title prob="0.1401">Probleme</title> <title prob="0.1565">ihrerUntersuchung</title>. In: <source prob="0.1866">PM</source> <source prob="0.1186">1972/1</source>, S. <fpage prob="0.2127">16</fpage> - <lpage prob="0.2127">18</lpage> <year prob="0.2055">1972</year>.
<author><surname prob="0.2436">Kossmann</surname>, <given-names prob="0.1988">O</given-names></author>.: <title prob="0.0741">Lodz.</title> <title prob="0.0709">Eine</title> <title prob="0.1031">historisch-geographische</title> <title prob="0.1225">Analy</title>­ <empty prob="0.189">se. <other prob="0.1404">Würzburg</other> <other prob="0.1118">1966</other>.
<author><surname prob="0.2328">Koter</surname>, <given-names prob="0.2239">M</given-names></author>.: <title prob="0.0694">Geneza</title> <title prob="0.1129">ukladu</title> <title prob="0.1006">przestrzennego</title> <title prob="0.1162">Lodzi</title> <title prob="0.1175">przemy-</title> <title prob="0.0934">slowej</title>. <other prob="0.1147">IGPAN</other>, <other prob="0.1415">Prace</other> <other prob="0.1039">geograf</other>. <other prob="0.1195">79</other>, <other prob="0.1104">Warszawa1969</other>.
<author><surname prob="0.2431">Kortus</surname>, <given-names prob="0.2441">B</given-names></author>.: <author><given-names prob="0.1373">Some</given-names></author> <title prob="0.101">Selected</title> <title prob="0.1034">Problems</title> <title prob="0.0817">of</title> <title prob="0.1265">the</title> <title prob="0.1581">Development</title> <title prob="0.1177">and</title> <title prob="0.1136">Structure</title> <title prob="0.092">of</title> <title prob="0.139">Cracow</title> <title prob="0.1558">Industry</title>. In: <source prob="0.1696">Geographia</source> <source prob="0.141">Po-</source> <source prob="0.0875">lonica</source>, <volume prob="0.1476">16</volume>, <issue prob="0.0991">1969</issue>, S. <fpage prob="0.1865">41</fpage> - <lpage prob="0.1865">49</lpage>, <year prob="0.1643">1969</year>.
<editor prob="0.1497">Donbas</editor> and <title prob="0.1434">UpperSilesia-</title> <title prob="0.1108">a</title> <title prob="0.1513">comparative</title> <title prob="0.1597">Analysis</title> <title prob="0.0925">of</title> <title prob="0.1501">the</title> <title prob="0.1774">IndustrialRegions</title>. In: <source prob="0.1423">GeographiaPolonica</source>, <volume prob="0.1383">2</volume>, <issue prob="0.1143">1964</issue>, S. <fpage prob="0.1873">183</fpage> - <lpage prob="0.1873">192</lpage>, <year prob="0.1634">1964</year>.
<author><surname prob="0.259">Leszczycki</surname>, <given-names prob="0.2115">S</given-names></author>., <author><surname prob="0.235">Kuklinski</surname>, <given-names prob="0.2253">A</given-names></author>., <author><surname prob="0.1275">Najgrakowski</surname>, <given-names prob="0.1695">M.</given-names> <given-names prob="0.1022">und</given-names></author> <author><surname prob="0.1815">Grzescza</surname>, <given-names prob="0.1821">J</given-names></author>.: <title prob="0.0561">Spatial</title> <title prob="0.0922">Structure</title> <title prob="0.0779">of</title> <title prob="0.1124">Polish</title> <title prob="0.1192">Industry</title> <title prob="0.0688">in</title> <title prob="0.1543">1956</title>. In: <source prob="0.1346">Przeglad</source> <source prob="0.1399">Geograficzny</source>, Vol. <volume prob="0.1333">XXXII</volume>, Supl., <empty prob="0.173">S. <fpage prob="0.1752">139</fpage> - <lpage prob="0.1752">147</lpage>, <year prob="0.1644">1960</year>.
<editor prob="0.2425">Markert</editor>, <editor prob="0.192">W</editor>. (ed.): <source prob="0.1294">Osteuropa-Handbuch</source> <other prob="0.1346">Polen</other>. <other prob="0.1314">Köln/Graz</other> <other prob="0.1106">1959</other>.
<author><surname prob="0.2253">Misztal</surname>, <given-names prob="0.193">S</given-names></author>.: <title prob="0.0641">Die</title> <title prob="0.1084">Entwicklung</title> <title prob="0.0854">der</title> <title prob="0.0878">polnischen</title> <title prob="0.069">Ballungsge</title>­
biete. In: <source prob="0.1225">PM</source> <source prob="0.086">1972</source>, <volume prob="0.1566">1</volume>, S. <fpage prob="0.1394">22</fpage> - <lpage prob="0.1394">24</lpage>, <year prob="0.1861">1972</year> — :. <title prob="0.1003">Przemiany</title> <title prob="0.089">w</title> <title prob="0.1212">strukturze</title> <title prob="0.1404">przestrzennej</title> <title prob="0.0917">przemyslu</title> <title prob="0.0768">na</title> <title prob="0.0967">ziemiach</title> <title prob="0.0845">polskich</title> <title prob="0.062">w</title> <title prob="0.1017">latach</title> <title prob="0.1725">1860-1965</title>. <other prob="0.1883">Warszawa</other> <other prob="0.1103">1970</other>.
<title prob="0.0819">Changes</title> <title prob="0.0451">in</title> <title prob="0.129">the</title> <title prob="0.1357">Distribution</title> <title prob="0.1099">of</title> <title prob="0.1516">Industry</title> <title prob="0.0767">in</title> <title prob="0.1211">the</title> <title prob="0.1126">Area</title> <title prob="0.0981">of</title> <title prob="0.1355">Poland</title> <title prob="0.0623">in</title> <title prob="0.1004">the</title> <title prob="0.1206">Years</title> <title prob="0.1953">1860-1965</title>. In: <publisher prob="0.2042">Studia</publisher> <publisher prob="0.129">Historiae</publisher>
<author><surname prob="0.199">Oeconomicae</surname></author>, Vol. <volume prob="0.2627">5</volume>, <issue prob="0.1208">1970</issue>, S. <fpage prob="0.2064">231</fpage> - <lpage prob="0.2064">241</lpage>. <other prob="0.1797">Poznan</other> <other prob="0.1067">1970</other>.
<author><surname prob="0.218">Pakula</surname>, <given-names prob="0.1834">L</given-names></author>.: <publisher prob="0.0989">Die</publisher> <publisher prob="0.1076">Agglomerationsprozesse</publisher> <publisher prob="0.1026">am</publisher> <publisher prob="0.1379">Rand</publisher> <publisher prob="0.1467">des</publisher>
<editor prob="0.1588">Oberschlesischen</editor> <editor prob="0.1492">Industriebezirkes</editor>. (<other prob="0.1635">Man</other>.) <other prob="0.1774">Krakow</other> <other prob="0.1306">1968</other>.
<editor prob="0.1417">Plan</editor> <editor prob="0.1022">Generalny</editor> <other prob="0.149">Warszawy</other>: <publisher prob="0.1525">Warszawa1965</publisher>.
<author><surname prob="0.2564">Pounds</surname>, <given-names prob="0.2001">N</given-names></author>.: <title prob="0.0677">The</title> <title prob="0.1118">IndustrialGeography</title> <title prob="0.1006">of</title> <title prob="0.1172">Modern</title> <title prob="0.0737">Poland</title>.
In: <source prob="0.117">Econo</source> <source prob="0.1106">mic</source> <source prob="0.1367">Geography</source>, Vol. <volume prob="0.2425">36</volume>, <issue prob="0.1055">1960</issue>, S. <fpage prob="0.1858">231</fpage> - <lpage prob="0.1858">253</lpage>, <year prob="0.1627">1960</year>.
<author><surname prob="0.2384">Rajman</surname>, <given-names prob="0.2517">J</given-names></author>.: <title prob="0.0761">Urbanisierungsprozesse</title> <title prob="0.1337">undBevölkerungsent­</title> <title prob="0.0912">wicklung</title> <title prob="0.0967">im</title> <title prob="0.1244">Ballungsgebiet</title> <title prob="0.1129">von</title> <title prob="0.1023">Gorny</title> <title prob="0.145">Sl^sk</title>. In: <source prob="0.1732">PM</source> <source prob="0.121">1970</source>, <volume prob="0.1707">4</volume>, S. <fpage prob="0.1948">267</fpage> - <lpage prob="0.1948">273</lpage>, <year prob="0.1648">1970</year>.
<author><surname prob="0.149">Rocznik</surname> <given-names prob="0.1329">Statystyczny</given-names></author>: <year prob="0.1676">Warszawa1971</year>. <title prob="0.0705">Rocznik</title> <title prob="0.1209">Statystyczny</title> <other prob="0.1558">Powiatow</other>: <publisher prob="0.153">Warszawa1971</publisher>.
<author><surname prob="0.24">Wöhlke</surname>, <given-names prob="0.2478">W</given-names></author>.: <author><given-names prob="0.1625">Das</given-names></author> <title prob="0.1134">Potentialdes</title> <title prob="0.1114">polnischen</title> <title prob="0.127">Wirtschaftsrau­</title> <title prob="0.0736">mes</title> <title prob="0.0895">unddie</title> <title prob="0.1223">Probleme</title> <title prob="0.1195">seiner</title> <title prob="0.152">Inwertsetzung</title>. In: <source prob="0.1514">Geo</source>­ <source prob="0.172">graphische</source> <source prob="0.1127">Rundschau</source>. S. <fpage prob="0.1725">170</fpage> - <lpage prob="0.1725">184</lpage>, <year prob="0.1634">1967</year>.
<author><surname prob="0.2273">WrÓbel</surname>, <given-names prob="0.1964">A</given-names></author>.: <title prob="0.0653">Methoden</title> <title prob="0.099">der</title> <title prob="0.1067">Abgrenzung</title> <title prob="0.0975">von</title> <title prob="0.0601">Großstadt</title>­
ballungen. In: <source prob="0.1375">PM</source> <source prob="0.0994">1972</source>, <volume prob="0.1581">1</volume>, S. <page prob="0.192">19-21</page>, <year prob="0.1641">1972</year>.
<author><surname prob="0.2421">Wrzosek</surname>, <given-names prob="0.2402">A</given-names></author>.: <title prob="0.0671">Veränderungen</title> <title prob="0.1066">der</title> <title prob="0.1091">räumlichen</title> <title prob="0.1202">Struktur</title> <title prob="0.0983">der</title> <title prob="0.1096">Industrie</title> <title prob="0.1025">Polens</title> <title prob="0.0912">im</title> <title prob="0.133">Zeitraum</title> <title prob="0.2074">1946—1962</title>. In: <source prob="0.1562">Scheidl-</source> <source prob="0.1336">Festschrift</source>, S. <fpage prob="0.1545">382</fpage> - <lpage prob="0.1545">384</lpage>, <other prob="0.1781">Wien</other> <year prob="0.1617">1965</year>. <editor prob="0.1112">Wunderlich</editor>, <editor prob="0.1221">E</editor>. (ed.): <source prob="0.1416">HandbuhcvonPolen</source>. <source prob="0.1507">Berlin</source> <year prob="0.1784">1918</year>.
<author><surname prob="0.2594">Zielinski</surname>, <given-names prob="0.2457">T</given-names></author>.: <title prob="0.0762">Planrozwoju</title> <title prob="0.1177">regionu</title> <title prob="0.1094">katowickiego</title> <title prob="0.0948">w</title> <title prob="0.1564">okresie</title> <title prob="0.1851">perspektywicznym</title>. In <empty prob="0.209">,: <url prob="0.0876">Gospodarka</url> <url prob="0.108">planowa4</url> <url prob="0.0993">2/1969,</url>
zit. n. <empty prob="0.116">WD <volume prob="0.1149">5/1969</volume>, S. <fpage prob="0.1814">281</fpage> - <lpage prob="0.1814">287</lpage>, <year prob="0.1621">1969</year>.
<author><surname prob="0.2227">Zietek</surname>, <given-names prob="0.206">L</given-names></author>.: <title prob="0.0901">Nadrodze</title> <title prob="0.1561">przeobrazen</title>. In: <other prob="0.1141">TrybunaLudu</other>, <other prob="0.1227">Nr</other>.
deutsch: <url prob="0.1002">Auf</url> <title prob="0.118">dem</title> <title prob="0.1339">Wege</title> <title prob="0.154">derUmwandlung</title>. In:
<author><surname prob="0.2579">Wiss</surname>. <given-names prob="0.0873">DienstfürOstmitteleuropa</given-names></author>, <year prob="0.156">6/1971</year>, S. <fpage prob="0.1858">346</fpage> - <lpage prob="0.1858">347</lpage>, <year prob="0.1883">1971</year>. <editor prob="0.0712">Wissenschaftlicher</editor> <editor prob="0.0937">Dienst</editor> <editor prob="0.0909">für</editor> <editor prob="0.178">Ostmitteleuropa</editor> (<editor prob="0.1195">WD</editor>): Hrsg.: <other prob="0.1542">J.-G.-Herder-InstitutMarburg/Lahn</other>, <publisher prob="0.1293">Monatsschrift</publisher>.
W. <author><surname prob="0.2513">E</surname>. <given-names prob="0.1517">Johnston</given-names></author> and <author><surname prob="0.1918">D</surname>. <surname prob="0.1615">E</surname>. <given-names prob="0.1013">Hansen</given-names></author>: <title prob="0.0877">Behavioral</title> <title prob="0.0992">characteristics</title> <title prob="0.0824">of</title> <title prob="0.0901">purchasers</title> <title prob="0.0745">of</title> <title prob="0.0899">remote</title> <title prob="0.083">recreational</title> <title prob="0.0808">subdivision</title> <title prob="0.046">parcels</title>
