tiön <empty prob="0.192">in <title prob="0.1162">the</title> <title prob="0.1076">Continental</title> <title prob="0.1017">Islands</title> <title prob="0.0692">of</title> <title prob="0.1089">Melanesia</title>. <other prob="0.1412">Ninth</other>
<editor prob="0.1521">Pacific</editor> <editor prob="0.0938">Science</editor> <editor prob="0.1254">Congress</editor>, <year prob="0.2515">1957</year>, <other prob="0.1272">Bangkok/Thailand</other>.
<author><surname prob="0.3491">Bartlett</surname>, <given-names prob="0.2903">H.</given-names> <given-names prob="0.2583">H</given-names></author>.: <title prob="0.0733">Possible</title> <title prob="0.0954">Separate</title> <title prob="0.1055">Origin</title> <title prob="0.1189">and</title> <title prob="0.1306">Evolution</title> <title prob="0.0787">of</title> <title prob="0.113">the</title> <title prob="0.1157">Ladang</title> <title prob="0.097">and</title> <title prob="0.09">Sawah</title> <title prob="0.0791">Types</title> <title prob="0.0695">of</title> <title prob="0.1078">Tropical</title> <title prob="0.1074">Agricul-</title> <title prob="0.0778">ture</title>. <source prob="0.0942">Ninth</source> <source prob="0.1129">Pacific</source> <source prob="0.1234">Science</source> <source prob="0.0847">Congress</source>, <year prob="0.2468">1957</year>, <other prob="0.1549">Bangkok</other> <other prob="0.1208">Thailand</other>.
<author><surname prob="0.1437">Bergeroo-Campagne</surname>: <given-names prob="0.1064">L"Agriculture</given-names></author> <title prob="0.1101">Nomade</title> <title prob="0.0903">de</title> <title prob="0.0761">la</title> <title prob="0.0989">Tri-</title> <title prob="0.0721">bu</title> <title prob="0.088">des</title> <title prob="0.1112">N"Dranouas</title> <title prob="0.0833">en</title> <title prob="0.0914">Cote-DTvoire</title>. <other prob="0.1661">FAO-Publ</other>. <other prob="0.1535">on</other>
<editor prob="0.1275">Shifting</editor> <editor prob="0.0965">Cultivation</editor>, Vol. <volume prob="0.1425">I</volume>, <year prob="0.169">1950</year>.
<author><surname prob="0.2381">Bourke-Borrowes</surname>, <given-names prob="0.2157">D.R.S</given-names></author>.: <title prob="0.0617">The</title> <title prob="0.1118">Teak</title> <title prob="0.1304">Industry</title> <title prob="0.0708">of</title> <title prob="0.1054">Siam</title>. <other prob="0.1633">Bangkok</other> <year prob="0.1646">1927</year>.
<author><surname prob="0.2714">Conklin</surname>, <given-names prob="0.2337">H</given-names></author>.: <title prob="0.0803">Hanunoo</title> <title prob="0.1349">Agriculture</title> <title prob="0.0817">in</title> <title prob="0.1163">the</title> <title prob="0.095">Philippines</title>.
<editor prob="0.1388">FAO-Publ</editor>. <editor prob="0.0566">on</editor> <editor prob="0.1156">Shifting</editor> <editor prob="0.0855">Cultivation</editor>, Vol. <volume prob="0.1449">II</volume>, <year prob="0.1717">1957</year>.
a. <author><surname prob="0.0977">Credner</surname>, <given-names prob="0.1369">W</given-names></author>.: <title prob="0.0732">Siam,</title> <title prob="0.0639">das</title> <title prob="0.095">Land</title> <title prob="0.0876">der</title> <title prob="0.1147">Thais.</title> <title prob="0.0348">(Eine</title> <title prob="0.0798">Landes­</title> <title prob="0.0688">kunde</title> <title prob="0.0838">auf</title> <title prob="0.0881">Grund</title> <title prob="0.071">eigener</title> <title prob="0.1009">Reisen</title> <title prob="0.087">und</title> <title prob="0.086">Forschungen</title>).
<publisher prob="0.1047">Verlag</publisher>: <publisher prob="0.1437">Engelhorn</publisher>, <other prob="0.1823">Stuttgart</other>, <year prob="0.2628">1935</year>.
<author><surname prob="0.3204">Fosberg</surname>, <given-names prob="0.2409">F.</given-names> <given-names prob="0.2287">R</given-names></author>.: <title prob="0.0761">Tropical</title> <title prob="0.0801">Pacific</title> <title prob="0.1015">Grasslands</title> <title prob="0.1169">and</title> <title prob="0.1341">Savan-</title> <title prob="0.0899">nas</title>. s. o. <editor prob="0.1009">Research</editor> <editor prob="0.178">Council</editor>, <other prob="0.1811">Washington</other>, <other prob="0.1475">D</other>. <other prob="0.1073">C</other>., <other prob="0.153">USA</other>.
<editor prob="0.1273">Ninth</editor> <editor prob="0.1327">Pacific</editor> <editor prob="0.0757">Science</editor> <editor prob="0.1165">Congress</editor>, <year prob="0.2416">1957</year>, <other prob="0.1255">Bangkok/Thai</other>­ <other prob="0.1241">land</other>.
<author><surname prob="0.2793">Freeman</surname>, <given-names prob="0.2471">J.</given-names> <given-names prob="0.2063">D</given-names></author>.: <title prob="0.0799">The</title> <title prob="0.1462">Methods</title> <title prob="0.1021">of</title> <title prob="0.1103">Land</title> <title prob="0.0745">Usage</title> <title prob="0.086">Employed</title> <title prob="0.0767">by</title> <title prob="0.1001">the</title> <title prob="0.1148">Iban</title> <title prob="0.0906">of</title> <title prob="0.123">Sarawak</title> <title prob="0.0663">in</title> <title prob="0.0985">the</title> <title prob="0.0978">Shifting</title> <title prob="0.0938">Cultivation</title> <title prob="0.0758">of</title> <title prob="0.0701">Hill</title> <title prob="0.0712">Rice</title>. <source prob="0.1012">Department</source> <source prob="0.1023">of</source> <source prob="0.1053">Anthropology</source> <source prob="0.0939">and</source> <source prob="0.1044">Sociology</source>.
<editor prob="0.1313">The</editor> <editor prob="0.0943">Australian</editor> <editor prob="0.0932">National</editor> <editor prob="0.1518">University</editor>, <editor prob="0.0897">Canberra</editor>, <editor prob="0.0805">A</editor>. <editor prob="0.0977">C</editor>.
<editor prob="0.1693">T</editor>., <editor prob="0.144">Australia</editor>, <year prob="0.3011">1957</year>. <title prob="0.0648">Ninth</title> <title prob="0.0796">Pacific</title> <title prob="0.0828">Science</title> <title prob="0.0876">Congress</title>, <year prob="0.2498">1957</year>, <other prob="0.1282">Bangkok/Thailand</other>.
<author><surname prob="0.3314">Garland</surname>, <given-names prob="0.2672">E.</given-names> <given-names prob="0.2435">A</given-names></author>.: <title prob="0.0937">The</title> <title prob="0.1517">Methods</title> <title prob="0.1227">of</title> <title prob="0.1828">Management</title> <title prob="0.0765">in</title> <title prob="0.104">the</title> <title prob="0.0975">Mixed</title> <title prob="0.0848">Deciduous</title> <title prob="0.0751">Teak</title> <title prob="0.0746">Bearing</title> <title prob="0.0729">Forests</title> <title prob="0.0586">of</title> <title prob="0.0635">Kanara</title>,
<author><surname prob="0.1588">Bombay</surname> <given-names prob="0.1229">Presidency</given-names></author>. <author><surname prob="0.0682">The</surname> <given-names prob="0.0884">Indian</given-names></author> <author><surname prob="0.1462">Forester</surname></author>, <year prob="0.2206">1934</year>, S. <fpage prob="0.1788">819</fpage> ff.
<author><surname prob="0.3242">Kerr</surname>, <given-names prob="0.222">A.</given-names> <given-names prob="0.211">F.</given-names> <given-names prob="0.1726">G</given-names></author>.: <title prob="0.0805">Sketch</title> <title prob="0.0837">of</title> <title prob="0.1141">the</title> <title prob="0.1148">Vegetation</title> <title prob="0.0961">of</title> <title prob="0.1026">Chiengmai</title> <title prob="0.0605">(Siam).</title> <title prob="0.0426">Royal</title> <title prob="0.0693">Botanic</title> <title prob="0.091">Gardens</title>, <other prob="0.1178">KEW</other>. <publisher prob="0.1304">Bull</publisher>, <publisher prob="0.1053">of</publisher> <publisher prob="0.1311">Miscel-</publisher> <publisher prob="0.0869">laneous</publisher> <publisher prob="0.1192">Information</publisher>, <year prob="0.2099">1911</year>.
<author><surname prob="0.1613">Krit</surname> <surname prob="0.1523">Samapuddhi</surname>,: <given-names prob="0.1071">The</given-names></author> <title prob="0.0972">Forests</title> <title prob="0.101">of</title> <title prob="0.1361">Thailand</title> <title prob="0.1028">and</title> <title prob="0.1522">Fores-</title> <title prob="0.0816">try</title> <title prob="0.1057">Programs.</title> <title prob="0.0671">Mitt</title>. <publisher prob="0.1344">des</publisher> <publisher prob="0.1462">Royal</publisher> <publisher prob="0.1234">Forest</publisher> <other prob="0.1029">Department</other>, <other prob="0.1498">Bangkok/Thailand</other>, <year prob="0.1994">1957</year>.
<author><surname prob="0.2848">Lafont</surname>, <given-names prob="0.2571">P.</given-names> <given-names prob="0.1969">B</given-names></author>.: <title prob="0.0937">Slash</title> <title prob="0.1134">and</title> <title prob="0.0955">Burn</title> <title prob="0.1092">Culture</title> <title prob="0.1194">Methods</title> <title prob="0.0936">among</title> <title prob="0.1033">the</title> <title prob="0.0913">Mountain</title> <title prob="0.0846">Peoples</title> <title prob="0.0805">of</title> <title prob="0.0971">Central</title> <title prob="0.084">Viet-Nam</title>. <other prob="0.1406">Ninth</other>
<editor prob="0.1521">Pacific</editor> <editor prob="0.0938">Science</editor> <editor prob="0.1254">Congress</editor>, <year prob="0.2515">1957</year>, <other prob="0.1272">Bangkok/Thailand</other>.
<author><surname prob="0.3091">Leach</surname>, <given-names prob="0.2594">E.</given-names> <given-names prob="0.2183">R</given-names></author>.: <title prob="0.0734">Some</title> <title prob="0.0906">Economic</title> <title prob="0.093">Advantages</title> <title prob="0.0813">of</title> <title prob="0.0983">Shifting</title> <title prob="0.0907">Cultivation</title>. <other prob="0.1444">University</other> <other prob="0.1107">of</other> <other prob="0.1391">Cambridge</other>, <other prob="0.16">England</other>. <other prob="0.1363">Ninth</other>
<editor prob="0.1521">Pacific</editor> <editor prob="0.0938">Science</editor> <editor prob="0.1254">Congress</editor>, <year prob="0.2515">1957</year>, <other prob="0.1272">Bangkok/Thailand</other>.
<author><surname prob="0.2362">Letourneux</surname>, <given-names prob="0.1302">Ch</given-names></author>.: <title prob="0.0666">Report</title> <title prob="0.0603">to</title> <title prob="0.1299">the</title> <title prob="0.1271">Government</title> <title prob="0.0878">of</title> <title prob="0.1039">Thai­</title> <title prob="0.082">land</title> <title prob="0.0928">on</title> <title prob="0.123">"Reforestation</title> <title prob="0.0809">in</title> <title prob="0.1107">Thailand</title>". <source prob="0.1671">FAO-Report</source> No. <volume prob="0.1817">47</volume>, <fpage prob="0.1238">1952</fpage>.
<author><surname prob="0.2361">Loetsch</surname>, <given-names prob="0.2349">F</given-names></author>.: <title prob="0.0768">Inventory</title> <title prob="0.1155">Methods</title> <title prob="0.0937">for</title> <title prob="0.0954">Tropical</title> <title prob="0.089">Forests</title>. <source prob="0.1482">FAO-Report</source> No. <volume prob="0.1783">545</volume>, <fpage prob="0.1235">1956</fpage>.
<author><surname prob="0.2607">Loetsch</surname>, <given-names prob="0.2156">F</given-names></author>.: <author><given-names prob="0.151">A</given-names></author> <title prob="0.13">Forest</title> <title prob="0.1743">Inventory</title> <title prob="0.1138">in</title> <title prob="0.1631">Thailand</title>. <source prob="0.1625">Unasylva</source>, <empty prob="0.235">Vol. <volume prob="0.3004">11</volume>, No. <issue prob="0.212">4</issue>, <year prob="0.126">1957</year>.
<author><surname prob="0.2213">Loetsch</surname>, <given-names prob="0.2249">F</given-names></author>.: <author><given-names prob="0.1431">Forest</given-names></author> <title prob="0.0959">Inventory</title> <title prob="0.0817">of</title> <title prob="0.0918">the</title> <title prob="0.0821">Northern</title> <other prob="0.1344">Teak</other>
<editor prob="0.1259">Bearing</editor> <editor prob="0.1206">Provinces</editor> <title prob="0.0917">of</title> <title prob="0.144">Thailand</title>. <other prob="0.1429">FAO-Report</other>, <year prob="0.1785">1958</year>.
<author><surname prob="0.2282">Loetsch</surname>, <given-names prob="0.2029">F</given-names></author>.: <title prob="0.0609">The</title> <title prob="0.0999">Teak</title> <title prob="0.102">Forests</title> <title prob="0.0808">of</title> <title prob="0.0986">Northern</title> <title prob="0.0718">Thailand</title>.
<editor prob="0.1512">World</editor> <editor prob="0.1007">Crops</editor>, Vol. <volume prob="0.2848">10</volume>, No. <issue prob="0.2123">4</issue>, <year prob="0.1253">1957</year>.
<author><surname prob="0.1616">Glenn</surname> <given-names prob="0.1299">Trewartha</given-names></author>: <title prob="0.1058">Climate</title> <title prob="0.0988">as</title> <title prob="0.1434">Related</title> <title prob="0.1153">to</title> <title prob="0.139">the</title> <title prob="0.1382">Jet</title> <title prob="0.1028">Stream</title> <title prob="0.072">in</title> <title prob="0.1035">the</title> <title prob="0.0883">Orient</title> <volume prob="0.1297">205</volume>
<author><surname prob="0.2887">Marshall</surname>, <given-names prob="0.2273">C</given-names></author>.: <title prob="0.068">Land</title> <title prob="0.1222">Utilization</title> <title prob="0.0872">in</title> <title prob="0.132">the</title> <title prob="0.1209">Humid</title> <title prob="0.1249">Tropics.</title> <title prob="0.0609">Forest</title> <title prob="0.0805">Service</title> <title prob="0.0974">Malaya</title>. <source prob="0.0995">Ninth</source> <source prob="0.1201">Pacific</source> <source prob="0.1208">Science</source> <source prob="0.0824">Congress</source>, <year prob="0.2486">1957</year>, <other prob="0.1287">Bangkok/Thailand</other>.
<author><surname prob="0.1139">Pit</surname> <given-names prob="0.1353">Hampananda</given-names></author>: <title prob="0.0811">Reforestation</title> <title prob="0.0919">of</title> <title prob="0.1224">Imperata</title> <title prob="0.1124">and</title> <title prob="0.1109">other</title> <title prob="0.0857">Wast</title> <title prob="0.0924">Lands</title>. <publisher prob="0.1245">Royal</publisher> <publisher prob="0.124">Forest</publisher> <publisher prob="0.1204">Department</publisher>, <publisher prob="0.1104">Thailand</publisher>.
<editor prob="0.1273">Ninth</editor> <editor prob="0.1327">Pacific</editor> <editor prob="0.0757">Science</editor> <editor prob="0.1165">Congress</editor>, <year prob="0.2416">1957</year>, <other prob="0.1255">Bangkok/Thai</other>­ <other prob="0.1241">land</other>.
<author><surname prob="0.3286">Pelzer</surname>, <given-names prob="0.2609">K.</given-names></author> <title prob="0.0902">].:</title> <title prob="0.0767">Agriculture</title> <title prob="0.0591">in</title> <title prob="0.129">the</title> <title prob="0.1201">Humid</title> <title prob="0.1129">Tropics</title>. <other prob="0.1596">Yale</other> <other prob="0.0962">University</other>, <other prob="0.1445">New</other> <other prob="0.1459">Haven</other>, <other prob="0.109">Comm</other>., <other prob="0.1648">USA</other>. <publisher prob="0.1292">Ninth</publisher> <publisher prob="0.1641">Pacific</publisher>
<editor prob="0.106">Science</editor> <editor prob="0.1532">Congress</editor>, <year prob="0.2551">1957</year>, <other prob="0.1266">Bangkok/Thailand</other>.
<author><surname prob="0.3488">Pendleton</surname>, <given-names prob="0.2425">R.</given-names> <given-names prob="0.2624">L</given-names></author>.: <title prob="0.1026">Soils</title> <title prob="0.1095">of</title> <title prob="0.1536">Thailand.</title> <title prob="0.0443">Soil</title> <title prob="0.069">Technology</title> <title prob="0.0829">Advisor,</title> <title prob="0.0431">Ministry</title> <title prob="0.0703">of</title> <title prob="0.1233">Agriculture</title>, <other prob="0.1389">Thailand</other>. <other prob="0.1413">Ninth</other>
<editor prob="0.1521">Pacific</editor> <editor prob="0.0938">Science</editor> <editor prob="0.1254">Congress</editor>, <year prob="0.2515">1957</year>, <other prob="0.1272">Bangkok/Thailand</other>.
<author><surname prob="0.1239">Prasiddhi</surname> <given-names prob="0.1243">Phumxusri</given-names></author>: <title prob="0.1047">Tea</title> <title prob="0.1083">in</title> <title prob="0.1545">Thailand.</title> <title prob="0.0473">Me-Malai</title> <title prob="0.0877">Farm</title>, <other prob="0.1365">Chiengmai</other>, <other prob="0.1241">Thailand</other>. <other prob="0.1239">Ninth</other> <publisher prob="0.1626">Pacific</publisher> <publisher prob="0.1676">Science</publisher>
<author><surname prob="0.1562">Congress</surname></author>, <year prob="0.2569">1957</year>, <other prob="0.1266">Bangkok/Thailand</other>.
<author><surname prob="0.1417">Rue</surname> <surname prob="0.1283">de</surname> <surname prob="0.2011">la</surname>, <given-names prob="0.1915">F.</given-names> <given-names prob="0.2145">A</given-names></author>.: <title prob="0.0635">Man"s</title> <title prob="0.1017">Influence</title> <title prob="0.0926">on</title> <title prob="0.1068">Tropical</title> <title prob="0.1282">Vegeta­</title> <title prob="0.1211">tion</title>. <other prob="0.1839">Paris</other>, <other prob="0.1234">Frankreich</other>. <publisher prob="0.1136">Ninth</publisher> <publisher prob="0.1543">Pacific</publisher> <publisher prob="0.1411">Science</publisher> <publisher prob="0.0932">Congress</publisher>, <year prob="0.2485">1957</year>, <other prob="0.1288">Bangkok/Thailand</other>.
<author><surname prob="0.1411">Tondeur</surname>: <given-names prob="0.1056">L"Agriculture</given-names></author> <title prob="0.1263">Nomade</title> <title prob="0.1019">au</title> <title prob="0.1011">Congo</title> <title prob="0.1502">Beige</title>. <source prob="0.1055">FAO-</source> <source prob="0.0943">Publ</source>. <source prob="0.0732">on</source> <source prob="0.1365">Shifting</source> <source prob="0.1016">Cultivation</source>, Vol. <volume prob="0.1446">I</volume>, <year prob="0.1708">1950</year>.
<author><surname prob="0.3135">Troup</surname>, <given-names prob="0.2186">R.</given-names> <given-names prob="0.2319">S</given-names></author>.: <title prob="0.0749">Teak</title> <title prob="0.1099">Forests</title> <title prob="0.0816">of</title> <title prob="0.0976">Birma</title>. <other prob="0.1276">The</other> <other prob="0.1451">Indian</other>
<author><surname prob="0.2455">Forest</surname></author> <author><surname prob="0.1668">Records</surname></author>, <year prob="0.201">1911</year>, S. <issue prob="0.1456">11</issue>. 26 — :. <title prob="0.087">General</title> <title prob="0.106">Situation</title> <title prob="0.0782">of</title> <title prob="0.1068">Floods</title> <title prob="0.0818">and</title> <title prob="0.1033">Draughts</title> <title prob="0.1064">expe-</title> <title prob="0.0879">rienced</title> <title prob="0.0651">in</title> <title prob="0.0956">the</title> <title prob="0.1107">Rivers</title> <title prob="0.1031">of</title> <title prob="0.1496">Thailand</title>. <source prob="0.1123">Veröffentl</source>. <source prob="0.1317">aus</source> <source prob="0.1156">dem</source>
<author><surname prob="0.1903">Royal</surname> <given-names prob="0.1838">Thai</given-names></author> <author><surname prob="0.1472">Irrigation</surname></author> <author><surname prob="0.1352">Deparment</surname></author>, <year prob="0.2053">1956</year>. <title prob="0.0585">CLIMATE</title> <title prob="0.0742">AS</title> <title prob="0.0969">RELATED</title> <title prob="0.0801">TO</title> <title prob="0.1043">THE</title> <title prob="0.1117">JET</title> <title prob="0.0719">STREAM</title> IN
