<author><surname prob="0.1503">berliner</surname> <given-names prob="0.1203">Wirtschaftsgespräche</given-names></author> <year prob="0.196">12011</year>): <title prob="0.1584">Berlin</title> <title prob="0.1408">im</title> <title prob="0.2028">Aufwind</title>. <other prob="0.2623">Berlin</other>
<author><surname prob="0.2294">Bose</surname>, <given-names prob="0.3401">M.</given-names></author> (<year prob="0.3412">2001</year>): <title prob="0.1544">Raumstrukturelle</title> <title prob="0.1628">Konzepte</title> <title prob="0.14">für</title> <title prob="0.1666">Stadtregionen</title>. In: <editor prob="0.1781">C</editor>. <editor prob="0.1535">Brake</editor>, <editor prob="0.1058">J</editor>. <editor prob="0.0901">Dangschat</editor> und <editor prob="0.2536">G</editor>. <editor prob="0.1876">Herfert</editor> (Hrsg.): <source prob="0.2407">Suburbanisierung</source> <source prob="0.2358">in</source> <source prob="0.1587">Deutschland</source>. <other prob="0.2033">Opladen</other>, S. <fpage prob="0.2835">247</fpage> - <lpage prob="0.2835">260</lpage>
<author><surname prob="0.2236">Brune</surname>, <given-names prob="0.1506">IV</given-names></author>, <given-names prob="0.1794">R.</given-names> <author><surname prob="0.0874">Junker</surname></author> und <editor prob="0.2244">H</editor>. <editor prob="0.1989">Pump-Uhlmann</editor> (Hrsg.) (<year prob="0.2932">2006</year>): <title prob="0.111">Angriff</title> <title prob="0.1254">auf</title> <title prob="0.1033">die</title> <title prob="0.1085">City</title>. <other prob="0.1856">Düsseldorf</other>
<editor prob="0.1407">EHI</editor> (<year prob="0.2697">2008</year>): <title prob="0.1629">Shopping-Center</title> <title prob="0.1579">2009.</title> <title prob="0.0985">Fakten.</title> <title prob="0.0697">Hintergründe</title> <title prob="0.095">und</title> <title prob="0.1391">Perspektiven</title> <title prob="0.1014">in</title> <title prob="0.1534">Deutschland</title>. <other prob="0.1911">Köln</other>
<author><surname prob="0.1777">Fromhold-Eisebith</surname>, <given-names prob="0.2427">M.</given-names></author> und <given-names prob="0.2265">G.</given-names> <author><surname prob="0.1372">Eisebith</surname></author> (<year prob="0.2663">2005</year>): <title prob="0.1531">Howto</title> <title prob="0.1726">institutionalize</title> <title prob="0.1145">innova­</title> <title prob="0.1046">tive</title> <title prob="0.1129">clusters?</title> <title prob="0.0733">Comparing</title> <title prob="0.0922">explicit</title> <title prob="0.0911">top-down</title> <title prob="0.1046">and</title> <title prob="0.1034">bottom-up</title> <title prob="0.0668">approaches</title>.
<source prob="0.1553">Research</source> <source prob="0.1519">Policy</source> <volume prob="0.1968">34</volume>, S. <fpage prob="0.2946">1250</fpage> - <lpage prob="0.2946">1268</lpage>
<editor prob="0.1413">IHK</editor> (<year prob="0.2639">2010</year>): <title prob="0.157">Statistischer</title> <title prob="0.1949">Handelsreport</title> <title prob="0.1316">für</title> <title prob="0.107">Berlin</title> <title prob="0.1055">der</title> <title prob="0.1522">Industrie-</title> <title prob="0.1013">und</title> <title prob="0.0874">Han­</title> <title prob="0.1018">delskammer</title> <title prob="0.1425">Berlin</title>. <other prob="0.247">Berlin</other>
<author><surname prob="0.2304">Kästner</surname>, <given-names prob="0.3386">B.</given-names></author> (<year prob="0.2856">2010</year>): <title prob="0.1518">Wie</title> <title prob="0.1448">viele</title> <title prob="0.112">Shopping</title> <title prob="0.0913">Center</title> <title prob="0.1251">verträgt</title> <title prob="0.122">eine</title> <title prob="0.1518">Einkaufsstraße?</title> <title prob="0.089">Auswirkungen</title> <title prob="0.1076">der</title> <title prob="0.1092">Shopping</title> <title prob="0.093">Center</title> <title prob="0.0902">in</title> <title prob="0.0947">der</title> <title prob="0.1035">Berliner</title> <title prob="0.0946">Schlossstraße</title> <title prob="0.0876">auf</title> <title prob="0.1177">die</title> <title prob="0.1072">umgebende</title> <title prob="0.1392">Einzelhandelsstruktur</title>. <source prob="0.1062">Diplomarbeit</source> <source prob="0.1127">am</source> <source prob="0.1442">Geographischen</source> <source prob="0.1439">Institut</source> <source prob="0.1047">der</source> <source prob="0.1443">Humboldt-Universität</source> <source prob="0.1236">zu</source> <other prob="0.2158">Berlin</other>
<author><surname prob="0.1891">Kemper</surname>, <given-names prob="0.3023">F.-J</given-names></author>., <given-names prob="0.1875">E.</given-names> <author><surname prob="0.0933">Kulke</surname></author> und <editor prob="0.2629">M</editor>. <editor prob="0.2092">Schulz</editor> (Hrsg.) (<year prob="0.2989">2012</year>): <title prob="0.1182">Die</title> <title prob="0.1247">Stadt</title> <title prob="0.1372">der</title> <title prob="0.1055">kurzen</title> <title prob="0.1008">Wege</title>. <other prob="0.2558">Wiesbaden</other>
<author><surname prob="0.2083">Kulke</surname>, <given-names prob="0.3042">E.</given-names></author> (<year prob="0.3138">2003</year>): <title prob="0.1549">Berlin</title> <title prob="0.1275">-</title> <title prob="0.1376">German</title> <title prob="0.1199">Capital</title> <title prob="0.1124">and</title> <title prob="0.0978">Global</title> <title prob="0.0985">City</title>? <source prob="0.1156">Die</source> <source prob="0.1566">Erde</source> <volume prob="0.2156">134</volume> (<issue prob="0.204">3</issue>), S. <page prob="0.265">219-233</page>
<author><surname prob="0.2068">Kulke</surname>, <given-names prob="0.344">E.</given-names></author> (<year prob="0.3048">2008</year>): <title prob="0.2099">The</title> <title prob="0.1933">technology</title> <title prob="0.1091">park</title> <title prob="0.1018">Berlin-Adlershof</title> <title prob="0.0951">as</title> <title prob="0.1316">an</title> <title prob="0.1304">example</title> <title prob="0.1177">of</title> <title prob="0.1195">spatial</title> <title prob="0.1417">proximity</title> <title prob="0.0832">in</title> <title prob="0.1185">regional</title> <title prob="0.1142">economic</title> <title prob="0.1061">policy</title>. <source prob="0.1286">Zeitschrift</source> <source prob="0.1093">für</source> <source prob="0.1485">Wirtschafts</source>­ <source prob="0.1474">geographie</source> <volume prob="0.2204">52</volume> (<issue prob="0.1898">4</issue>), S. <fpage prob="0.2738">193</fpage> - <lpage prob="0.2738">208</lpage>
<author><surname prob="0.1887">Kulke</surname>, <given-names prob="0.2609">E.</given-names></author> (<year prob="0.2752">2009</year>): <title prob="0.2032">Wirtschaftsgeographie.</title> <other prob="0.2098">Paderborn</other>
<editor prob="0.2327">Kulke</editor>, <editor prob="0.1812">E</editor>. (Hrsg.) (<year prob="0.3936">2010</year>): <title prob="0.1633">Wirtschaftsgeographie</title> <title prob="0.1632">Deutschlands</title>. <other prob="0.1616">Heidelberg</other> <author><surname prob="0.155">Kulke</surname>, <given-names prob="0.1986">E.</given-names></author> (<year prob="0.2874">2011</year>): <title prob="0.1567">Wandeider</title> <title prob="0.1866">Einzelhandelslandschaften</title> <title prob="0.1705">Berlins</title>. <empty prob="0.299">In: <editor prob="0.1688">W</editor>. <editor prob="0.15">Matznetter</editor> und <editor prob="0.2317">R</editor>. <editor prob="0.1619">Musil</editor> (Hrsg.): <source prob="0.1919">Europa</source>: <source prob="0.1781">Metropolen</source> <source prob="0.1085">im</source> <source prob="0.1118">Wandel</source>. <other prob="0.233">Wien</other>. S. <fpage prob="0.2527">121</fpage> - <lpage prob="0.2527">138</lpage>
<author><surname prob="0.2083">Kulke</surname>, <given-names prob="0.34">E.</given-names></author> (<year prob="0.2895">2012</year>): <title prob="0.1371">Nur</title> <title prob="0.1944">"arm,</title> <title prob="0.1252">aber</title> <title prob="0.1459">sexy"</title> <title prob="0.1178">oder</title> <title prob="0.0988">neue</title> <title prob="0.104">Metropole</title>, <source prob="0.1043">geographie</source> <source prob="0.1181">heute</source> <volume prob="0.1548">301</volume>, S. <fpage prob="0.2972">20</fpage> - <lpage prob="0.2972">27</lpage>
<author><surname prob="0.1758">Kulke</surname>, <given-names prob="0.2635">E.</given-names></author> und <given-names prob="0.2164">R.</given-names> <author><surname prob="0.1572">Kitzmann</surname></author> (<year prob="0.3316">2012</year>): <title prob="0.1381">Der</title> <title prob="0.1571">Standort</title> <title prob="0.111">Adlershof</title> <title prob="0.1112">aus</title> <title prob="0.1259">Sicht</title> <title prob="0.1519">der</title> <title prob="0.1821">Beschäftigten</title>. <other prob="0.2116">Berlin</other> (<source prob="0.144">Arbeitsberichte</source> <source prob="0.1284">des</source> <source prob="0.1397">Geographischen</source> <source prob="0.1269">Instituts</source> <source prob="0.0875">der</source> <source prob="0.1546">Humboldt-Universitätzu</source> <source prob="0.1106">Berlin</source>. H. <volume prob="0.1326">171</volume>)
<author><surname prob="0.2271">Lademann</surname>, <given-names prob="0.2797">R.</given-names></author> (<year prob="0.3269">2011</year>): <title prob="0.1835">Innerstädtische</title> <title prob="0.2251">Einkaufszentren.</title> <title prob="0.0861">Eine</title> <title prob="0.1315">absatzwirt­</title> <title prob="0.1168">schaftliche</title> <title prob="0.1194">Analyse</title>. <other prob="0.1488">Göttingen</other> (<source prob="0.1079">Göttinger</source> <source prob="0.1878">Handelswissenschaftliche</source> <source prob="0.2128">Schriften</source> Band <volume prob="0.2315">77</volume>)
<author><surname prob="0.2461">Martin</surname>, <given-names prob="0.3542">N.</given-names></author> (<year prob="0.2855">2006</year>): <title prob="0.1941">Einkäufen</title> <title prob="0.1676">in</title> <title prob="0.1367">der</title> <title prob="0.1327">Stadt</title> <title prob="0.1197">der</title> <title prob="0.1194">kurzen</title> <title prob="0.0922">Wege?</title> <title prob="0.059">Mannheim</title> <title prob="0.0857">(Studien</title> <title prob="0.105">zur</title> <source prob="0.1313">Mobilitäts-</source> <source prob="0.1516">und</source> <source prob="0.1286">Verkehrsforschung</source>, Band <volume prob="0.2387">16</volume>)
<author><surname prob="0.2274">Porter</surname>, <given-names prob="0.3543">M.</given-names></author> (<year prob="0.3504">1993</year>): <title prob="0.193">Nationale</title> <title prob="0.2024">Wettbewerbsvorteile.</title> <title prob="0.0705">Wien</title> <title prob="0.0837">SenStadt,</title> <title prob="0.0673">Senatsverwaltung</title> <title prob="0.0588">für</title> <title prob="0.0754">Stadtentwicklung</title> (<year prob="0.2079">2005</year>): <title prob="0.1346">Stadtentwick­</title> <title prob="0.1528">lungsplan</title> <title prob="0.1">Zentren</title> <title prob="0.1012">2020.</title> <title prob="0.0708">Edition</title> <title prob="0.1491">StadtWirtschaft</title>. <other prob="0.2701">Berlin</other>
<editor prob="0.1321">SenStadt</editor>, <editor prob="0.0801">Senatsverwaltung</editor> <editor prob="0.0628">für</editor> <editor prob="0.0987">Stadtentwicklung</editor> (<year prob="0.2323">2011</year>): <title prob="0.207">Umweltatlas.</title> <other prob="0.2705">Berlin</other>
<author><surname prob="0.1845">Stein</surname>. <given-names prob="0.2876">R.</given-names></author> (<year prob="0.232">2009</year>): <title prob="0.1726">Besondere</title> <title prob="0.1702">und</title> <title prob="0.1298">allgemeine</title> <title prob="0.1075">metropolitane</title> <title prob="0.1084">Spezialisierun­</title> <title prob="0.1828">gen</title> <title prob="0.1222">in</title> <title prob="0.0835">Berlin:</title> <title prob="0.0897">Kultur</title> <title prob="0.1308">und</title> <title prob="0.1185">Wissenschaft,</title> <title prob="0.0709">Koordination</title> <title prob="0.0918">und</title> <title prob="0.1143">Transaktion</title>. <source prob="0.1223">Raumforschung</source> <source prob="0.1648">und</source> <source prob="0.1994">Raumordnung</source> <volume prob="0.2454">67</volume> (<issue prob="0.1895">4</issue>), S. <fpage prob="0.2738">287</fpage> - <lpage prob="0.2738">299</lpage>
<author><surname prob="0.203">Suwala</surname>, <given-names prob="0.2358">L.</given-names></author> und <given-names prob="0.1979">P.</given-names> <author><surname prob="0.1387">Dannenberg</surname></author> (<year prob="0.2297">2009</year>). <title prob="0.0862">Cluster</title> <title prob="0.1616">und</title> <title prob="0.1228">Innovationspolitik</title> <title prob="0.103">maßgeschneidert</title>. <source prob="0.1269">Standort</source> <volume prob="0.209">33</volume>, S. <fpage prob="0.2955">104</fpage> - <lpage prob="0.2955">112</lpage>
<source prob="0.1434">Geographische</source> <source prob="0.1505">Rundschau</source> <volume prob="0.1422">2</volume> I <other prob="0.1347">2013</other>
Foto <volume prob="0.1626">7</volume>: <title prob="0.1119">Berlin-Adlershof</title> <title prob="0.1008">mit</title> <title prob="0.1118">Gebäude</title> <title prob="0.1056">der</title> <source prob="0.1482">WISTA</source>
<author><surname prob="0.2171">Wiegandt</surname>, <given-names prob="0.3062">C.-C</given-names></author>. (<year prob="0.3125">2009</year>): <title prob="0.1353">Leitbilder</title> <title prob="0.1456">der</title> <title prob="0.2009">Stadtentwicklung</title> <title prob="0.1235">in</title> <title prob="0.1616">Deutschland</title>. <source prob="0.1405">Geographie</source> <source prob="0.1318">und</source> <source prob="0.1578">Schule</source> <volume prob="0.2404">31</volume> (<issue prob="0.1668">182</issue>), S. <fpage prob="0.2673">4</fpage> - <lpage prob="0.2673">12</lpage>
<author><surname prob="0.2193">Wiegandt</surname>, <given-names prob="0.3158">C.-C</given-names></author>. (<year prob="0.2801">2012</year>): <title prob="0.2343">Stadtentwicklung</title> <title prob="0.1799">in</title> <title prob="0.1842">Deutschland.</title> <title prob="0.0795">Trends</title> <title prob="0.1175">zur</title> <title prob="0.1199">Polarisierung</title>. <source prob="0.1332">Geographische</source> <source prob="0.1634">Rundschau</source> <volume prob="0.2505">64</volume> (<issue prob="0.1691">7-8</issue>), S. <fpage prob="0.2345">44</fpage> - <lpage prob="0.2345">53</lpage>
<editor prob="0.1576">WISTA</editor> (<year prob="0.2305">2008</year>): <title prob="0.1938">Bericht</title> <title prob="0.1908">über</title> <title prob="0.1395">Adlershof</title> <title prob="0.1388">2007</title>. <other prob="0.2641">Berlin</other>
<editor prob="0.1517">WISTA</editor> (<year prob="0.2315">2012</year>): <title prob="0.1939">Bericht</title> <title prob="0.1892">über</title> <title prob="0.1402">Adlershof</title> <title prob="0.1364">2011</title>. <other prob="0.2231">Berlin</other> <other prob="0.1233">SUMMARY</other>
<author><surname prob="0.1419">New</surname> <given-names prob="0.1244">Economic</given-names></author> <title prob="0.1828">Clusters</title> <title prob="0.1454">in</title> <title prob="0.1351">Berlin</title> <title prob="0.0958">by</title> <title prob="0.102">Elmar</title> <other prob="0.1343">Kulke</other>
<title prob="0.0856">nomic</title> <title prob="0.0829">change</title> <title prob="0.1264">withde-industrialisation</title> <title prob="0.1342">and</title> <title prob="0.1277">subur-</title> <title prob="0.1248">banisation</title> <title prob="0.117">opens</title> <title prob="0.1101">possibilities</title> <title prob="0.1104">for</title> <title prob="0.1042">re-use</title> <title prob="0.1058">of</title> <title prob="0.1512">spaces</title> <title prob="0.1254">in</title> <title prob="0.1222">central</title> <title prob="0.1039">areas</title> <title prob="0.1062">of</title> <title prob="0.1586">the</title> <title prob="0.1988">cities.</title> <title prob="0.0781">Due</title> <title prob="0.1003">to</title> <title prob="0.1411">the</title> <title prob="0.1485">economic</title> <title prob="0.1402">transformation</title> <title prob="0.0882">during</title> <title prob="0.1148">the</title> <title prob="0.1184">last</title> <title prob="0.132">two</title> <title prob="0.0971">decades</title> <title prob="0.0809">Ber­</title> <title prob="0.0956">lin</title> <title prob="0.1206">offers</title> <title prob="0.1006">many</title> <title prob="0.1075">of</title> <title prob="0.1344">these</title> <title prob="0.1101">spaces</title> <title prob="0.086">for</title> <title prob="0.0907">re-use;</title> <title prob="0.0538">there</title> <title prob="0.0942">spatial</title> <title prob="0.1005">concentrations</title> <title prob="0.0997">of</title> <title prob="0.1">new</title> <title prob="0.1232">expanding</title> <title prob="0.1092">activities</title> <title prob="0.0834">-</title> <title prob="0.1055">like</title> <title prob="0.1215">cultural</title> <title prob="0.1148">economy,</title> <title prob="0.0813">Offices</title> <title prob="0.101">activities,</title> <title prob="0.0638">Consult­</title> <title prob="0.0817">ing</title> <title prob="0.1196">firms,</title> <title prob="0.0767">technology</title> <title prob="0.0944">enterprises</title> <title prob="0.0953">or</title> <title prob="0.0949">retailing</title> <title prob="0.0835">-</title> <title prob="0.0893">can</title> <title prob="0.0764">be</title> <title prob="0.0816">observed.</title> <title prob="0.0621">The</title> <title prob="0.1001">article</title> <title prob="0.1022">explains</title> <title prob="0.0783">first</title> <title prob="0.1009">the</title> <title prob="0.102">impor­</title> <title prob="0.1028">tant</title> <title prob="0.0884">factors</title> <title prob="0.088">for</title> <title prob="0.1001">spatial</title> <title prob="0.0849">concentration</title> <title prob="0.088">of</title> <title prob="0.1148">activities</title> <title prob="0.0897">from</title> <title prob="0.1136">the</title> <title prob="0.1309">perspective</title> <title prob="0.0991">of</title> <title prob="0.1141">the</title> <title prob="0.1215">enterprises</title> <title prob="0.1117">and</title> <title prob="0.0869">from</title> <title prob="0.1058">the</title> <title prob="0.1014">side</title> <title prob="0.1078">of</title> <title prob="0.1">urban</title> <title prob="0.1304">planning</title>. <source prob="0.0957">Then</source> <source prob="0.1117">two</source> <source prob="0.1109">striking</source> <source prob="0.0951">ex-</source> <source prob="0.112">amples</source> <source prob="0.088">-</source> <source prob="0.1459">the</source> <source prob="0.1855">development</source> <source prob="0.1467">of</source> <source prob="0.1094">a</source> <source prob="0.1232">technology</source> <source prob="0.1003">park</source> <source prob="0.1204">in</source> <source prob="0.1644">Adlershof</source> <source prob="0.1238">and</source> <source prob="0.1495">the</source> <source prob="0.1559">development</source> <source prob="0.1292">of</source> <source prob="0.1004">shopping</source> <source prob="0.0887">cen-</source>
<title prob="0.0653">tres</title> <title prob="0.0686">-</title> <title prob="0.1203">are</title> <title prob="0.103">described</title> <title prob="0.1057">and</title> analysed.
<publisher prob="0.1364">AUTOR</publisher>
<title prob="0.0969">Professor</title> <title prob="0.0799">Dr.</title> <title prob="0.08">ELMAR</title> <title prob="0.1491">KULKE,</title> <title prob="0.0989">geb.</title> <title prob="0.0585">1958</title> <title prob="0.0847">Geographisches</title> <title prob="0.1163">Institut</title> <title prob="0.1272">der</title> <title prob="0.1171">Humboldt</title> <title prob="0.0974">Universität</title> <title prob="0.1117">zu</title> <title prob="0.0807">Berlin</title>, Unter den <other prob="0.1528">Linden</other> <volume prob="0.1488">6</volume>, <fpage prob="0.1625">10099</fpage> <other prob="0.1705">Berlin</other> <source prob="0.1033">elmar.kulkeßgeo.hu-berlin.de</source> <source prob="0.1015">Arbeitsgebiet/Forschungsschwerpunkte</source>: <source prob="0.092">Wirtschaftsgeographie</source> (<source prob="0.1097">vor</source> <source prob="0.1337">allem</source> <source prob="0.1148">Dienstleistungen</source>); <source prob="0.1047">Mitteleuropa</source>, <other prob="0.1631">Südostasien</other>
