<title prob="0.0797">Erde</title> <title prob="0.0748">ihren</title> <title prob="0.1151">Anteil</title> <title prob="0.1261">an</title> <title prob="0.1592">der</title> <title prob="0.1776">Weltausfuhr</title> <title prob="0.1004">bis</title> <title prob="0.1346">1971</title> <title prob="0.085">auf</title> <title prob="0.0749">81</title> °/<other prob="0.1318">o</other> <other prob="0.1453">steigern</other>.
Vgl. <author><surname prob="0.1359">Lothar</surname> <given-names prob="0.128">Julitz</given-names></author>: <title prob="0.1199">Der</title> <title prob="0.1677">Welthandel</title> <title prob="0.1205">ändert</title> <title prob="0.1254">seine</title> <title prob="0.105">Struktur,</title> <title prob="0.0552">Frank­</title> <title prob="0.087">furterAllgemeine</title> <source prob="0.1375">Zeitung</source> <source prob="0.1629">vom</source> <source prob="0.1039">24</source>. <other prob="0.1003">4</other>. <other prob="0.1266">1972</other>.
<author><surname prob="0.2183">Buchholz</surname>, <given-names prob="0.3086">H.</given-names> <given-names prob="0.1792">E</given-names></author>.: <title prob="0.0857">Perspektiven</title> <title prob="0.109">des</title> <title prob="0.1416">Welthandels</title> <title prob="0.1255">mit</title> <title prob="0.1482">Agrarprodukten.</title> <title prob="0.0624">Handelspolitische</title> <title prob="0.1069">Empfehlungen</title> <title prob="0.1063">im</title> <title prob="0.1615">Weltleitplan</title> <title prob="0.1507">derFAO</title>, in: <source prob="0.2658">Agrarwirtschaft</source>, <other prob="0.181">Jg</other>. <volume prob="0.3069">19</volume>, <year prob="0.2023">1970</year>, Heft <issue prob="0.1527">7</issue>.
<title prob="0.0782">Fa</title> <title prob="0.0837">hrns</title> <title prob="0.1365">chon,</title> <title prob="0.0788">He</title> <title prob="0.082">lmut:</title> <title prob="0.0996">Zur</title> <title prob="0.1387">Förderung</title> <title prob="0.1442">des</title> <title prob="0.1133">deutschen</title> <title prob="0.1313">Agrarexports</title>; in <source prob="0.1438">Mitteilungen</source> <source prob="0.1545">der</source> <source prob="0.1498">DLG</source>, <volume prob="0.1733">58</volume>. <other prob="0.1704">Jg</other>., <year prob="0.1712">1970</year>, Heft <issue prob="0.1431">51</issue>, S. <fpage prob="0.1783">1568</fpage>.
<title prob="0.0783">Fa</title> <title prob="0.0838">hrns</title> <title prob="0.1377">chon,</title> <title prob="0.0894">He</title> <title prob="0.0978">lmut:</title> <title prob="0.1295">Wettbewerb</title> <title prob="0.1206">um</title> <title prob="0.1457">Auslands­</title> <title prob="0.1462">märkte</title>; in: <editor prob="0.0995">Marktwirtschaft</editor>, Heft <issue prob="0.167">6</issue>, <year prob="0.1984">1972</year>. <title prob="0.0616">Fehlerbei</title> <title prob="0.1261">derGetreidehilfe</title>; in: <source prob="0.1858">FrankfurterAllgemeine</source> <source prob="0.1838">Zeitungvom</source> <source prob="0.0973">1</source>. <source prob="0.0665">3</source>. <year prob="0.1452">1971</year>.
<title prob="0.0868">Food</title> <title prob="0.1095">and</title> <title prob="0.1624">Agriculture</title> <title prob="0.1141">Organization:</title> <title prob="0.1418">Trade</title> <title prob="0.1116">in</title> <title prob="0.1055">Agri­</title> <title prob="0.12">cultural</title> <title prob="0.1536">Commodities</title> <title prob="0.1045">in</title> <title prob="0.1182">the</title> <title prob="0.107">United</title> <title prob="0.1022">Nations</title> <title prob="0.0986">Develop­</title> <title prob="0.0826">ment</title> <title prob="0.0809">Decade</title>; Volume <volume prob="0.1947">1</volume>, <other prob="0.1474">Rome</other> <year prob="0.2509">1964</year>, S. <fpage prob="0.1334">I</fpage> - <lpage prob="0.1334">30</lpage>.
<title prob="0.0795">Ha</title> <title prob="0.0844">ns</title> <title prob="0.1459">me</title> <title prob="0.1348">y</title> <title prob="0.1528">e</title> <title prob="0.1183">r,</title> <title prob="0.0966">Ka</title> <title prob="0.1009">rl-He</title> <title prob="0.0908">inrich:</title> <title prob="0.0866">Finanzielle</title> <title prob="0.1028">Staatshilfen</title> <title prob="0.0935">fürdie</title> <title prob="0.1094">Landwirtschaft</title>; <other prob="0.1491">Tübingen</other> <year prob="0.2509">1963</year>, S. <fpage prob="0.1637">132</fpage> <other prob="0.1523">f</other>.
<author><surname prob="0.1311">Krus</surname> <given-names prob="0.1253">e</given-names></author> <title prob="0.1637">-Rode</title> <title prob="0.1659">na</title> <title prob="0.1152">cke</title> <title prob="0.0872">r,</title> <title prob="0.0652">A.:</title> <title prob="0.0653">Die</title> <title prob="0.1201">Organisation</title> <title prob="0.1326">der</title> <title prob="0.0948">Welt­</title> <title prob="0.088">agrarmärkte;</title> <title prob="0.0557">Veröffentlichung</title> <title prob="0.0811">der</title> <title prob="0.1021">Europäischen</title> <title prob="0.0754">Wirt­</title> <title prob="0.105">schaftsgemeinschaft</title>, <source prob="0.1301">Reihe</source> <source prob="0.1948">Landwirtschaft</source>, Bd. <volume prob="0.2629">15</volume>; <other prob="0.1039">Brüs</other>­ <other prob="0.1551">sel</other> <year prob="0.2376">1964</year>, S. <fpage prob="0.1969">25</fpage>.
<title prob="0.0781">Ot</title> <title prob="0.0711">z</title> <title prob="0.1614">e</title> <title prob="0.144">n,</title> <title prob="0.0941">Ha</title> <title prob="0.0824">ns:</title> <title prob="0.1266">Dänen</title> <title prob="0.1299">importieren</title> <title prob="0.129">auch.</title> <title prob="0.0569">Verschiebun­</title> <title prob="0.0946">gen</title> <title prob="0.1">des</title> <title prob="0.1024">Agraraußenhandels</title> <title prob="0.0962">durch</title> <title prob="0.0994">den</title> <title prob="0.103">Beitritt</title> <title prob="0.0877">Däne­</title> <title prob="0.0869">marks</title> <title prob="0.1069">zur</title> <title prob="0.1024">EWG</title>; in: <source prob="0.1918">Bauernblatt/Landpost</source> <source prob="0.1491">vom</source> <source prob="0.0874">4.3</source>. <year prob="0.1606">1972</year>.
<author><surname prob="0.0912">Zure</surname> <given-names prob="0.1475">k,</given-names></author> Erns t: <title prob="0.1126">Die</title> <title prob="0.119">Wirtschafts-</title> <title prob="0.1073">undagrarpolitische</title> <other prob="0.1477">Be</other>­
<title prob="0.0754">Forschungsgesellschaft</title> <title prob="0.0596">für</title> <title prob="0.1167">Agrarpolitik</title> <title prob="0.1092">und</title> <title prob="0.1167">Agrar­</title> <title prob="0.1074">soziologie</title> <title prob="0.1031">e.</title> <title prob="0.0694">V</title>.; <other prob="0.1672">Bonn</other> <year prob="0.2387">1971</year>. <other prob="0.1543">Summaries</other>
<author><surname prob="0.1081">Central</surname> <given-names prob="0.1529">Wales</given-names></author>. <title prob="0.075">Structure</title> <title prob="0.1362">and</title> <title prob="0.1583">Renewal</title> <title prob="0.1191">of</title> <title prob="0.136">a</title> <title prob="0.1705">Rural</title> <title prob="0.1649">Development</title> <title prob="0.1215">Area</title> <title prob="0.1052">inthe</title> <title prob="0.0845">West</title> <title prob="0.0915">of</title> <title prob="0.1183">Great</title> <title prob="0.1226">Britain</title> <title prob="0.1096">By</title> <title prob="0.1184">Jürge</title> <title prob="0.0959">n</title> <title prob="0.1194">Da</title> <title prob="0.1089">hlke</title> <title prob="0.1192">The</title> <title prob="0.1336">employment</title> <title prob="0.1216">structure</title> <title prob="0.0941">of</title> <title prob="0.1127">the</title> <title prob="0.128">six</title> <title prob="0.1113">counties</title> <title prob="0.0878">of</title> <title prob="0.0841">Central</title> <title prob="0.0624">Wales</title> <title prob="0.0695">—</title> <title prob="0.1264">Merioneth</title>, <other prob="0.1189">Montgomery</other>, <other prob="0.1445">Cardigan</other>, <other prob="0.1344">Radnor</other>, <other prob="0.1442">Carmarthen</other> <source prob="0.1027">and</source> <source prob="0.0985">Brecon</source> <source prob="0.0833">—</source> <source prob="0.11">reveals</source> <source prob="0.1274">the</source> <source prob="0.1303">predominance</source> <source prob="0.108">of</source>
