<title prob="0.0904">Anschriften</title> <title prob="0.0875">der</title> <title prob="0.141">Mitarbeiter:</title> <title prob="0.1354">Prof</title>. <empty prob="0.16">Dr. <editor prob="0.1148">W</editor>. <editor prob="0.1375">Ahrens</editor>, <other prob="0.1847">Krefeld</other>, <other prob="0.1076">Westwall</other> <volume prob="0.1512">124</volume> / <editor prob="0.0739">Dr</editor>. <editor prob="0.0978">Ernst</editor> <editor prob="0.1232">Barners</editor>, <other prob="0.2013">Bonn</other>, <other prob="0.1166">Blücherstrafle</other> <volume prob="0.1471">15</volume> / <editor prob="0.0775">Stud.-Rat</editor> <editor prob="0.081">Dr</editor>. <editor prob="0.0896">Karl</editor> <editor prob="0.1269">Mathias</editor>, <other prob="0.1716">Wiebelskirchen</other> (<other prob="0.0903">Saar</other>), <other prob="0.1924">Kirchhof</other>­
<url prob="0.1121">straße</url> <other prob="0.1247">28c</other> / <editor prob="0.0928">Stud.-Ass</editor>. <editor prob="0.1125">B</editor>. <editor prob="0.0998">Sdiiel</editor>, <other prob="0.1452">Trier</other>, <other prob="0.1086">Friedridi-Wilhelm-Str</other>. <volume prob="0.1609">48</volume> / <editor prob="0.0843">Stud.-Ass</editor>. <editor prob="0.1084">F.-J</editor>. <editor prob="0.0823">Faas</editor>, <other prob="0.146">Stud.-Ass</other>.
<author><surname prob="0.2235">A</surname>. <given-names prob="0.255">Backes</given-names></author>, <author><surname prob="0.1244">Trier</surname></author>, <author><surname prob="0.138">Studienseminar</surname></author> am <editor prob="0.1243">Friedrich-Wilhelm-Gymnasium</editor> / <editor prob="0.0789">Stud.-Ref</editor>. <editor prob="0.0804">Willi</editor> <editor prob="0.0833">Blum</editor>. <editor prob="0.0786">Karls</editor>­ <editor prob="0.0872">mühle</editor>, <editor prob="0.0711">Post</editor> <editor prob="0.0767">Ruwer</editor> <editor prob="0.0562">bei</editor> <editor prob="0.1435">Trier</editor> / <editor prob="0.0847">Stud.-Rat</editor> <editor prob="0.1491">P</editor>. <editor prob="0.0793">Schemitz</editor>, <other prob="0.1621">Ruwer</other> <other prob="0.1185">b</other>. <other prob="0.1261">Trier</other>, <other prob="0.1083">Trierstr</other>. <other prob="0.1671">la</other> / <editor prob="0.1085">Weinbau</editor>­ <editor prob="0.0827">oberlehrer</editor> <editor prob="0.1129">H</editor>. <editor prob="0.116">Wolf</editor>, <other prob="0.13">Trier</other>, <other prob="0.1207">Kurfürstenstr</other>. <other prob="0.1273">23</other>.
<title prob="0.095">Anschriften</title> <title prob="0.0822">der</title> <title prob="0.1242">Herausgeber:</title> <title prob="0.1344">Prof.</title> <title prob="0.0721">Dr</title>. <other prob="0.1202">Julius</other> <other prob="0.098">Wagner</other>, <other prob="0.1229">Frankfurt/Main</other>, <other prob="0.1822">Garten</other>­
<editor prob="0.0866">straße</editor> <editor prob="0.0892">66</editor> / <editor prob="0.0857">Oberstudiendirektor</editor> <editor prob="0.0735">Dr</editor>. <editor prob="0.0813">Max</editor> <editor prob="0.1088">Unterhorst</editor>, <other prob="0.1397">Peine</other>, <other prob="0.1357">Becthoveustraße</other> <volume prob="0.1382">15</volume>.
<title prob="0.08">Bild</title> <title prob="0.0852">nach</title> <title prob="0.0997">weis:</title> <title prob="0.1262">Stud.-Ass.</title> <title prob="0.0728">B.</title> <title prob="0.0795">Schiel,</title> <title prob="0.0718">Trier,</title> <title prob="0.0597">Friedrich-Wilhelm-Str</title>. <volume prob="0.21">48</volume> (<volume prob="0.186">1</volume>, <issue prob="0.1403">2</issue>, <issue prob="0.1851">3</issue>, <issue prob="0.1684">6</issue>, <issue prob="0.2317">7</issue>, <issue prob="0.1971">8</issue>); <other prob="0.1055">Stud.-Ass</other>.
<author><surname prob="0.2036">F.-J</surname>. <given-names prob="0.2285">Faas</given-names></author>, <given-names prob="0.1256">Trier</given-names>, <author><surname prob="0.1162">Studienseminar</surname></author> am Friedr.-Wilhelm-Gymnasium (4); Foto <other prob="0.1633">Marburg</other>, <other prob="0.1097">Marburg/Lahn</other> (<other prob="0.1193">5</other>).
<editor prob="0.1308">Druck</editor>: <editor prob="0.0774">Georg</editor> <editor prob="0.0968">Westermann</editor>, <other prob="0.156">Braunsdiweig</other>.
<editor prob="0.134">Verband</editor> <editor prob="0.1081">Deutscher</editor> <title prob="0.1491">Schulgeograph</title> <title prob="0.1315">cn.</title> <title prob="0.0702">Geschäftsstelle:</title> <title prob="0.1015">Frankfurt/Main,</title> <title prob="0.0788">Gartenstr</title>. <volume prob="0.1474">66</volume>.
<editor prob="0.108">Kassenführung</editor>: <editor prob="0.0617">Dr</editor>. <editor prob="0.1201">Pfaff</editor>, <editor prob="0.0859">Darmstadt</editor>, Küchlerstrafle <volume prob="0.1588">4</volume>. <source prob="0.0964">Postsdieckkonto</source>: <source prob="0.1575">Frankfurt/Main</source> Nr. <volume prob="0.1858">115</volume> <issue prob="0.1181">699</issue>.
