<title prob="0.0889">Lehrplanarbeit</title> <title prob="0.0887">im</title> <title prob="0.1812">Schulfach</title> <title prob="0.1953">Geographie.-</title> In: <source prob="0.1718">geographie</source> <source prob="0.1428">heute</source>, H. <issue prob="0.1606">200</issue>, <fpage prob="0.2944">4</fpage> - <lpage prob="0.2944">7</lpage>.
<author><surname prob="0.2455">Bartels</surname>, <given-names prob="0.3266">D.</given-names></author> (<year prob="0.2914">1974</year>): <title prob="0.1435">Schwierigkeiten</title> <title prob="0.1771">mit</title> <title prob="0.1203">dem</title> <title prob="0.1459">Raumbegriff</title> <title prob="0.1219">in</title> <title prob="0.1369">der</title> <title prob="0.2064">Geographie</title>. - In: <source prob="0.1441">Geogra</source>­ <source prob="0.1508">phica</source> <source prob="0.1545">Helvetica</source>, <source prob="0.1417">Beiheft</source> <volume prob="0.2026">2/3</volume>, <fpage prob="0.2517">7</fpage> - <lpage prob="0.2517">21</lpage>.
<author><surname prob="0.205">Bartels</surname>, <given-names prob="0.2708">D./Hard</given-names></author>, <author><given-names prob="0.221">G.</given-names></author> (<year prob="0.3031">21975</year>): <title prob="0.1435">Lotsenbuch</title> <title prob="0.1282">für</title> <title prob="0.1003">das</title> <title prob="0.0968">Studium</title> <title prob="0.109">der</title> <title prob="0.1456">Geographie</title> <title prob="0.0975">als</title> <title prob="0.1379">Lehrfach</title>. - <other prob="0.1793">Bonn</other>, <other prob="0.1721">Kiel</other>.
<author><surname prob="0.1835">Blotevogel</surname>, <given-names prob="0.3358">H.</given-names> <given-names prob="0.2203">H.</given-names></author> (<year prob="0.3632">1995</year>): <title prob="0.2149">Raum.-</title> <empty prob="0.332">In: <source prob="0.1816">Handwörterbuch</source> <source prob="0.1608">der</source> <source prob="0.1585">Raumordnung</source>. <other prob="0.1695">Hannover</other>, <fpage prob="0.2557">733</fpage> - <lpage prob="0.2557">739</lpage>.
<editor prob="0.2184">Bonk</editor>, <editor prob="0.1184">Th</editor>. (Hrsg., <year prob="0.2624">2013</year>): <title prob="0.0913">Lexikon</title> <title prob="0.1262">der</title> <title prob="0.1709">Erkenntnistheorie.-</title> <other prob="0.2273">Darmstadt</other>.
<author><surname prob="0.2437">Carol</surname>, <given-names prob="0.2802">H.</given-names></author> (<year prob="0.2778">1956</year>): <title prob="0.1566">Zur</title> <title prob="0.1488">Diskussion</title> <other prob="0.1716">um</other>
<title prob="0.0894">Landschaft</title> <title prob="0.0937">und</title> <title prob="0.1883">Geographie</title>. - In: <source prob="0.1788">Geographica</source> <source prob="0.1616">Helvetica</source>, <volume prob="0.1558">2</volume>, <fpage prob="0.3107">111</fpage> - <lpage prob="0.3107">132</lpage>.
<author><surname prob="0.2548">Carol</surname>, <given-names prob="0.3151">H.</given-names></author> (<year prob="0.2906">1963</year>): <title prob="0.166">Zur</title> <title prob="0.1821">Theorie</title> <title prob="0.1537">der</title> <title prob="0.1487">Geogra­</title> <title prob="0.1651">phie</title>. - In: <source prob="0.1879">Mitteilungen</source> <source prob="0.1646">der</source> <source prob="0.1516">Österreichischen</source> <source prob="0.1604">Geographischen</source> <source prob="0.1799">Gesellschaft</source>, Bd. <volume prob="0.3504">105</volume>, H. <issue prob="0.2192">1/2</issue>, <fpage prob="0.2609">23</fpage> - <lpage prob="0.2609">38</lpage>.
<author><surname prob="0.2275">Daum</surname>, <given-names prob="0.3183">E.</given-names></author> (<year prob="0.3265">2006</year>): <title prob="0.1602">Raumaneignung</title> <title prob="0.1196">-</title> <title prob="0.0918">Grund­</title> <title prob="0.0922">konzeption</title> <title prob="0.107">und</title> <other prob="0.1285">unterrichtspraktische</other>
<title prob="0.1216">Relevanz.</title> - In: <source prob="0.1456">GW-Unterricht</source>, H. <issue prob="0.158">103</issue>, <fpage prob="0.3059">7</fpage> - <lpage prob="0.3059">16</lpage>.
<author><surname prob="0.2317">Dickel</surname>, <given-names prob="0.3321">M.</given-names></author> (<year prob="0.3348">2006</year>): <title prob="0.1453">TatOrte</title> <title prob="0.1244">-</title> <title prob="0.1241">Zur</title> <title prob="0.0945">Implemen­</title> <title prob="0.1097">tation</title> <title prob="0.0937">neuer</title> <title prob="0.1103">Raumkonzepte</title> <title prob="0.0958">im</title> <other prob="0.1339">Geographieun</other>­
terricht.- In: <editor prob="0.1911">Dickel</editor>, <editor prob="0.2979">M./Kanwischer</editor>, <editor prob="0.2259">D</editor>. (Hrsg.): <source prob="0.1805">TatOrte</source>. <source prob="0.1664">Neue</source> <source prob="0.1236">Raumkonzepte</source> <source prob="0.11">didaktisch</source> <source prob="0.113">inszeniert</source>. <other prob="0.1901">Berlin</other>, <other prob="0.1303">Münster</other>, <fpage prob="0.2764">7</fpage> - <lpage prob="0.2764">19</lpage>.
<author><surname prob="0.1859">Dickel</surname>, <given-names prob="0.2466">M./Scharvogel</given-names></author>, <author><given-names prob="0.2184">M.</given-names></author> (<year prob="0.3033">2013</year>): <title prob="0.1503">Räumli­</title> <title prob="0.1406">ches</title> <title prob="0.1432">Denken</title> <title prob="0.1028">im</title> <other prob="0.1532">Geographieunterricht.—In</other>:
<editor prob="0.249">Kanwischer</editor>, <editor prob="0.2202">D</editor>. (Hrsg.): <source prob="0.1693">Geographiedidaktik</source>. <source prob="0.1305">Ein</source> <source prob="0.1105">Arbeitsbuch</source> <source prob="0.0803">zur</source> <source prob="0.1223">Gestaltung</source> <source prob="0.0931">des</source> <source prob="0.1319">Geographie</source>­ <source prob="0.1328">unterrichts</source>. <other prob="0.1886">Stuttgart</other>, <page prob="0.225">57-68</page>.
<author><surname prob="0.22">Dürr</surname>, <given-names prob="0.2334">H.</given-names></author> (<year prob="0.2562">1979</year>): <title prob="0.1579">Für</title> <title prob="0.1534">eine</title> <title prob="0.1275">offene</title> <author><surname prob="0.1168">Geographie</surname></author>,
<author><surname prob="0.257">Egner</surname>, <given-names prob="0.3041">H.</given-names></author> (<year prob="0.3278">2010</year>): <title prob="0.1734">Theoretische</title> <title prob="0.2115">Geographie</title>. - <other prob="0.2173">Darmstadt</other>.
<author><surname prob="0.1973">Glückler</surname>, <given-names prob="0.2843">J.</given-names></author> (<year prob="0.2825">1999</year>): <title prob="0.1145">Neue</title> <title prob="0.1224">Wege</title> <other prob="0.1412">geographi-</other>
<title prob="0.0978">gramme</title> <title prob="0.0848">in</title> <title prob="0.145">der</title> <title prob="0.2046">Geographie</title>. - <other prob="0.2075">Frankfurt</other>.
<author><surname prob="0.229">Gosztonyi</surname>, <given-names prob="0.351">A.</given-names></author> (<year prob="0.3445">1976</year>): <title prob="0.1489">Der</title> <title prob="0.2038">Raum.</title> <title prob="0.084">Geschichte</title> <title prob="0.1027">seiner</title> <title prob="0.1522">Probleme</title> <title prob="0.0991">in</title> <title prob="0.1184">Philosophie</title> <title prob="0.1305">und</title> <title prob="0.1074">Wissen­</title> <title prob="0.1261">schaften</title>. <volume prob="0.2231">2</volume> <other prob="0.1323">Bde</other>. <other prob="0.1201">-Ereiburg</other> <other prob="0.1632">u</other>. <other prob="0.1785">a</other>.
<editor prob="0.1821">Günzel</editor>, <editor prob="0.1209">St</editor>. (Hrsg., <year prob="0.2643">2012</year>): <title prob="0.0924">Lexikon</title> <title prob="0.1142">der</title> <title prob="0.1725">Raumphilosophie</title>. - <other prob="0.2175">Darmstadt</other>.
<author><surname prob="0.1791">Hantschel</surname>, <given-names prob="0.2455">R./Koch</given-names></author>, <author><given-names prob="0.1871">R.</given-names></author> (<year prob="0.3222">1986</year>): <title prob="0.1335">Raum-</title> <title prob="0.1966">Konzeptionen</title> <title prob="0.1321">in</title> <title prob="0.1401">der</title> <title prob="0.2076">Geographie</title>. - In: <source prob="0.1481">Interna</source>­ <source prob="0.1605">tionale</source> <source prob="0.1007">Schulbuchforschung</source>, <fpage prob="0.2267">129</fpage> - <lpage prob="0.2267">144</lpage>.
<author><surname prob="0.2284">Hard</surname>, <given-names prob="0.3335">G.</given-names></author> (<year prob="0.317">1973</year>): <title prob="0.1801">Die</title> <title prob="0.2226">Geographie.</title> <title prob="0.1071">Eine</title> <title prob="0.1221">wissenschaftstheoretische</title> <title prob="0.134">Einführung</title>. - <other prob="0.1762">Berlin</other>, <other prob="0.2054">New</other> <other prob="0.2235">York</other>.
<author><surname prob="0.2612">Hard</surname>, <given-names prob="0.178">G</given-names></author> (<year prob="0.241">1977</year>): <title prob="0.1607">Zu</title> <title prob="0.154">den</title> <title prob="0.1419">Landschaftsbegriffen</title> <title prob="0.1356">der</title> <title prob="0.1967">Geographie</title>. - In: <editor prob="0.1048">Wallthor</editor>, <editor prob="0.1083">A</editor>. <editor prob="0.1006">H</editor>. v./Quirin,
<editor prob="0.2112">H</editor>. (<empty prob="0.26">Hrsg. <year prob="0.3706">1977</year>): "<title prob="0.1502">Landschaft"</title> <title prob="0.1213">als</title> <title prob="0.144">interdiszipli­</title> <title prob="0.1163">näres</title> <title prob="0.1298">Forschungsproblem</title>. <other prob="0.1412">Münster</other>, <fpage prob="0.2229">13</fpage> - <lpage prob="0.2229">23</lpage>.
<author><surname prob="0.2045">Hard</surname>, <given-names prob="0.2687">G./Bartels</given-names></author>, <author><given-names prob="0.2588">D.</given-names></author> (<year prob="0.3173">1977</year>): <title prob="0.1534">Eine</title> <title prob="0.1731">"Raum"-</title> <title prob="0.1306">Klärung</title> <title prob="0.1243">für</title> <title prob="0.1108">aufgeweckte</title> <title prob="0.1592">Studenten</title>. - In: <editor prob="0.1245">Hard</editor>, <editor prob="0.1608">G</editor>. (<year prob="0.2604">2003</year>): <source prob="0.1386">Dimensionen</source> <source prob="0.1534">geographischen</source> <source prob="0.1522">Denkens</source>. Bd. <volume prob="0.2652">2.-</volume> <other prob="0.1488">Göttingen</other>, <page prob="0.212">15-28</page>.
<author><surname prob="0.2464">Holzkamp</surname>, <given-names prob="0.3134">K.</given-names></author> (<year prob="0.2684">1968</year>): <title prob="0.191">Wissenschaft</title> <title prob="0.1292">als</title> <title prob="0.1488">Handlung</title>. - <other prob="0.238">Berlin</other>.
<author><surname prob="0.2405">Jammer</surname>, <given-names prob="0.3028">M.</given-names></author> (<year prob="0.3589">21980</year>): <title prob="0.1621">Das</title> <title prob="0.2078">Problem</title> <title prob="0.1098">des</title> <title prob="0.1024">Raumes.</title> <title prob="0.053">Die</title> <title prob="0.1148">Entwicklung</title> <title prob="0.1223">der</title> <title prob="0.1467">Raumtheorien</title>. - <other prob="0.217">Darmstadt</other>.
<author><surname prob="0.216">Köck</surname>, <given-names prob="0.2646">H.</given-names></author> (<year prob="0.2788">1986</year>): <title prob="0.136">Axiomatische</title> <title prob="0.14">Leitsätze</title> <other prob="0.1371">für</other>
<title prob="0.0858">den</title> <title prob="0.1252">Geographieunterricht</title>. - <editor prob="0.1307">In</editor>: <editor prob="0.1805">Köck</editor>, <editor prob="0.2778">H</editor>. (Hrsg.): <source prob="0.2028">Theoriegeleiteter</source> <source prob="0.1682">Geographieunterricht</source>.
<author><surname prob="0.1329">Lüneburg</surname></author>, <fpage prob="0.2348">165</fpage> - <lpage prob="0.2348">181</lpage>.
<author><surname prob="0.2243">Köck</surname>, <given-names prob="0.2858">H.</given-names></author> (<year prob="0.2851">1987</year>): <title prob="0.1442">Chorische</title> <title prob="0.1374">Logik-die</title> <title prob="0.1214">Grundperspektive</title> <title prob="0.0992">geographischer</title> <other prob="0.1566">Welt</other>­
<title prob="0.1242">betrachtung.</title> - In: <editor prob="0.1171">Bahrenberg</editor>, <editor prob="0.2541">G</editor>. <editor prob="0.1263">etal</editor>. (Hrsg.): <source prob="0.2166">Geographie</source> <source prob="0.1605">des</source> <source prob="0.1">Menschen</source>. <source prob="0.0867">Dietrich</source> <source prob="0.1034">Bartels</source> <source prob="0.1137">zum</source> <source prob="0.136">Gedenken</source>. <other prob="0.1915">Bremen</other>, <fpage prob="0.2472">179</fpage> - <lpage prob="0.2472">194</lpage>.
<author><surname prob="0.2233">Köck</surname>, <given-names prob="0.2969">H.</given-names></author> (<year prob="0.2717">1997</year>): <title prob="0.1521">Die</title> <title prob="0.1614">Rolle</title> <title prob="0.1341">des</title> <title prob="0.1267">Raumes</title> <other prob="0.1774">als</other> <other prob="0.1535">zu</other>
<author><surname prob="0.2308">Köck</surname>, <given-names prob="0.306">H.</given-names></author> (<year prob="0.3208">2004</year>): <title prob="0.1644">Der</title> <title prob="0.142">Raum</title> <title prob="0.085">-</title> <title prob="0.1187">die</title> <title prob="0.1032">Mitte</title> <other prob="0.174">der</other>
<title prob="0.1236">Geographie.</title> - In: <editor prob="0.1356">Köck</editor>, <editor prob="0.172">H./Rempfler</editor>, <editor prob="0.0997">A</editor>.: <source prob="0.0966">Erkenntnisleitende</source> <source prob="0.1097">Ansätze</source> <source prob="0.0862">-</source> <source prob="0.1182">Schlüssel</source> <source prob="0.0892">zur</source> <source prob="0.1327">Profilierung</source> <source prob="0.1253">des</source> <source prob="0.1406">Geographieunterrichts</source>. <other prob="0.1486">Köln</other>, <fpage prob="0.2294">12</fpage> - <lpage prob="0.2294">18</lpage>.
<author><surname prob="0.2293">Köck</surname>, <given-names prob="0.3278">H.</given-names></author> (<year prob="0.3242">2005</year>): <title prob="0.1776">Der</title> <title prob="0.1769">chorologische</title> <title prob="0.0863">Raum-</title> <title prob="0.1257">Die</title> <title prob="0.1438">Mitte</title> <title prob="0.1451">der</title> <title prob="0.1939">Geographie</title>. - <editor prob="0.1074">In</editor>: <editor prob="0.0907">Horst</editor>, <editor prob="0.0952">U.f</editor> <editor prob="0.1088">Kanwischer</editor>, <editor prob="0.2216">D./Strathenwerth</editor>, <editor prob="0.1864">D</editor>. (Hrsg.): <source prob="0.2533">Die</source>
<source prob="0.1273">Rhode-Jüchtern</source>. <other prob="0.2045">Berlin</other>, <fpage prob="0.2328">45</fpage> - <lpage prob="0.2328">56</lpage>.
<author><surname prob="0.214">Köck</surname>, <given-names prob="0.266">H.</given-names></author> (<year prob="0.2358">2008</year>): <title prob="0.1359">Thesen</title> <title prob="0.1535">zur</title> <other prob="0.1233">innergeographi</other>­
<empty prob="0.101">tion. -In: <source prob="0.1038">geographische</source> <source prob="0.1213">revue</source>, H. <issue prob="0.2233">1</issue>, <fpage prob="0.2981">31</fpage> - <lpage prob="0.2981">39</lpage>.
<author><surname prob="0.1865">Maier</surname>, <given-names prob="0.197">J./Paesler</given-names></author>, <given-names prob="0.1658">R.</given-names> <author><surname prob="0.0863">etal</surname></author>. (<year prob="0.2335">1977</year>): <title prob="0.1289">Sozialgeo­</title> <title prob="0.0945">graphie.-Braunschweig</title>.
<editor prob="0.199">Mayer</editor>,). (Hrsg., <year prob="0.2119">1993</year>): <source prob="0.1355">Die</source> <source prob="0.1001">aufgeräumte</source>
<other prob="0.1349">Loccum</other>.
<author><surname prob="0.1374">Miggelbrink</surname></author>,). (<year prob="0.2808">2002</year>): <title prob="0.1609">Der</title> <title prob="0.1526">gezähmte</title> <title prob="0.0721">Blick</title>.
<editor prob="0.1267">Jahrhunderts</editor>. - <other prob="0.2196">Leipzig</other>.
<author><surname prob="0.2487">Neef</surname>, <given-names prob="0.3462">F.</given-names></author> (<year prob="0.2721">1956</year>): <title prob="0.167">Die</title> <title prob="0.1544">axiomatischen</title> <title prob="0.1763">Grundlagen</title> <title prob="0.1142">der</title> <title prob="0.1907">Geographie</title>. - In: <source prob="0.1598">Geographi</source>­ <source prob="0.1709">sche</source> <source prob="0.1326">Berichte</source>, <fpage prob="0.1974">85</fpage> - <lpage prob="0.1974">91</lpage>.
<author><surname prob="0.2196">Neef</surname>, <given-names prob="0.3475">E.</given-names></author> (<year prob="0.2707">1967</year>): <title prob="0.1752">Die</title> <title prob="0.1575">theoretischen</title> <title prob="0.1353">Grundla­</title> <title prob="0.1155">gen</title> <title prob="0.1229">der</title> <title prob="0.1684">Landschaftslehre</title>. - <other prob="0.1786">Gotha</other>.
<author><surname prob="0.2453">Rau</surname>, <given-names prob="0.2948">S.</given-names></author> (<year prob="0.4276">2013</year>): <title prob="0.1866">Räume.</title> <title prob="0.0914">Konzepte,</title> <title prob="0.0846">Wahrneh­</title> <title prob="0.1075">mungen,</title> <title prob="0.0952">Nutzungen</title>. - <other prob="0.1505">Frankfurt/NewYork</other>.
<author><surname prob="0.2421">Sack</surname>, <given-names prob="0.3066">R.</given-names></author> (<year prob="0.2836">1980</year>): <title prob="0.1799">Conceptions</title> <title prob="0.1743">ofgeographie</title> <title prob="0.1726">space</title>. - In: <source prob="0.2117">Progress</source> <source prob="0.1677">in</source> <source prob="0.1637">Human</source> <source prob="0.1902">Geography</source>. H. <issue prob="0.1707">3</issue>, <fpage prob="0.3096">313</fpage> - <lpage prob="0.3096">345</lpage>.
<author><surname prob="0.2536">Schmitz</surname>, <given-names prob="0.296">H.</given-names></author> (<year prob="0.2735">1967/1969/1973</year>): <title prob="0.1255">Der</title> <title prob="0.1656">Raum</title>. <volume prob="0.1574">3</volume> <other prob="0.1274">Bde.-Bonn</other>.
<author><surname prob="0.2475">Schultz</surname>, <given-names prob="0.3103">H.-D</given-names></author>. (<year prob="0.3249">2007</year>): <title prob="0.1674">Das</title> <title prob="0.1787">war/ist</title> <title prob="0.1391">geogra­</title> <title prob="0.1025">phisches</title> <title prob="0.1328">Denken...</title> <title prob="0.0571">(Textauszüge</title> <title prob="0.1195">von</title> <title prob="0.1021">1728</title> <title prob="0.0863">bis</title> <title prob="0.1151">heute</title>). <volume prob="0.188">5</volume> <other prob="0.1267">Bde</other>. <other prob="0.0877">-</other> <other prob="0.2307">Berlin</other>.
<author><surname prob="0.1664">Seebacher</surname>, <given-names prob="0.3188">M.</given-names> <given-names prob="0.1978">M.</given-names></author> (<year prob="0.3043">2012</year>): <title prob="0.1632">Raumkonstruktio­</title> <title prob="0.1814">nen</title> <title prob="0.1299">in</title> <title prob="0.1312">der</title> <title prob="0.1865">Geographie</title>. - <other prob="0.2031">Wien</other>.
<author><surname prob="0.2649">Seiffert</surname>, <given-names prob="0.3161">H.</given-names></author> (<year prob="0.2928">101983</year>): <title prob="0.1903">Einführung</title> <title prob="0.1509">in</title> <source prob="0.194">die</source> <source prob="0.1945">Wissenschaftstheorie</source>. Bd. <volume prob="0.2003">1</volume>. - <other prob="0.1564">München</other>.
<author><surname prob="0.1864">Thomale</surname>, <given-names prob="0.2626">E.</given-names></author> (<year prob="0.2749">1972</year>): <title prob="0.2067">Sozialgeographie.</title> <other prob="0.1842">Eine</other>
<other prob="0.1296">burg</other>.
<author><surname prob="0.2765">Wardenga</surname>, <given-names prob="0.2968">U.</given-names></author> (<year prob="0.2629">2002</year>): <title prob="0.163">Alte</title> <title prob="0.1759">und</title> <title prob="0.1031">neue</title> <title prob="0.0974">Raumkonzepte</title> <title prob="0.1021">für</title> <title prob="0.1081">den</title> <title prob="0.1657">Geographieunterricht</title>. - In: <source prob="0.1701">geographie</source> <source prob="0.154">heute</source>, H. <issue prob="0.1627">200</issue>, <fpage prob="0.2954">8</fpage> - <lpage prob="0.2954">11</lpage>.
<author><surname prob="0.273">Wardenga</surname>, <given-names prob="0.2945">U.</given-names></author> (<year prob="0.2721">2006</year>): <title prob="0.145">Raum-</title> <title prob="0.1764">und</title> <title prob="0.1209">Kulturbe­</title> <title prob="0.1362">griffe</title> <title prob="0.128">in</title> <title prob="0.1386">der</title> <title prob="0.2118">Geographie</title>. - In: <editor prob="0.1101">Dickel</editor>, <editor prob="0.1626">M</editor>./ <editor prob="0.1629">Kanwischer</editor>, <editor prob="0.1963">D</editor>. (Hrsg.): <source prob="0.2059">TatOrte</source>. <source prob="0.1844">Neue</source> <source prob="0.1343">Raumkonzepte</source> <source prob="0.1198">didaktisch</source> <source prob="0.104">inszeniert</source>. - <other prob="0.1775">Berlin</other>, <other prob="0.1366">Münster</other>, <fpage prob="0.2772">21</fpage> - <lpage prob="0.2772">47</lpage>.
<author><surname prob="0.2209">Weichhart</surname>, <given-names prob="0.2841">P.</given-names></author> (<year prob="0.2824">1999</year>): <title prob="0.1325">Die</title> <title prob="0.1313">Räume</title> <other prob="0.1541">zwischen</other>
<title prob="0.1297">Geographie.-</title> In: <editor prob="0.2236">Meusburger</editor>, <editor prob="0.3046">P</editor>. (Hrsg.): <source prob="0.1774">Handlungszentrierte</source> <source prob="0.1463">Sozialgeographie</source>. <source prob="0.0797">Benno</source> <source prob="0.1164">Werlens</source> <source prob="0.1395">Entwurf</source> <source prob="0.1106">in</source> <source prob="0.1535">kritischer</source> <source prob="0.1863">Diskussion</source>. <other prob="0.1857">Stuttgart</other>, <fpage prob="0.2385">67</fpage> - <lpage prob="0.2385">94</lpage>.
<author><surname prob="0.2048">Weichhart</surname>, <given-names prob="0.2454">P.</given-names></author> (<year prob="0.2924">2010</year>): <source prob="0.1114">Raumkonstruktionen</source>,
<title prob="0.0916">Turns"</title> <title prob="0.091">und</title> <title prob="0.1927">Paradigmen</title>. - <empty prob="0.217">In: <editor prob="0.1313">Wähler</editor>, <editor prob="0.2266">K./Pott</editor>, <editor prob="0.2316">A./Denzer</editor>, <editor prob="0.2254">V</editor>. (Hrsg.): <source prob="0.2406">Tourismusräume</source>. <source prob="0.1411">Bielefeld</source>, <page prob="0.223">21-39</page>.
<title prob="0.0823">Anschrift</title> <title prob="0.0829">des</title> <title prob="0.1491">Verfassers</title> <title prob="0.1647">Prof.</title> <title prob="0.08">Dr.</title> <title prob="0.0627">Dr.</title> <title prob="0.059">Helmuth</title> <title prob="0.0998">Köck,</title> <title prob="0.0696">p</title>.: <source prob="0.1319">Albert-Schweit-</source> <source prob="0.126">zer-Straße</source> <volume prob="0.1804">14</volume>, <volume prob="0.1315">76877</volume> <other prob="0.1471">Offenbach</other>, <other prob="0.1786">d</other>.: <other prob="0.173">Universität</other>
<editor prob="0.1274">Koblenz-Landau</editor>, <other prob="0.1612">Campus</other> <other prob="0.1197">Landau</other> <volume prob="0.1299">3</volume> iS. <author><surname prob="0.1339">HER209/36</surname></author>. <other prob="0.1598">JAHRGANG/2014</other>
<source prob="0.1323">Theoretische</source> <source prob="0.1393">Grundlagen</source> <volume prob="0.1385">2.1</volume> <other prob="0.1374">Raumkonzepte</other>
<title prob="0.0988">Obwohl</title> <title prob="0.077">in</title> <title prob="0.1436">der</title> <title prob="0.1795">Geographie</title> <title prob="0.121">eine</title> <title prob="0.1313">Vielzahl</title> <title prob="0.0912">unterschiedlicher</title> <title prob="0.1023">Raumkonzepte</title> <title prob="0.08">(siehe</title> <title prob="0.1131">Einleitungsbeitrag</title>; <other prob="0.1499">Köck</other> <year prob="0.2221">2006</year>; <other prob="0.1573">Weichhart</other> <year prob="0.2065">2008</year>, <fpage prob="0.1407">75</fpage> ff.) <other prob="0.132">diskutiert</other> <other prob="0.1431">werden</other>, <other prob="0.1534">wurde</other> <other prob="0.1595">der</other>
<title prob="0.0716">Fokus</title> <title prob="0.0756">dieser</title> <title prob="0.1338">Studie</title> <title prob="0.1259">angesichts</title> <title prob="0.1143">des</title> <title prob="0.1059">Stel­</title> <title prob="0.1041">lenwertes</title> <title prob="0.0919">für</title> <title prob="0.081">den</title> <title prob="0.0962">Geographieunterricht</title> <title prob="0.0917">auf</title> <title prob="0.1006">die</title> <title prob="0.1054">Raumkonzepte</title> <title prob="0.0956">nach</title> <title prob="0.0712">Wardenga</title> (<year prob="0.2305">2002.1</year>; <year prob="0.1725">2002.2</year>) <title prob="0.1416">begrenzt.</title> <other prob="0.132">Demnach</other> <other prob="0.1489">wird</other>
<title prob="0.0801">zwischen</title> <title prob="0.0786">folgenden</title> <title prob="0.1235">vier</title> <title prob="0.1251">Raumkonzepten</title> <title prob="0.1084">unterschieden:</title> <title prob="0.1096">Raum</title> <title prob="0.1055">als</title> <title prob="0.1275">Container,</title> <title prob="0.0815">Raum</title> <title prob="0.0955">als</title> <title prob="0.1314">System</title> <title prob="0.1304">von</title> <title prob="0.1144">Lagebeziehungen,</title> <title prob="0.0727">Raum</title> <title prob="0.0792">als</title> <title prob="0.103">Kategorie</title> <title prob="0.1024">der</title> <title prob="0.1208">Sinneswahrnehmung</title> <title prob="0.1076">und</title> <title prob="0.0941">Raum</title> <title prob="0.0677">als</title> <title prob="0.083">Konstrukt</title> <title prob="0.0883">(ausführlich</title> <title prob="0.1044">siehe</title> <title prob="0.0957">Beitrag</title> <title prob="0.088">von</title> <title prob="0.1161">Köck</title> <title prob="0.115">in</title> <title prob="0.1162">diesem</title> <title prob="0.127">Heft</title>). <source prob="0.1253">Mit</source> <source prob="0.1116">den</source> <source prob="0.1537">Raumkonzepten</source> <source prob="0.1036">verbunden</source> <source prob="0.1108">sind</source> <source prob="0.1381">Aussagen</source> <source prob="0.127">über</source> <source prob="0.1184">das</source> <source prob="0.1468">Wesen</source> <source prob="0.0967">des</source> <source prob="0.1127">jeweiligen</source>
<title prob="0.0755">können</title> <title prob="0.0763">jedoch</title> <title prob="0.1182">auch</title> <title prob="0.1083">typische</title> <title prob="0.0967">Frage-</title> <title prob="0.0903">be­</title> <title prob="0.1036">ziehungsweise</title> <title prob="0.1003">Aufgabenstellungen</title> <other prob="0.1629">so</other>­
<title prob="0.0802">konzept</title> <title prob="0.0798">korrespondierenden</title> <title prob="0.1161">typischen</title> <title prob="0.1073">Auswahl</title> <title prob="0.1123">von</title> <title prob="0.1481">Materialien</title> <title prob="0.0964">in</title> <title prob="0.1055">Kombina­</title> <title prob="0.1061">tion</title> <title prob="0.0918">passender</title> <title prob="0.0971">Arbeitsaufträge</title> <other prob="0.1298">respektive</other>
<title prob="0.0863">Fachmethoden</title> <title prob="0.0713">wider,</title> <title prob="0.1003">mit</title> <title prob="0.1218">denen</title> <title prob="0.1356">diese</title> <title prob="0.1391">erschlossen</title> <title prob="0.1309">werden</title> <title prob="0.0879">können</title> <title prob="0.08">(z.</title> <title prob="0.0572">B.</title> <title prob="0.0564">Ana­</title> <title prob="0.1045">lyse</title> <title prob="0.1006">des</title> <title prob="0.1089">Bodens</title> <title prob="0.102">mittels</title> <title prob="0.1">pH-Meter</title> <title prob="0.0891">oder</title> <title prob="0.0957">Analyse</title> <title prob="0.1093">der</title> <title prob="0.1157">subjektiven</title> <title prob="0.0962">Raumwahrneh­</title> <title prob="0.0948">mungen</title> <title prob="0.0931">mittels</title> <title prob="0.0936">Auswertung</title> <title prob="0.0942">von</title> <title prob="0.0747">Mental-</title> <title prob="0.0975">Maps,</title> <title prob="0.0608">siehe</title> <title prob="0.0769">Beitrag</title> <title prob="0.0948">Bette</title> <title prob="0.1062">in</title> <source prob="0.1841">diesem</source> <source prob="0.1372">Heft</source>). <volume prob="0.1354">2.2</volume> <other prob="0.1381">Einstellungen</other>
<title prob="0.0879">Einstellungen</title> <title prob="0.0809">sind</title> <title prob="0.2075">"(...)</title> <title prob="0.0989">eine</title> <title prob="0.1424">psychische</title> <title prob="0.1181">Tendenz,</title> <title prob="0.097">die</title> <title prob="0.11">dadurch</title> <title prob="0.1335">zum</title> <title prob="0.1284">Ausdruck</title> <title prob="0.1169">kommt,</title> <title prob="0.0741">dass</title> <title prob="0.094">man</title> <title prob="0.1202">ein</title> <title prob="0.1059">bestimmtes</title> <title prob="0.1054">Ob­</title> <title prob="0.1099">jekt</title> <title prob="0.1173">mit</title> <title prob="0.1221">einem</title> <title prob="0.1066">gewissen</title> <title prob="0.0843">Grad</title> <title prob="0.1016">an</title> <title prob="0.1214">Zunei­</title> <title prob="0.1247">gung</title> <title prob="0.1096">oder</title> <title prob="0.1109">Abneigung</title> <title prob="0.1064">bewertet"</title> <title prob="0.0837">(Eagly</title> <title prob="0.0977">und</title> <title prob="0.0737">Chaiken</title> <title prob="0.0765">1993</title>, <issue prob="0.1476">1</issue>, eig. Übersetzung). Ein­ <title prob="0.0858">stellungen</title> <title prob="0.1081">können</title> <title prob="0.0912">sich</title> <title prob="0.1041">zum</title> <title prob="0.1198">einen</title> <title prob="0.0865">in</title> <title prob="0.0813">ih­</title> <title prob="0.0803">rer</title> <title prob="0.088">Valenz</title> (<other prob="0.1641">oder</other> <other prob="0.1196">Richtung</other>) <other prob="0.1343">unterschei</other>­ <other prob="0.1426">den</other>, <other prob="0.1816">das</other> <other prob="0.1079">heißt</other>, <other prob="0.1772">sie</other> <other prob="0.1314">sind</other> <publisher prob="0.1088">positiv</publisher>, <publisher prob="0.1317">negativ</publisher>
<title prob="0.0903">oder</title> <title prob="0.0837">neutral,</title> <title prob="0.1058">zum</title> <title prob="0.1369">anderen</title> <title prob="0.1205">können</title> <title prob="0.1276">sie</title> <title prob="0.0929">in</title> <title prob="0.1168">Bezug</title> <title prob="0.1233">auf</title> <title prob="0.1108">ihre</title> <title prob="0.1148">Stärke</title> <title prob="0.1327">unterschieden</title> <title prob="0.1019">wer­</title> <title prob="0.1181">den.</title> <title prob="0.0615">Da</title> <title prob="0.0987">sich</title> <title prob="0.1006">jeder</title> <title prob="0.0996">Stimulus</title> <title prob="0.1101">begrifflich</title> <title prob="0.1111">grundsätzlich</title> <title prob="0.0855">als</title> <title prob="0.1057">Einstellungsgegenstand</title> <title prob="0.1088">erfassen</title> <title prob="0.1096">lässt,</title> <title prob="0.0636">können</title> <title prob="0.0867">Einstellungsob­</title> <title prob="0.09">jekte</title> <title prob="0.104">sehr</title> <title prob="0.0868">heterogen</title> <title prob="0.0674">sein</title> <title prob="0.0686">(z.</title> <title prob="0.0661">B.</title> <title prob="0.0647">konkrete,</title> <title prob="0.0579">materielle</title> <title prob="0.0897">Gegenstände,</title> <title prob="0.0512">abstrakte</title> <title prob="0.0719">Be­</title> <title prob="0.094">griffe</title> <title prob="0.0835">oder</title> <title prob="0.083">Personen</title>; vgl. <other prob="0.1432">Haddock</other> <other prob="0.1294">und</other> <other prob="0.1283">Maio</other>
In der <title prob="0.1781">Einstellungsforschung</title> <title prob="0.1382">wird</title> <title prob="0.1297">zwischen</title> <title prob="0.1004">verschiedenen</title> <title prob="0.1081">Ansätzen</title> <title prob="0.1032">zur</title> <title prob="0.1035">Modellierung</title> <title prob="0.1175">der</title> <title prob="0.1451">Einstellung</title> <title prob="0.1129">unter­</title> <title prob="0.1186">schieden</title>. <source prob="0.0774">Am</source> <source prob="0.1343">weitesten</source> <source prob="0.1416">verbreitet</source> <other prob="0.1642">ist</other> <other prob="0.1512">der</other>
<title prob="0.072">sogenannte</title> <title prob="0.0791">Drei-Komponenten-Ansatz</title> <title prob="0.1158">nach</title> <title prob="0.1051">Rosenberg</title> <title prob="0.1011">und</title> <title prob="0.0832">Hovland</title> <title prob="0.0699">(1966),</title> <title prob="0.1056">bei</title> <title prob="0.1453">dem</title> <title prob="0.1265">zwischen</title> <title prob="0.1249">einer</title> <title prob="0.1278">affektiven,</title> <title prob="0.0742">einer</title> <title prob="0.0867">kogni­</title> <title prob="0.1007">tiven</title> <title prob="0.112">und</title> <title prob="0.0996">einer</title> <title prob="0.1091">Verhaltenskomponente</title> <title prob="0.0971">unterschieden</title> <title prob="0.1084">wird.</title> <title prob="0.0631">"Einstellung</title> <title prob="0.1205">wird</title> <title prob="0.1084">in</title> <title prob="0.1087">diesem</title> <title prob="0.113">Modell</title> <title prob="0.0895">als</title> <title prob="0.0946">hypothetisches</title> <title prob="0.0918">Kons­</title> <title prob="0.0939">trukt</title> <title prob="0.102">verstanden,</title> <title prob="0.0706">das</title> <title prob="0.0904">zwischen</title> <title prob="0.0932">beobacht­</title> <title prob="0.0869">baren</title> <title prob="0.0682">vorangegangenen</title> <title prob="0.0784">Reizen</title> (<source prob="0.11">dass</source> <source prob="0.1098">of</source>
<title prob="0.0647">Stimuli)</title> <title prob="0.0747">und</title> <title prob="0.0918">nachfolgendem</title> <title prob="0.0985">Verhalten</title> <title prob="0.1057">(certain</title> <title prob="0.1223">classes</title> <title prob="0.1086">of</title> <title prob="0.1069">response)</title> <title prob="0.1181">vermittelt</title>. <source prob="0.1069">Hierbei</source> <source prob="0.1091">unterscheiden</source> <source prob="0.1034">sie</source> <source prob="0.1143">die</source> <source prob="0.1041">folgenden</source>
