<title prob="0.0819">ihre</title> <title prob="0.0813">jetzige</title> <title prob="0.1384">und</title> <title prob="0.1202">künftige</title> <title prob="0.1142">persönliche</title> <title prob="0.1199">Einstellung</title> <title prob="0.1069">zum</title> <title prob="0.1035">Thema</title> <title prob="0.0808">Rei­</title> <title prob="0.0893">sen</title> <title prob="0.0727">hinterfragen</title>.
<title prob="0.0873">also</title> <title prob="0.0818">vielmehr</title> <title prob="0.1037">als</title> <title prob="0.1255">Reisetypen</title> <title prob="0.0643">aufzufassen</title>,
<author><surname prob="0.2047">Baratta</surname>, <given-names prob="0.2464">M.</given-names></author> u. a.: Der <title prob="0.1076">Fischer</title> <title prob="0.0951">Weltalamanach</title> <title prob="0.1071">2005</title>. <other prob="0.1733">Frankfurt/Main</other> <year prob="0.1729">2004</year>.
<author><surname prob="0.1641">Junck</surname>, <given-names prob="0.287">R</given-names></author>.: <author><surname prob="0.0801">Wieviel</surname></author> <title prob="0.1151">Touristen</title> <title prob="0.1011">pro</title> <title prob="0.1344">Hektar</title> <title prob="0.1532">und</title> <title prob="0.1499">Strand</title>? In: <source prob="0.191">GEO</source>, <empty prob="0.183">H. <issue prob="0.1546">10</issue>, <year prob="0.2425">1980</year>, S. <fpage prob="0.3219">154</fpage> - <lpage prob="0.3219">156</lpage>.
<author><surname prob="0.1638">Köck</surname>, <given-names prob="0.2913">H</given-names></author>.: <title prob="0.0735">Raumbezogene</title> <title prob="0.1208">Schlüsselqualifika­</title> <title prob="0.1125">tionen</title> <title prob="0.103">-</title> <title prob="0.1278">der</title> <title prob="0.1077">fachimmanente</title> <title prob="0.1203">Beitrag</title> <title prob="0.0982">des</title> <title prob="0.1182">Geo­</title> <title prob="0.0936">graphieunterrichts</title> <title prob="0.0988">zum</title> <title prob="0.1096">Lebensalltag</title> <title prob="0.0862">des</title> <title prob="0.0904">Ein­</title> <title prob="0.0953">zelnen</title> <title prob="0.0975">und</title> <title prob="0.1144">Funktionieren</title> <title prob="0.1282">der</title> <title prob="0.1932">Gesellschaft</title>. In:
<source prob="0.1162">Geographie</source> <source prob="0.1238">und</source> <source prob="0.1184">Schule</source> H. <volume prob="0.1418">84</volume>, <year prob="0.2541">1993</year>, S. <fpage prob="0.3197">14</fpage> - <lpage prob="0.3197">22</lpage>.
<author><surname prob="0.1522">Mäder</surname>, <given-names prob="0.2904">U</given-names></author>.: <given-names prob="0.1113">Sanfter</given-names> <author><surname prob="0.1298">Tourismus</surname></author>: <title prob="0.1218">Alibi</title> <title prob="0.1034">oder</title> <title prob="0.1033">Chance,</title> <title prob="0.0703">die</title> <title prob="0.1134">Schweiz</title> <title prob="0.1133">ein</title> <title prob="0.1153">Vorbild</title> <title prob="0.0877">für</title> <title prob="0.0979">die</title> <title prob="0.1112">Entwicklungsländer?</title> <title prob="0.0643">Arbeitskreis</title> <title prob="0.0997">Tourismus</title> <title prob="0.1034">und</title> <title prob="0.1507">Entwicklung</title>. <other prob="0.1758">Zürich</other> <year prob="0.1842">1985</year>.
<author><surname prob="0.1876">Mose</surname>, <given-names prob="0.3269">I</given-names></author>.: <author><surname prob="0.0863">Sanfter</surname></author> <title prob="0.1089">Tourismus</title> <title prob="0.114">-</title> <title prob="0.144">Schlagwort,</title> <title prob="0.0966">Chance,</title> <title prob="0.1026">Utopie</title>? In: <source prob="0.1575">geographie</source> <source prob="0.1424">heute</source>, H. <volume prob="0.1412">143</volume>, <year prob="0.2436">1996</year>, S. <fpage prob="0.3216">4</fpage> - <lpage prob="0.3216">9</lpage>.
<author><surname prob="0.1195">Dr</surname>. <given-names prob="0.1666">David</given-names></author> <title prob="0.1104">Golay</title> <title prob="0.1059">ist</title> <title prob="0.1233">Lehrer</title> <title prob="0.0923">für</title> <title prob="0.1068">Geographie</title> <title prob="0.1077">und</title> <title prob="0.1031">Mathematik</title> <title prob="0.1105">an</title> <title prob="0.1341">der</title> <title prob="0.1497">Sekundarschule</title> <title prob="0.1407">Gelterkinden</title>. <other prob="0.1235">Dr</other>. <other prob="0.1326">rer</other>. <other prob="0.1197">nat</other>. <other prob="0.158">David</other> <other prob="0.1139">Golay</other>, <other prob="0.155">Im</other> <other prob="0.1456">Grund</other> <volume prob="0.173">54</volume>, <other prob="0.1099">CH-4464</other> <other prob="0.1282">Anwil</other>, <other prob="0.178">E-Mail</other>: <publisher prob="0.1676">golay-</publisher> <publisher prob="0.1192">bacci@bluewin.ch</publisher>
