<title prob="0.0866">An</title> <title prob="0.0918">ua</title> <title prob="0.1586">r</title> <title prob="0.1601">io</title> <title prob="0.1634">Est</title> <title prob="0.1379">a</title> <title prob="0.1513">d</title> <title prob="0.163">ist</title> <title prob="0.1388">ic</title> <title prob="0.1211">o</title> <title prob="0.1316">d</title> <title prob="0.1356">e</title> <title prob="0.1168">Cost</title> <title prob="0.1054">a</title> <title prob="0.1583">Ric</title> <title prob="0.0989">a,</title> <title prob="0.0635">1966:</title> <title prob="0.0775">-</title> <title prob="0.1171">1965</title> <title prob="0.0693">(San</title> <title prob="0.1255">Jos£,</title> <title prob="0.0481">Costa</title> <title prob="0.1015">Rica).</title> <title prob="0.0541">-,</title> <title prob="0.0537">1972:</title> <title prob="0.065">-</title> <title prob="0.1082">1970</title> <title prob="0.0647">(San</title> <title prob="0.1219">Jose</title>, <other prob="0.1682">Costa</other> <other prob="0.1247">Rica</other>).
<title prob="0.0811">Ba</title> <title prob="0.078">r</title> <title prob="0.1461">t</title> <title prob="0.1653">e</title> <title prob="0.1556">ls</title> <author><surname prob="0.1866">D</surname></author>., <year prob="0.2022">1973</year>: "<title prob="0.1075">Zur</title> <title prob="0.1621">Kritik</title> <title prob="0.1351">der</title> <title prob="0.1282">bürgerlichen</title> <title prob="0.1035">Industriegeographie</title>", <source prob="0.0873">Geographische</source> <source prob="0.122">Zeit</source>­ <source prob="0.1275">schrift</source>, <volume prob="0.1728">61</volume>, <issue prob="0.1496">4</issue>: <fpage prob="0.3043">319</fpage> - <lpage prob="0.3043">321</lpage>.
<empty prob="0.189">Vgl. z. <author><surname prob="0.2396">B</surname></author>. <title prob="0.0822">die</title> <title prob="0.1566">Arbeiten</title> <title prob="0.1254">in</title> <title prob="0.112">De</title> <title prob="0.118">mogr</title> <title prob="0.1154">a</title> <title prob="0.1336">f</title> <title prob="0.1484">ia</title> <title prob="0.1052">y</title> <title prob="0.1154">Ec</title> <title prob="0.1061">on</title> <title prob="0.1122">omia</title> <title prob="0.0883">(Mexico</title> <title prob="0.0833">DF)</title> <title prob="0.0782">oder</title> <title prob="0.0862">vonCa</title> <title prob="0.083">r</title> <title prob="0.1061">r</title> <title prob="0.1111">illo</title> <title prob="0.0946">Flor</title> <title prob="0.1046">e</title> <title prob="0.0678">s</title> <title prob="0.0708">1974</title>.
Vgl. <author><surname prob="0.1408">aber</surname> <given-names prob="0.1376">Sa</given-names></author> <title prob="0.13">n</title> <title prob="0.1474">d</title> <title prob="0.157">n</title> <title prob="0.1755">e</title> <title prob="0.1386">r</title> <title prob="0.1342">1969,</title> <title prob="0.1148">1970</title> <title prob="0.1101">und</title> <title prob="0.1405">Vor</title> <title prob="0.107">läuf</title> <title prob="0.1233">e</title> <title prob="0.1048">r</title> <title prob="0.1155">1970,</title> <title prob="0.0995">1973</title> <title prob="0.0745">(mit</title> <title prob="0.1144">Bezug</title> <other prob="0.1823">auf</other> <other prob="0.1293">Dar</other> <other prob="0.1462">Es</other>
<title prob="0.0779">Ba</title> <title prob="0.0737">t</title> <title prob="0.1409">a</title> <title prob="0.1826">illon</title> <title prob="0.1073">C.,</title> <title prob="0.0568">1972:</title> <title prob="0.1099">La</title> <title prob="0.1201">ciudad</title> <title prob="0.1004">yelcampoen</title> <title prob="0.0906">elMexicocentral</title> <title prob="0.0576">(MexicoDF</title>).
Be c k <author><surname prob="0.1798">G</surname></author>., <year prob="0.163">1973</year>: <title prob="0.1166">Zur</title> <title prob="0.1382">Kritik</title> <title prob="0.1247">der</title> <title prob="0.1132">bürgerlichen</title> <title prob="0.0981">Industriegeographie</title> <title prob="0.0583">(Göttingen</title>).
<title prob="0.081">Be</title> <title prob="0.0767">r</title> <title prob="0.1491">n</title> <title prob="0.179">a</title> <title prob="0.1699">ue</title> <title prob="0.1197">r</title> <title prob="0.1244">U.</title> <title prob="0.0921">und</title> <title prob="0.0923">E.</title> <title prob="0.0678">Fr</title> <title prob="0.1258">e</title> <title prob="0.1267">it</title> <title prob="0.136">a</title> <title prob="0.0974">g,</title> <title prob="0.0652">1974:</title> <title prob="0.1044">Poder</title> <title prob="0.1174">popul</title> <title prob="0.1138">ärin</title> <title prob="0.1194">Chile</title> <title prob="0.0929">am</title> <title prob="0.1243">BeispielGesundheit.</title> <title prob="0.0612">Doku­</title> <title prob="0.0759">mente</title> <title prob="0.0971">aus</title> <title prob="0.1008">Elendsvierteln</title> <title prob="0.0637">(Stein/Nürnberg</title>).
<author><surname prob="0.1146">Boe</surname> <given-names prob="0.1217">sle</given-names></author> <title prob="0.1153">r</title> <title prob="0.0928">K.-A.,</title> <title prob="0.0667">1969:</title> <title prob="0.106">Kulturlandschaftswandeldurch</title> <title prob="0.1121">raumwirksame</title> <title prob="0.1046">Staatstätigkeit</title> (<other prob="0.1897">Berlin</other>).
<title prob="0.0841">Gedanken</title> <title prob="0.0779">zum</title> <title prob="0.1359">Konzept</title> <title prob="0.1334">der</title> <title prob="0.1324">politischen</title> <title prob="0.1011">Geographie</title>", <source prob="0.1197">Die</source> <source prob="0.165">Erde</source>, <volume prob="0.1981">105</volume>, <issue prob="0.1706">1</issue>: <fpage prob="0.3026">7</fpage> - <lpage prob="0.3026">33</lpage>.
<title prob="0.0821">Ca</title> <title prob="0.0861">br</title> <title prob="0.1588">e</title> <title prob="0.1287">r</title> <title prob="0.1581">a</title> <title prob="0.1088">G.,</title> <title prob="0.0968">1974:</title> <title prob="0.1215">(Diskussionsbeitrag</title> <title prob="0.123">zum</title> <title prob="0.0803">Thema)</title> <title prob="0.0942">"Situaciön</title> <title prob="0.1124">yperspectivas</title> <title prob="0.1161">demogräficas</title> <title prob="0.0931">de</title> <title prob="0.111">Mexico",</title> <title prob="0.0512">in</title> <title prob="0.0864">A.</title> <title prob="0.0719">Ca</title> <title prob="0.083">r</title> <title prob="0.1189">r</title> <title prob="0.1179">illo</title> <title prob="0.0973">Flor</title> e s ed.: <source prob="0.1528">Diälogos</source> <source prob="0.1541">sobre</source> <source prob="0.1031">poblaciön</source> (<source prob="0.1223">Mexico</source> <source prob="0.0785">DF</source>), S. <fpage prob="0.3083">127</fpage> - <lpage prob="0.3083">137</lpage>.
<title prob="0.0841">Ca</title> <title prob="0.0784">r</title> <title prob="0.1502">d</title> <title prob="0.1895">on</title> <title prob="0.1467">a</title> <title prob="0.158">Gut</title> <title prob="0.151">ie</title> <title prob="0.1234">r</title> <title prob="0.1262">r</title> <title prob="0.1437">e</title> <empty prob="0.248">z <editor prob="0.2045">R</editor>. ed., <year prob="0.1734">1969</year>: <title prob="0.094">Urbanizacion</title> <title prob="0.0978">y</title> <title prob="0.1173">marginalidad</title> <title prob="0.1241">(Bogota</title>). -, <other prob="0.1739">1970</other>: <publisher prob="0.1519">Migracion</publisher> <publisher prob="0.1048">ydesarrollourbano</publisher> (<publisher prob="0.1104">Bogota</publisher>).
<title prob="0.0799">Ca</title> <title prob="0.0741">r</title> <title prob="0.1549">r</title> <title prob="0.1519">illo</title> <title prob="0.1177">Flor</title> e <empty prob="0.249">s <editor prob="0.2087">A</editor>. ed., <year prob="0.1961">1974</year>: <title prob="0.0918">Diälogos</title> <title prob="0.1044">sobre</title> <title prob="0.0974">poblaciön</title> <title prob="0.0588">(MexicoDF</title>).
Ca sa sc o <author><surname prob="0.2376">J</surname></author>. <author><surname prob="0.1886">A</surname></author>., <year prob="0.2387">1969</year>: "<title prob="0.1094">The</title> <title prob="0.1585">social</title> <title prob="0.1348">function</title> <title prob="0.0978">of</title> <title prob="0.1255">the</title> <title prob="0.1624">slum</title> <title prob="0.1206">in</title> <title prob="0.1045">Latin</title> <title prob="0.1029">America:</title> <title prob="0.0916">some</title> <title prob="0.1092">positive</title> <title prob="0.0966">aspects</title>", <source prob="0.1381">Amörica</source> <source prob="0.1239">Latina</source>, <volume prob="0.1694">12</volume>, <issue prob="0.1494">3</issue>: <fpage prob="0.3017">87</fpage> - <lpage prob="0.3017">111</lpage>.
<source prob="0.1336">Die</source> t z <editor prob="0.18">A</editor>. <editor prob="0.1791">G</editor>. <editor prob="0.1297">H</editor>., <editor prob="0.1044">M</editor>. <editor prob="0.0656">N</editor>. <editor prob="0.0633">Kot</editor> h undJ. <author><surname prob="0.1599">A</surname>. <given-names prob="0.0898">Silva</given-names></author>, <year prob="0.1978">1965</year>: <title prob="0.1342">Housing</title> <title prob="0.0962">in</title> <title prob="0.0937">Latin</title> <title prob="0.1197">America</title> <title prob="0.0785">(Cambridge</title>, <other prob="0.1392">Mass</other>.).
<title prob="0.084">Dir</title> <title prob="0.0925">e</title> <title prob="0.1395">c</title> <title prob="0.1497">c</title> <title prob="0.1502">ion</title> <title prob="0.1472">Ge</title> <title prob="0.1235">n</title> <title prob="0.1545">e</title> <title prob="0.1438">r</title> <title prob="0.1577">a</title> <title prob="0.1629">l</title> <title prob="0.1624">d</title> <title prob="0.1636">e</title> <title prob="0.1453">Est</title> <title prob="0.122">a</title> <title prob="0.1273">d</title> <title prob="0.1349">ist</title> <title prob="0.1224">ic</title> <title prob="0.0842">a,</title> <title prob="0.0475">1962:</title> <title prob="0.1038">VIII.</title> <title prob="0.0652">Censo</title> <title prob="0.0878">general</title> <title prob="0.0972">de</title> <title prob="0.0941">poblaciön</title>. <other prob="0.1432">1960</other> (<other prob="0.1593">MexicoDF</other>)
<title prob="0.1071">IX.</title> <title prob="0.0598">Censogeneralde</title> <title prob="0.1477">poblaciön.</title> <title prob="0.0789">1970</title> <title prob="0.1202">(MöxicoDF).</title> <title prob="0.0921">Ge</title> <title prob="0.0964">r</title> <title prob="0.1482">ma</title> <title prob="0.1491">n</title> <title prob="0.1335">i</title> <title prob="0.0856">G.,</title> <title prob="0.0575">1972:</title> <title prob="0.1117">"Aspectos</title> <title prob="0.1332">teöricos</title> <title prob="0.0971">de</title> <title prob="0.0989">la</title> <title prob="0.115">marginalidad</title>", <source prob="0.1163">Revista</source> <source prob="0.1379">Paraguaya</source> <source prob="0.1494">de</source> <source prob="0.1844">Sociologia</source>, <volume prob="0.1967">9</volume>, <issue prob="0.1306">23</issue>: <fpage prob="0.2965">7</fpage> - <lpage prob="0.2965">35</lpage>.
Ha r d <author><surname prob="0.1926">G</surname></author>., <year prob="0.1774">1973</year>: <title prob="0.1264">Die</title> <title prob="0.1812">Geographie.</title> <title prob="0.0774">Eine</title> <title prob="0.0877">wissenschaftstheoretische</title> <title prob="0.0883">Einführung</title> (<other prob="0.1614">Berlin</other>/ <other prob="0.1778">NewYork</other>).
He r <author><surname prob="0.1341">old</surname></author> <author><surname prob="0.2173">D</surname></author>., <year prob="0.2426">1974</year> <title prob="0.1073">",</title>: <title prob="0.1135">PoliticalGeography*</title> <title prob="0.1149">und,</title> <title prob="0.0792">Geopolitics</title>"", <source prob="0.1228">Die</source> <source prob="0.178">Erde</source>, <volume prob="0.1955">105</volume>, <issue prob="0.1946">2</issue>: <fpage prob="0.3089">200</fpage> - <lpage prob="0.3089">213</lpage>.
<author><surname prob="0.121">Hun</surname> <given-names prob="0.1474">t</given-names></author> e r <author><surname prob="0.1812">D</surname></author>. <author><surname prob="0.154">R</surname></author>., <year prob="0.2177">1964</year>: <title prob="0.1049">The</title> <title prob="0.152">slums;</title> <title prob="0.0791">challenge</title> <title prob="0.0825">and</title> <title prob="0.0979">response</title> <title prob="0.0588">(NewYork/Toronto</title>).
<author><surname prob="0.1463">Le</surname> <surname prob="0.1393">e</surname> d s <given-names prob="0.224">A</given-names></author>., <year prob="0.1931">1969</year>: "<title prob="0.106">The</title> <title prob="0.1468">significant</title> <title prob="0.1265">variables</title> <title prob="0.1045">determining</title> <title prob="0.1235">the</title> <title prob="0.1312">character</title> <title prob="0.1101">of</title> <title prob="0.1067">squatter</title> <title prob="0.0991">Settle­</title> <title prob="0.1031">ments</title>", <source prob="0.117">America</source> <source prob="0.1198">Latina</source>, <volume prob="0.1687">12</volume>, <issue prob="0.1487">3</issue>: <fpage prob="0.3014">44</fpage> - <lpage prob="0.3014">86</lpage>.
<author><surname prob="0.1439">Le</surname> <empty prob="0.161">n g <given-names prob="0.2073">G</given-names></author>., <year prob="0.2062">1973</year>: "<title prob="0.1109">Zur,</title> <title prob="0.095">Münchner*</title> <title prob="0.1101">Konzeption</title> <title prob="0.1117">der</title> <title prob="0.1305">Sozialgeographie</title>", <source prob="0.085">Geographische</source> <source prob="0.1221">Zeit</source>­ <source prob="0.1452">schrift</source>, <volume prob="0.1724">61</volume>, <issue prob="0.1684">2</issue>: <fpage prob="0.3078">121</fpage> - <lpage prob="0.3078">134</lpage>.
<author><surname prob="0.1176">Le</surname> <surname prob="0.1262">wis</surname> <given-names prob="0.2002">O</given-names></author>., <year prob="0.1808">1961</year>: <title prob="0.1444">The</title> <title prob="0.1781">children</title> <title prob="0.1163">of</title> <title prob="0.1138">Sänchez:</title> <title prob="0.1026">autobiography</title> <title prob="0.0978">of</title> <title prob="0.0946">a</title> <title prob="0.1192">Mexican</title> <title prob="0.1334">family</title> (<other prob="0.1473">New</other> <other prob="0.1386">York</other>).
<title prob="0.0835">La</title> <title prob="0.0873">vida.</title> <title prob="0.0774">A</title> <title prob="0.1334">PuertoRican</title> <title prob="0.1804">family</title> <title prob="0.1143">in</title> <title prob="0.137">the</title> <title prob="0.1351">culture</title> <title prob="0.0931">of</title> <title prob="0.1007">poverty</title> <title prob="0.0716">(New</title> <title prob="0.0904">York/San</title> <other prob="0.1605">Juan</other>).
<title prob="0.0922">The</title> <title prob="0.0944">possessions</title> <title prob="0.1469">of</title> <title prob="0.1436">the</title> <title prob="0.1345">poor</title>", <source prob="0.1129">Scientific</source> <source prob="0.1143">American</source>, <volume prob="0.1669">221</volume>, <issue prob="0.131">4</issue>: <fpage prob="0.3039">114</fpage> - <lpage prob="0.3039">124</lpage>.
<title prob="0.0813">Lic</title> <title prob="0.0819">ht</title> <title prob="0.1553">e</title> <title prob="0.147">n</title> <title prob="0.1568">be</title> <title prob="0.1359">r</title> <title prob="0.121">ge</title> <title prob="0.1229">r</title> <title prob="0.0875">E.,</title> <title prob="0.0554">1972:</title> <title prob="0.0892">"Die</title> <title prob="0.1135">städtische</title> <title prob="0.1477">Explosion</title> <title prob="0.1116">in</title> <title prob="0.1216">Lateinamerika</title>", <source prob="0.1768">Zeitschrift</source> <source prob="0.1641">für</source> <source prob="0.1971">Lateinamerika</source>, <volume prob="0.2168">4</volume>: <fpage prob="0.3239">33</fpage> - <lpage prob="0.3239">55</lpage>.
Ma n gin <author><surname prob="0.1677">W</surname></author>. <author><surname prob="0.1554">P</surname></author>., <year prob="0.2519">1967</year>: "<title prob="0.1144">Squatter</title> <title prob="0.1545">Settlements</title>", <source prob="0.1377">Scientific</source> <source prob="0.1278">American</source>, <volume prob="0.1721">217</volume>, <issue prob="0.137">4</issue>: <fpage prob="0.3051">21</fpage> - <lpage prob="0.3051">29</lpage>.
a): "<empty prob="0.129">Latin <title prob="0.123">American</title> <title prob="0.1426">squatter</title> <title prob="0.1121">Settlements:</title> <title prob="0.1144">a</title> <title prob="0.1703">problem</title> <title prob="0.1447">and</title> <title prob="0.1251">a</title> <title prob="0.1498">solution",</title> <title prob="0.0748">Latin</title> <source prob="0.1591">American</source> <source prob="0.2214">Research</source> <source prob="0.1983">Review</source>, <volume prob="0.1994">2</volume>: <fpage prob="0.3117">65</fpage> - <lpage prob="0.3117">98</lpage>.
Ma r <empty prob="0.196">x <author><surname prob="0.2087">K</surname></author>., <year prob="0.1714">1972</year> (<year prob="0.3137">1872</year>): <title prob="0.189">Das</title> <title prob="0.2091">Kapital</title>. <source prob="0.103">Kritik</source> <source prob="0.1215">der</source> <source prob="0.1451">politischen</source> <source prob="0.157">Ökonomie</source>, Band <volume prob="0.2686">1</volume> (<other prob="0.1122">Frank</other>­ <other prob="0.1496">furt/M</other>.).
<other prob="0.1078">Nic</other> <other prob="0.14">k</other> e l <author><surname prob="0.1925">H</surname></author>. <author><surname prob="0.1803">J</surname></author>., <year prob="0.1802">1973</year>: <title prob="0.121">Unterentwicklung</title> <title prob="0.1104">als</title> <title prob="0.1591">Marginalität</title> <title prob="0.1107">in</title> <title prob="0.1425">Lateinamerika.</title> <title prob="0.0613">Einführung</title> <title prob="0.0848">und</title> <title prob="0.0947">Bibliographie</title> <title prob="0.09">zueinem</title> <title prob="0.0832">lateinamerikanischen</title> <title prob="0.0873">Thema</title> (<other prob="0.1321">München</other>).
<author><surname prob="0.1423">Nun</surname> <given-names prob="0.2964">J</given-names></author>., <year prob="0.2038">1969</year>: "<title prob="0.1368">Superpoblaciön</title> <title prob="0.1693">relativa,</title> <title prob="0.0993">ejercito</title> <title prob="0.0884">industrial</title> <title prob="0.0926">de</title> <title prob="0.0939">reserva</title> <title prob="0.0942">o</title> <title prob="0.1234">masa</title> <title prob="0.1227">marginal</title>", <source prob="0.1145">Revista</source> <source prob="0.1356">Latinoamericana</source> <source prob="0.1626">de</source> <source prob="0.1973">Sociologia</source>, <volume prob="0.2025">5</volume>, <issue prob="0.1814">2</issue>: <fpage prob="0.3054">178</fpage> - <lpage prob="0.3054">235</lpage>.
<title prob="0.077">Of</title> <title prob="0.1088">ic</title> <title prob="0.1565">in</title> <title prob="0.1464">a</title> <title prob="0.1691">Na</title> <title prob="0.1452">c</title> <title prob="0.1462">ion</title> <title prob="0.1537">a</title> <title prob="0.1518">l</title> <title prob="0.1669">d</title> <title prob="0.1691">e</title> <title prob="0.1508">Est</title> <title prob="0.1267">a</title> <title prob="0.1322">d</title> <title prob="0.1397">ist</title> <title prob="0.1192">ic</title> <title prob="0.1089">a</title> <title prob="0.1167">y</title> <title prob="0.1415">Ce</title> <title prob="0.1332">n</title> <title prob="0.0938">sos,</title> <title prob="0.0546">1972:</title> <title prob="0.0901">Los</title> <title prob="0.1035">pueblos</title> <title prob="0.093">jövenes</title> <title prob="0.085">en</title> <title prob="0.0861">elPeru</title> (<other prob="0.163">Lima</other>).
<title prob="0.0806">Pr</title> <title prob="0.0928">e</title> <title prob="0.1509">sc</title> <title prob="0.1323">ot</title> t <editor prob="0.1423">J</editor>. <editor prob="0.1217">R</editor>. <editor prob="0.107">V</editor>., <year prob="0.2314">1972</year>: <publisher prob="0.1306">Politicalgeography</publisher> (<publisher prob="0.1071">London</publisher>).
<title prob="0.0645">Einführungin</title> <title prob="0.0668">die</title> <title prob="0.1035">Politische</title> <title prob="0.1202">Geographie</title> <title prob="0.0638">(München</title>).
Ra y <author><surname prob="0.2301">T</surname></author>. <author><surname prob="0.1873">F</surname></author>., <year prob="0.1992">1969</year>: <title prob="0.1346">The</title> <title prob="0.1609">politics</title> <title prob="0.1099">of</title> <title prob="0.1152">the</title> <title prob="0.111">barriosof</title> <title prob="0.1292">Venezuela</title> <title prob="0.0791">(Berkeley/Los</title> <title prob="0.0685">Angeles</title>).
<author><surname prob="0.1494">Ruppe</surname> r t <editor prob="0.1662">K</editor>. und <given-names prob="0.1871">F.</given-names></author> <author><surname prob="0.1349">Sc</surname></author> <title prob="0.1216">ha</title> <title prob="0.1203">f</title> <title prob="0.1285">f</title> <title prob="0.1686">e</title> <title prob="0.0938">r,</title> <title prob="0.0471">1974:</title> <title prob="0.0943">"Zu</title> <title prob="0.1524">G.</title> <title prob="0.0902">Leng"s</title> <title prob="0.1099">Kritik</title> <title prob="0.097">der</title> <title prob="0.1316">»Münchener*</title> <title prob="0.1139">Konzeption</title> <title prob="0.0949">der</title> <title prob="0.1121">Sozialgeographie</title>", <source prob="0.1338">Geographische</source> <source prob="0.1974">Zeitschrift</source>, <volume prob="0.2125">62</volume>, <issue prob="0.1709">2</issue>: <fpage prob="0.3094">114</fpage> - <lpage prob="0.3094">118</lpage>.
<title prob="0.0793">He</title> <title prob="0.0798">r</title> <title prob="0.1562">be</title> <title prob="0.134">r</title> <title prob="0.1153">t</title> <title prob="0.1295">J.</title> <title prob="0.0828">Nic</title> <title prob="0.1081">k</title> <title prob="0.1471">e</title> <title prob="0.1288">l</title> <title prob="0.1482">Sa</title> <title prob="0.1296">n</title> <title prob="0.1252">d</title> <title prob="0.1323">n</title> <title prob="0.1341">e</title> <title prob="0.1234">r</title> <title prob="0.0857">G.,</title> <title prob="0.0521">1969:</title> <title prob="0.105">Die</title> <title prob="0.1203">Hauptstädte</title> <title prob="0.1504">Zentralamerikas</title>. <source prob="0.1097">Wachstumsprobleme</source>, <source prob="0.1216">Gestaltwandel</source> <source prob="0.1013">und</source> <source prob="0.086">Sozialgefüge</source> (<other prob="0.1936">Heidelberg</other>).
<editor prob="0.143">Panama</editor> - <title prob="0.1386">Strukturmerkmale</title> <title prob="0.1174">und</title> <title prob="0.1169">Leitlinien</title> <title prob="0.1153">der</title> <title prob="0.1248">sozialräumlichen</title> <title prob="0.1118">Desintegration</title> <title prob="0.1159">einer</title> <title prob="0.1136">lateinamerikanischen</title> <title prob="0.0974">Großstadt",</title> <title prob="0.0723">Die</title> <title prob="0.087">Erde</title>, <volume prob="0.1842">101</volume>, <issue prob="0.172">4</issue>: <issue prob="0.1151">265-283</issue> <year prob="0.1713">1973</year>: "<title prob="0.0688">Die</title> <title prob="0.133">bevölkerungsgeographische</title> <title prob="0.1618">Problematik"</title> <title prob="0.0796">in</title> <title prob="0.1031">G.</title> <title prob="0.0757">Sa</title> <title prob="0.1007">n</title> <title prob="0.1142">d</title> <title prob="0.1248">n</title> <title prob="0.1356">e</title> <title prob="0.1138">r</title> <title prob="0.1188">und</title> <title prob="0.1049">H.-A</title>. <source prob="0.1053">St</source> <source prob="0.1219">e</source> <source prob="0.1408">ge</source> <source prob="0.1287">r</source> <source prob="0.1021">eds</source>.: <source prob="0.1325">Lateinamerika</source> (<source prob="0.0935">Frankfurt/M</source>.), S. <fpage prob="0.3255">45</fpage> - <lpage prob="0.3255">61</lpage>.
<author><surname prob="0.1418">Der</surname> <surname prob="0.2048">Verstädterungsprozeß</surname>", <given-names prob="0.126">a.a.O</given-names></author>., S. <fpage prob="0.3062">62</fpage> - <lpage prob="0.3062">80</lpage>. - <other prob="0.1666">undH.-A</other> <other prob="0.1263">St</other> <other prob="0.1379">e</other> <other prob="0.1317">ge</other> r <empty prob="0.183">eds., <year prob="0.1542">1973</year>: <publisher prob="0.1413">Lateinamerika</publisher> (<publisher prob="0.0883">Frankfurt/M</publisher>.).
<title prob="0.0794">Sc</title> <title prob="0.0831">he</title> <title prob="0.1312">uc</title> h <author><surname prob="0.2167">E</surname></author>. <author><surname prob="0.1719">K</surname></author>., <year prob="0.2576">1969</year>: "<title prob="0.1231">ökologischer</title> <title prob="0.1816">Fehlschluß",</title> <title prob="0.0727">in</title> <title prob="0.0958">W.</title> <title prob="0.0748">Be</title> <title prob="0.0906">r</title> <title prob="0.1168">n</title> <title prob="0.1346">sd</title> <title prob="0.1104">or</title> f ed.: <source prob="0.1916">Wörterbuch</source> <source prob="0.2006">der</source> <source prob="0.1971">Soziologie</source> (<other prob="0.1748">Stuttgart</other>), S. <fpage prob="0.2789">757</fpage> - <lpage prob="0.2789">758</lpage>.
<source prob="0.09">Sc</source> <source prob="0.1158">hölle</source> r <author><surname prob="0.2183">P</surname></author>., <year prob="0.1904">1957</year>: "<title prob="0.1128">Wege</title> <title prob="0.1497">und</title> <title prob="0.1204">Irrwege</title> <title prob="0.1027">der</title> <title prob="0.1072">politischen</title> <title prob="0.0996">Geographie</title> <title prob="0.0993">und</title> <title prob="0.098">Geopolitik</title>", <source prob="0.0955">Erd</source>­ <source prob="0.1336">kunde</source>, <volume prob="0.165">11</volume>, <issue prob="0.1495">1</issue>: <fpage prob="0.3008">1</fpage> - <lpage prob="0.3008">20</lpage>.
<title prob="0.083">St</title> <title prob="0.0924">e</title> <title prob="0.126">r</title> <title prob="0.1472">n</title> <title prob="0.1111">C.,</title> <title prob="0.0702">1973:</title> <title prob="0.0996">Las</title> <title prob="0.1231">regiones</title> <title prob="0.101">de</title> <title prob="0.109">Mexico</title> <title prob="0.0873">y</title> <title prob="0.0993">sus</title> <title prob="0.1128">niveles</title> <title prob="0.077">de</title> <title prob="0.0792">desarrollo</title> <title prob="0.0845">socioeconömico</title> (MexicoDF).
<title prob="0.0837">Un</title> <title prob="0.0909">it</title> <title prob="0.1699">e</title> <title prob="0.1401">d</title> <title prob="0.1534">Na</title> <title prob="0.1288">t</title> <title prob="0.1427">ion</title> <title prob="0.0966">s,</title> <title prob="0.0516">1971:</title> <title prob="0.1234">Report</title> <title prob="0.1326">onthe</title> <title prob="0.1294">world</title> <title prob="0.1311">socialSituation.</title> <title prob="0.0589">1970</title> <title prob="0.0946">(NewYork).</title> <title prob="0.0665">-,</title> <title prob="0.0422">1971:</title> <title prob="0.0812">Improvement</title> <title prob="0.097">of</title> <title prob="0.1022">slums</title> <title prob="0.1031">and</title> <title prob="0.0949">uncontrolled</title> <title prob="0.0923">settlements</title> (<other prob="0.1571">NewYork</other>).
<source prob="0.0951">Ur</source> <source prob="0.1128">quid</source> i <author><surname prob="0.2098">V</surname></author>. <author><surname prob="0.1793">L</surname></author>., <year prob="0.2487">1972</year>: "<title prob="0.1272">Perfilgeneral;</title> <title prob="0.0921">economia</title> <title prob="0.1297">ypoblaciön",</title> <title prob="0.0604">in</title> <title prob="0.0874">D.</title> <title prob="0.0615">Iba</title> <title prob="0.0798">r</title> <title prob="0.1196">r</title> <title prob="0.1432">a</title> <title prob="0.1763">etal.:</title> <title prob="0.0747">ElPerfil</title> <title prob="0.0812">de</title> <title prob="0.0791">Mexicoen</title> <title prob="0.0883">1980</title> <title prob="0.0804">(MexicoDF</title>), S. <fpage prob="0.2533">3</fpage> - <lpage prob="0.2533">13</lpage>, Band <issue prob="0.1884">1</issue>.
und <author><surname prob="0.2686">Ä</surname>. <given-names prob="0.164">Ga</given-names></author> <title prob="0.1197">r</title> <title prob="0.1366">c</title> <title prob="0.1544">ia</title> <title prob="0.1588">Roc</title> <title prob="0.0908">ha</title>, <year prob="0.1785">1973</year>: "<title prob="0.1001">La</title> <title prob="0.1398">construccion</title> <title prob="0.1042">de</title> <title prob="0.0945">vivienda</title> <title prob="0.0883">y</title> <title prob="0.1018">el</title> <title prob="0.1178">empleo</title> <title prob="0.1156">en</title> <title prob="0.1252">Mexico</title>", <source prob="0.1623">Demografia</source> <source prob="0.1471">yEconomia</source>, <volume prob="0.1753">7</volume>, <issue prob="0.1572">1</issue>: <fpage prob="0.2984">1</fpage> - <lpage prob="0.2984">23</lpage>.
<title prob="0.0815">Ve</title> <title prob="0.0808">r</title> <title prob="0.2196">e</title> <title prob="0.1827">in</title> <title prob="0.1491">t</title> <title prob="0.1616">e</title> <title prob="0.1508">Na</title> <title prob="0.1264">t</title> <title prob="0.1375">ion</title> <title prob="0.13">e</title> <title prob="0.103">n</title> <title prob="0.1089">(Fr</title> <title prob="0.1103">öbe</title> <title prob="0.0735">l,</title> <title prob="0.0528">F.,</title> <title prob="0.0639">J.</title> <title prob="0.0766">He</title> <title prob="0.1039">in</title> <title prob="0.105">r</title> <title prob="0.1163">ic</title> <title prob="0.115">hs</title> <title prob="0.1069">und</title> <title prob="0.0949">O</title>. <source prob="0.1007">Kr</source> <source prob="0.1058">e</source> <source prob="0.1446">ye</source> <source prob="0.0944">eds</source>.), <source prob="0.09">1974</source>: <source prob="0.1458">Die</source> <source prob="0.1642">Armut</source> <source prob="0.1622">des</source> <source prob="0.1204">Volkes</source> (<other prob="0.1626">Reinbek</other> <other prob="0.1591">bei</other> <other prob="0.2163">Hamburg</other>).
<title prob="0.0839">Vor</title> <title prob="0.0865">la</title> <title prob="0.1508">uf</title> <title prob="0.1411">e</title> <title prob="0.1321">r</title> <title prob="0.0984">K.,</title> <title prob="0.0664">1970:</title> <title prob="0.1066">Koloniale</title> <title prob="0.1351">und</title> <title prob="0.1002">nachkoloniale</title> <title prob="0.1143">Stadtplanung</title> <title prob="0.0791">in</title> <title prob="0.0852">Dar</title> <title prob="0.0823">Es</title> <title prob="0.0836">Salaam</title> (<other prob="0.1238">Frank</other>­ <other prob="0.1405">furt/M</other>.)
<author><surname prob="0.1493">Dar</surname> <given-names prob="0.1472">Es</given-names></author> <title prob="0.14">Salaam.</title> <title prob="0.0775">Bevölkerung</title> <title prob="0.1101">und</title> <title prob="0.0986">Raum</title> <title prob="0.1019">einer</title> <title prob="0.1091">afrikanischen</title> <title prob="0.092">Großstadt</title> <title prob="0.0938">unter</title> <title prob="0.0859">dem</title> <title prob="0.0946">Einfluß</title> <title prob="0.0955">vonUrbanisierungs-</title> <title prob="0.0949">undMobilitätsprozessen</title> (<other prob="0.1938">Hamburg</other>).
<other prob="0.2082">Heidelberg</other>)
<title prob="0.087">Mit</title> <title prob="0.0614">2</title> <title prob="0.0849">Karten</title> <title prob="0.0697">und4</title> <title prob="0.0944">Abbildungen</title> <title prob="0.1017">Erwin</title> <title prob="0.1102">Gentz</title> <title prob="0.1292">mit</title> <title prob="0.1383">den</title> <title prob="0.1227">besten</title> <title prob="0.1203">Wünschen</title> <title prob="0.0929">zum</title> <title prob="0.1201">25.</title> <title prob="0.0632">September</title> <title prob="0.0905">1975</title> <title prob="0.1262">gewidmet.</title> <title prob="0.0756">Mauritiusgilt</title> <title prob="0.1015">mit</title> <title prob="0.1058">vollem</title> <title prob="0.1204">Recht</title> <title prob="0.081">als</title> <title prob="0.0719">Zuckerinsel:</title> <title prob="0.0603">54%</title> <title prob="0.0924">der</title> <title prob="0.0909">Gesamtfläche</title> <title prob="0.0892">der</title> <title prob="0.1028">Insel</title> <title prob="0.0873">sind</title> <source prob="0.1444">mit</source> <source prob="0.1329">Zuckerrohr</source> <source prob="0.1058">bestanden</source>; <source prob="0.0676">94</source>% <source prob="0.0917">der</source> <source prob="0.1459">Anbaufläche</source> <source prob="0.1107">werden</source> <source prob="0.1017">von</source>
