<author><surname prob="0.2">Bleck</surname>, <given-names prob="0.2971">J.</given-names></author> und <given-names prob="0.1805">N.</given-names> <author><surname prob="0.1563">van</surname></author> <author><surname prob="0.2053">de</surname></author> <author><surname prob="0.1976">Walle</surname></author> (<year prob="0.2324">2010</year>): <title prob="0.1576">Parties</title> <title prob="0.1558">and</title> <title prob="0.1765">Issues</title> <title prob="0.11">in</title> <title prob="0.1233">Francophone</title> <title prob="0.0856">West</title> <title prob="0.089">Africa:</title> <title prob="0.1004">Towards</title> <title prob="0.1133">a</title> <title prob="0.1436">Theory</title> <title prob="0.1273">of</title> <title prob="0.1408">Non-Mobilization</title>. <source prob="0.0864">Ithaka</source>, <source prob="0.097">NYC</source> <source prob="0.0964">Mario</source> <source prob="0.1298">Einaudi</source> <source prob="0.1092">Center</source> <source prob="0.0992">for</source> <source prob="0.1665">International</source> <source prob="0.1719">Studies</source>. <source prob="0.142">Working</source> <source prob="0.1992">Paper</source> <source prob="0.1159">Series</source> <fpage prob="0.1933">1</fpage> - <lpage prob="0.1933">10</lpage>.
<author><surname prob="0.21">Bröning</surname>, <given-names prob="0.328">M.</given-names></author> (<year prob="0.325">2006</year>): <title prob="0.1655">Den</title> <title prob="0.1699">Blick</title> <title prob="0.1101">weiten:</title> <title prob="0.1122">Politischer</title> <title prob="0.1574">Islam</title> <title prob="0.1233">in</title> <title prob="0.1507">Westafrika.</title> <title prob="0.0774">Friedrich-Ebert-Stiftung.</title> <title prob="0.0532">IPG</title> <title prob="0.0864">3/2006</title>. <url prob="0.2671">http://library.fes.de/pdf-files/id/</url> <url prob="0.1742">ipg/03902.pdf</url>
<author><surname prob="0.1923">Elischer</surname>, <given-names prob="0.2325">S.</given-names></author> <empty prob="0.175">und <given-names prob="0.194">G.</given-names> <author><surname prob="0.1523">Erdmann</surname></author> (<year prob="0.2409">2012</year>): <title prob="0.1905">Regionalorganisationen</title> <title prob="0.1516">in</title> <title prob="0.1337">Afrika</title> <title prob="0.1328">-</title> <title prob="0.1423">eine</title> <title prob="0.1192">Bilanz</title> <title prob="0.0877">GIGA</title> <title prob="0.0952">Focus</title> <title prob="0.0949">Afrika</title> <title prob="0.1045">3/2012</title>. <source prob="0.1152">GIGA</source> <source prob="0.0974">German</source> <source prob="0.1391">Institute</source> <source prob="0.0901">of</source> <source prob="0.1499">Global</source> <source prob="0.1274">and</source> <source prob="0.1286">Area</source> <source prob="0.1203">Studies</source>, <other prob="0.2432">Hamburg</other>
<author><surname prob="0.1782">Erdmann</surname>. <given-names prob="0.3125">G.</given-names></author> (<year prob="0.3323">2004</year>): <title prob="0.1672">Party</title> <title prob="0.1766">Research:</title> <title prob="0.1054">Western</title> <title prob="0.1136">European</title> <title prob="0.109">Bias</title> <title prob="0.113">and</title> <title prob="0.1384">the</title> <title prob="0.1371">African</title> <title prob="0.1815">Labyrinth</title>". <source prob="0.1522">Democratization</source> <volume prob="0.2027">11</volume>. S. <fpage prob="0.2476">63</fpage> - <lpage prob="0.2476">87</lpage>
<author><surname prob="0.1504">Jaspert</surname>. <given-names prob="0.2959">J.</given-names></author> (<year prob="0.2399">2010</year>): <title prob="0.1773">Regionalismus</title> <title prob="0.1852">im</title> <title prob="0.136">südlichen</title> <title prob="0.1413">Afrika.</title> <title prob="0.0548">Die</title> <title prob="0.0844">Handels-</title> <title prob="0.1204">und</title> <title prob="0.1237">Sicherheitspolitik</title> <title prob="0.0822">der</title> <title prob="0.1137">SADC</title>. <other prob="0.254">Wiesbaden</other>
<author><surname prob="0.1951">Julien</surname>. <given-names prob="0.2981">S.</given-names></author> (<year prob="0.3666">2011</year>): <title prob="0.1481">Le</title> <title prob="0.1767">Sahel</title> <title prob="0.1396">comme</title> <title prob="0.1238">espace</title> <title prob="0.0889">de</title> <title prob="0.1245">transit</title> <title prob="0.1179">des</title> <title prob="0.1379">stupefiants.</title> <title prob="0.0533">Acteurs</title> <title prob="0.0784">et</title> <title prob="0.1032">consequences</title> <title prob="0.131">politiques</title>. <source prob="0.1302">Herodote</source> <volume prob="0.2066">142</volume>, <empty prob="0.238">S. <fpage prob="0.2967">139</fpage> - <lpage prob="0.2967">140</lpage>
<author><surname prob="0.1649">Moseley</surname>. <given-names prob="0.2688">W.G</given-names></author>. und <given-names prob="0.2165">L.C</given-names>. <author><surname prob="0.1602">Gray</surname></author> (<year prob="0.2677">2008</year>): <title prob="0.2084">Introduction.</title> <title prob="0.1102">Cotton,</title> <title prob="0.082">Globalization,</title> <title prob="0.0652">and</title> <title prob="0.1654">Poverty</title> <title prob="0.1351">in</title> <title prob="0.1908">Africa</title>. In: <editor prob="0.1642">W.G</editor>. <editor prob="0.1814">Mosely</editor> und <editor prob="0.2396">L.C</editor>. <editor prob="0.2197">Gray</editor> (Hrsg.): <source prob="0.2394">Hanging</source> <source prob="0.1868">by</source> <title prob="0.1101">a</title> <title prob="0.1685">thread,</title> <title prob="0.1132">cotton,</title> <title prob="0.0634">globalization,</title> <title prob="0.0558">and</title> <title prob="0.1292">poverty</title> <title prob="0.0948">in</title> <title prob="0.1524">Africa</title>. <other prob="0.1581">Athens</other>. <other prob="0.2012">Ohio</other>. S. <fpage prob="0.2326">1</fpage> - <lpage prob="0.2326">31</lpage>
<author><surname prob="0.1507">Mayrargue</surname>. <given-names prob="0.2836">C.</given-names></author> (<year prob="0.2708">2008</year>): <title prob="0.1777">Les</title> <title prob="0.1703">dynamiques</title> <title prob="0.1245">paradoxales</title> <title prob="0.1107">du</title> <title prob="0.1159">pentecötisme</title> <title prob="0.1145">en</title> <title prob="0.1387">Afrique</title> <title prob="0.1472">subsaharienne.</title> <title prob="0.0735">IFRI</title>. <other prob="0.1838">Paris</other>, <url prob="0.2033">www.ifri.org/downloads/</url> <url prob="0.1512">mayrarguefinalfr.pdf</url>
<editor prob="0.165">McKinsey</editor> <editor prob="0.0885">Global</editor> <editor prob="0.0794">Institute</editor> (<year prob="0.2831">2010</year>): <title prob="0.1397">Lions</title> <title prob="0.1714">on</title> <title prob="0.1395">the</title> <title prob="0.1143">move:</title> <title prob="0.1399">The</title> <title prob="0.1302">progress</title> <title prob="0.1167">and</title> <title prob="0.1108">potential</title> <title prob="0.0981">of</title> <title prob="0.1384">African</title> <title prob="0.1454">economies</title>. <publisher prob="0.1502">Washington</publisher>, <url prob="0.207">www.mckinsey.com/</url> <url prob="0.1544">insights/africa/lions_on_the_move</url>
<author><surname prob="0.2259">Oberländer</surname>, <given-names prob="0.2809">R.</given-names></author> (<year prob="0.28">1878</year>): <title prob="0.1733">Westafrika</title> <title prob="0.1424">vom</title> <title prob="0.115">Senegal</title> <title prob="0.1058">bis</title> <title prob="0.1433">Benguela.</title> <title prob="0.0552">Reisen</title> <title prob="0.0993">und</title> <title prob="0.1058">Schilderungen</title> <title prob="0.1053">aus</title> <title prob="0.1041">Senegambien,</title> <title prob="0.0721">Ober-</title> <title prob="0.1013">und</title> <title prob="0.128">Niederguinea</title>. <other prob="0.1868">Leipzig</other> <publisher prob="0.1197">OECD</publisher> (<year prob="0.2838">2013</year>): <url prob="0.1844">http://stats.oecd.org</url>
<author><surname prob="0.1992">Söderbaum</surname>, <given-names prob="0.2819">F.</given-names></author> und /. <editor prob="0.185">Taylor</editor> (Hrsg.) (<year prob="0.2908">2008</year>): <title prob="0.1521">Afro-Regions.</title> <title prob="0.0889">The</title> <title prob="0.1117">Dynamics</title> <title prob="0.103">of</title> <title prob="0.1128">Cross-Border</title> <title prob="0.1539">Micro-Regionalism</title> <title prob="0.0945">in</title> <title prob="0.1446">Africa.</title> <title prob="0.0606">Nordiska</title> <title prob="0.0982">Afrikainstitutet</title>, <other prob="0.1879">Uppsala</other>
UNODC (<year prob="0.215">2013</year>): <url prob="0.158">www.unodc.org/westandcentralafrica/en/west-africa-coast-</url> <other prob="0.1515">initiative.html</other>
<author><surname prob="0.1667">Verschave</surname>. <given-names prob="0.2902">F.-X</given-names></author>. (<year prob="0.2512">2002</year>): <title prob="0.1456">Noir</title> <title prob="0.1651">silence.</title> <title prob="0.068">Qui</title> <title prob="0.1026">arretera</title> <title prob="0.1101">la</title> <title prob="0.134">Francafrique</title>? <other prob="0.2137">Paris</other>
<author><surname prob="0.1864">Wiese</surname>. <given-names prob="0.3481">B.</given-names></author> (<year prob="0.2528">2000</year>): <title prob="0.1575">Westafrikas</title> <title prob="0.1436">atlantische</title> <title prob="0.1">Fassade</title> <title prob="0.1357">-Geopolitik</title> <title prob="0.1459">einer</title> <title prob="0.1143">Krisen­</title> <title prob="0.1284">region</title>. <source prob="0.1301">Geographische</source> <source prob="0.1458">Rundschau</source> <volume prob="0.2314">52</volume> (<issue prob="0.1666">11</issue>), S. <page prob="0.235">60-61</page> <source prob="0.1216">SUMMARY</source>
