<author><surname prob="0.333">Altmann</surname>, <given-names prob="0.2571">F.-L</given-names></author>. (<year prob="0.3162">1990</year>): <title prob="0.117">Wirtschaftsreformen</title> <title prob="0.1662">und</title> <title prob="0.1664">System­</title> <title prob="0.0936">veränderungen</title> <title prob="0.078">in</title> <title prob="0.1133">den</title> <title prob="0.1012">Planwirtschaften</title> <title prob="0.0953">Osteuropas</title>. <source prob="0.0899">Wirt</source>­ <source prob="0.1234">schaftspolitische</source> <source prob="0.1266">Blätter</source>, <volume prob="0.1425">5/90</volume>: <fpage prob="0.1544">426</fpage> — <issue prob="0.1193">436</issue>.
<author><surname prob="0.2241">Csefalvay</surname>, <given-names prob="0.1534">Z</given-names></author>., u. <author><given-names prob="0.1742">W.</given-names> <given-names prob="0.1026">Rohn</given-names></author> (<year prob="0.2083">1991</year>): <title prob="0.093">DerWeg</title> <title prob="0.1451">des</title> <title prob="0.1126">ungarischen</title> <title prob="0.1054">Arbeitsmarktes</title> <title prob="0.0764">in</title> <title prob="0.127">die</title> <title prob="0.0848">duale</title> <title prob="0.0981">Ökonomie</title>. <source prob="0.1543">ISR-Forschungsbe-</source> <volume prob="0.1328">richte</volume>, <issue prob="0.1738">1</issue>, <other prob="0.1964">Wien</other>.
<author><surname prob="0.2359">Fassmann</surname>, <given-names prob="0.2638">H</given-names></author>.: <title prob="0.0757">Ökonomische</title> <title prob="0.1484">Voraussetzungen</title> <title prob="0.1664">undReformen</title>. <empty prob="0.336">In: <editor prob="0.1997">Lichtenberger</editor>, <editor prob="0.2355">E</editor>. [Hrsg.]: <source prob="0.1357">Vom</source> <source prob="0.1633">Plan</source> <source prob="0.0954">zum</source> <source prob="0.0759">Markt</source>. <source prob="0.1691">Forschungsbericht</source> Nr. <volume prob="0.1594">3</volume> <publisher prob="0.0999">des</publisher> <publisher prob="0.1491">Instituts</publisher> <publisher prob="0.1276">für</publisher> <publisher prob="0.1671">Stadt-</publisher> <publisher prob="0.1386">und</publisher> <publisher prob="0.1187">Regionalforschung</publisher>, <fpage prob="0.2059">9</fpage> - <lpage prob="0.2059">15</lpage>.
<author><surname prob="0.2898">Fiejka</surname>, <given-names prob="0.1622">Z</given-names></author> <empty prob="0.235">&., <given-names prob="0.1795">A.</given-names> <given-names prob="0.1062">Joz</given-names> <author><surname prob="0.1226">efowicz</surname></author> (<year prob="0.2012">1991</year>): <title prob="0.1084">Human</title> <title prob="0.2162">Resources</title> <title prob="0.1613">Development</title> <title prob="0.0709">in</title> <title prob="0.1033">the</title> <title prob="0.0943">1990s:</title> <title prob="0.1438">The</title> <title prob="0.1654">Polish</title> <title prob="0.1052">Dilemma</title>. <source prob="0.1487">Paper</source> <source prob="0.1243">presentedattheInternationalConference"HumanResources</source> <source prob="0.0903">in</source> <source prob="0.1355">Europe</source> <source prob="0.1081">atthe</source> <source prob="0.1358">Dawn</source> <source prob="0.1138">of</source> <source prob="0.1048">the</source> <source prob="0.0763">2Ist</source> <source prob="0.1269">Century</source>". <other prob="0.1462">Luxemburg</other>. <other prob="0.1208">27.-29</other>. <other prob="0.1421">Nov</other>. <other prob="0.1192">1991</other>.
<author><surname prob="0.3495">Fischer</surname>, <given-names prob="0.2724">G.</given-names></author> (<year prob="0.2869">1991</year>): <title prob="0.1315">Labour</title> <title prob="0.1309">Market</title> <title prob="0.1142">and</title> <title prob="0.1412">Social</title> <title prob="0.1618">Development</title> <title prob="0.077">in</title> <title prob="0.1065">Centraland</title> <title prob="0.0949">Eastem</title> <title prob="0.0958">Europe:</title> <title prob="0.0827">ImpactonWestern</title> <title prob="0.0992">Europe</title>. <other prob="0.1425">Paper</other> <other prob="0.1445">presented</other> <other prob="0.153">at</other> <other prob="0.161">the</other> <other prob="0.206">Conference</other> <other prob="0.171">on</other> <other prob="0.1308">Medium</other> <other prob="0.1473">Term</other>
<editor prob="0.12">Economic</editor> <editor prob="0.1155">Assessment</editor>. <editor prob="0.0875">Wien</editor>, <fpage prob="0.1586">14</fpage>. —<issue prob="0.144">16</issue>. <other prob="0.1299">Okt</other>. <year prob="0.1868">1991</year>.
<author><surname prob="0.2046">Holz</surname> <surname prob="0.1673">mann</surname>, <given-names prob="0.1732">R.</given-names></author> (<year prob="0.2563">1991</year>): <title prob="0.1344">Migrationspotential</title> <title prob="0.1974">derpostsozialisti­</title> <title prob="0.0862">schen</title> <title prob="0.0904">Reformländer</title> <title prob="0.0834">Europas:</title> <title prob="0.0882">Hintergründe,</title> <title prob="0.0858">Daten</title> <title prob="0.1082">und</title> <title prob="0.1582">Einschätzungen</title>. In: <editor prob="0.1174">Fassmann</editor>, <editor prob="0.146">H</editor>., <editor prob="0.1216">Findl</editor>, <editor prob="0.0978">P</editor>., u. R. Münz: <source prob="0.085">Die</source> <source prob="0.1233">Auswirkungen</source> <source prob="0.093">der</source> <source prob="0.0981">internationalen</source> <source prob="0.0967">Wanderungen</source> <source prob="0.0945">auf</source> <source prob="0.1179">Petermanns</source> <source prob="0.1387">Geographische</source> <source prob="0.1023">Mitteilungen</source>, <volume prob="0.1717">136</volume>, <fpage prob="0.1893">1992</fpage> - <lpage prob="0.1893">1</lpage> <other prob="0.1576">Transformation</other> <other prob="0.124">in</other> <other prob="0.1297">Ost-Mitteleuropa</other>
<author><surname prob="0.1564">Österreich</surname>. <given-names prob="0.0949">Szenarien</given-names></author> <title prob="0.0906">zur</title> <title prob="0.1162">regionalen</title> <title prob="0.1212">Bevölkerungsentwick­</title> <title prob="0.0828">lung</title> <title prob="0.1336">1991—2031</title> <title prob="0.0658">des</title> <title prob="0.0942">Instituts</title> <title prob="0.0853">fürDemographie</title> <title prob="0.0735">derÖAW</title>.
<source prob="0.1236">Schriftenreihe</source> <source prob="0.1023">derÖROK</source> <volume prob="0.1927">89</volume>, Wien, <fpage prob="0.1737">18</fpage> — <issue prob="0.1315">31</issue>.
Kä dä <author><surname prob="0.1624">r</surname>, <given-names prob="0.166">B.</given-names></author> (<year prob="0.2518">1990</year>): <title prob="0.1311">WirtschaftsreformeninUngarn.</title> <title prob="0.0955">Wirtschafts</title>­ <source prob="0.1172">politische</source> <source prob="0.1253">Blätter</source>, <volume prob="0.1417">5/90</volume>: <fpage prob="0.1541">458</fpage> <empty prob="0.189">— <issue prob="0.1193">463</issue>.
<author><surname prob="0.2484">Kapl</surname>, <given-names prob="0.1739">M</given-names></author>., <author><surname prob="0.1913">Sojka</surname>, <given-names prob="0.1617">M</given-names></author> &., <given-names prob="0.1938">T.</given-names> <author><surname prob="0.1126">Tepper</surname></author> (<year prob="0.2191">1991</year>): <title prob="0.1073">Unemploymentand</title> <title prob="0.1604">market-oriented</title> <title prob="0.1336">reform</title> <title prob="0.0799">in</title> <title prob="0.1187">Czechoslovakia</title>. <source prob="0.1854">International</source> <source prob="0.1675">LabourReview</source>, <volume prob="0.182">130</volume>: <fpage prob="0.1689">199</fpage> <empty prob="0.197">— <issue prob="0.1196">210</issue>.
<author><surname prob="0.3442">Klaus</surname>, <given-names prob="0.2626">V.</given-names></author> (<year prob="0.2872">1990</year>): <title prob="0.1436">Argumente</title> <title prob="0.1607">füreine</title> <title prob="0.1318">Strategie</title> <title prob="0.0911">der</title> <title prob="0.1287">Radikal­</title> <title prob="0.0784">reform</title> <title prob="0.0895">der</title> <title prob="0.0841">tschechoslowakischen</title> <title prob="0.1068">Wirtschaft</title> <title prob="0.0838">und</title> <title prob="0.1058">gegen</title> <title prob="0.0921">den</title> <title prob="0.1036">Gradualismus</title>. <source prob="0.1402">Wirtschaftspolitische</source> <source prob="0.1479">Blätter</source>, <volume prob="0.1563">5/90</volume>: <fpage prob="0.1995">476</fpage> - <lpage prob="0.1995">481</lpage>.
<author><surname prob="0.3596">Laski</surname>, <given-names prob="0.2527">K.</given-names></author> (<year prob="0.2274">1990</year>): <title prob="0.1003">ThestabilizationplanforPoland.</title> <title prob="0.0931">Wirtschafts</title>­ <source prob="0.1143">politische</source> <source prob="0.1134">Blätter</source>, <volume prob="0.1511">5/90</volume>: <fpage prob="0.1989">444</fpage> - <lpage prob="0.1989">457</lpage>.
<author><surname prob="0.2969">Stankovsky</surname>, <given-names prob="0.2557">J.</given-names></author> (<year prob="0.3155">1990</year>): <title prob="0.106">Österreich,</title> <title prob="0.1223">Osteuropa</title> <title prob="0.0716">unddie</title> <title prob="0.0933">EG</title>. <source prob="0.1223">Wirtschaftspolitische</source> <source prob="0.1394">Blätter</source>, <volume prob="0.1459">5/90</volume>: <fpage prob="0.1539">513</fpage> <empty prob="0.189">— <issue prob="0.1193">519</issue>.
<author><surname prob="0.2856">Vintrova</surname>, <given-names prob="0.203">R.</given-names></author> (<year prob="0.2494">1991</year>): <title prob="0.1346">DerÜbergangderehemaligenOstblocklän­</title> <title prob="0.1367">der</title> <title prob="0.1099">zur</title> <title prob="0.1346">Marktwirtschaft</title>. <source prob="0.1581">Wirtschaft</source> <source prob="0.1078">undGesellschaft</source>, <volume prob="0.1914">17</volume>: <fpage prob="0.2265">55</fpage> - <lpage prob="0.2265">68</lpage>.
<author><surname prob="0.1682">WienerInstitutfürinternationale</surname> <given-names prob="0.1173">Wirtschaftsvergleiche</given-names></author> (<year prob="0.1899">1991</year>): <title prob="0.1122">Stabilisierung</title> <title prob="0.1861">undRezession.</title> <title prob="0.0628">Die</title> <title prob="0.0695">Wirtschaft</title> <title prob="0.0775">der</title> <title prob="0.0763">früheren</title> <title prob="0.0963">RGW-Länder</title> <title prob="0.0862">undJugoslawiens</title> <title prob="0.1514">1990/91</title>. <source prob="0.1273">WIFO-Monats-</source> <source prob="0.1541">berichte</source>, <volume prob="0.1544">5/91</volume>: <fpage prob="0.2126">257</fpage> - <lpage prob="0.2126">272</lpage>.
<author><surname prob="0.3195">Witkowski</surname>, <given-names prob="0.2712">J.</given-names></author> (<year prob="0.279">1991</year>): <title prob="0.116">Labour</title> <title prob="0.1753">Market</title> <title prob="0.1169">in</title> <title prob="0.1323">Poland:</title> <title prob="0.0873">Recent</title> <title prob="0.1695">Changes</title> <title prob="0.132">and</title> <title prob="0.1488">Prospects</title>. <source prob="0.0965">Paperpresented</source> <source prob="0.1205">atthe</source> <source prob="0.1394">International</source> <source prob="0.1164">Conference</source> "<source prob="0.0835">Human</source> <source prob="0.1498">Resources</source> <source prob="0.0871">in</source> <source prob="0.1325">Europe</source> <source prob="0.0931">at</source> <source prob="0.1419">the</source> <other prob="0.1769">Dawn</other> <other prob="0.1444">of</other>
the <volume prob="0.1109">2IstCentury</volume>”. <other prob="0.1291">Luxemburg</other>, <other prob="0.1067">27.-29</other>. <other prob="0.1276">Nov</other>. <other prob="0.1178">1991</other>.
<author><surname prob="0.2644">Zwass</surname>, <given-names prob="0.1844">A.</given-names></author> (<year prob="0.2697">1991</year>): <title prob="0.1154">Strategien</title> <title prob="0.1291">des</title> <title prob="0.1253">Wandels</title> <title prob="0.0907">im</title> <title prob="0.1097">Osten</title>. <source prob="0.1561">Zukunft</source>, <volume prob="0.1691">3/91</volume>: <fpage prob="0.2059">21</fpage> - <lpage prob="0.2059">27</lpage>.
Manuskripteingang: <volume prob="0.1143">30</volume>. <issue prob="0.1576">1</issue>. <fpage prob="0.1283">1992</fpage>
Manuskriptannahme: 4. <empty prob="0.164">3. <url prob="0.1233">1992</url>
<editor prob="0.1295">Univ.-Doz</editor>. <editor prob="0.0775">Dr</editor>. <editor prob="0.0985">Heinz</editor> <editor prob="0.0994">Fassmann</editor>, <editor prob="0.0767">Österreichische</editor> <editor prob="0.1007">Akademie</editor> <editor prob="0.0828">der</editor> <editor prob="0.1068">Wissenschaften</editor>, <editor prob="0.0786">Institut</editor> <editor prob="0.0898">für</editor> <editor prob="0.1242">Stadt-</editor> <other prob="0.1012">undRegionalforschung</other>, <other prob="0.1248">Postgasse</other> <other prob="0.0934">7</other>, <other prob="0.0945">A-1010</other> <other prob="0.1274">Wien</other> © <year prob="0.1904">1992</year> <other prob="0.1263">Justus</other> <publisher prob="0.1537">Perthes</publisher> <publisher prob="0.163">Gotha</publisher>
