<title prob="0.0682">Afrikanische</title> <title prob="0.0953">Gegenwartsfragen.</title> <title prob="0.0648">(Deutsche</title> <title prob="0.1681">Außenpolitik,</title> <title prob="0.1299">Sonderheft</title>, <other prob="0.2564">Berlin</other> <year prob="0.2272">1960</year>.)
<author><surname prob="0.1829">Blij</surname>, <given-names prob="0.2784">H.</given-names> <given-names prob="0.1938">J.</given-names></author> <author><surname prob="0.1027">de</surname></author>: <title prob="0.1205">Dar-es-Salaam,</title> <title prob="0.0773">a</title> <title prob="0.1629">Study</title> <title prob="0.131">in</title> <title prob="0.106">Urban</title> <title prob="0.1662">Geography</title>. <publisher prob="0.1465">Northwestern</publisher> <publisher prob="0.2641">University</publisher> <publisher prob="0.1994">Press</publisher> <year prob="0.1711">1963</year>.
<author><surname prob="0.1918">Bürger</surname>, <given-names prob="0.1791">K</given-names></author>., u. <given-names prob="0.269">B.</given-names> <author><surname prob="0.1105">Zuckermann</surname></author>: <title prob="0.0871">Beiträge</title> <title prob="0.1159">zur</title> <title prob="0.102">ökonomischen</title> <title prob="0.0966">Geographie</title> <title prob="0.1296">Afrikas</title>. (<source prob="0.105">Lehrbrief</source> <source prob="0.0994">f</source>. <source prob="0.0843">d</source>. <source prob="0.1223">Fernstud</source>. <source prob="0.1025">d</source>. <source prob="0.1309">Lehrer</source>, <other prob="0.2187">Potsdam</other> <year prob="0.2514">1964</year>.)
<author><surname prob="0.1679">Buech-Zantner</surname>, <given-names prob="0.2701">R</given-names></author>.: <title prob="0.0666">Zur</title> <title prob="0.107">Kenntnis</title> <title prob="0.1526">der</title> <title prob="0.1168">osmanischen</title> <title prob="0.1188">Stadt.</title> <title prob="0.0561">(Geographische</title> <title prob="0.0942">Zeitschrift</title>, <other prob="0.1584">1932</other>.)
<title prob="0.0882">Dar-es-Salaam,</title> <title prob="0.0722">A</title> <title prob="0.1159">guide</title> <title prob="0.1456">to</title>. <other prob="0.1553">Tanganyika</other> <publisher prob="0.1352">Standard</publisher> <year prob="0.1718">1964</year>.
<author><surname prob="0.1837">Fröhlich</surname>, <given-names prob="0.2171">W</given-names></author>.: <title prob="0.0799">Das</title> <title prob="0.1144">afrikanische</title> <title prob="0.1607">Marktwesen</title>. (<other prob="0.155">Zeitschr</other>. <other prob="0.202">f</other>.
<author><surname prob="0.1509">Ethnologie</surname></author>, <year prob="0.214">1940</year>, S. <fpage prob="0.1544">234</fpage> <other prob="0.1312">ff</other>.)
<author><surname prob="0.1815">Gillman</surname>, <given-names prob="0.3063">C</given-names></author>.: <title prob="0.0877">Population</title> <title prob="0.1167">Problems</title> <title prob="0.1157">of</title> <title prob="0.1118">Tanganyika</title> <title prob="0.1043">Territory</title> <title prob="0.0953">(EastAfrican</title> <source prob="0.1827">Agricultural</source> <source prob="0.141">Journal</source>, <volume prob="0.2049">11</volume>, <year prob="0.1699">1945</year>.)
<author><surname prob="0.1929">Haak</surname>, <given-names prob="0.3068">M</given-names></author>.: <title prob="0.0724">Bilder</title> <title prob="0.1254">von</title> <title prob="0.1645">Sansibar</title>. (<other prob="0.1347">Zeitschr</other>. <other prob="0.1617">f</other>. <other prob="0.1677">d</other>. <source prob="0.1718">Erdkunde</source>­ <source prob="0.1354">unterricht</source>, <volume prob="0.1548">1</volume>, <year prob="0.1614">1965</year>.)
<title prob="0.0696">Beiträge</title> <title prob="0.0678">zur</title> <title prob="0.1137">Geographie</title> <title prob="0.1307">der</title> <title prob="0.1316">Inseln</title> <title prob="0.1302">Sansibar</title> <title prob="0.1344">und</title> <title prob="0.155">Pemba</title>. (Wiss. Zeitschr. d. <editor prob="0.1084">P</editor>. <editor prob="0.1185">H</editor>. <editor prob="0.0826">Potsdam</editor>, <volume prob="0.2312">3</volume>, <year prob="0.2178">1967</year> <empty prob="0.219">—:.) <title prob="0.097">Die</title> <title prob="0.0768">StadtSansibar</title> <title prob="0.0968">—</title> <title prob="0.1514">Eine</title> <title prob="0.1152">ökonomisch-geographische</title> <title prob="0.1505">Untersuchung</title>. (<other prob="0.1343">Diss</other>. <other prob="0.1713">Jena</other> <other prob="0.1298">1969</other>.)
<author><surname prob="0.1457">Harrison</surname> <surname prob="0.2645">Church</surname>, <given-names prob="0.2199">R.</given-names> <given-names prob="0.1607">J</given-names></author>.: <author><surname prob="0.0951">Africa</surname></author> <title prob="0.1219">and</title> <title prob="0.1355">the</title> <title prob="0.1639">Islands</title>. <other prob="0.2078">London</other> <year prob="0.1702">1964</year>.
<author><surname prob="0.2027">Hickman</surname>, <given-names prob="0.3437">G.</given-names> <given-names prob="0.1688">M</given-names></author>., u. <given-names prob="0.1769">W.</given-names> <given-names prob="0.1347">H.</given-names> <given-names prob="0.1495">G.</given-names> <author><surname prob="0.0984">Dickins</surname></author>: <title prob="0.0979">The</title> <title prob="0.1244">Lands</title> <title prob="0.1316">and</title> <title prob="0.1162">Peoples</title> <title prob="0.0902">of</title> <title prob="0.1501">EastAfrica</title>. <other prob="0.2013">London</other> <year prob="0.1738">1961</year>.
<author><surname prob="0.1908">Jürgens</surname>, <given-names prob="0.2751">H.</given-names> <given-names prob="0.1793">W</given-names></author>.: <title prob="0.0817">Untersuchungen</title> <title prob="0.104">zur</title> <title prob="0.1602">Binnenwanderung</title> <title prob="0.1315">in</title> <title prob="0.1632">Tanzania</title>. <other prob="0.1872">München</other> <year prob="0.1378">1968</year>.
<author><surname prob="0.1759">Klute</surname>, <given-names prob="0.276">F</given-names></author>.: <title prob="0.1001">Afrika.</title> <title prob="0.0593">Handbuch</title> <title prob="0.1069">der</title> <title prob="0.1368">geographischen</title> <title prob="0.1142">Wissen­</title> <title prob="0.1364">schaft</title>. <other prob="0.2289">Potsdam</other> <year prob="0.1787">1930</year>.
<author><surname prob="0.21">Kramer</surname>, <given-names prob="0.2165">H</given-names></author>., u. a.: Die <title prob="0.1345">Länder</title> <title prob="0.1906">Afrikas</title>. <other prob="0.246">Berlin</other> <year prob="0.1777">1969</year>.
<author><surname prob="0.2284">Loth</surname>, <given-names prob="0.3334">H.</given-names></author> : <title prob="0.1704">Griff</title> <title prob="0.1824">nach</title> <title prob="0.213">Ostafrika</title>. <other prob="0.2774">Berlin</other> <year prob="0.1783">1968</year>.
<author><surname prob="0.2418">Marsh</surname>, <given-names prob="0.3602">Z.</given-names></author> <author><surname prob="0.1459">A</surname>., u. <given-names prob="0.2547">G.</given-names> <given-names prob="0.1322">W.</given-names></author> <author><surname prob="0.1003">Kingsnorth</surname></author>: <title prob="0.0933">An</title> <title prob="0.1317">Introduction</title> <title prob="0.1327">to</title> <title prob="0.1399">the</title> <title prob="0.148">History</title> <title prob="0.116">of</title> <title prob="0.151">EastAfrica</title>. <other prob="0.1557">Cambridge</other> <year prob="0.1661">1965</year>.
<author><surname prob="0.159">Mecking</surname>, <given-names prob="0.2111">L</given-names></author>.: <author><surname prob="0.0774">Bau</surname></author> <title prob="0.0902">und</title> <title prob="0.1075">Bild</title> <title prob="0.0964">afrikanischer</title> <title prob="0.0737">Küstenstädte</title>.
<source prob="0.1061">Zeitschr</source>. <source prob="0.0936">f</source>. <source prob="0.1214">Erdkunde</source>, <volume prob="0.1819">22/23</volume>, <year prob="0.1929">1938</year>.)
<author><surname prob="0.1018">Nairobi</surname>. <given-names prob="0.1557">Master</given-names></author> <title prob="0.1133">Plan</title> <title prob="0.1195">for</title> <title prob="0.1358">a</title> <title prob="0.1438">Colonial</title> <title prob="0.1977">Capital</title>. <other prob="0.2022">London</other> <year prob="0.1915">1948</year>.
<author><surname prob="0.1979">Olderogge</surname>, <given-names prob="0.3392">D.</given-names> <given-names prob="0.1444">A</given-names></author>., u. <given-names prob="0.2529">J.</given-names> <author><surname prob="0.1321">Potechin</surname></author>: <title prob="0.103">Die</title> <title prob="0.0861">Völker</title> <title prob="0.1256">Afrikas.</title> <title prob="0.0733">Bd.</title> <title prob="0.0983">II</title>. <other prob="0.2334">Berlin</other> <year prob="0.1807">1961</year>.
<author><surname prob="0.1812">Pritchard</surname>, <given-names prob="0.3146">J.</given-names> <given-names prob="0.2092">M.</given-names></author> <title prob="0.0936">:</title> <title prob="0.1878">A</title> <title prob="0.1947">Geography</title> <title prob="0.1191">of</title> <title prob="0.1622">EastAfrica</title>. <other prob="0.1996">London</other> <year prob="0.1744">1962</year>.
<author><surname prob="0.1577">Reitemeyer</surname>, <given-names prob="0.281">E</given-names></author>.: <title prob="0.0708">Die</title> <title prob="0.1165">Städtegründung</title> <title prob="0.135">der</title> <title prob="0.1606">Araber</title> <title prob="0.119">im</title> <title prob="0.2015">Islam</title>. (Diss. <other prob="0.1827">München</other> <other prob="0.1351">1912</other>.)
<title prob="0.0851">Republic</title> <title prob="0.0522">of</title> <title prob="0.1166">Tanganyika:</title> <title prob="0.1247">Statistical</title> <title prob="0.1289">Abstract</title> <title prob="0.101">1963</title>. <other prob="0.1586">Dar-es-</other> <other prob="0.1123">Salaam</other> <year prob="0.1453">1964</year>.
<author><surname prob="0.1711">Schädler</surname>, <given-names prob="0.2715">K</given-names></author>.: <author><surname prob="0.1192">Crafts</surname></author>, <title prob="0.0789">Small-scale</title> <title prob="0.1249">Industries</title> <title prob="0.1231">and</title> <title prob="0.1146">Industrial</title> <title prob="0.1465">Education</title> <title prob="0.1125">in</title> <title prob="0.1559">Tanzania</title>. <other prob="0.1881">München</other> <year prob="0.1375">1968</year>.
<author><surname prob="0.1453">Schmidt-Renner</surname>, <given-names prob="0.2317">Q</given-names></author>.: <author><surname prob="0.0938">Standort</surname></author>, <title prob="0.0766">Stadt</title> <title prob="0.1028">und</title> <title prob="0.0766">Territorium</title>.
<source prob="0.0844">Geogr</source>. <source prob="0.1278">Berichte</source>, <volume prob="0.152">1958</volume>, S. <fpage prob="0.1469">106</fpage> <empty prob="0.124">ff —:.) <title prob="0.0969">Elementare</title> <title prob="0.1091">Theorie</title> <title prob="0.1138">der</title> <title prob="0.1169">Ökonomischen</title> <title prob="0.0675">Geographie</title>.
<editor prob="0.136">Gotha</editor> und <other prob="0.1849">Leipzig</other> <year prob="0.166">1966</year>.
<author><surname prob="0.2533">Schneider</surname>, <given-names prob="0.3489">K.</given-names> <given-names prob="0.1986">G</given-names></author>.: <author><surname prob="0.0997">Dar-es-Salaam</surname></author>, <title prob="0.0818">Stadtentwicklung</title> <title prob="0.0957">unter</title> <title prob="0.0928">dem</title> <title prob="0.099">Einfluß</title> <title prob="0.0994">der</title> <title prob="0.1296">Araber</title> <title prob="0.1058">und</title> <title prob="0.1215">Inder</title>. <other prob="0.2463">Wiesbaden</other> <year prob="0.1897">1965</year>.
<author><surname prob="0.1951">Schultze</surname>, <given-names prob="0.3166">J.</given-names> <given-names prob="0.1635">H</given-names></author>.: <title prob="0.0953">Evolution</title> <title prob="0.1163">und</title> <title prob="0.1468">Revolution</title> <title prob="0.1084">in</title> <title prob="0.1183">der</title> <title prob="0.1284">Land­</title> <title prob="0.0976">schaftsentwicklung</title> <title prob="0.1278">Ostafrikas</title>. (<source prob="0.0829">Geogr</source>. <source prob="0.176">Zeitschr</source>., <source prob="0.1434">Beiheft</source> <volume prob="0.1998">14</volume>, <year prob="0.1674">1966</year>.)
<author><surname prob="0.1771">Schwarz</surname>, <given-names prob="0.2767">G</given-names></author>.: <author><surname prob="0.0773">Allgemeine</surname></author> <title prob="0.1517">Siedlungsgeographie.</title> [<other prob="0.1546">West-</other>] <other prob="0.1788">Berlin</other> <year prob="0.1921">1966</year>.
<title prob="0.0779">The</title> <title prob="0.0847">United</title> <title prob="0.1403">Republic</title> <title prob="0.1133">of</title> <title prob="0.1653">Tanganyika</title> <title prob="0.1311">and</title> <title prob="0.1041">Zanzibar:</title> <title prob="0.084">Tan­</title> <title prob="0.1195">ganyika</title> <title prob="0.1069">five</title> <title prob="0.1065">year</title> <title prob="0.0921">plan</title> <title prob="0.0937">for</title> <title prob="0.1047">economic</title> <title prob="0.0926">and</title> <title prob="0.1075">social</title> <title prob="0.1019">develop­</title> <title prob="0.1146">ment</title>. <other prob="0.1935">Dar-es-Salaam</other> <year prob="0.1433">1964</year>.
<author><surname prob="0.1834">Thole</surname>, <given-names prob="0.2494">G</given-names></author>.: <title prob="0.0738">Der</title> <title prob="0.1271">nichtkapitalistische</title> <title prob="0.1289">Entwicklungsweg</title> <title prob="0.1323">afrika­</title> <title prob="0.1104">nischer</title> <title prob="0.1425">Staaten</title>. (<source prob="0.0893">Zeitschr</source>. <source prob="0.1099">f</source>. <source prob="0.1349">Erdkundeunterricht</source>, <volume prob="0.2206">11</volume>, <year prob="0.2083">1969</year> <other prob="0.2164">a</other>)
<title prob="0.0957">Einführung</title> <title prob="0.0639">in</title> <title prob="0.1406">die</title> <title prob="0.1382">politische</title> <title prob="0.1241">Situation</title> <title prob="0.14">Afrikas</title>. (<source prob="0.0831">Zeit</source>­ <source prob="0.1347">schr</source>. <source prob="0.1088">f</source>. <source prob="0.1219">Erdkundeunterricht</source>, <volume prob="0.1757">10</volume>, <year prob="0.2096">1969</year> <other prob="0.207">b</other>)
<author><surname prob="0.217">Thole</surname>, <given-names prob="0.2167">G</given-names></author>., u. <given-names prob="0.2454">R.</given-names> <author><surname prob="0.1382">König</surname></author>: <title prob="0.104">Der</title> <title prob="0.1586">Industrialisierungsprozeß</title> <title prob="0.1056">in</title> <title prob="0.1205">den</title> <title prob="0.1179">Entwicklungsländern</title> <title prob="0.1518">Afrikas</title>. (<other prob="0.1348">Zeitschr</other>. <other prob="0.1656">f</other>. <source prob="0.2028">Erdkunde</source>­ <source prob="0.119">unterricht</source>, <volume prob="0.2018">12</volume>, <other prob="0.1259">1969</other> <other prob="0.2077">c</other>)
<author><surname prob="0.1638">Trewartha</surname>, <given-names prob="0.2561">G.</given-names> <given-names prob="0.1919">T</given-names></author>.: <title prob="0.0856">Population</title> <title prob="0.1322">Patterns</title> <title prob="0.1225">in</title> <title prob="0.1121">Tropical</title> <title prob="0.0816">Africa</title>.
<title prob="0.077">Annual</title> <title prob="0.085">of</title> <title prob="0.1522">the</title> <title prob="0.1821">Assoc.</title> <title prob="0.0777">of</title> <title prob="0.1392">Americ.</title> <title prob="0.0679">Geographers</title>, <volume prob="0.1929">44</volume>, <year prob="0.1644">1954</year>.)
<author><surname prob="0.1606">Ullerich</surname>, <given-names prob="0.2297">K</given-names></author>.: <author><surname prob="0.0874">Tansania</surname></author>. (Geogr. Berichte, <volume prob="0.1752">2</volume>, <year prob="0.2056">1967</year>.) <other prob="0.1936">Unesco</other>: <title prob="0.1056">Social</title> <title prob="0.1293">implications</title> <title prob="0.1097">of</title> <title prob="0.127">industrialization</title> <title prob="0.1139">and</title> <title prob="0.0994">urbani-</title> <title prob="0.1264">zation</title> <title prob="0.0933">in</title> <title prob="0.1296">Africa</title> <title prob="0.1133">south</title> <title prob="0.104">of</title> <title prob="0.1229">the</title> <title prob="0.1595">Sahara</title>. <other prob="0.2113">Paris</other> <year prob="0.1738">1956</year>.
<author><surname prob="0.1844">Walmsley</surname>, <given-names prob="0.2593">R.</given-names></author> <author><surname prob="0.1053">JF</surname>.: <given-names prob="0.1035">Nairobi</given-names></author> — <title prob="0.1584">The</title> <title prob="0.1602">Geography</title> <title prob="0.129">of</title> <title prob="0.1469">a</title> <title prob="0.1317">New</title> <title prob="0.1414">City</title>. <source prob="0.1369">The</source> <source prob="0.1203">Eagle</source> <source prob="0.0914">Press</source>, <other prob="0.1776">Nairobi</other> <year prob="0.1946">1957</year>.
<author><surname prob="0.152">Woddis</surname>, <given-names prob="0.2672">J</given-names></author>.: Afrika — <title prob="0.1402">Der</title> <title prob="0.159">Weg</title> <title prob="0.1573">nach</title> <title prob="0.1907">vorn</title>. <other prob="0.2714">Berlin</other> <year prob="0.1682">1964</year>.
