<editor prob="0.2371">Die</editor> <editor prob="0.2301">Bundesregierung</editor> (<empty prob="0.335">Hrsg.): <source prob="0.1703">Die</source> <source prob="0.1154">Kartoffel</source>: <source prob="0.1064">Erfolgsgeschichte</source> <source prob="0.0895">einer</source> "<source prob="0.1206">ärmlichen</source> <source prob="0.1293">Knolle</source>". <source prob="0.1463">Magazin</source> <source prob="0.1579">zur</source> <source prob="0.2142">Entwicklungspolitik</source> Nr. <url prob="0.1058">69/2008</url> <url prob="0.1248">(www.bundesregierung.de)</url>
<author><surname prob="0.164">Corves</surname>, <given-names prob="0.2918">C</given-names></author>.: <author><surname prob="0.0771">Biologische</surname></author> <title prob="0.1389">Vielfalt</title> <title prob="0.1324">in</title> <title prob="0.1478">der</title> <title prob="0.1975">Landwirtschaft.</title> <title prob="0.0559">Ihre</title> <title prob="0.0901">Bedeutung</title> <title prob="0.0808">für</title> <title prob="0.0911">die</title> <title prob="0.1192">Ernährungssicherung</title> <title prob="0.0977">in</title> <title prob="0.1137">Zeiten</title> <title prob="0.098">des</title> <title prob="0.0716">Klimawandels</title>.
<source prob="0.1224">Geographische</source> <source prob="0.1096">Rundschau</source> <volume prob="0.2117">61</volume> (<year prob="0.2505">2009</year>) <issue prob="0.1339">H.4</issue>, S. <fpage prob="0.2775">38</fpage> - <lpage prob="0.2775">45</lpage>
<author><surname prob="0.2194">Devaux</surname>, <given-names prob="0.2767">A.</given-names></author> u. a.: <empty prob="0.137">Anälisis <title prob="0.1051">comparativo</title> <title prob="0.1065">del</title> <title prob="0.1195">sector</title> <title prob="0.1192">papa</title> <title prob="0.1187">en</title> <title prob="0.1229">Bolivia,</title> <title prob="0.0912">Ecuador</title> <title prob="0.1187">y</title> <title prob="0.2065">Peru</title>. In: <editor prob="0.1361">Devaux</editor>, <editor prob="0.1632">A</editor>. u. a. (Hrsg.): <source prob="0.1966">El</source> <source prob="0.2153">sector</source> <other prob="0.1516">papa</other> <title prob="0.0926">en</title> <title prob="0.1106">la</title> <title prob="0.1204">regiön</title> <title prob="0.118">andina</title>. <other prob="0.161">Diagnöstico</other> <other prob="0.1492">y</other> <other prob="0.1312">elementos</other> <other prob="0.1454">para</other> <publisher prob="0.1238">una</publisher> <publisher prob="0.1341">vision</publisher> <publisher prob="0.1182">estrategica</publisher>
<title prob="0.0824">Bolivia,</title> <title prob="0.0553">Ecuador</title> <title prob="0.1064">y</title> <title prob="0.1658">Peru</title>). <other prob="0.1703">Lima</other> <year prob="0.2345">2010</year>, S. <fpage prob="0.3138">8</fpage> - <lpage prob="0.3138">22</lpage>
<author><surname prob="0.1647">Kotschi</surname>, <given-names prob="0.2935">J</given-names></author>.: <author><surname prob="0.0782">Agricultural</surname></author> <title prob="0.1196">Biodiversity</title> <title prob="0.1095">is</title> <title prob="0.1199">Essential</title> <title prob="0.1132">for</title> <title prob="0.1254">Adapting</title> <title prob="0.1193">to</title> <title prob="0.1491">Climate</title> <title prob="0.167">Change</title>. <source prob="0.1435">GAIA</source> <volume prob="0.2952">16</volume> (<year prob="0.2304">2007</year>) <issue prob="0.1393">H.2</issue>, S. <fpage prob="0.2777">98</fpage> - <lpage prob="0.2777">101</lpage>
<author><surname prob="0.1619">Melissis</surname>, <given-names prob="0.2931">A</given-names></author>.: <year prob="0.0989">Die</year> <title prob="0.1044">Kraft</title> <title prob="0.1529">der</title> <title prob="0.1373">Knolle.</title> <title prob="0.0597">Die</title> <title prob="0.1052">Kartoffel</title> <title prob="0.1416">und</title> <title prob="0.1182">ihre</title> <title prob="0.1129">Bedeutung</title> <title prob="0.0957">als</title> <title prob="0.1071">Kulturpflanze,</title> <title prob="0.0778">die</title> <title prob="0.0793">zeitung</title> <title prob="0.0909">-</title> <title prob="0.1018">terre</title> <title prob="0.0896">des</title> <title prob="0.0815">hommes</title> <title prob="0.1179">4/2007</title>, S. <fpage prob="0.1598">3</fpage>
<author><surname prob="0.1866">Mayo</surname>, <given-names prob="0.2875">R</given-names></author>.: <author><surname prob="0.0652">Las</surname></author> <title prob="0.1026">papas</title> <title prob="0.1246">nativas</title> <title prob="0.136">conquistan</title> <title prob="0.1138">el</title> <title prob="0.1183">mundo.</title> <title prob="0.0593">El</title> <title prob="0.0956">Comercio</title> <title prob="0.0816">vom</title> <title prob="0.0849">11.01</title>. <year prob="0.1581">2010</year>
<author><surname prob="0.1681">Schmidt-Wulffen</surname>, <given-names prob="0.3206">W.-D</given-names></author>.: <year prob="0.089">Zweimal</year> "<title prob="0.141">Höhenstufen</title> <title prob="0.1781">der</title> <title prob="0.1512">Anden"</title> <title prob="0.0829">-</title> <title prob="0.1302">Ein</title> <title prob="0.1062">neuer</title> <title prob="0.1152">didaktischer</title> <title prob="0.1152">und</title> <title prob="0.0974">inhaltlicher</title> <title prob="0.093">Zugang</title> <title prob="0.1026">zu</title> <title prob="0.1197">einem</title> <title prob="0.1114">"alten"</title> <title prob="0.1216">Thema</title> <title prob="0.1356">des</title> <title prob="0.1585">Geographieunterrichts</title>. In: <source prob="0.2141">Materialien</source> <source prob="0.1631">zur</source> <source prob="0.1202">Didaktik</source> <source prob="0.1092">der</source>
<editor prob="0.1385">Geographie</editor> und <author><surname prob="0.1418">Wirtschaftskunde</surname></author> (<year prob="0.1914">1999</year>) Bd. <volume prob="0.2581">15</volume>, S. <fpage prob="0.2929">99</fpage> - <lpage prob="0.2929">106</lpage>
<author><surname prob="0.2021">Spooner</surname>, <given-names prob="0.308">D.</given-names> <given-names prob="0.1846">M.</given-names></author> <author><surname prob="0.0994">u.a</surname></author>.: <title prob="0.0843">A</title> <title prob="0.1222">single</title> <title prob="0.126">domestication</title> <title prob="0.103">for</title> <title prob="0.1055">potato</title> <title prob="0.0939">based</title> <title prob="0.1002">on</title> <title prob="0.1099">multilocus</title> <title prob="0.0918">amplified</title> <title prob="0.0772">fragment</title> <title prob="0.0918">length</title> <title prob="0.1009">polymorphism</title> <title prob="0.064">genotyping</title>.
<author><surname prob="0.1371">PNAS</surname> <given-names prob="0.1018">102</given-names></author> (<year prob="0.2065">2005</year>) <title prob="0.0812">H.41</title> <title prob="0.0997">Filme</title> <title prob="0.0989">Bundesministerium</title> <title prob="0.0887">für</title> <title prob="0.082">wirtschaftliche</title> <title prob="0.0972">Zusammenarbeit</title> <title prob="0.0982">und</title> <editor prob="0.1259">Entwick</editor>­ <editor prob="0.1931">lung</editor> (<editor prob="0.164">BMZ</editor>) (Hrsg.): <source prob="0.1872">Das</source> <source prob="0.1761">grüne</source> <title prob="0.102">Gold</title> <title prob="0.1035">der</title> <title prob="0.1353">Inkas.</title> <title prob="0.0505">Wie</title> <title prob="0.0933">die</title> <title prob="0.1276">Kartoffel</title> <title prob="0.0996">in</title> <title prob="0.1035">Zeiten</title> <title prob="0.0871">des</title> <title prob="0.0881">Klimawandels</title> <title prob="0.0898">die</title> <title prob="0.1091">Ernährung</title> <title prob="0.1057">sichern</title> <title prob="0.1239">kann</title>. <source prob="0.1177">Bonn/Berlin</source> <source prob="0.0849">2008</source> (<source prob="0.1129">BMZ</source> <source prob="0.149">Filmservice</source> <volume prob="0.1437">017</volume>)
