<author><surname prob="0.1864">Albrecht</surname>, <given-names prob="0.3095">V</given-names></author>.: <author><surname prob="0.081">Unterrichtspraktische</surname></author> <title prob="0.1093">Erprobung</title> <title prob="0.1291">eines</title> <title prob="0.1069">physisch-geographischen</title> <title prob="0.1059">Modells.</title> <title prob="0.057">Die</title> <title prob="0.108">Wetterkarte</title> <title prob="0.1114">im</title> <title prob="0.1221">Geographieunterricht</title> <title prob="0.0871">der</title> <title prob="0.1071">Sek</title>. <other prob="0.1311">I</other>.
<title prob="0.0742">Hefte</title> <title prob="0.0737">zur</title> <title prob="0.1171">Fachdidaktik</title> <title prob="0.1111">der</title> <title prob="0.1092">Geographie</title> <title prob="0.1097">2/1979</title>, S. <fpage prob="0.2866">59</fpage> - <lpage prob="0.2866">75</lpage>.
<author><surname prob="0.1556">Blüthgen</surname>, <given-names prob="0.2479">J</given-names></author>.: <title prob="0.0786">Allgemeine</title> <title prob="0.131">Klimageographie</title>. <other prob="0.1331">Ber</other>­ <other prob="0.1216">lin</other> <other prob="0.1219">1966</other>.
<author><surname prob="0.199">Breuer</surname>, <given-names prob="0.2773">G</given-names></author>.: <author><surname prob="0.0915">Wetter</surname></author> <title prob="0.1157">nach</title> <title prob="0.1315">Wunsch?</title> <title prob="0.0874">Perspektiven</title> <title prob="0.1039">und</title> <title prob="0.1136">Gefahren</title> <title prob="0.104">künstlicher</title> <title prob="0.155">Wetterbeeinflussung</title>. <other prob="0.2437">Stuttgart</other> <year prob="0.1927">1976</year>.
<author><surname prob="0.1994">Federer</surname>, <given-names prob="0.3301">B</given-names></author>.: <author><surname prob="0.1046">Hagelabwehr</surname></author>: <title prob="0.1304">Schuß</title> <title prob="0.1239">in</title> <title prob="0.1448">die</title> <title prob="0.1355">Wolken.</title> <title prob="0.0953">Umschau</title> <title prob="0.1038">in</title> <title prob="0.1529">Wissenschaft</title> <title prob="0.0964">und</title> <title prob="0.1127">Technik</title>. H. <volume prob="0.1941">15</volume> (<year prob="0.2697">1979</year>), S. <fpage prob="0.2873">463</fpage> - <lpage prob="0.2873">468</lpage>.
<author><surname prob="0.1669">Fedorov</surname>, <given-names prob="0.3142">E.</given-names> <given-names prob="0.1664">K</given-names></author>.: <author><surname prob="0.0999">Können</surname></author> <title prob="0.1106">wir</title> <title prob="0.1256">das</title> <title prob="0.1295">Wetter</title> <title prob="0.1232">ändern?</title> <title prob="0.1052">Umschau</title> <title prob="0.1109">in</title> <title prob="0.1533">Wissenschaft</title> <title prob="0.0954">und</title> <title prob="0.1093">Technik</title>. H. <volume prob="0.1969">1</volume> (<year prob="0.293">1968</year>), S. <fpage prob="0.2877">9</fpage> - <lpage prob="0.2877">12</lpage>.
<author><surname prob="0.1622">Geibert</surname>, <given-names prob="0.2641">H</given-names></author>.: <title prob="0.0631">Unterrichtsskizze</title> <title prob="0.085">I:</title> <title prob="0.1199">"Tropischer</title> <title prob="0.1604">Wirbelsturm."</title> <title prob="0.0891">Geographie</title> <title prob="0.1066">im</title> <title prob="0.1228">Unterricht</title>. <volume prob="0.2013">5</volume>. Jg. (Juni <year prob="0.2349">1980</year>), S. <fpage prob="0.3199">199</fpage> - <lpage prob="0.3199">215</lpage>.
<author><surname prob="0.1822">Geiger</surname>, <given-names prob="0.3277">M</given-names></author>.: <author><surname prob="0.0756">Schulrelevante</surname></author> <title prob="0.1101">Arbeitsweisen</title> <title prob="0.1236">der</title> <title prob="0.1257">physischen</title> <title prob="0.1">Geographie</title> <title prob="0.093">-</title> <title prob="0.1156">dargestellt</title> <title prob="0.0925">an</title> <title prob="0.0917">Bei­</title> <title prob="0.1187">spielen</title> <title prob="0.1008">der</title> <title prob="0.1217">Klimageographie</title>. <source prob="0.107">Hefte</source> <source prob="0.1043">zur</source> <source prob="0.1023">Fachdi</source>­
daktik <author><surname prob="0.0906">der</surname> <given-names prob="0.1527">Geographie</given-names></author>, <author><surname prob="0.1805">H</surname></author>. <volume prob="0.1773">1</volume> (<year prob="0.3028">1978</year>), S. <page prob="0.286">60-80</page>.
<author><surname prob="0.1815">Gentry</surname>, <given-names prob="0.3075">C</given-names></author>.: <given-names prob="0.0953">Hurricane</given-names> <author><surname prob="0.0935">Modification</surname>. <given-names prob="0.0817">Hess</given-names></author> (Hrsg.). <source prob="0.1678">Weather</source> <source prob="0.1451">and</source> <source prob="0.1063">Climate</source> <source prob="0.0636">Modification</source>, S. <fpage prob="0.2805">497</fpage> - <lpage prob="0.2805">521</lpage>. <other prob="0.19">New</other> <other prob="0.2514">York</other> <other prob="0.127">1974</other>.
<source prob="0.1942">GEO-Magazin</source> Nr. <volume prob="0.1428">5</volume>, <author><surname prob="0.1718">Mai</surname></author> <year prob="0.1791">1979</year>: "<title prob="0.1616">Peitschen</title> <title prob="0.1219">vom</title> <title prob="0.11">Himmel</title>", S. <page prob="0.309">37-62</page>.
<author><surname prob="0.2204">Hendrick</surname>, <given-names prob="0.2536">R.</given-names> <given-names prob="0.1769">L</given-names></author>., und <given-names prob="0.255">D.</given-names> <given-names prob="0.1919">G.</given-names> <author><surname prob="0.1171">Friedman</surname></author>: <title prob="0.108">Potential</title> <title prob="0.1198">Impacts</title> <title prob="0.0879">of</title> <title prob="0.0934">Storm</title> <title prob="0.1156">Modification</title> <title prob="0.1049">on</title> <title prob="0.1112">the</title> <title prob="0.1139">Insurance</title> <title prob="0.1012">Industry</title>; <other prob="0.1387">Sewell</other> (Hrsg.). <source prob="0.1539">Human</source> <source prob="0.2331">Dimensions</source> <source prob="0.1137">of</source> <source prob="0.1228">Weather</source> <source prob="0.1173">Modification</source>. <other prob="0.1877">Chicago</other> <year prob="0.1685">1966</year>.
<editor prob="0.1456">Hess</editor>, <editor prob="0.1702">W</editor>. <editor prob="0.2016">N</editor>. (<empty prob="0.3">Hrsg.): <source prob="0.22">Weather</source> <source prob="0.1466">and</source> <source prob="0.1132">Climate</source> <source prob="0.1029">Modification</source>. <other prob="0.2055">New</other> <other prob="0.211">York</other> <other prob="0.1254">1974</other>.
<author><surname prob="0.2035">Jackson</surname>, <given-names prob="0.2997">I.</given-names> <given-names prob="0.1918">J</given-names></author>.: <author><surname prob="0.1018">Climate</surname></author>, <title prob="0.0887">weather</title> <title prob="0.1194">and</title> <title prob="0.1722">agriculture</title> <title prob="0.1161">in</title> <title prob="0.1244">the</title> <title prob="0.1657">tropics</title>. <other prob="0.1577">London/New</other> <other prob="0.1673">York</other> <other prob="0.1422">1977</other>.
<author><surname prob="0.169">MacDonald</surname>, <given-names prob="0.253">G</given-names></author>.: <publisher prob="0.1097">Weather</publisher> <publisher prob="0.0794">Modification</publisher>. <publisher prob="0.1605">Science</publisher>
<source prob="0.1805">Journal</source>. Jg. <volume prob="0.2766">4</volume> (January <year prob="0.2145">1968</year>), S. <fpage prob="0.3194">39</fpage> - <lpage prob="0.3194">44</lpage>.
<author><surname prob="0.1869">Oliver</surname>, <given-names prob="0.3279">J.</given-names> <given-names prob="0.1824">E</given-names></author>.: <author><surname prob="0.1235">Climate</surname></author> <title prob="0.142">and</title> <title prob="0.134">Man"s</title> <title prob="0.0989">Environment:</title> <title prob="0.1117">An</title> <title prob="0.1389">Introduction</title> <title prob="0.1346">to</title> <title prob="0.1316">Applied</title> <title prob="0.1612">Climatology</title>. <other prob="0.2084">New</other> <other prob="0.2123">York</other> <other prob="0.1254">1973</other>.
<author><surname prob="0.1621">Panzram</surname>, <given-names prob="0.2702">H</given-names></author>.: <title prob="0.0648">Gegenwärtiger</title> <title prob="0.0964">Stand</title> <title prob="0.1064">der</title> <title prob="0.1248">Erkenntnisse</title> <title prob="0.0948">über</title> <title prob="0.1114">die</title> <title prob="0.105">Möglichkeiten</title> <title prob="0.1144">der</title> <title prob="0.1077">Wet­</title> <title prob="0.1225">terbeeinflussung</title>. <other prob="0.1439">Naturwissenschaftliche</other> <other prob="0.128">Rund</other>­
<author><surname prob="0.1031">schau</surname>. <surname prob="0.0871">29</surname>. <given-names prob="0.136">Jg</given-names></author>., <author><surname prob="0.1918">H</surname></author>. <volume prob="0.1755">2</volume> (<year prob="0.2972">1976</year>), S. <fpage prob="0.2859">48</fpage> - <lpage prob="0.2859">49</lpage>.
<author><surname prob="0.2436">Richter</surname>, <given-names prob="0.3101">D</given-names></author>.: <author><surname prob="0.104">Das</surname></author> <title prob="0.1342">Lernfeld</title> <title prob="0.1767">"Naturbedingungen"</title> <title prob="0.1308">im</title> <title prob="0.1283">lernzielorientierten</title> <title prob="0.1221">Geographieunterricht</title> <title prob="0.0954">der</title> <title prob="0.1316">Sek.</title> <title prob="0.0542">I</title>. <source prob="0.1325">HFG</source>. <volume prob="0.1289">H</volume>. <volume prob="0.2">1</volume> (<year prob="0.2936">1978</year>), S. <fpage prob="0.2865">81</fpage> - <lpage prob="0.2865">103</lpage>.
<author><surname prob="0.1876">Riehl</surname>, <given-names prob="0.2511">H</given-names></author>.: <title prob="0.0837">Der</title> <title prob="0.1383">tropische</title> <title prob="0.1374">Wirbelsturm.</title> <title prob="0.0839">Umschau</title> <title prob="0.1075">in</title> <title prob="0.1581">Wissenschaft</title> <title prob="0.0988">und</title> <title prob="0.1034">Technik</title>. H. <volume prob="0.199">5</volume> (<year prob="0.2907">1980</year>), S. <fpage prob="0.2857">131</fpage> - <lpage prob="0.2857">137</lpage>.
<author><surname prob="0.1864">Ruland</surname>, <given-names prob="0.2999">H</given-names></author>.: <author><surname prob="0.0878">Unternehmen</surname></author> <title prob="0.1368">Sturmwut.</title> <title prob="0.0729">Wie</title> <title prob="0.1063">zähmt</title> <title prob="0.1192">man</title> <title prob="0.0981">einen</title> <title prob="0.1187">Hurrikan</title>? <source prob="0.1">DIE</source> <source prob="0.1345">ZEIT</source> <source prob="0.1401">vom</source> <source prob="0.0831">12</source>.
<author><surname prob="0.1203">Juli</surname></author> <year prob="0.2123">1974</year>, S. <fpage prob="0.1937">41</fpage>.
<source prob="0.1611">Science</source> <source prob="0.121">vom</source> <source prob="0.0873">7</source>. <source prob="0.0949">Juni</source> <year prob="0.2008">1974</year>, S. <page prob="0.318">1059-1061</page>.
<editor prob="0.263">Sewell</editor>, <editor prob="0.2146">D</editor>. (Hrsg.): <source prob="0.1924">Human</source> <source prob="0.2295">Dimensions</source> of <title prob="0.107">Wea­</title> <title prob="0.112">ther</title> <title prob="0.1525">Modification</title>. <other prob="0.1885">Chicago</other> <year prob="0.1688">1966</year>.
<author><surname prob="0.1732">Smith</surname>, <given-names prob="0.2785">K</given-names></author>.: <title prob="0.0694">Principles</title> <title prob="0.1088">of</title> <title prob="0.1319">Applied</title> <title prob="0.166">Climatology</title>. <other prob="0.2025">New</other> <other prob="0.2094">York</other> <other prob="0.1254">1975</other>.
<author><surname prob="0.1656">Weischet</surname>, <given-names prob="0.2718">W</given-names></author>.: <title prob="0.0867">Einführung</title> <title prob="0.1059">in</title> <title prob="0.1503">die</title> <title prob="0.1515">Allgemeine</title> <title prob="0.2027">Klimatologie</title>. <other prob="0.2636">Stuttgart</other> <year prob="0.2028">1977</year>. <title prob="0.0915">O</title> <title prob="0.1285">In</title> <title prob="0.0927">eigener</title> <other prob="0.1404">Sache</other>:
