<author><surname prob="0.1148">So</surname> <given-names prob="0.1248">beziffert</given-names></author> <author><surname prob="0.1239">Bar-On</surname></author> (<year prob="0.2416">1996</year>, S. <fpage prob="0.1491">162</fpage> <other prob="0.1511">f</other>.) <other prob="0.1781">die</other> <publisher prob="0.1439">Zahl</publisher>
<title prob="0.0835">der</title> <title prob="0.1216">"visitor</title> <title prob="0.1966">arrivals"</title> <title prob="0.1289">in</title> <title prob="0.1224">Israel</title> <title prob="0.1016">für</title> <title prob="0.115">das</title> <title prob="0.1179">Jahr</title> <title prob="0.1157">1970</title> <title prob="0.0973">mit</title> <title prob="0.1352">441.000</title>, <source prob="0.0954">für</source> <source prob="0.1125">1994</source> <source prob="0.1262">mit</source> <source prob="0.1019">2.170.000</source> und <other prob="0.1972">die</other>
<author><surname prob="0.109">Zahl</surname> <given-names prob="0.0937">der</given-names></author> "<title prob="0.1814">tourists</title> <title prob="0.16">by</title> <title prob="0.1828">air"</title> <title prob="0.1175">für</title> <title prob="0.1074">1970</title> <title prob="0.089">mit</title> <title prob="0.1344">382.000</title>, <other prob="0.1353">für</other> <year prob="0.1501">1994</year> mit <volume prob="0.1324">1.503.000</volume>.
<editor prob="0.1454">Seidler</editor> (<year prob="0.2192">2007</year>) <title prob="0.1454">zeichnet</title> <title prob="0.1634">die</title> <title prob="0.1371">Debatte</title> <title prob="0.1186">nach</title>, <other prob="0.2061">die</other>
<author><surname prob="0.1656">Rassismus</surname>, <given-names prob="0.1324">Ethik</given-names></author> <title prob="0.1083">und</title> <title prob="0.1247">Werte</title> <title prob="0.1047">geführt</title> <title prob="0.0705">wurde</title>.
Vgl. hierzu <author><surname prob="0.1574">Tanja</surname> <given-names prob="0.1527">Mihalic</given-names></author> (<year prob="0.2237">1996</year>), <title prob="0.1202">die</title> <title prob="0.1369">dies</title> <title prob="0.113">für</title> <title prob="0.092">den</title> <title prob="0.0917">Fall</title> <title prob="0.1022">der</title> <title prob="0.1268">Wiederbelebung</title> <title prob="0.0998">des</title> <title prob="0.0984">slowenischen</title> <title prob="0.0883">Tourismus</title> <title prob="0.091">Anfang</title> <title prob="0.0742">der</title> <title prob="0.0853">1990er</title> <title prob="0.1072">Jahre</title> <title prob="0.112">nach</title> <title prob="0.0935">den</title> <title prob="0.119">Kriegen</title> <title prob="0.1037">in</title> <title prob="0.1213">Jugoslawien</title> <title prob="0.0698">darstellt</title>.
<author><surname prob="0.2258">Barber</surname>, <given-names prob="0.3825">B.</given-names></author> (<year prob="0.2546">1995</year>). <title prob="0.1177">Jihad</title> <title prob="0.1494">vs</title> <title prob="0.1692">McWorld</title>. <other prob="0.2189">New</other> <other prob="0.1991">York</other>: <publisher prob="0.2369">Random</publisher> <publisher prob="0.1509">House</publisher>
<author><surname prob="0.2121">Bar-On</surname>, <given-names prob="0.3181">R.</given-names> <given-names prob="0.2465">R.</given-names></author> (<year prob="0.2262">1996</year>). <title prob="0.1053">Measuring</title> <title prob="0.1517">the</title> <title prob="0.1371">Effects</title> <title prob="0.1242">on</title> <title prob="0.1107">Tourism</title> <title prob="0.0949">of</title> <title prob="0.1264">Violence</title> <title prob="0.1162">and</title> <title prob="0.0923">of</title> <publisher prob="0.1451">Promo</publisher>­
<title prob="0.0739">tion</title> <title prob="0.0929">Following</title> <title prob="0.1688">Violent</title> <title prob="0.203">Acts</title>. In: <editor prob="0.1309">Pizam</editor>, <editor prob="0.2011">A</editor>./ <editor prob="0.2024">Mansfeld</editor>, <editor prob="0.1768">Y</editor>. (Hg.), <source prob="0.1506">Tourism</source>, <source prob="0.1595">Crime</source> and <title prob="0.103">In­</title> <title prob="0.1254">ternational</title> <title prob="0.1252">Security</title> <title prob="0.1428">Issues</title>. <other prob="0.158">Chichester</other> <other prob="0.1563">u</other>. <other prob="0.1753">a</other>.: <publisher prob="0.1499">John</publisher> <publisher prob="0.1235">Wiley</publisher> <publisher prob="0.1054">&</publisher> <publisher prob="0.1053">Sons</publisher>, S. <fpage prob="0.3079">159</fpage> - <lpage prob="0.3079">174</lpage>
<editor prob="0.1401">Heinz-Günter</editor> <editor prob="0.1297">Vester</editor> / <title prob="0.0731">Tourismus</title> <title prob="0.123">und</title> <title prob="0.1241">Terrorismus</title> <title prob="0.1045">im</title> <title prob="0.1169">Zeichen</title> <title prob="0.0918">der</title> <source prob="0.124">Postmoderne</source>
<author><surname prob="0.1795">Baudrillard</surname>, <given-names prob="0.3255">J.</given-names></author> (<year prob="0.2713">1982</year>). <title prob="0.0955">Der</title> <title prob="0.1419">symbolische</title> <other prob="0.122">Tausch</other>
<title prob="0.0966">und</title> <title prob="0.0911">der</title> <title prob="0.1465">Tod</title>. <other prob="0.1608">München</other>: <publisher prob="0.1945">Matthes</publisher> <publisher prob="0.1292">&</publisher> <publisher prob="0.1769">Seitz</publisher>
<author><surname prob="0.1788">Baudrillard</surname>, <given-names prob="0.2985">J.</given-names></author> (<year prob="0.2263">1985</year>). <title prob="0.1083">Die</title> <title prob="0.1438">fatalen</title> <title prob="0.0912">Strategien</title>.
<other prob="0.1217">München</other>: <publisher prob="0.1627">Matthes</publisher> <publisher prob="0.1176">&</publisher> <publisher prob="0.1726">Seitz</publisher>
<author><surname prob="0.1927">Baudrillard</surname>, <given-names prob="0.3484">J.</given-names></author> (<year prob="0.2454">1991</year>). <title prob="0.1096">La</title> <title prob="0.1753">guerre</title> <title prob="0.1424">du</title> <title prob="0.1423">Golfe</title> <title prob="0.1094">n"a</title> <title prob="0.1061">pas</title> <title prob="0.1162">eu</title> <title prob="0.1198">lieu</title>. <other prob="0.2337">Paris</other>: <publisher prob="0.2453">Edition</publisher> <publisher prob="0.1978">Galilee</publisher>
<author><surname prob="0.2275">Bauman</surname>, <given-names prob="0.3129">Z.</given-names></author> (<year prob="0.2943">2000</year>). <title prob="0.1003">Liquid</title> <title prob="0.1685">Modernity</title>. <other prob="0.1881">Cam</other>­
<other prob="0.1339">bridge</other>: <publisher prob="0.2128">Polity</publisher> <publisher prob="0.19">Press</publisher> (<publisher prob="0.0992">Flüchtige</publisher> <publisher prob="0.1158">Moderne</publisher>.
<other prob="0.2091">Frankfurt</other> <other prob="0.1696">am</other> <other prob="0.1456">Main</other>: <publisher prob="0.0957">Suhrkamp</publisher> <year prob="0.2468">2003</year>) <author><surname prob="0.223">Bauman</surname>, <given-names prob="0.2674">Z.</given-names></author> (<year prob="0.2884">2005</year>). <title prob="0.1">Liquid</title> <title prob="0.1466">Life</title>. <other prob="0.1797">Cambridge</other>: <publisher prob="0.2535">Polity</publisher> <publisher prob="0.1913">Press</publisher> (<title prob="0.0953">Leben</title> <title prob="0.0937">in</title> <title prob="0.1097">der</title> <title prob="0.1205">flüchtigen</title> <title prob="0.0974">Moder­</title> <title prob="0.1357">ne</title>. <other prob="0.3181">Frankfurt</other> <other prob="0.1985">am</other> <other prob="0.2083">Main</other>: <publisher prob="0.1553">Suhrkamp</publisher> <year prob="0.1745">2007</year>)
<author><surname prob="0.2381">Bergesen</surname>, <given-names prob="0.293">A.</given-names> <given-names prob="0.1697">J</given-names></author>./ <author><surname prob="0.247">Lizado</surname>, <given-names prob="0.1961">O.</given-names></author> (<year prob="0.2399">2004</year>). <title prob="0.082">Interna­</title> <title prob="0.1442">tional</title> <title prob="0.1386">Terrorism</title> <title prob="0.1214">and</title> <title prob="0.1341">the</title> <title prob="0.1657">World</title> <title prob="0.2203">System</title>. In: <source prob="0.2557">Sociological</source> <source prob="0.2216">Theory</source> <volume prob="0.2162">22</volume> (<issue prob="0.1988">1</issue>), S. <fpage prob="0.2765">38</fpage> - <lpage prob="0.2765">52</lpage>
<author><surname prob="0.1656">Best</surname>, <given-names prob="0.206">S</given-names></author>./ <author><surname prob="0.1561">Kellner</surname>, <given-names prob="0.1962">D.</given-names></author> (<year prob="0.2627">2001</year>). <source prob="0.139">The</source> <source prob="0.1364">Postmodern</source>
<title prob="0.104">Adventure.</title> <title prob="0.0551">Science,</title> <title prob="0.0914">Technology,</title> <title prob="0.0727">and</title> <title prob="0.1087">Cultur-</title> <title prob="0.1064">al</title> <title prob="0.1305">Studies</title> <title prob="0.1041">at</title> <title prob="0.1258">the</title> <title prob="0.1444">Third</title> <title prob="0.1398">Millenium</title>. <other prob="0.2318">London</other>: <publisher prob="0.2984">Routledge</publisher>
<author><surname prob="0.2488">D"Amore</surname>, <given-names prob="0.2665">L.</given-names> <given-names prob="0.1992">J</given-names></author>./ <author><surname prob="0.172">Anunza</surname>, <given-names prob="0.2536">T.</given-names> <given-names prob="0.2379">E.</given-names></author> (<year prob="0.2466">1986</year>). <title prob="0.1008">Interna­</title> <title prob="0.1491">tional</title> <title prob="0.1157">Terrorism:</title> <title prob="0.1056">Implications</title> <title prob="0.1239">and</title> <title prob="0.1311">Challenge</title> <title prob="0.0952">for</title> <title prob="0.1218">Global</title> <title prob="0.1566">Tourism</title>. In: <source prob="0.2105">Business</source> <source prob="0.1765">Quarterly</source>, <other prob="0.1817">November</other>, S. <fpage prob="0.2949">20</fpage> - <lpage prob="0.2949">29</lpage>
<author><surname prob="0.238">Eco</surname>, <given-names prob="0.2936">U.</given-names></author> (<year prob="0.2601">1985</year>). <title prob="0.0866">Über</title> <title prob="0.1502">Gott</title> <title prob="0.1361">und</title> <title prob="0.1168">die</title> <title prob="0.1078">Welt</title>. <other prob="0.1602">Mün</other>­ <other prob="0.1638">chen</other>: <publisher prob="0.222">Hanser</publisher>
<author><surname prob="0.2431">Freedman</surname>, <given-names prob="0.3157">L.</given-names></author> (<year prob="0.28">2007</year>). <title prob="0.1157">Globalization</title> <title prob="0.1641">and</title> <title prob="0.1448">the</title> <title prob="0.1559">War</title> <title prob="0.191">against</title> <title prob="0.2223">Terrorism</title>. In: <editor prob="0.1455">Ankersen</editor>, <editor prob="0.1756">C</editor>./ <editor prob="0.2059">O"Leary</editor>, <editor prob="0.192">M</editor>. (Hg.), <source prob="0.1791">Understanding</source> <source prob="0.1925">Global</source> <source prob="0.1385">Terror</source>. <other prob="0.1877">Cambridge</other>: <publisher prob="0.27">Polity</publisher> <publisher prob="0.1932">Press</publisher>, S. <fpage prob="0.2883">217</fpage> - <lpage prob="0.2883">229</lpage>
<editor prob="0.1329">Freyer</editor>, <editor prob="0.0833">W</editor>./ <editor prob="0.1227">Groß</editor>, <editor prob="0.1625">S</editor>. (Hg.) (<year prob="0.272">2004</year>). <title prob="0.1233">Sicherheit</title> <title prob="0.1194">in</title> <title prob="0.1292">Tourismus</title> <title prob="0.1172">und</title> <title prob="0.1351">Verkehr</title>. <other prob="0.1723">Schutz</other> <other prob="0.1213">vor</other> <other prob="0.1349">Risiken</other>
und <author><surname prob="0.1491">Krisen</surname>. <given-names prob="0.0891">Dresden</given-names></author>: <title prob="0.0952">FIT</title> <title prob="0.1113">-</title> <title prob="0.137">Forschungsin­</title> <title prob="0.1019">stitut</title> <title prob="0.0938">für</title> <title prob="0.0848">Tourismus</title> <given-names prob="0.1488">Gray</given-names>, <author><surname prob="0.2088">C</surname></author>. <author><surname prob="0.1892">H</surname></author>. (<year prob="0.2841">1997</year>). <source prob="0.1405">Postmodern</source> <source prob="0.0839">War</source>: <source prob="0.1238">The</source> <source prob="0.1101">New</source> <source prob="0.2022">Politics</source> <source prob="0.1445">of</source> <source prob="0.1626">Conflict</source>. <other prob="0.2267">London</other>: <publisher prob="0.2994">Routledge</publisher>
<author><surname prob="0.2098">Hammond</surname>, <given-names prob="0.3189">P.</given-names></author> (<year prob="0.2955">2007</year>). <title prob="0.0909">Media,</title> <title prob="0.0997">War</title> <title prob="0.1054">and</title> <title prob="0.1136">Post-</title> <title prob="0.1212">modernity</title>. <other prob="0.2406">London</other>: <publisher prob="0.2915">Routledge</publisher>
<author><surname prob="0.1875">Hall</surname>, <given-names prob="0.3097">C.</given-names> <given-names prob="0.1882">M</given-names></author>./ <author><surname prob="0.2232">O"Sullivan</surname>, <given-names prob="0.2665">V.</given-names></author> (<year prob="0.2516">1996</year>). <title prob="0.0975">Tourism,</title> <title prob="0.1078">Political</title> <title prob="0.1443">Stability</title> <title prob="0.1534">and</title> <title prob="0.1976">Violence</title>. In: <editor prob="0.1217">Pizam</editor>, <editor prob="0.1967">A</editor>./ <editor prob="0.1971">Mansfeld</editor>, <editor prob="0.1739">Y</editor>. (Hg.), <source prob="0.1641">Tourism</source>, <source prob="0.178">Crime</source> <source prob="0.0982">and</source> <source prob="0.147">International</source> <source prob="0.1228">Security</source> <source prob="0.1183">Issues</source>. <other prob="0.1614">Chichester</other> <other prob="0.1591">u</other>. <other prob="0.1777">a</other>.: <publisher prob="0.153">John</publisher> <publisher prob="0.126">Wiley</publisher> <publisher prob="0.1069">&</publisher> <publisher prob="0.1064">Sons</publisher>, S. <page prob="0.308">105-121</page>
<author><surname prob="0.1827">Hassani</surname>, <given-names prob="0.2873">B.</given-names></author> (<year prob="0.2611">2007</year>). <title prob="0.1301">Trauma</title> <title prob="0.1442">and</title> <title prob="0.1088">Terrorism</title>: <publisher prob="0.2225">How</publisher>
<title prob="0.0803">Do</title> <title prob="0.1066">Humans</title> <title prob="0.2015">Respond</title>? In: <editor prob="0.2625">Trappier</editor>, <editor prob="0.276">B</editor>. (Hg.), <source prob="0.1879">Modern</source> <source prob="0.2061">Terrorism</source> <source prob="0.0979">and</source> <source prob="0.1283">Psychological</source> <source prob="0.1039">Trauma</source>. <other prob="0.1964">New</other> <other prob="0.2036">York</other>: <publisher prob="0.1788">Gordian</publisher> <publisher prob="0.1513">Knot</publisher> <publisher prob="0.1412">Books</publisher>, <empty prob="0.22">S. <fpage prob="0.3016">1</fpage> - <lpage prob="0.3016">13</lpage>
<author><surname prob="0.1742">Hutchinson</surname>, <given-names prob="0.254">E</given-names></author>./ <author><surname prob="0.1343">Bleiker</surname>, <given-names prob="0.1473">R.</given-names></author> (<year prob="0.2594">2008</year>). <other prob="0.1632">Emotions</other>
<title prob="0.0824">in</title> <title prob="0.0892">the</title> <title prob="0.1732">War</title> <title prob="0.1884">on</title> <title prob="0.2021">Terror</title>. In: <editor prob="0.1353">Bellamy</editor>, <editor prob="0.1208">A</editor>. <editor prob="0.0854">J</editor>./
<author><surname prob="0.1685">Bleiker</surname>, <given-names prob="0.2396">R</given-names></author>./ <author><surname prob="0.1795">Davies</surname></author>, S. <editor prob="0.1245">E</editor>./ <editor prob="0.1638">Devetak</editor>, <editor prob="0.167">R</editor>. (Hg.), <title prob="0.1052">Security</title> <title prob="0.0942">and</title> <title prob="0.1139">the</title> <title prob="0.1268">War</title> <title prob="0.1302">on</title> <title prob="0.1535">Terror</title>. <other prob="0.2249">London</other>, <other prob="0.1511">New</other> <other prob="0.2207">York</other>: <publisher prob="0.2145">Routledge</publisher>, S. <fpage prob="0.3018">57</fpage> - <lpage prob="0.3018">70</lpage>
<author><surname prob="0.1889">Laqueur</surname>, <given-names prob="0.2908">W.</given-names></author> (<year prob="0.2898">1996</year>). <title prob="0.1446">Postmodern</title> <title prob="0.2747">Terrorism</title>. In: <source prob="0.2135">Foreign</source> <source prob="0.177">Affairs</source> <volume prob="0.1736">75</volume>, S. <fpage prob="0.1691">24</fpage>
<author><surname prob="0.1859">MacCannell</surname>, <given-names prob="0.2876">D.</given-names></author> (<year prob="0.2455">1992</year>). <source prob="0.1205">Empty</source> <source prob="0.131">Meeting</source>
<title prob="0.0891">Grounds.</title> <title prob="0.0479">The</title> <title prob="0.1343">Tourist</title> <title prob="0.1519">Papers</title>. <other prob="0.2257">London</other>: <publisher prob="0.183">Rout</publisher>­ <publisher prob="0.1204">ledge</publisher>
<author><surname prob="0.2172">Mihalic</surname>, <given-names prob="0.3727">T.</given-names></author> (<year prob="0.263">1996</year>). <title prob="0.1113">Tourism</title> <title prob="0.1665">and</title> <title prob="0.132">Warfare</title> <title prob="0.1108">-</title> <title prob="0.1377">the</title> <title prob="0.1154">Case</title> <title prob="0.1614">of</title> <title prob="0.222">Slovenia</title>. In: <editor prob="0.1267">Pizam</editor>, <editor prob="0.1963">A</editor>./ <editor prob="0.195">Mansfeld</editor>, <editor prob="0.1724">Y</editor>. (Hg.), <source prob="0.1701">Tourism</source>, <source prob="0.1841">Crime</source> <source prob="0.1025">and</source> <source prob="0.1531">International</source> <source prob="0.1286">Security</source> <source prob="0.1241">Issues</source>. <other prob="0.1666">Chichester</other> <other prob="0.165">u</other>. <other prob="0.1858">a</other>.: <publisher prob="0.184">John</publisher> <publisher prob="0.1625">Wiley</publisher>
<author><surname prob="0.1741">Sons</surname>, <given-names prob="0.1723">S.</given-names></author> <fpage prob="0.3034">231</fpage> - <lpage prob="0.3034">246</lpage>
<author><surname prob="0.1597">Pedahzur</surname>, <given-names prob="0.2309">A</given-names></author>./ <author><surname prob="0.1202">Perliger</surname>, <given-names prob="0.1725">A</given-names></author>./ <author><surname prob="0.1337">Bialsky</surname>, <given-names prob="0.2163">A.</given-names></author> (<year prob="0.2571">2007</year>). <title prob="0.0948">Explaining</title> <title prob="0.1848">Suiciae</title> <title prob="0.2084">Terrorism</title>. In: <editor prob="0.1454">Ankersen</editor>, <editor prob="0.1757">C</editor>./ <editor prob="0.2059">O"Leary</editor>, <editor prob="0.1914">M</editor>. (Hg.), <source prob="0.1938">Understanding</source> <source prob="0.1524">Glob</source>­ <source prob="0.1146">al</source> <source prob="0.1346">Terror</source>. <other prob="0.1846">Cambridge</other>: <publisher prob="0.2691">Polity</publisher> <publisher prob="0.1922">Press</publisher>, S. <fpage prob="0.2892">37</fpage> - <lpage prob="0.2892">56</lpage>
<author><surname prob="0.232">Richter</surname>, <given-names prob="0.3048">L.</given-names> <given-names prob="0.1879">K</given-names></author>./ <author><surname prob="0.1651">Waugh</surname>, <given-names prob="0.1777">W.</given-names> <given-names prob="0.1632">L.</given-names></author> <author><surname prob="0.1216">Jr</surname></author>. (<year prob="0.2306">1986</year>). <title prob="0.0864">Terror­</title> <title prob="0.1307">ism</title> <title prob="0.1071">and</title> <title prob="0.1124">Tourism</title> <title prob="0.1065">as</title> <title prob="0.1359">Logical</title> <title prob="0.1514">Companions</title>. In: <source prob="0.3094">Tourism</source> <source prob="0.2915">Management</source> <volume prob="0.2441">7</volume> (<issue prob="0.1929">4</issue>), S. <fpage prob="0.2733">230</fpage> - <lpage prob="0.2733">238</lpage>
<author><surname prob="0.252">Sageman</surname>, <given-names prob="0.2987">M.</given-names></author> (<year prob="0.2861">2004</year>). <title prob="0.1152">Understanding</title> <title prob="0.1703">Terrorist</title> <title prob="0.1638">Networks</title>. <other prob="0.202">Philadelphia</other>: <publisher prob="0.2698">University</publisher> <publisher prob="0.1436">of</publisher> <publisher prob="0.1735">Penn</publisher>­
sylvania <author><surname prob="0.1405">Press</surname> <given-names prob="0.2829">Savitch</given-names></author>, <author><surname prob="0.2515">H</surname></author>. <author><surname prob="0.2203">V</surname></author>. (<year prob="0.2258">2008</year>). <title prob="0.1148">Cities</title> <title prob="0.1469">in</title> <title prob="0.122">aTime</title> <title prob="0.1129">of</title> <title prob="0.1096">Ter­</title> <title prob="0.1311">ror.</title> <title prob="0.0645">Space,</title> <title prob="0.074">Territory,</title> <title prob="0.0668">and</title> <title prob="0.092">Local</title> <title prob="0.142">Resilience</title>. <other prob="0.157">Armonk</other>, <other prob="0.1573">NY</other>: <publisher prob="0.1625">M.E</publisher>. <publisher prob="0.2174">Sharpe</publisher>
<author><surname prob="0.2066">Seidler</surname>, <given-names prob="0.3266">V.</given-names> <given-names prob="0.22">J.</given-names></author> (<year prob="0.2953">2007</year>). <title prob="0.0786">Urban</title> <title prob="0.1454">Fears</title> <title prob="0.1312">and</title> <title prob="0.1148">Global</title> <title prob="0.1346">Terrors.</title> <title prob="0.0694">Citizenship,</title> <title prob="0.0686">Multicultures</title> <title prob="0.0819">and</title> <title prob="0.1106">Be-</title> <title prob="0.0872">longings</title> <title prob="0.0827">after</title> <title prob="0.0793">7/7</title>. <other prob="0.2035">London</other>: <publisher prob="0.3072">Routledge</publisher>
<author><surname prob="0.1794">Smith</surname>, <given-names prob="0.3616">V.</given-names> <given-names prob="0.2239">L.</given-names></author> (<year prob="0.2886">1996</year>). <title prob="0.1192">War</title> <title prob="0.1713">and</title> <title prob="0.1213">Its</title> <title prob="0.1085">Tourist</title> <title prob="0.1427">At-</title> <title prob="0.1864">tractions</title>. In: <editor prob="0.1215">Pizam</editor>, <editor prob="0.1969">A</editor>./ <editor prob="0.1976">Mansfeld</editor>, <editor prob="0.1742">Y</editor>. (Hg.), <source prob="0.1628">Tourism</source>, <source prob="0.1768">Crime</source> <source prob="0.0975">and</source> <source prob="0.1461">International</source> <source prob="0.1221">Security</source> <source prob="0.1177">Issues</source>. <other prob="0.161">Chichester</other> <other prob="0.1587">u</other>. <other prob="0.1774">a</other>.: <publisher prob="0.1526">John</publisher> <publisher prob="0.1256">Wiley</publisher> <publisher prob="0.1067">&</publisher> <publisher prob="0.1063">Sons</publisher>, S. <page prob="0.308">247-264</page>
<editor prob="0.2588">Trappier</editor>, <editor prob="0.1993">B</editor>. (Hg.) (<year prob="0.3136">2007</year>). <title prob="0.1026">Modern</title> <title prob="0.1704">Terrorism</title> <title prob="0.1333">and</title> <title prob="0.1344">Psychological</title> <title prob="0.1759">Trauma</title>. <other prob="0.2039">New</other> <other prob="0.2053">York</other>: <publisher prob="0.1827">Gord</publisher>­ <publisher prob="0.1242">ian</publisher> <publisher prob="0.1237">Knot</publisher> <publisher prob="0.185">Books</publisher>
<author><surname prob="0.2361">Vester</surname>, <given-names prob="0.3736">H.-G</given-names></author>. (<year prob="0.2702">1993</year>). <title prob="0.1141">Soziologie</title> <title prob="0.1652">der</title> <title prob="0.1731">Postmo­</title> <title prob="0.1353">derne</title>. <other prob="0.1766">München</other>: <publisher prob="0.2537">Quintessenz</publisher>
<author><surname prob="0.2462">Vester</surname>, <given-names prob="0.3648">H.-G</given-names></author>. (<year prob="0.2864">1999</year>). <title prob="0.1293">Tourismustheorie.</title> <title prob="0.0936">Sozi­</title> <title prob="0.106">ologische</title> <title prob="0.1151">Wegweiser</title> <title prob="0.1121">zum</title> <title prob="0.1215">Verständnis</title> <title prob="0.1053">touri­</title> <title prob="0.1125">stischer</title> <title prob="0.1809">Phänomene</title>. <other prob="0.1471">München</other>, <other prob="0.1903">Wien</other>: <publisher prob="0.2693">Profil</publisher>
<author><surname prob="0.3165">Vester</surname>, <given-names prob="0.3346">H.-G</given-names></author>. (<year prob="0.2454">2004</year>). <title prob="0.1069">Tourismus</title> <title prob="0.16">und</title> <title prob="0.1192">Terro­</title> <title prob="0.1506">rismus</title> <title prob="0.1079">in</title> <title prob="0.1073">Äypten.</title> <title prob="0.0634">Die</title> <title prob="0.1394">Entwicklung</title> <title prob="0.114">in</title> <title prob="0.1047">der</title> <title prob="0.112">letzten</title> <title prob="0.1104">Dekade</title> <title prob="0.0912">des</title> <title prob="0.1186">20.</title> <title prob="0.0966">Jahrhunderts</title>. In: <editor prob="0.1159">Lu-</editor> <editor prob="0.1182">ger</editor>, <editor prob="0.1213">K</editor>./ <editor prob="0.1069">Baumgartner</editor>, <editor prob="0.1073">C</editor>./ <editor prob="0.1398">Wöhler</editor>, <editor prob="0.1558">K</editor>. (Hg.), <source prob="0.2263">Ferntourismus</source> <source prob="0.1503">wohin</source>? <source prob="0.0982">Der</source> <source prob="0.0904">globale</source> <source prob="0.101">Touris</source>­
<title prob="0.0733">mus</title> <title prob="0.0926">erobert</title> <title prob="0.1338">den</title> <title prob="0.1626">Horizont</title>. <other prob="0.1667">Innsbruck</other> <other prob="0.146">u</other>. <other prob="0.1634">a</other>.: <publisher prob="0.1709">StudienVerlag</publisher>, S. <fpage prob="0.2812">287</fpage> - <lpage prob="0.2812">295</lpage>
<author><surname prob="0.2112">Wall</surname>, <given-names prob="0.3827">G.</given-names></author> (<year prob="0.2631">1996</year>). <title prob="0.1546">Terrorism</title> <title prob="0.1614">and</title> <title prob="0.1157">Tourism:</title> <title prob="0.1186">an</title> <title prob="0.1621">OverView</title> <title prob="0.1313">and</title> <title prob="0.137">an</title> <title prob="0.158">Irish</title> <title prob="0.2032">Example</title>. <empty prob="0.324">In: <editor prob="0.1196">Pizam</editor>, <editor prob="0.196">A</editor>./ <editor prob="0.1965">Mansfeld</editor>, <editor prob="0.1736">Y</editor>. (Hg.), <source prob="0.1653">Tourism</source>, <source prob="0.1791">Crime</source> <source prob="0.0989">and</source> <source prob="0.1479">International</source> <source prob="0.1235">Security</source> <source prob="0.1189">Issues</source>. <other prob="0.1618">Chichester</other> <other prob="0.1594">u</other>. <other prob="0.178">a</other>.: <publisher prob="0.1534">John</publisher> <publisher prob="0.1263">Wiley</publisher> <publisher prob="0.107">&</publisher> <publisher prob="0.1066">Sons</publisher>, S. <page prob="0.308">143-158</page>
<author><surname prob="0.1993">Wallace</surname>, <given-names prob="0.2984">W.</given-names></author> (<year prob="0.3038">2007</year>). <title prob="0.114">Europe</title> <title prob="0.1675">and</title> <title prob="0.1474">the</title> <title prob="0.1508">War</title> <title prob="0.175">on</title> <title prob="0.2001">Terror</title>. In: <editor prob="0.1394">Ankersen</editor>, <editor prob="0.1746">C</editor>./ <editor prob="0.2057">O"Leary</editor>, <editor prob="0.192">M</editor>. (Hg.), <source prob="0.1791">Understanding</source> <source prob="0.1925">Global</source> <source prob="0.1385">Terror</source>. <other prob="0.1877">Cambridge</other>: <publisher prob="0.2698">Polity</publisher> <publisher prob="0.1916">Press</publisher>, S. <fpage prob="0.2892">83</fpage> - <lpage prob="0.2892">94</lpage>
<author><surname prob="0.2478">Wernick</surname>, <given-names prob="0.3865">A.</given-names></author> (<year prob="0.2838">1991</year>). <title prob="0.1114">Promotional</title> <title prob="0.2067">Culture.</title> <title prob="0.0653">Ad-</title> <title prob="0.1125">vertising,</title> <title prob="0.0838">Ideology</title> <title prob="0.1132">and</title> <title prob="0.1338">Symbolic</title> <title prob="0.1267">Expression</title>. <other prob="0.2222">London</other>: <publisher prob="0.2325">Sage</publisher> <publisher prob="0.102">Tourismus</publisher> <publisher prob="0.0924">und</publisher> <publisher prob="0.1195">Terrorismus</publisher> <publisher prob="0.0979">aus</publisher> <publisher prob="0.0984">ökonomischer</publisher> <publisher prob="0.1214">Sicht</publisher>
<editor prob="0.121">Bruno</editor> <editor prob="0.1419">S</editor>. <editor prob="0.1254">Frey</editor> & <other prob="0.1195">Simon</other> <other prob="0.1017">Lüchinger</other> <other prob="0.1494">Zusammenfassung</other>:
