<author><surname prob="0.1189">Lit</surname>.: <surname prob="0.1514">Bartels</surname>, <given-names prob="0.2184">D</given-names></author>.: <source prob="0.0905">Türkische</source> <source prob="0.1444">Gastarbeiter</source> <source prob="0.1181">aus</source> <source prob="0.1078">der</source> Re­
<author><surname prob="0.0977">gion</surname> <given-names prob="0.1414">Izmir</given-names></author>. <given-names prob="0.1002">Erdkunde</given-names>, <year prob="0.2051">1968</year>, S. <fpage prob="0.3462">313</fpage> - <lpage prob="0.3462">324</lpage>. - <given-names prob="0.1197">Borris</given-names>, <author><surname prob="0.2539">M</surname></author>.: <year prob="0.064">Ausländische</year> <title prob="0.1063">Arbeiter</title> <title prob="0.1103">in</title> <title prob="0.1179">einer</title> <title prob="0.1264">Großstadt</title>. <other prob="0.2436">Frankfurt</other>/
<author><surname prob="0.1395">Main</surname> <year prob="0.1881">1973</year>. - <given-names prob="0.1483">Geiger</given-names></author>, <author><surname prob="0.2723">F</surname>.: <given-names prob="0.064">Zur</given-names></author> <title prob="0.0897">Konzentration</title> <title prob="0.1008">von</title> <title prob="0.079">Gast­</title> <title prob="0.1316">arbeitern</title> <title prob="0.1247">in</title> <title prob="0.1151">alten</title> <title prob="0.1338">Dorfkernen</title>. <other prob="0.1319">Geogr</other>. <other prob="0.1456">Rundschau</other>,
S. <fpage prob="0.2908">61</fpage> - <lpage prob="0.2908">71</lpage>. - <author><surname prob="0.1349">Puls</surname>, <given-names prob="0.2172">W.</given-names> <given-names prob="0.1307">W</given-names></author>.: <source prob="0.1377">Gastarbeiter</source> <other prob="0.1368">oder</other> <other prob="0.1295">Ein</other>­
<author><surname prob="0.0913">wanderer</surname>. <given-names prob="0.1609">Geogr</given-names></author>. <author><surname prob="0.1114">Rundschau</surname></author>, <year prob="0.2384">1975</year>, S. <fpage prob="0.2725">49</fpage> - <lpage prob="0.2725">60</lpage>. - <editor prob="0.133">Schret-</editor> <editor prob="0.0841">tenbrunner</editor>, <editor prob="0.0943">H</editor>.: <editor prob="0.0614">Gastarbeiter</editor>. <other prob="0.1398">Frankfurt/Main</other> <year prob="0.1611">1976</year>. - <editor prob="0.2075">Stadt</editor> <editor prob="0.2289">Kiel</editor> (Hrsg.): <source prob="0.2488">Ausländer</source> <source prob="0.1798">in</source> <source prob="0.1125">Kiel</source>. <source prob="0.1226">Statistische</source> <source prob="0.099">Be</source>­
<source prob="0.1327">richte</source>, Nr. <volume prob="0.1449">89</volume>, <other prob="0.1274">Kiel</other> <year prob="0.1564">1978</year>. - <editor prob="0.1649">dito</editor> (Hrsg.): <source prob="0.1878">Ausländer</source>
<source prob="0.1386">Statistische</source> <source prob="0.2327">Berichte</source>, Nr. <volume prob="0.1631">94</volume>, <other prob="0.1354">Kiel</other> <year prob="0.1448">1979</year>. - <other prob="0.1435">dito</other>
<editor prob="0.1798">Hrsg</editor>.): <source prob="0.1975">Statistische</source> <source prob="0.2074">Informationen</source>. Nr. <volume prob="0.175">52</volume>, <author><surname prob="0.1332">Kiel</surname> <year prob="0.1697">1980</year>. - <given-names prob="0.1338">Thissen</given-names></author>, <author><surname prob="0.2359">G</surname></author>.: <source prob="0.1042">Ausländer</source> <source prob="0.0984">in</source> <source prob="0.1035">Schleswig-Holstein</source>. <source prob="0.1037">Statisti</source>­ <source prob="0.1123">sche</source> <source prob="0.1598">Monatshefte</source> <source prob="0.1545">Schleswig-Holstein</source>. <volume prob="0.2158">32</volume>. <other prob="0.1607">Jg</other>., H. <issue prob="0.2143">6</issue>,
<author><surname prob="0.1377">Kiel</surname> <year prob="0.2437">1980</year>, S. <page prob="0.336">117-124</page>. - <given-names prob="0.1841">Toepfer</given-names></author>, <author><surname prob="0.2095">H</surname>. u. <surname prob="0.2266">V</surname>. <given-names prob="0.1271">Suicmez</given-names></author>: <title prob="0.0677">Sek­</title> <title prob="0.1031">torale</title> <title prob="0.1113">und</title> <title prob="0.0986">regionale</title> <title prob="0.0907">Mobilität</title> <title prob="0.0956">von</title> <title prob="0.1182">Rückwanderern</title> <title prob="0.1001">in</title> <title prob="0.1085">die</title> <title prob="0.1362">Türkei.</title> <title prob="0.0731">Ein</title> <title prob="0.0966">Beispiel</title> <title prob="0.1124">aus</title> <title prob="0.1126">der</title> <title prob="0.1266">Provinz</title> <title prob="0.0658">Trabzon</title>.
<author><surname prob="0.1348">Orient</surname>, <year prob="0.2512">1979</year>, S. <page prob="0.335">92-107</page>. - <surname prob="0.1682">Wiebe</surname>, <given-names prob="0.2677">D</given-names></author>.: <title prob="0.0686">Zur</title> <title prob="0.0899">angewandten</title> <title prob="0.1581">Kriminalgeogr.</title> <title prob="0.0778">der</title> <title prob="0.1443">Ballungsgebiete.</title> <title prob="0.0633">Stadtgeogr.</title> <title prob="0.0455">Ana­</title> <title prob="0.0967">lyse</title> <title prob="0.1079">subkultureller</title> <title prob="0.0978">Phänomene</title>. <volume prob="0.1455">41</volume>. <other prob="0.1111">Deutscher</other> <other prob="0.1877">Geo</other>­
<author><surname prob="0.0959">graphentag</surname> <given-names prob="0.2063">Mainz</given-names></author>, <title prob="0.0899">Tagungsbericht</title> <title prob="0.1366">und</title> <title prob="0.1193">wiss.</title> <title prob="0.0694">Abhand­</title> <title prob="0.0915">lungen</title>, <year prob="0.2039">1978</year>, S. <fpage prob="0.3191">207</fpage> - <lpage prob="0.3191">227</lpage>.
<author><surname prob="0.1349">chen</surname> <given-names prob="0.1167">Erdhügeln</given-names></author> <title prob="0.1383">aus</title> <title prob="0.146">Kleiboden,</title> <title prob="0.0977">den</title> <title prob="0.1029">sogenann­</title> <title prob="0.0918">ten</title> <title prob="0.1114">"Warften”</title> <title prob="0.1365">(von</title> <title prob="0.1308">dem</title> <title prob="0.0943">Wort</title> <title prob="0.107">"aufwerfen”)</title> <title prob="0.095">ange­</title> <title prob="0.1147">legt.</title> <title prob="0.0612">Die</title> <title prob="0.0999">Warften</title> <title prob="0.1309">erheben</title> <title prob="0.1113">sich</title> <title prob="0.098">rund</title> <title prob="0.0933">5</title> <title prob="0.071">m</title> <title prob="0.1079">über</title> <title prob="0.1227">NN,</title> <title prob="0.0696">sind</title> <title prob="0.0805">aber</title> <title prob="0.0935">nach</title> <title prob="0.0952">den</title> <title prob="0.107">Erfahrungen</title> <title prob="0.0943">der</title> <title prob="0.0994">Sturm­</title> <title prob="0.099">fluten</title> <title prob="0.0898">1953,</title> <title prob="0.0964">1962</title> <title prob="0.0953">und</title> <title prob="0.1194">1976</title> <title prob="0.0968">nicht</title> <title prob="0.0998">alle</title> <title prob="0.0803">fest</title> <title prob="0.094">und</title> <other prob="0.1535">hoch</other> <other prob="0.1148">genug</other>; <publisher prob="0.137">sie</publisher> <publisher prob="0.1077">müssen</publisher> <publisher prob="0.1124">noch</publisher> <publisher prob="0.11">verstärkt</publisher> <other prob="0.156">werden</other>.
<title prob="0.0786">Die</title> <title prob="0.0823">Wirtschaftsweise</title> <title prob="0.1582">der</title> <title prob="0.1637">Einwohner</title> <title prob="0.1269">ist</title> <title prob="0.1229">diffe­</title> <title prob="0.1488">renziert.</title> <title prob="0.0607">Sylt,</title> <title prob="0.0693">Amrun</title> <title prob="0.0977">und</title> <title prob="0.1073">Föhr</title> <title prob="0.0923">leben</title> <title prob="0.1078">heute</title> <title prob="0.117">weitgehend</title> <title prob="0.0862">vom</title> <title prob="0.1076">Fremdenverkehr</title>. <source prob="0.1183">Die</source> <source prob="0.1001">Land</source>­ <source prob="0.1098">wirtschaft</source> (<source prob="0.1009">meist</source> <source prob="0.1348">Weidewirtschaft</source> <source prob="0.1235">wegen</source> <source prob="0.1128">des</source> <source prob="0.0863">re</source>­ <source prob="0.1061">lativ</source> <source prob="0.1036">unfruchtbaren</source> <source prob="0.1179">Geestbodens</source>) <source prob="0.112">hat</source> <source prob="0.1305">nur</source> <other prob="0.1552">eine</other>
<title prob="0.0728">ßige</title> <title prob="0.0793">Salzwasserüberflutungen</title> <title prob="0.1327">keinen</title> <title prob="0.1226">Anbau</title> <title prob="0.12">von</title> <title prob="0.1172">Getreide</title> <title prob="0.1038">oder</title> <title prob="0.0986">Feldfrüchten</title> <title prob="0.0906">zulassen</title> <title prob="0.0941">(z.B.</title> <title prob="0.0748">wird</title> <title prob="0.0958">Hallig</title> <title prob="0.1152">Gröde</title> <title prob="0.0993">etwa</title> <title prob="0.1078">20</title> <title prob="0.0825">mal,</title> <title prob="0.0629">Langeneß</title> <title prob="0.0947">ca.</title> <title prob="0.0512">7</title> <title prob="0.0572">-</title> <title prob="0.0916">8</title> <title prob="0.0657">mal</title> <title prob="0.0846">im</title> <title prob="0.0977">Jahr</title> <title prob="0.1232">überflutet</title>). <source prob="0.1211">Versuchsfelder</source> <source prob="0.1226">mit</source>
<author><surname prob="0.1954">Hafer</surname></author>, <author><surname prob="0.1513">Gerste</surname></author>, <title prob="0.079">Rüben</title> <title prob="0.1041">und</title> <title prob="0.1175">Kartoffeln</title> <title prob="0.0981">auf</title> <title prob="0.0842">de</title> <title prob="0.0803">Hal­</title> <title prob="0.1226">lig</title> <title prob="0.1104">Hooge</title> <title prob="0.104">1933</title> <title prob="0.0822">-</title> <title prob="0.1194">41</title> <url prob="0.114">scheiterten.</url>
<title prob="0.0825">Eine</title> <title prob="0.0913">Zwischenstellung</title> <title prob="0.1289">nimmt</title> <title prob="0.1379">die</title> <title prob="0.104">Insel</title> <title prob="0.1219">Pell­</title> <title prob="0.1016">worm</title> <title prob="0.124">ein.</title> <title prob="0.0599">Der</title> <title prob="0.1102">Hauptanteil</title> <title prob="0.1043">der</title> <title prob="0.13">Erwerbstätigen</title> <title prob="0.0961">lebt</title> <title prob="0.1131">von</title> <title prob="0.1031">der</title> <title prob="0.1254">Landwirtschaft</title> <title prob="0.076">(rd</title>. <source prob="0.091">50</source>%), <source prob="0.0842">während</source> <source prob="0.0711">40</source>% <source prob="0.094">im</source> <source prob="0.092">tertiären</source> <source prob="0.088">Wirtschaftssektor</source> (<source prob="0.1126">vorwiegend</source> <source prob="0.1442">Fremdenverkehr</source> <source prob="0.1206">und</source> <source prob="0.101">Versorgungsbetriebe</source>) <source prob="0.08">be</source>­ <source prob="0.1114">schäftigt</source> <other prob="0.1462">sind</other>.
<author><surname prob="0.1335">Allen</surname> <given-names prob="0.1473">Inseln</given-names></author> <title prob="0.1501">bzw.</title> <title prob="0.0874">Halligen</title> <title prob="0.1186">ist</title> <title prob="0.1459">gemeinsam,</title> <title prob="0.0776">daß</title> <title prob="0.1077">der</title> <title prob="0.1224">geringste</title> <title prob="0.1087">Teil</title> <title prob="0.1124">der</title> <title prob="0.1476">Erwerbstätigen</title> <title prob="0.1107">im</title> <title prob="0.1069">sekun­</title> <title prob="0.0871">dären</title> <title prob="0.1092">Wirtschaftssektor</title> <title prob="0.1009">(Handwerk</title>, <other prob="0.171">Industrie</other>) <other prob="0.1099">arbeitet</other>; <other prob="0.1311">dies</other> <other prob="0.0985">hängt</other> <other prob="0.2422">u.a</other>. <source prob="0.1187">mit</source> <source prob="0.1181">der</source> <source prob="0.1295">speziellen</source> <source prob="0.0829">Pro</source>­ <source prob="0.1112">blematik</source> <source prob="0.106">der</source> <source prob="0.095">Insellage</source> (<source prob="0.1068">erhöhte</source> <source prob="0.1246">Betriebskosten</source>!) <source prob="0.1094">zusammen</source>.
c) <title prob="0.0742">Schließlich</title> <title prob="0.1074">sind</title> <title prob="0.1073">Inseln</title> <title prob="0.1053">Anziehungspunkte</title> <title prob="0.1095">für</title> <title prob="0.1029">den</title> <title prob="0.1233">Tourismus.</title> <title prob="0.0693">Neben</title> <title prob="0.0856">dem</title> <title prob="0.0993">Abwechs­</title> <title prob="0.0969">lungsreichtum</title> <title prob="0.0933">der</title> <title prob="0.1015">Landschaft</title> <title prob="0.0837">spielt</title> <title prob="0.1028">das</title> <other prob="0.1207">günsti</other>­
<title prob="0.0625">kraft</title> <title prob="0.0652">bei</title> <title prob="0.1145">vielerlei</title> <title prob="0.1496">Erkrankungen</title> <title prob="0.1226">nachgewiesen</title> <title prob="0.1218">ist.</title> <title prob="0.0562">Auch</title> <title prob="0.0799">ist</title> <title prob="0.0979">die</title> <title prob="0.0878">Zahl</title> <title prob="0.1178">der</title> <title prob="0.1115">Sonnentage</title> <title prob="0.0791">hier</title> <title prob="0.0839">we­</title> <title prob="0.1092">sentlich</title> <title prob="0.1012">höher</title> <title prob="0.0861">als</title> <title prob="0.119">auf</title> <title prob="0.0914">dem</title> <title prob="0.1037">Festland</title>. <source prob="0.0932">Sylt</source>, <source prob="0.1253">Amrun</source> <source prob="0.1127">und</source> <source prob="0.1136">Föhr</source> <source prob="0.1127">entwickelten</source> <other prob="0.1644">sich</other> <other prob="0.1534">zu</other>
<author><surname prob="0.112">viele</surname> <given-names prob="0.102">Arbeitsplätze</given-names></author> <title prob="0.0913">für</title> <title prob="0.1169">die</title> <title prob="0.104">einheimische</title> <other prob="0.1455">Bevöl-</other>
