<author><surname prob="0.1525">Leitner</surname>, <given-names prob="0.1919">Wilhelm</given-names></author>: <title prob="0.0954">Morphographische</title> <title prob="0.1306">Karte</title> <title prob="0.136">der</title> <title prob="0.1915">Steiermark</title>. (Manuskr. <year prob="0.1601">1953</year>). <volume prob="0.1926">1</volume>: <fpage prob="0.1511">300</fpage> <issue prob="0.1221">000</issue>. <other prob="0.1312">Leitner</other>,
<title prob="0.0793">Wilh.:</title> <title prob="0.0409">Die</title> <title prob="0.1083">Flurformen</title> <title prob="0.1228">der</title> <title prob="0.1316">Steiermark</title> (<other prob="0.1469">Steiermark-</other>
<source prob="0.1042">Atlas</source>, <volume prob="0.1724">1</volume>: 300 <issue prob="0.1454">000</issue>, <year prob="0.1811">1953</year>). <author><surname prob="0.1306">Leitner</surname></author>, <title prob="0.0823">Wilh.:</title> <title prob="0.0589">Die</title> <title prob="0.1115">Vertei­</title> <title prob="0.1429">lung</title> <title prob="0.1158">der</title> <title prob="0.1344">Bevölkerung</title> <title prob="0.1204">nach</title> <title prob="0.1179">natürlichen</title> <title prob="0.1027">Landschaf­</title> <title prob="0.1248">ten</title> <title prob="0.1261">in</title> <title prob="0.1512">der</title> <title prob="0.1795">Steiermark.</title> <title prob="0.077">Mitt</title>. d. Gg. <source prob="0.1602">Ges</source>. <source prob="0.1244">Wien</source>, <empty prob="0.26">Bd. <volume prob="0.2367">101</volume>, <year prob="0.2324">1959</year>). <other prob="0.1253">Leitner</other>, <other prob="0.1603">Wilhelm</other>: <source prob="0.0941">Die</source> <source prob="0.1018">Landbau</source>­ <source prob="0.1299">zonen</source> <source prob="0.1036">der</source> <source prob="0.126">Steiermark</source> (<source prob="0.1296">Steiermark-Atlas</source> <volume prob="0.1686">1</volume>: 500 <issue prob="0.1581">000</issue>, <year prob="0.1906">1963</year>). <other prob="0.1378">Leitner</other>, <other prob="0.1805">Wilhelm</other>: <source prob="0.1167">Die</source> <source prob="0.1025">vorherrschende</source> <source prob="0.1164">Ge</source>­ <source prob="0.1242">treideart</source> <source prob="0.1278">der</source> <source prob="0.1237">Steiermark</source>. (<source prob="0.1161">Steiermark-Atlas</source>, <volume prob="0.1945">1</volume>: <fpage prob="0.1515">500</fpage> <issue prob="0.1399">000</issue>, <other prob="0.1301">1963</other>).
<title prob="0.0846">Wellerdölförderung</title> <title prob="0.0895">im</title> <title prob="0.1289">Jahre</title> <title prob="0.1074">1962</title> <title prob="0.1168">Die</title> <title prob="0.146">Kurve</title> <title prob="0.1487">der</title> <title prob="0.1462">Welterdölförderung</title> <title prob="0.0954">ist</title> <title prob="0.1003">im­</title> <title prob="0.1074">mer</title> <title prob="0.1334">noch</title> <title prob="0.1097">im</title> <title prob="0.1166">Anstieg</title> <title prob="0.1106">begriffen,</title> <title prob="0.0706">und</title> <title prob="0.0801">es</title> <title prob="0.0867">hat</title> <title prob="0.1022">den</title> <title prob="0.1165">Anschein,</title> <title prob="0.0643">als</title> <title prob="0.0919">ob</title> <title prob="0.1028">diese</title> <title prob="0.1037">Aufwärtsentwick­</title> <title prob="0.0958">lung</title> <title prob="0.0985">auch</title> <title prob="0.0856">im</title> <title prob="0.09">Laufe</title> <title prob="0.0947">der</title> <title prob="0.095">kommenden</title> <author><surname prob="0.1003">Jahr</surname></author>­
<title prob="0.0723">Tabelle</title> <title prob="0.058">kann</title> <title prob="0.1279">die</title> <title prob="0.1471">Entwicklung</title> <title prob="0.1313">der</title> <title prob="0.1004">Erdöl­</title> <title prob="0.1112">förderung</title> <title prob="0.1048">auf</title> <title prob="0.0986">der</title> <title prob="0.1211">Erde</title> <title prob="0.1123">ersehen</title> <other prob="0.1906">werden</other>:
<title prob="0.0788">Die</title> <title prob="0.0848">Welterdölförderung</title> <title prob="0.1492">betrug</title> <title prob="0.1405">also</title> <title prob="0.1397">im</title> <title prob="0.12">Jahre</title> <title prob="0.0867">1962:</title> <title prob="0.1147">1</title> <title prob="0.071">211</title> <title prob="0.0806">Mill</title>. <other prob="0.1508">Tonnen</other>, <other prob="0.1939">d.s</other>. <volume prob="0.1693">92</volume> <other prob="0.1338">Mill</other>.
<source prob="0.1519">Tonnen</source> <source prob="0.0984">oder</source> 8 v. <editor prob="0.1194">H</editor>. <editor prob="0.0945">mehr</editor> <other prob="0.1608">als</other> <other prob="0.1287">im</other> <other prob="0.1414">Vorjahr</other>
<author><surname prob="0.1411">Mill</surname>. <given-names prob="0.1262">Tonnen</given-names></author>). <author><given-names prob="0.1166">Knapp</given-names></author> <title prob="0.1103">ein</title> <title prob="0.1224">Drittel</title> <title prob="0.1127">der</title> <title prob="0.1325">Mehrförderung</title> <title prob="0.0938">stammt</title> <title prob="0.1059">aus</title> <title prob="0.0856">den</title> "Ölfel­
<title prob="0.0702">Der</title> <title prob="0.0702">junge</title> <title prob="0.1289">Ölkontinent</title> <title prob="0.1431">Afrika</title> <title prob="0.1344">steigerte</title> <title prob="0.1272">seine</title> <title prob="0.1399">Förderung</title> <title prob="0.1249">um</title> <title prob="0.1042">70</title> <empty prob="0.201">v. <author><surname prob="0.2199">H</surname></author>. <title prob="0.0842">Die</title> <title prob="0.1157">afrikanische</title> <title prob="0.1353">Wirtschaft</title> <title prob="0.0993">basiert</title> <title prob="0.0974">heute</title> <title prob="0.1102">nicht</title> <title prob="0.0971">mehr</title> <title prob="0.1035">aus­</title> <title prob="0.1137">schließlich</title> <title prob="0.1021">auf</title> <title prob="0.102">der</title> <title prob="0.1141">Ernte</title> <title prob="0.1109">von</title> <title prob="0.1042">Bananen,</title> <title prob="0.0624">Kaf­</title> <title prob="0.0808">fee</title> <title prob="0.1111">oder</title> <title prob="0.1117">anderen</title> <title prob="0.1052">typischen</title> <title prob="0.1052">Produkten</title> <title prob="0.0866">die­</title> <title prob="0.0821">ses</title> <title prob="0.147">Kontinentes.</title> <title prob="0.0539">In</title> <title prob="0.0978">den</title> <title prob="0.1052">letzten</title> <title prob="0.1022">Jahren</title> <title prob="0.0871">wur­</title> <title prob="0.1102">den</title> <title prob="0.0999">auch</title> <title prob="0.0934">zahlreiche</title> <title prob="0.0905">Erdöl-</title> <title prob="0.0993">und</title> <title prob="0.095">Naturgas­</title> <title prob="0.0916">vorkommen</title> <title prob="0.0881">erschlossen,</title> <title prob="0.0624">die</title> <title prob="0.0715">für</title> <title prob="0.0961">einige</title> <title prob="0.088">der</title> <title prob="0.0957">jungen</title> <title prob="0.0929">Nationen</title> <title prob="0.0863">so</title> <title prob="0.0886">etwas</title> <title prob="0.0856">wie</title> <title prob="0.095">ein</title> <title prob="0.0858">Grund­</title> <title prob="0.1006">kapital,</title> <title prob="0.07">ja</title> <title prob="0.0805">in</title> <title prob="0.0912">einzelnen</title> <title prob="0.0937">Fällen</title> <title prob="0.0904">sogar</title> <title prob="0.0959">einen</title> <title prob="0.0825">gewissen</title> <title prob="0.0907">Wohlstand</title> <title prob="0.0922">darstellen</title> <other prob="0.1234">beziehungs</other>­
<title prob="0.0812">die</title> <title prob="0.101">Rohölförderung</title> <title prob="0.1311">in</title> <title prob="0.1429">Afrika</title> <title prob="0.119">jährlich</title> <other prob="0.1651">nur</other>
<title prob="0.0756">schließlich</title> <title prob="0.0741">auf</title> <title prob="0.1202">Ägypten</title> <title prob="0.1232">entfielen</title>. <source prob="0.096">Der</source> "<source prob="0.1261">große</source>
<title prob="0.093">selbständige</title> <title prob="0.093">Algerien</title> <title prob="0.1385">mit</title> <title prob="0.1375">einer</title> <title prob="0.1242">Jahresförde­</title> <title prob="0.0915">rung</title> <title prob="0.0972">von</title> <title prob="0.0703">8</title>, 4 Millionen <other prob="0.1509">Tonnen</other> <other prob="0.1612">an</other> <other prob="0.1715">die</other> <other prob="0.0992">14</other>.
<title prob="0.0887">Stelle</title> <title prob="0.0752">in</title> <title prob="0.1343">der</title> <title prob="0.1519">Liste</title> <title prob="0.1302">der</title> <title prob="0.1457">Erdölländer</title> <title prob="0.1326">rückte.</title> <title prob="0.071">Im</title> <title prob="0.0927">Jahre</title> <title prob="0.0986">1962</title> <title prob="0.0874">waren</title> <title prob="0.1114">es</title> <source prob="0.1794">bereits</source> <volume prob="0.1489">20</volume>, 4 Millionen
<title prob="0.0862">spielsweise</title> <title prob="0.0791">im</title> <title prob="0.1348">gesamten</title> <title prob="0.1074">westlichen</title> <source prob="0.1233">Europa</source>
<title prob="0.0811">gefördert</title> <title prob="0.088">wurde.</title> <title prob="0.0787">Daneben</title> <title prob="0.1173">entdeckte</title> <title prob="0.1424">man</title> <title prob="0.1076">in</title> <title prob="0.1268">der</title> <title prob="0.1347">algerischen</title> <title prob="0.0988">Sahara</title> <title prob="0.1117">große</title> <title prob="0.1267">und</title> <title prob="0.1067">ausge­</title> <title prob="0.1135">dehnte</title> <title prob="0.117">Erdgasfelder,</title> <title prob="0.085">mit</title> <title prob="0.0962">deren</title> <title prob="0.1043">wirtschaft­</title> <title prob="0.0906">licher</title> <title prob="0.0979">Auswertung</title> <title prob="0.1089">erst</title> <title prob="0.1095">begonnen</title> <title prob="0.1156">wurde.</title> <title prob="0.0732">Außer</title> <title prob="0.0839">in</title> <title prob="0.1136">Algerien</title> <title prob="0.0854">wurde</title> <title prob="0.0913">die</title> <title prob="0.0959">Erdölförderung</title> <title prob="0.1276">inzwischen</title> <title prob="0.0916">in</title> <title prob="0.0984">folgenden</title> <title prob="0.095">afrikanischen</title> <title prob="0.0781">Län­</title> <title prob="0.0735">dern</title> <title prob="0.0964">mit</title> <title prob="0.0861">unterschiedlichem</title> <title prob="0.0982">Erfolg</title> <other prob="0.1266">aufgenom</other>­
<author><surname prob="0.1184">men</surname>: <given-names prob="0.1466">Angola</given-names></author>, <title prob="0.0951">Gabun,</title> <title prob="0.0957">Libyen,</title> <title prob="0.0875">Marokko</title> <title prob="0.1266">und</title> <title prob="0.1849">Nigeria.</title> <title prob="0.0752">Zusammen</title> <title prob="0.1016">mit</title> <title prob="0.1186">Ägypten</title> <title prob="0.1126">förderten</title> <title prob="0.0986">diese</title> <title prob="0.1094">Länder</title> <title prob="0.1069">des</title> <title prob="0.0911">afrikanischen</title> <title prob="0.0789">Erdteils:</title> <title prob="0.0641">38,</title> <title prob="0.0582">83</title> <source prob="0.0862">Millionen</source> <source prob="0.0953">Tonnen</source>. <source prob="0.116">Afrikas</source> <source prob="0.1408">Anteil</source> <source prob="0.1168">an</source> <source prob="0.1147">der</source> <source prob="0.172">Weltförderung</source> <source prob="0.1207">des</source> <source prob="0.1282">Jahres</source> <year prob="0.1587">1962</year> <url prob="0.1264">erreicht</url>
<title prob="0.0754">günstigen</title> <title prob="0.07">Lage</title> <title prob="0.1345">vieler</title> <title prob="0.1156">afrikanischer</title> <title prob="0.0894">Fund­</title> <title prob="0.0936">stätten</title> <title prob="0.1061">die</title> <title prob="0.1025">Bedeutung</title> <title prob="0.118">der</title> <title prob="0.1022">dortigen</title> Öl­
<title prob="0.0804">produktion</title> <title prob="0.0801">erheblich</title> <title prob="0.1416">höher</title> <title prob="0.1569">eingeschätzt</title> <title prob="0.1636">werden.</title> <title prob="0.0569">Denn</title> <title prob="0.1087">von</title> <title prob="0.1072">den</title> <title prob="0.1173">Endpunkten</title> <title prob="0.1256">der</title> <title prob="0.1343">algerischen</title> <title prob="0.1179">und</title> <title prob="0.097">libyschen</title> <title prob="0.0907">Pipelines</title> <title prob="0.1047">an</title> <title prob="0.1424">der</title> <title prob="0.133">nordafrikanischen</title> <title prob="0.1013">Mittelmeerküste</title> <title prob="0.099">sind</title> <title prob="0.1029">es</title> <title prob="0.1024">nur</title> <title prob="0.1051">wenige</title> <title prob="0.0983">Stunden</title> <title prob="0.0936">Tankerfahrt</title> <title prob="0.0966">etwa</title> <title prob="0.1011">zur</title> <title prob="0.0959">Kopfstation</title> <title prob="0.1138">der</title> <title prob="0.115">südeuropäischen</title> <title prob="0.1111">Pipeline</title> <title prob="0.0802">bei</title> <title prob="0.1023">Marseille.</title> <title prob="0.0625">Libyen</title> <title prob="0.0921">steht</title> <title prob="0.0895">bereits</title> <title prob="0.0861">unter</title> <title prob="0.0824">den</title> <title prob="0.087">Erdölländern</title> <title prob="0.0999">Afrikas</title> <title prob="0.0941">hinsichtlich</title> <title prob="0.0921">der</title> <title prob="0.0927">Förde­</title> <title prob="0.0736">rung</title> <title prob="0.099">an</title> <title prob="0.107">zweiter</title> <title prob="0.1017">Stelle,-</title> <source prob="0.0895">es</source> <source prob="0.1194">hofft</source> <source prob="0.1296">im</source> <source prob="0.125">Laufe</source> <source prob="0.1205">der</source> <source prob="0.1251">nächsten</source> <source prob="0.1224">Jahre</source> <source prob="0.1039">seine</source> <source prob="0.125">Förderungszahlen</source>
<title prob="0.0734">auf</title> <title prob="0.0799">der</title> <title prob="0.1432">Welterdöl-Rangliste</title> <title prob="0.1217">mit</title> <title prob="0.1178">zu</title> <title prob="0.1149">den</title> <other prob="0.1392">gro</other>­
<title prob="0.073">ßen</title> <title prob="0.0912">Erdölländern</title> <title prob="0.1327">gehören</title> <title prob="0.1526">wird.</title> <title prob="0.0589">Auch</title> <title prob="0.1">Nige-</title> <title prob="0.1103">rien</title> <title prob="0.1108">weist</title> <title prob="0.1101">große</title> <title prob="0.1201">Erfolge</title> <title prob="0.1137">auf,</title> <title prob="0.0765">wenn</title> <title prob="0.0836">auch</title> <title prob="0.1129">die</title> <title prob="0.0849">vermuteten</title> <title prob="0.1049">Ölreserven</title> <title prob="0.0549">(55</title> <title prob="0.0967">Mill.</title> <title prob="0.0499">Tonnen)</title> <title prob="0.0899">hinter</title> <title prob="0.0884">denen</title> <title prob="0.0866">von</title> <title prob="0.088">Algerien</title> (<volume prob="0.1618">846</volume>), Libyen (<issue prob="0.1845">598</issue>) und Ägypten (<volume prob="0.1434">104</volume> <title prob="0.0799">Millionen</title> <title prob="0.085">Tonnen)</title> <title prob="0.0832">weit</title> <title prob="0.1223">Zurückbleiben.</title> <title prob="0.0577">Inzwischen</title> <title prob="0.0777">ist</title> <title prob="0.0964">das</title> <title prob="0.0952">Land</title> <title prob="0.0896">be­</title> <title prob="0.1002">reits</title> <title prob="0.0916">zum</title> <title prob="0.089">Ölexporteur</title> <title prob="0.0825">")</title> <title prob="0.1115">geworden.</title> <title prob="0.048">Man</title> <title prob="0.082">glaubt</title> <title prob="0.1068">im</title> <title prob="0.0974">Jahre</title> <title prob="0.0964">1970</title> <title prob="0.092">bereits</title> <title prob="0.109">zehn</title> <title prob="0.089">Millionen</title> <title prob="0.0852">Tonnen</title> <title prob="0.0953">Erdöl</title> <title prob="0.0925">fördern</title> <title prob="0.0955">zu</title> <title prob="0.1033">können</title>, <source prob="0.1214">während</source> <source prob="0.1341">man</source> <source prob="0.1353">in</source> <source prob="0.1778">Libyen</source> <source prob="0.1362">auf</source> <source prob="0.1128">ein</source> <source prob="0.1278">Mehrfaches</source> dieses Be­
<title prob="0.0912">Kontinente</title> <title prob="0.0795">und</title> <title prob="0.1286">Großräume</title> <title prob="0.1214">hinsichtlich</title> <title prob="0.1189">ihrer</title> <title prob="0.1205">Erdölförderung</title> <title prob="0.1086">einer</title> <title prob="0.1215">Betrachtung</title> <title prob="0.1137">unter­</title> <title prob="0.12">ziehen,</title> <title prob="0.0659">so</title> <title prob="0.0914">ergibt</title> <title prob="0.0894">sich</title> <title prob="0.0734">folgendes</title> <source prob="0.1206">Bild</source> <source prob="0.1178">für</source> <source prob="0.1227">das</source> <source prob="0.1195">Jahr</source> <year prob="0.1707">1962</year>: <publisher prob="0.1398">Kontinente</publisher> <publisher prob="0.1106">Förderung</publisher>
<title prob="0.0904">Großräume)</title> <title prob="0.0678">in</title> <title prob="0.1605">Mil</title>). In v. H.
<other prob="0.1299">Tonnen</other>
Nordamerika <volume prob="0.1385">409</volume> ~ <issue prob="0.125">33</issue>, <page prob="0.153">8</page>
<source prob="0.1086">Naher</source> <source prob="0.098">Osten</source> <volume prob="0.1463">306</volume> <volume prob="0.1535">25</volume>, <issue prob="0.1872">3</issue> UdSSR, <other prob="0.1812">China</other>, Osteuropa <volume prob="0.1941">206</volume> <volume prob="0.1551">17</volume>, <issue prob="0.1559">0</issue> <other prob="0.1339">Südamerika</other> <other prob="0.1449">204</other> <volume prob="0.1424">16</volume>, <issue prob="0.1482">8</issue>
<source prob="0.1852">Afrika</source> <source prob="0.1338">39</source> <volume prob="0.1575">3</volume>, <fpage prob="0.1845">2</fpage>
<author><surname prob="0.1441">Ferner</surname> <given-names prob="0.2211">Osten</given-names></author>, Australien <volume prob="0.165">29</volume> <issue prob="0.1304">2</issue>, 4 Westeuropa <volume prob="0.1595">18</volume> <issue prob="0.1542">1</issue>, <fpage prob="0.1682">5</fpage> Wenn <title prob="0.0954">wir</title> <title prob="0.1267">die</title> <title prob="0.1319">Kontinente</title> <title prob="0.1248">bzw.</title> <title prob="0.0606">Großräume</title> <title prob="0.0843">aber</title> <title prob="0.0959">hinsichtlich</title> <title prob="0.0951">der</title> <title prob="0.1159">Erdölreserven</title> <title prob="0.0979">ordnen,</title> <title prob="0.0702">ergibt</title> <title prob="0.0928">sich</title> <title prob="0.0999">eine</title> <title prob="0.1254">etwas</title> <title prob="0.0917">andere</title> <title prob="0.0814">Reihenfolge</title>: <publisher prob="0.168">Vorhandene</publisher>
<source prob="0.1157">Reserven</source> <source prob="0.1233">ln</source> v. H.
<title prob="0.1207">Kontinente_______________</title> <title prob="0.075">in</title> <title prob="0.1362">Mill</title>. <other prob="0.151">Tonnen</other>____
