<author><surname prob="0.2566">Agard</surname>, <given-names prob="0.3077">S.</given-names></author> (<year prob="0.4118">1974</year>): <title prob="0.1752">Neoglacial</title> <title prob="0.1995">chronology</title> <title prob="0.1217">in</title> <title prob="0.1227">the</title> <title prob="0.1333">Fourth</title> <title prob="0.1157">of</title> <title prob="0.1141">July</title> <title prob="0.1318">Cirque</title>. - <source prob="0.1733">Unpublished</source> <source prob="0.1174">term-</source> <source prob="0.1107">paper</source>, <other prob="0.1996">Boulder</other>.
<author><surname prob="0.2159">Benedict</surname>, <given-names prob="0.4071">J.</given-names> <given-names prob="0.2459">B.</given-names></author> (<year prob="0.2865">1967</year>): <title prob="0.165">Recent</title> <title prob="0.1733">glacial</title> <title prob="0.1213">history</title> <title prob="0.0977">of</title> <title prob="0.148">an</title> <title prob="0.142">alpine</title> <title prob="0.1405">area</title> <title prob="0.0947">in</title> <title prob="0.1083">the</title> <title prob="0.1185">Colorado</title> <title prob="0.1018">Front</title> <title prob="0.1013">Range,</title> <title prob="0.0637">U.S.A.</title> <title prob="0.0578">I.</title> <title prob="0.0683">Establishing</title> <title prob="0.1062">a</title> <title prob="0.1352">lichengrowth</title> <title prob="0.1321">curve</title>. - <source prob="0.0971">J</source>. <source prob="0.1311">Glaciol</source>., <volume prob="0.2168">6</volume>: <fpage prob="0.3193">817</fpage> - <lpage prob="0.3193">832</lpage>.
<title prob="0.086">Recent</title> <title prob="0.0886">glacial</title> <title prob="0.1288">history</title> <title prob="0.1106">of</title> <title prob="0.1629">an</title> <title prob="0.1543">alpine</title> <title prob="0.1502">area</title> <title prob="0.1005">in</title> <title prob="0.1166">the</title> <title prob="0.1182">Colorado</title> <title prob="0.1536">FrontRange,</title> <title prob="0.0677">U.S.A.</title> <title prob="0.0683">II.</title> <title prob="0.0622">Dating</title> <title prob="0.113">the</title> <title prob="0.1272">glacial</title> <title prob="0.1271">deposits</title>. - <source prob="0.0927">J</source>. <source prob="0.1334">Glaciol</source>., <volume prob="0.2172">7</volume>: <fpage prob="0.3193">77</fpage> - <lpage prob="0.3193">87</lpage>.
<title prob="0.076">Chronology</title> <title prob="0.0751">of</title> <title prob="0.1478">cirque</title> <title prob="0.1543">glaciation,</title> <title prob="0.0777">Colorado</title> <title prob="0.1119">FrontRange</title>. - <source prob="0.1955">Quaternary</source> <source prob="0.163">Research</source>, <volume prob="0.2047">3</volume>: <page prob="0.308">584-599</page>.
<author><surname prob="0.2364">Birkeland</surname>, <given-names prob="0.4196">P.</given-names> <given-names prob="0.2044">W.</given-names></author> (<year prob="0.2745">1973</year>): <title prob="0.1479">Use</title> <title prob="0.1676">of</title> <title prob="0.1533">relative</title> <title prob="0.1193">age</title> <title prob="0.12">dating</title> <title prob="0.1567">methods</title> <title prob="0.1062">in</title> <title prob="0.1038">a</title> <title prob="0.1574">Stratigraphie</title> <title prob="0.1339">study</title> <title prob="0.107">of</title> <title prob="0.1268">rode</title> <title prob="0.1158">glacierdeposits,</title> <title prob="0.082">Mt</title>. <source prob="0.1025">Sopris</source>, <source prob="0.0845">Colorado</source>. <source prob="0.081">-</source> <source prob="0.1204">Arct</source>. <source prob="0.1079">Alp</source>. <source prob="0.1211">Res</source>., <volume prob="0.2042">5</volume>: <fpage prob="0.3079">401</fpage> - <lpage prob="0.3079">416</lpage>.
<editor prob="0.1391">Pedology</editor>, <editor prob="0.0893">Weathering</editor>, and <title prob="0.1357">Geomorphological</title> <title prob="0.1485">Research</title>. - <other prob="0.1719">Oxford</other> <publisher prob="0.1176">Univ</publisher>. <publisher prob="0.206">Press</publisher>, <other prob="0.1919">New</other> <other prob="0.2177">York</other>.
<author><surname prob="0.2305">Birkeland</surname>, <given-names prob="0.3616">P.</given-names> <given-names prob="0.1808">W.</given-names></author> & <given-names prob="0.1446">C.</given-names> <given-names prob="0.196">D.</given-names> <author><surname prob="0.1235">Miller</surname></author> (<year prob="0.2639">1973</year>): <title prob="0.1432">Re-interpretation</title> <title prob="0.1399">of</title> <title prob="0.1466">the</title> <title prob="0.1308">type</title> <title prob="0.0907">Temple</title> <title prob="0.0846">Lake</title> <title prob="0.1058">moraine</title> <title prob="0.1052">and</title> <title prob="0.0999">other</title> <title prob="0.1173">Neoglacial</title> <title prob="0.1046">deposits,</title> <title prob="0.0546">Southern</title> <title prob="0.0625">Wind</title> <title prob="0.0938">River</title> <title prob="0.1123">Mountains,</title> <title prob="0.0876">Wyoming</title>. <source prob="0.0802">-</source> <source prob="0.1137">Geol</source>. <source prob="0.0978">Soc</source>. <source prob="0.125">Am</source>. <source prob="0.1894">Abs</source>. <volume prob="0.2318">5</volume>: <page prob="0.252">465-466</page>.
<author><surname prob="0.2422">Bonnett</surname>, <given-names prob="0.3453">R.</given-names> <given-names prob="0.2623">B.</given-names></author> (<year prob="0.2799">1970</year>): <title prob="0.1532">Glacialsequence</title> <title prob="0.1392">ofthe</title> <title prob="0.1257">UpperBoulderCreek</title> <title prob="0.1116">drainage</title> <title prob="0.1166">basin</title> <title prob="0.0952">in</title> <title prob="0.1064">the</title> <title prob="0.1092">Colo­</title> <title prob="0.1232">rado</title> <title prob="0.1069">Front</title> <title prob="0.1071">Range</title>. - <source prob="0.164">Unpublished</source> <source prob="0.1393">dissertation</source>, <source prob="0.1046">Ohio</source> <source prob="0.1009">State</source> <source prob="0.147">Univ</source>.
<author><surname prob="0.2456">Carroll</surname>, <given-names prob="0.3547">T.</given-names></author> (<year prob="0.28">1974</year>): <title prob="0.1624">Relative</title> <title prob="0.1557">age</title> <title prob="0.1424">dating</title> <title prob="0.1408">techniques</title> <title prob="0.115">and</title> <title prob="0.1117">a</title> <title prob="0.1208">late</title> <title prob="0.1564">Quaternary</title> <title prob="0.1072">chronology,</title> <title prob="0.0742">Arikaree</title> <title prob="0.0872">Cirque,</title> <title prob="0.0758">Colorado</title>. <source prob="0.1187">-</source> <source prob="0.175">Geology</source> <volume prob="0.1551">2</volume>: <fpage prob="0.2888">321</fpage> - <lpage prob="0.2888">325</lpage>.
<author><surname prob="0.2216">Currey</surname>, <given-names prob="0.3594">D.</given-names> <given-names prob="0.2122">R.</given-names></author> (<year prob="0.2845">1974</year>): <title prob="0.1731">Probable</title> <title prob="0.1554">pre-Neoglacialage</title> <title prob="0.1135">of</title> <title prob="0.1367">the</title> <title prob="0.1301">type</title> <title prob="0.0931">Temple</title> <title prob="0.095">Lake</title> <title prob="0.115">moraine,</title> <title prob="0.0971">Wyoming</title>. - <other prob="0.1254">Arct</other>. <other prob="0.1731">Alp</other>. <other prob="0.1214">Res</other>. <volume prob="0.2037">6</volume>: <fpage prob="0.2553">293</fpage> - <lpage prob="0.2553">300</lpage>.
<author><surname prob="0.2193">Madole</surname>, <given-names prob="0.3291">R.</given-names> <given-names prob="0.2546">F.</given-names></author> (<year prob="0.2832">1969</year>): <title prob="0.1777">Pinedale</title> <title prob="0.1401">and</title> <title prob="0.093">Bull</title> <title prob="0.0878">Lake</title> <title prob="0.1369">glaciation</title> <title prob="0.1274">in</title> <title prob="0.1106">upper</title> <title prob="0.1198">St.</title> <title prob="0.0646">Vrain</title> <title prob="0.0981">drainage</title> <title prob="0.1011">basin,</title> <title prob="0.074">BoulderCounty,</title> <title prob="0.0723">Colorado</title>. <source prob="0.0785">-</source> <source prob="0.1098">Arct</source>. <source prob="0.1193">Alp</source>. <source prob="0.1203">Res</source>. <volume prob="0.2067">1</volume>: <fpage prob="0.2555">279</fpage> - <lpage prob="0.2555">287</lpage>.
<title prob="0.1023">Neoglacialfacies</title> <title prob="0.0763">in</title> <title prob="0.1563">the</title> <title prob="0.1596">Colorado</title> <title prob="0.1903">FrontRange.</title> <title prob="0.0642">-</title> <title prob="0.132">Arct</title>. <other prob="0.1632">Alp</other>. <other prob="0.1168">Res</other>. <volume prob="0.2152">4</volume>: <page prob="0.188">119-130</page>. <other prob="0.1256">344</other>
<author><surname prob="0.2282">M</surname>. <given-names prob="0.1812">Gabriel</given-names> <given-names prob="0.2587">Mahaney</given-names></author>, <author><surname prob="0.2156">W</surname></author>. (<year prob="0.2697">1972</year>): <title prob="0.1228">Audubon:</title> <title prob="0.1189">New</title> <title prob="0.0955">name</title> <title prob="0.0955">forColorado</title> <title prob="0.093">FrontRange</title> <title prob="0.0976">NeoglacialDeposits</title> <title prob="0.0911">for-</title> <title prob="0.1124">merly</title> <title prob="0.0979">called</title> <title prob="0.1501">"Arikaree</title>". <source prob="0.1065">-</source> <source prob="0.1321">Arct</source>. <source prob="0.1111">Alp</source>. <source prob="0.1201">Res</source>. <volume prob="0.2132">4</volume>: <fpage prob="0.2569">355</fpage> - <lpage prob="0.2569">357</lpage>.
<title prob="0.0728">Neoglacialchronologyinthe</title> <title prob="0.075">Fourth</title> <title prob="0.1172">ofJuly</title> <title prob="0.1373">Cirque,</title> <title prob="0.0855">CentralColorado</title> <title prob="0.1337">FrontRange.</title> <title prob="0.0624">-</title> <title prob="0.1299">Geol</title>. <source prob="0.0871">Soc</source>. <source prob="0.1067">Am</source>. <source prob="0.1344">Bull</source>., <volume prob="0.1997">84</volume>: <fpage prob="0.3084">161</fpage> - <lpage prob="0.3084">170</lpage>.
<author><surname prob="0.2089">Millett</surname>, <given-names prob="0.3711">M.</given-names> <given-names prob="0.2308">T.</given-names></author> (<year prob="0.307">1956</year>): <title prob="0.1864">Glaciation</title> <title prob="0.1474">in</title> <title prob="0.1374">the</title> <title prob="0.1464">headwaters</title> <title prob="0.1346">ofMiddle</title> <title prob="0.1116">BoulderCreek</title>, <other prob="0.1482">Colorado</other>. <empty prob="0.223">- <editor prob="0.1173">M</editor>. <editor prob="0.125">S</editor>. <source prob="0.1131">thesis</source>, <source prob="0.1484">Univ</source>. <source prob="0.0955">of</source> <source prob="0.0922">Colo</source>.
<author><surname prob="0.1774">Richmond</surname>, <given-names prob="0.3024">G.</given-names> <given-names prob="0.2524">M.</given-names></author> (<year prob="0.2952">1960</year>): <title prob="0.1702">Glaciation</title> <title prob="0.1512">of</title> <title prob="0.1575">the</title> <title prob="0.1409">eastslope</title> <title prob="0.1104">of</title> <title prob="0.1038">Rocky</title> <title prob="0.104">Mountain</title> <title prob="0.1155">NationalPark,</title> <title prob="0.0641">Colo­</title> <title prob="0.1084">rado.</title> <title prob="0.0596">-</title> <title prob="0.1225">Geol</title>. <source prob="0.0939">Soc</source>. <source prob="0.1125">Am</source>. <source prob="0.137">Bull</source>., <volume prob="0.2002">71</volume>: <fpage prob="0.3069">1371</fpage> - <lpage prob="0.3069">1382</lpage>.
<title prob="0.0781">Glaciation</title> <title prob="0.0814">ofthe</title> <title prob="0.1224">Rocky</title> <title prob="0.1465">Mountains.</title> <title prob="0.0747">-</title> <title prob="0.1033">In</title> <author><surname prob="0.1658">Wright</surname>, <given-names prob="0.2211">H.</given-names> <given-names prob="0.173">E.</given-names></author> & <editor prob="0.145">D</editor>. <editor prob="0.1862">G</editor>. <editor prob="0.1605">Frey</editor> (ed.), <source prob="0.1633">The</source> <source prob="0.1895">Quaternary</source> <source prob="0.1226">of</source> <source prob="0.1213">the</source> <source prob="0.1352">United</source> <source prob="0.1189">Staets</source>. - <other prob="0.1591">Princeton</other>, <other prob="0.1338">N</other>. <publisher prob="0.122">J</publisher>.
<author><surname prob="0.2214">Schäfer</surname>, <given-names prob="0.3045">I.</given-names></author> (<year prob="0.273">1950</year>): <title prob="0.1733">Die</title> <title prob="0.1704">diluviale</title> <title prob="0.1562">Erosion</title> <title prob="0.142">undAkkumulation.</title> <title prob="0.0623">Erkenntnisse</title> <title prob="0.0867">aus</title> <title prob="0.1152">Untersuchungen</title> <title prob="0.1026">über</title> <title prob="0.1119">die</title> <title prob="0.1339">Talbildung</title> <title prob="0.1234">im</title> <title prob="0.1302">Alpenvorland</title>. - <source prob="0.1581">Forschungnezurdeutschen</source> <source prob="0.1061">Landeskunde</source>, <volume prob="0.1365">49</volume>.
<author><surname prob="0.2075">Schneebeli</surname>, <given-names prob="0.2713">W.</given-names></author> (<year prob="0.2748">1976</year>): <title prob="0.1688">Untersuchungen</title> <title prob="0.1761">vonGletscherschwankungen</title> <title prob="0.122">im</title> <title prob="0.1137">Val</title> <title prob="0.098">de</title> <title prob="0.1122">Bagnes</title>. - <source prob="0.1755">Die</source> <source prob="0.1517">Alpen</source> <volume prob="0.1848">52</volume>: <fpage prob="0.2722">5</fpage> - <lpage prob="0.2722">57</lpage>.
<author><surname prob="0.2293">Williams</surname>, <given-names prob="0.3723">J.</given-names></author> (<year prob="0.257">1973</year>): <title prob="0.1649">Neoglacialchronology</title> <title prob="0.1565">ofthe</title> <title prob="0.1138">Fourth</title> <title prob="0.0954">of</title> <title prob="0.1111">July</title> <title prob="0.1139">Cirque,</title> <title prob="0.0791">CentralColorado</title> <title prob="0.0925">Front</title> <title prob="0.0825">Range:</title> <title prob="0.1267">Discussion.</title> <title prob="0.0576">-</title> <title prob="0.1214">Geol</title>. <source prob="0.0937">Soc</source>. <source prob="0.1127">Am</source>. <source prob="0.1375">Bull</source>., <volume prob="0.2002">84</volume>: <fpage prob="0.3085">3761</fpage> - <lpage prob="0.3085">3765</lpage>.
<author><surname prob="0.114">AnschriftdesAutors</surname>: <given-names prob="0.1372">Manfred</given-names></author> <author><surname prob="0.1579">Gabriel</surname>, <given-names prob="0.1143">LehrstuhlfürGeographie</given-names></author> <author><surname prob="0.091">I</surname></author>, <other prob="0.1472">Postfach</other> <volume prob="0.2117">1549</volume>, <fpage prob="0.1606">8600</fpage> <other prob="0.1178">Bamberg</other>. <other prob="0.1129">Z</other>. <other prob="0.1276">Geomorph</other>. <other prob="0.1413">N</other>. <publisher prob="0.1029">F</publisher>.
