<title prob="0.0763">de</title> <title prob="0.0799">la</title> <title prob="0.1769">Sect.</title> <title prob="0.1038">scientif.</title> <title prob="0.0549">de</title> <title prob="0.0798">la</title> <title prob="0.089">Academie</title> <title prob="0.0962">Rou-</title> <title prob="0.0903">maine</title>, <other prob="0.1045">XIX/8</other>, <other prob="0.1736">Bucuresti</other> <year prob="0.1947">1938</year>.
<author><surname prob="0.1583">CREDNER</surname>, <given-names prob="0.264">G.</given-names> <given-names prob="0.1809">R</given-names></author>.: <source prob="0.1063">Die</source> <source prob="0.0973">Deltas</source>. <source prob="0.1253">Pet</source>. <source prob="0.118">Ergh</source>. <volume prob="0.1936">56</volume>, <year prob="0.2011">1878</year>, <other prob="0.1929">Gotha</other>.
<author><surname prob="0.1911">CZAJKA</surname>, <given-names prob="0.2952">W</given-names></author>.: <author><surname prob="0.0899">Schwemmfächer</surname></author> <title prob="0.1005">md</title> <title prob="0.1207">Schwemm­</title> <title prob="0.147">ebene</title> <title prob="0.1207">in</title> <title prob="0.1158">der</title> <title prob="0.1457">Piedmontzone</title>. <source prob="0.1401">Die</source> <source prob="0.1452">Erde</source>, Bd. <volume prob="0.1772">II</volume>, <volume prob="0.1565">1950/51</volume>, <fpage prob="0.2674">155</fpage> - <lpage prob="0.2674">166</lpage>.
<title prob="0.0928">Schwemmfächerbildung</title> <title prob="0.0923">undSchwemmfächer­</title> <title prob="0.1728">formen.</title> <title prob="0.0991">Mitt.</title> <title prob="0.0714">Geogr</title>. <source prob="0.1363">Ges</source>. <source prob="0.1209">Wien</source>, Bd. <volume prob="0.2375">100</volume>, <issue prob="0.1034">1958</issue>, <fpage prob="0.2952">18</fpage> - <lpage prob="0.2952">36</lpage>.
<author><surname prob="0.1819">GULLIVER</surname>, <given-names prob="0.2308">F.</given-names> <given-names prob="0.1262">H</given-names></author>.: <other prob="0.1251">Shoreline</other> <other prob="0.1186">Topography</other>.
<title prob="0.0861">USA</title> <title prob="0.0704">Proceedings</title> <title prob="0.1349">Amer.</title> <title prob="0.0567">of</title> <title prob="0.1189">Arts</title> <title prob="0.1298">and</title> <title prob="0.1148">Scien­</title> <title prob="0.0759">ces</title>, Vol. <volume prob="0.1393">XXXIV</volume>, <volume prob="0.1329">1899</volume>.
<author><surname prob="0.1813">KAUFMANN</surname>, <given-names prob="0.2936">H</given-names></author>.: <title prob="0.0688">Rhythmische</title> <title prob="0.1198">Phänomene</title> <title prob="0.1261">der</title> <title prob="0.1717">Erdoberfläche</title>. <other prob="0.2228">Braunschweig</other> <year prob="0.1949">1929</year>.
<author><surname prob="0.186">LEPSI</surname>, <given-names prob="0.2413">I</given-names></author>.: <author><surname prob="0.0702">Das</surname></author> <title prob="0.1168">Gefälle</title> <title prob="0.114">der</title> <title prob="0.1387">Talwege</title> <title prob="0.1048">im</title> <other prob="0.165">Donau</other>­
<source prob="0.0796">delta</source>. <source prob="0.1075">Pet</source>. <source prob="0.1016">Mitt</source>., <empty prob="0.233">Bd. <volume prob="0.2551">87</volume>, <issue prob="0.1025">1941</issue>, <fpage prob="0.2945">267</fpage> - <lpage prob="0.2945">270</lpage>.
<author><surname prob="0.1926">MARINELLI</surname>, <given-names prob="0.3049">Ö</given-names></author>.: <title prob="0.0745">L"increscimente</title> <title prob="0.1123">del</title> <title prob="0.1162">delta</title> <title prob="0.0999">del</title> <title prob="0.13">Po</title> <title prob="0.1181">nel</title> <title prob="0.1314">secolo</title>. <source prob="0.1084">Rivista</source> <source prob="0.109">Geogr</source>. <source prob="0.0968">Ital</source>., <source prob="0.0924">XIX</source>, <year prob="0.1594">1898</year>.
<title prob="0.086">Süll</title> <title prob="0.0808">etä</title> <title prob="0.1288">dei</title> <title prob="0.1141">delta</title> <title prob="0.1092">dei</title> <title prob="0.1212">fiumi</title> <title prob="0.143">italiani.</title> <title prob="0.056">La</title> <title prob="0.0977">Geo­</title> <title prob="0.1197">graphie</title>, <source prob="0.1108">XIV</source>, <source prob="0.0837">Fase</source>. <volume prob="0.1754">1—2</volume>, <year prob="0.1438">1926</year>.
<title prob="0.078">MARTONNE</title> <title prob="0.0564">de</title> <title prob="0.1114">E.:</title> <title prob="0.0784">Traite</title> <title prob="0.0866">de</title> <title prob="0.1019">Geographie</title> <title prob="0.0922">Phy-</title> <title prob="0.1326">sique</title>. <other prob="0.1516">Tome</other> <author><surname prob="0.1061">second</surname></author>, <fpage prob="0.2199">971</fpage> - <lpage prob="0.2199">996</lpage>, <other prob="0.2014">Paris</other> <other prob="0.1316">1926</other>.
<author><surname prob="0.1958">PESCHEL</surname>, <given-names prob="0.2989">O</given-names></author>.: <author><surname prob="0.0768">Neue</surname></author> <title prob="0.1203">Probleme</title> <title prob="0.1285">der</title> <title prob="0.1454">vergleichen­</title> <title prob="0.1188">den</title> <title prob="0.163">Erdkunde</title>. <other prob="0.2429">Leipzig</other> <year prob="0.2052">1870</year>, <fpage prob="0.2676">110</fpage> - <lpage prob="0.2676">129</lpage>.
<author><surname prob="0.1847">PFANNENSTIEL</surname>, <given-names prob="0.2911">M</given-names></author>.: <year prob="0.0871">Die</year> <title prob="0.134">Quartärgeschichte</title> <title prob="0.1329">des</title> <title prob="0.1577">Donaudeltas.</title> <title prob="0.0546">Bonner</title> <title prob="0.112">Geogr</title>. <other prob="0.1589">Abhand</other>­
<author><surname prob="0.1246">lungen</surname>, <given-names prob="0.2335">H.</given-names></author> <issue prob="0.1199">6</issue>, <other prob="0.2092">Bonn</other> <year prob="0.1799">1950</year>.
<author><surname prob="0.1851">RÜSSEL</surname>, <given-names prob="0.2596">R.</given-names> <given-names prob="0.1836">J</given-names></author>.: <title prob="0.0888">Morphologie</title> <title prob="0.1262">des</title> <title prob="0.1362">Mississippi­</title> <title prob="0.1236">deltas.</title> <title prob="0.0794">Geogr</title>. <source prob="0.1238">Zeitschr</source>., <volume prob="0.1976">45</volume>. Bd., <volume prob="0.1181">1939</volume>, <other prob="0.1497">28i</other>_ <fpage prob="0.2027">293</fpage>.
<author><surname prob="0.1748">SAMOJLOV</surname>, <given-names prob="0.2536">I.</given-names> <given-names prob="0.165">V</given-names></author>.: <source prob="0.1177">Die</source> <source prob="0.1066">Flußmündungen</source>. <other prob="0.1956">Gotha</other> <year prob="0.1673">1956</year>.
<author><surname prob="0.1731">SLANAR</surname>, <given-names prob="0.2871">H</given-names></author>.: <author><surname prob="0.0853">Zur</surname></author> <title prob="0.1178">Kartographie</title> <title prob="0.1313">und</title> <title prob="0.1041">Morpho­</title> <title prob="0.1116">logie</title> <title prob="0.1182">des</title> <title prob="0.1383">Donaudeltas.</title> <title prob="0.0486">Wiener</title> <title prob="0.105">Geogr</title>. <source prob="0.1025">Stu</source>­ <source prob="0.1161">dien</source>, H. <volume prob="0.121">12</volume>, <other prob="0.2054">Wien</other> <year prob="0.1503">1945</year>.
<author><surname prob="0.1857">WILHELMY</surname>, <given-names prob="0.2543">H</given-names></author>.: <title prob="0.0767">Umlaufseen</title> <title prob="0.115">und</title> <title prob="0.1052">Dammufer­</title> <title prob="0.1062">seen</title> <title prob="0.1177">tropischer</title> <title prob="0.1325">Tieflandflüsse</title>. <other prob="0.1577">Zeitschrift</other>
<empty prob="0.143">f. <source prob="0.0914">Geomorphologie</source>, <source prob="0.1046">Neue</source> <source prob="0.108">Folge</source>, Bd. <volume prob="0.2986">2</volume>, H. <issue prob="0.1971">1/2</issue>, <year prob="0.1676">1958</year>, <fpage prob="0.2597">27</fpage> - <lpage prob="0.2597">64</lpage>.
<title prob="0.0794">Manuskript</title> <title prob="0.0894">eingelangt</title> <title prob="0.1231">im</title> <title prob="0.0974">Herbst</title> <other prob="0.1577">1959</other>
