Rechtsverordnung vom 31. Oktober 1940 unter Naturschutz gestellt; im Landschaftsplan "Vulkaneifel" von 1968 ist es wie folgt beschrieben: " ...
mit bedeutendem Erholungswert: Gebiet enthält vielfältige Biozönosen (oli­ gotrophes Gewässer, Verlandungsufer, Wiesen und Wald), Brut- und Rast­ platz für Wassergeflügel, besonders Enten und Taucher. Vorkommen seltener
Pflanzen (folgt Aufzählung) . Als Bemerkung ist angefügt: " ... Ausbau
Ahrens, W. (1932): Die Basaltvulkane des südöstlichen Laacher-See-Gebiets und ihre Lavaströme. — In: Jb. preuß. Geol. L.A. 53, S. 851—878.
Bosselmann, J. u. K. - H. Christmann (1974): Die Vogelwelt im Raum Andernach—Mayen—Cochem. — Beiträge zur Avifauna des Rhein­ landes, H. 3.
Fischer, H. (1979): Grenzen der Belastung der Laacher Landschaft. — In: Die Laacher Vulkaneifel — Erholungslandschaft oder Rohstofflieferant? Tagungsbericht d. Schutzgemeinschaft Deutscher Wald über die Herbst­ tagung in Maria Laach vom 26.-29. Oktober 1978, S. 48—62.
Fischer, H. u. R. Graafen (1974): Die naturräumlichen Einheiten auf Blatt 136/137 Cochem. — Bonn-Bad Godesberg. = Geographische Landes­ aufnahme 1: 200 000, Naturräumliche Gliederung Deutschlands.
Frechen, J., M. Hopmann u. G. Knetsch (1976): Die vulka­ nische Eifel. — Bonn (= Geologische Reihe, Bd. 2.)
H a l b f a s s, W. (1907): Der heutige Stand der Seichesforschung. — In: Ztschr. d. Ges. f. Erdkunde zu Berlin, S. 5—24.
Henning, I. (1965): Das Laacher-See-Gebiet. Eine Stunde zur Hydrologie und Klimatologie. — Bonn. (= Arbeiten zur Rheinischen Landeskunde, 22.)
Mattem e, M. u. B. W. Scharf (1977): Zur Eutrophierung und Restau­ rierung des Laacher Sees. — In: Arch. Hydrobiol, 80, 4, S. 506—518.
Meyer, E. (1979): Geologie des Laacher Vulkangebietes. — In: Die Laacher Vulkaneifel - Erholungslandschaft oder Rohstofflieferant? Tagungsbe­ richt d. Schutzgemeinschaft Deutscher Wald über die Herbsttagung in Maria Laach vom 26.-29. Oktober 1978, S. 40-47.
Fischer: Naturschutzgebiet, Laacher See" 101
Müller-Miny, H. (1959): Die naturräumliche Gliederung am Mittelrhein. — Remagen, 74 Seiten. = Zusammendruck einer Beitragsfolge in den Ber. z. dt. Landeskunde Bd. 21, 2.
Nüchel, G. (1972): Vegetationskundliche Untersuchungen im Naturschutz­ gebiet des Laacher Sees. — Masch. Ms. Prüfungsarbeit f. d. Lehramt an Realschulen.
Wilhelmy, H. (1977): Geomorphologie. — Kiel (= Hirts Stichwortbücher, H.2.)
