Altmann, F., Keck, J. undKeese, D.: Die Wirtschaftder Tschechoslowakei undPolens. München/Wien 1968.
Atlas Wojewodztwa katowickiego: Warszawa1971.
Barbag, J. undBerezowski, S.: ökonomische Geographie derVolksrepublikPolen. Berlin 1956.
Fisher, J. (ed.): City and RegionalPlanning in Poland. Ithaka, NewYork 1966.
Herman, St.: Industrielle Konzentrationsgebiete in der Volksrepublik Polen. In: PM 1972/1, S. 11-15, 1972.
Iwanicka-Lyra, E.: Großstadtballungen — methodische Probleme ihrerUntersuchung. In: PM 1972/1, S. 16-18 1972.
Kossmann, O.: Lodz. Eine historisch-geographische Analy­ se. Würzburg 1966.
Koter, M.: Geneza ukladu przestrzennego Lodzi przemy- slowej. IGPAN, Prace geograf. 79, Warszawa1969.
Kortus, B.: Some Selected Problems of the Development and Structure of Cracow Industry. In: Geographia Po- lonica, 16, 1969, S. 41-49, 1969.
Donbas and UpperSilesia- a comparative Analysis of the IndustrialRegions. In: GeographiaPolonica, 2, 1964, S. 183-192, 1964.
Leszczycki, S., Kuklinski, A., Najgrakowski, M. und Grzescza, J.: Spatial Structure of Polish Industry in 1956. In: Przeglad Geograficzny, Vol. XXXII, Supl., S. 139-147, 1960.
Markert, W. (ed.): Osteuropa-Handbuch Polen. Köln/Graz 1959.
Misztal, S.: Die Entwicklung der polnischen Ballungsge­
biete. In: PM 1972, 1, S. 22-24, 1972. — : Przemiany w strukturze przestrzennej przemyslu na ziemiach polskich w latach 1860-1965. Warszawa 1970.
Changes in the Distribution of Industry in the Area of Poland in the Years 1860-1965. In: Studia Historiae
Oeconomicae, Vol. 5, 1970, S. 231—241. Poznan 1970.
Pakula, L.: Die Agglomerationsprozesse am Rand des
Oberschlesischen Industriebezirkes. (Man.) Krakow 1968.
Plan Generalny Warszawy: Warszawa1965.
Pounds, N.: The IndustrialGeography of Modern Poland.
In: Econo mic Geography, Vol. 36, 1960, S. 231-253, 1960.
Rajman, J.: Urbanisierungsprozesse undBevölkerungsent­ wicklung im Ballungsgebiet von Gorny Sl^sk. In: PM 1970, 4, S. 267-273, 1970.
Rocznik Statystyczny: Warszawa1971. Rocznik Statystyczny Powiatow: Warszawa1971.
Wöhlke, W.: Das Potentialdes polnischen Wirtschaftsrau­ mes unddie Probleme seiner Inwertsetzung. In: Geo­ graphische Rundschau. S. 170-184, 1967.
WrÓbel, A.: Methoden der Abgrenzung von Großstadt­
ballungen. In: PM 1972, 1, S. 19-21, 1972.
Wrzosek, A.: Veränderungen der räumlichen Struktur der Industrie Polens im Zeitraum 1946—1962. In: Scheidl- Festschrift, S. 382-384, Wien 1965. Wunderlich, E. (ed.): HandbuhcvonPolen. Berlin 1918.
Zielinski, T.: Planrozwoju regionu katowickiego w okresie perspektywicznym. In: , Gospodarka planowa4 2/1969,
zit. n. WD 5/1969, S. 281-287, 1969.
Zietek, L.: Nadrodze przeobrazen. In: TrybunaLudu, Nr.
deutsch: Auf dem Wege derUmwandlung. In:
Wiss. DienstfürOstmitteleuropa, 6/1971, S. 346-347, 1971. Wissenschaftlicher Dienst für Ostmitteleuropa (WD): Hrsg.: J.-G.-Herder-InstitutMarburg/Lahn, Monatsschrift.
W. E. Johnston and D. E. Hansen: Behavioral characteristics of purchasers of remote recreational subdivision parcels
