tiön in the Continental Islands of Melanesia. Ninth
Pacific Science Congress, 1957, Bangkok/Thailand.
Bartlett, H. H.: Possible Separate Origin and Evolution of the Ladang and Sawah Types of Tropical Agricul- ture. Ninth Pacific Science Congress, 1957, Bangkok Thailand.
Bergeroo-Campagne: L"Agriculture Nomade de la Tri- bu des N"Dranouas en Cote-DTvoire. FAO-Publ. on
Shifting Cultivation, Vol. I, 1950.
Bourke-Borrowes, D.R.S.: The Teak Industry of Siam. Bangkok 1927.
Conklin, H.: Hanunoo Agriculture in the Philippines.
FAO-Publ. on Shifting Cultivation, Vol. II, 1957.
a. Credner, W.: Siam, das Land der Thais. (Eine Landes­ kunde auf Grund eigener Reisen und Forschungen).
Verlag: Engelhorn, Stuttgart, 1935.
Fosberg, F. R.: Tropical Pacific Grasslands and Savan- nas. s. o. Research Council, Washington, D. C., USA.
Ninth Pacific Science Congress, 1957, Bangkok/Thai­ land.
Freeman, J. D.: The Methods of Land Usage Employed by the Iban of Sarawak in the Shifting Cultivation of Hill Rice. Department of Anthropology and Sociology.
The Australian National University, Canberra, A. C.
T., Australia, 1957. Ninth Pacific Science Congress, 1957, Bangkok/Thailand.
Garland, E. A.: The Methods of Management in the Mixed Deciduous Teak Bearing Forests of Kanara,
Bombay Presidency. The Indian Forester, 1934, S. 819 ff.
Kerr, A. F. G.: Sketch of the Vegetation of Chiengmai (Siam). Royal Botanic Gardens, KEW. Bull, of Miscel- laneous Information, 1911.
Krit Samapuddhi,: The Forests of Thailand and Fores- try Programs. Mitt. des Royal Forest Department, Bangkok/Thailand, 1957.
Lafont, P. B.: Slash and Burn Culture Methods among the Mountain Peoples of Central Viet-Nam. Ninth
Pacific Science Congress, 1957, Bangkok/Thailand.
Leach, E. R.: Some Economic Advantages of Shifting Cultivation. University of Cambridge, England. Ninth
Pacific Science Congress, 1957, Bangkok/Thailand.
Letourneux, Ch.: Report to the Government of Thai­ land on "Reforestation in Thailand". FAO-Report No. 47, 1952.
Loetsch, F.: Inventory Methods for Tropical Forests. FAO-Report No. 545, 1956.
Loetsch, F.: A Forest Inventory in Thailand. Unasylva, Vol. 11, No. 4, 1957.
Loetsch, F.: Forest Inventory of the Northern Teak
Bearing Provinces of Thailand. FAO-Report, 1958.
Loetsch, F.: The Teak Forests of Northern Thailand.
World Crops, Vol. 10, No. 4, 1957.
Glenn Trewartha: Climate as Related to the Jet Stream in the Orient 205
Marshall, C.: Land Utilization in the Humid Tropics. Forest Service Malaya. Ninth Pacific Science Congress, 1957, Bangkok/Thailand.
Pit Hampananda: Reforestation of Imperata and other Wast Lands. Royal Forest Department, Thailand.
Ninth Pacific Science Congress, 1957, Bangkok/Thai­ land.
Pelzer, K. ].: Agriculture in the Humid Tropics. Yale University, New Haven, Comm., USA. Ninth Pacific
Science Congress, 1957, Bangkok/Thailand.
Pendleton, R. L.: Soils of Thailand. Soil Technology Advisor, Ministry of Agriculture, Thailand. Ninth
Pacific Science Congress, 1957, Bangkok/Thailand.
Prasiddhi Phumxusri: Tea in Thailand. Me-Malai Farm, Chiengmai, Thailand. Ninth Pacific Science
Congress, 1957, Bangkok/Thailand.
Rue de la, F. A.: Man"s Influence on Tropical Vegeta­ tion. Paris, Frankreich. Ninth Pacific Science Congress, 1957, Bangkok/Thailand.
Tondeur: L"Agriculture Nomade au Congo Beige. FAO- Publ. on Shifting Cultivation, Vol. I, 1950.
Troup, R. S.: Teak Forests of Birma. The Indian
Forest Records, 1911, S. 11. 26. — : General Situation of Floods and Draughts expe- rienced in the Rivers of Thailand. Veröffentl. aus dem
Royal Thai Irrigation Deparment, 1956. CLIMATE AS RELATED TO THE JET STREAM IN
