ihre jetzige und künftige persönliche Einstellung zum Thema Rei­ sen hinterfragen.
also vielmehr als Reisetypen aufzufassen,
Baratta, M. u. a.: Der Fischer Weltalamanach 2005. Frankfurt/Main 2004.
Junck, R.: Wieviel Touristen pro Hektar und Strand? In: GEO, H. 10, 1980, S. 154-156.
Köck, H.: Raumbezogene Schlüsselqualifika­ tionen - der fachimmanente Beitrag des Geo­ graphieunterrichts zum Lebensalltag des Ein­ zelnen und Funktionieren der Gesellschaft. In:
Geographie und Schule H. 84, 1993, S. 14-22.
Mäder, U.: Sanfter Tourismus: Alibi oder Chance, die Schweiz ein Vorbild für die Entwicklungsländer? Arbeitskreis Tourismus und Entwicklung. Zürich 1985.
Mose, I.: Sanfter Tourismus - Schlagwort, Chance, Utopie? In: geographie heute, H. 143, 1996, S. 4-9.
Dr. David Golay ist Lehrer für Geographie und Mathematik an der Sekundarschule Gelterkinden. Dr. rer. nat. David Golay, Im Grund 54, CH-4464 Anwil, E-Mail: golay- bacci@bluewin.ch
