berliner Wirtschaftsgespräche 12011): Berlin im Aufwind. Berlin
Bose, M. (2001): Raumstrukturelle Konzepte für Stadtregionen. In: C. Brake, J. Dangschat und G. Herfert (Hrsg.): Suburbanisierung in Deutschland. Opladen, S. 247-260
Brune, IV, R. Junker und H. Pump-Uhlmann (Hrsg.) (2006): Angriff auf die City. Düsseldorf
EHI (2008): Shopping-Center 2009. Fakten. Hintergründe und Perspektiven in Deutschland. Köln
Fromhold-Eisebith, M. und G. Eisebith (2005): Howto institutionalize innova­ tive clusters? Comparing explicit top-down and bottom-up approaches.
Research Policy 34, S. 1250-1268
IHK (2010): Statistischer Handelsreport für Berlin der Industrie- und Han­ delskammer Berlin. Berlin
Kästner, B. (2010): Wie viele Shopping Center verträgt eine Einkaufsstraße? Auswirkungen der Shopping Center in der Berliner Schlossstraße auf die umgebende Einzelhandelsstruktur. Diplomarbeit am Geographischen Institut der Humboldt-Universität zu Berlin
Kemper, F.-J., E. Kulke und M. Schulz (Hrsg.) (2012): Die Stadt der kurzen Wege. Wiesbaden
Kulke, E. (2003): Berlin - German Capital and Global City? Die Erde 134 (3), S. 219-233
Kulke, E. (2008): The technology park Berlin-Adlershof as an example of spatial proximity in regional economic policy. Zeitschrift für Wirtschafts­ geographie 52 (4), S. 193-208
Kulke, E. (2009): Wirtschaftsgeographie. Paderborn
Kulke, E. (Hrsg.) (2010): Wirtschaftsgeographie Deutschlands. Heidelberg Kulke, E. (2011): Wandeider Einzelhandelslandschaften Berlins. In: W. Matznetter und R. Musil (Hrsg.): Europa: Metropolen im Wandel. Wien. S. 121-138
Kulke, E. (2012): Nur "arm, aber sexy" oder neue Metropole, geographie heute 301, S. 20-27
Kulke, E. und R. Kitzmann (2012): Der Standort Adlershof aus Sicht der Beschäftigten. Berlin (Arbeitsberichte des Geographischen Instituts der Humboldt-Universitätzu Berlin. H. 171)
Lademann, R. (2011): Innerstädtische Einkaufszentren. Eine absatzwirt­ schaftliche Analyse. Göttingen (Göttinger Handelswissenschaftliche Schriften Band 77)
Martin, N. (2006): Einkäufen in der Stadt der kurzen Wege? Mannheim (Studien zur Mobilitäts- und Verkehrsforschung, Band 16)
Porter, M. (1993): Nationale Wettbewerbsvorteile. Wien SenStadt, Senatsverwaltung für Stadtentwicklung (2005): Stadtentwick­ lungsplan Zentren 2020. Edition StadtWirtschaft. Berlin
SenStadt, Senatsverwaltung für Stadtentwicklung (2011): Umweltatlas. Berlin
Stein. R. (2009): Besondere und allgemeine metropolitane Spezialisierun­ gen in Berlin: Kultur und Wissenschaft, Koordination und Transaktion. Raumforschung und Raumordnung 67 (4), S. 287-299
Suwala, L. und P. Dannenberg (2009). Cluster und Innovationspolitik maßgeschneidert. Standort 33, S. 104-112
Geographische Rundschau 2 I 2013
Foto 7: Berlin-Adlershof mit Gebäude der WISTA
Wiegandt, C.-C. (2009): Leitbilder der Stadtentwicklung in Deutschland. Geographie und Schule 31 (182), S. 4-12
Wiegandt, C.-C. (2012): Stadtentwicklung in Deutschland. Trends zur Polarisierung. Geographische Rundschau 64 (7-8), S. 44-53
WISTA (2008): Bericht über Adlershof 2007. Berlin
WISTA (2012): Bericht über Adlershof 2011. Berlin SUMMARY
New Economic Clusters in Berlin by Elmar Kulke
nomic change withde-industrialisation and subur- banisation opens possibilities for re-use of spaces in central areas of the cities. Due to the economic transformation during the last two decades Ber­ lin offers many of these spaces for re-use; there spatial concentrations of new expanding activities - like cultural economy, Offices activities, Consult­ ing firms, technology enterprises or retailing - can be observed. The article explains first the impor­ tant factors for spatial concentration of activities from the perspective of the enterprises and from the side of urban planning. Then two striking ex- amples - the development of a technology park in Adlershof and the development of shopping cen-
tres - are described and analysed.
AUTOR
Professor Dr. ELMAR KULKE, geb. 1958 Geographisches Institut der Humboldt Universität zu Berlin, Unter den Linden 6, 10099 Berlin elmar.kulkeßgeo.hu-berlin.de Arbeitsgebiet/Forschungsschwerpunkte: Wirtschaftsgeographie (vor allem Dienstleistungen); Mitteleuropa, Südostasien
