zogen viele als Saisonarbeiter in die Fremde, andere gründe­ ten kleine Gewerbebetriebe. Inzwischen gibt es mehrere, z. T. GS 28/April 1984
GS 28/April 1984 auch größere Industriebetriebe am Ort, die Haushaltswaren, Relais, Metallwaren, Möbel u. a. hersteilen. Dennoch waren im Jahre 1983 von den 980 Erwerbstätigen 650 Auspendler. Die längs durch den Ort führende Hauptstraße dient dem überörtlichen Durchgangsverkehr von der B 14 (Tuttlingen — Rottweil) auf die Alb hinauf. Der nächste Bahnhof liegt in Spaichingen, dem 6 km entfernten Unterzentrum. Linienbus­
se fahren mehrmals täglich durch den Ort. Der Einwohner­ stand stagniert seit Jahren bei etwa 1800 Einwohnern, der Ausländeranteil (1983: 35 Personen) ist gering. Eine Flurbereinigung ist eingeleitet. Die Gemeinde hat begon­ nen, eine punktuelle Dorfentwicklung im alten Dorf vorzuneh­ men und Neubauvorhaben zu verwirklichen. Ein örtliches Ent­ wicklungskonzept — es steht in seinen Aussagen zwischen dem Flächennutzungsplan und einem Bebauungsplan bzw. Sanierungsplan — liegt seit 1980 vor. 3. Methodik 3.1 Intention
Ziel der Unterrichtseinheit ist es, eine ländliche Sied­
lung im Nahraum zu erforschen und die aktuellen Pro­ bleme der Entwicklungstendenzen festzustellen. Eine notwendige Voraussetzung dafür ist das Studium der Dorfgestalt, weshalb die Schüler zunächst die histori­ sche Entwicklung kennenlernen und die formprägen­ den Elemente der traditionellen Architektur ent­ decken sollen. Die Unterrichtseinheit sieht eine pra­ xisbezogene Arbeitsweise vor. Die Schüler sollen die Problematik im Rahmen von Felduntersuchungen durch Beobachten, Kartieren und Befragen herausar­ beiten. Der zeitliche Aufwand beträgt 5—6 Unter­ richtsstunden, zusätzlich wird die Gemeinde mehr­ mals besucht.
Einführung in der Schule Der Einstieg in die Unterrichtseinheit erfolgt entwe­ der mit kontrastierenden Dias, die eine traditionelle ländliche Bauweise den planerischen Sünden der Ge­ genwart gegenüberstellen, oder mit dem Vorlesen von provozierenden Titeln aus Zeitschriften oder Zei­ tungen zum Thema (M 1). Es folgt ein kurzer Problemaufriß und die Frage nach Dörfern im Nahraum, in denen der ursprüngliche Cha­ rakter stark verändert wurde. Der Ort Denkingen wird als Beispiel herausgegriffen. Die Schüler erhalten
den schriftlichen Arbeitsauftrag, aus einem histori­ schen Quellentext Informationen über das Dorfbild und die Berufsstruktur am Ende des letzten Jahrhun­ derts zu entnehmen und diese den heutigen Bedin­ gungen gegenüberzustellen, soweit sie ihnen be­ kannt sind. Anschließend wird anhand der Topogra­ phischen Karte 1: 50 000 (L 7918 Spaichingen) und des Ortsplanes der Ortsgrundriß näher bestimmt. Das Dorf erstreckt sich über 2 km entlang der Durch­ gangsstraße als größere geschlossene Siedlung mit unregelmäßigem Grundriß, unterschiedlich dichter Bebauung und Häusern unterschiedlicher Größe. Aus
drei Ortsteilen entstand ein in die Länge gezogenes Haufendorf. Es ist von Gärten und Obstbaumanlagen umgeben. In jüngerer Zeit kamen mehrere Neubauge­ biete hinzu, erkennbar an den gleichmäßigen Abstän­ den der Häuser, dem geschwungenen Straßenverlauf und Sackgassen mit Wendeplatten. Im Norden liegt ein Gewerbegebiet.
