Bleck, J. und N. van de Walle (2010): Parties and Issues in Francophone West Africa: Towards a Theory of Non-Mobilization. Ithaka, NYC Mario Einaudi Center for International Studies. Working Paper Series 1-10.
Bröning, M. (2006): Den Blick weiten: Politischer Islam in Westafrika. Friedrich-Ebert-Stiftung. IPG 3/2006. http://library.fes.de/pdf-files/id/ ipg/03902.pdf
Elischer, S. und G. Erdmann (2012): Regionalorganisationen in Afrika - eine Bilanz GIGA Focus Afrika 3/2012. GIGA German Institute of Global and Area Studies, Hamburg
Erdmann. G. (2004): Party Research: Western European Bias and the African Labyrinth". Democratization 11. S. 63-87
Jaspert. J. (2010): Regionalismus im südlichen Afrika. Die Handels- und Sicherheitspolitik der SADC. Wiesbaden
Julien. S. (2011): Le Sahel comme espace de transit des stupefiants. Acteurs et consequences politiques. Herodote 142, S. 139-140
Moseley. W.G. und L.C. Gray (2008): Introduction. Cotton, Globalization, and Poverty in Africa. In: W.G. Mosely und L.C. Gray (Hrsg.): Hanging by a thread, cotton, globalization, and poverty in Africa. Athens. Ohio. S. 1-31
Mayrargue. C. (2008): Les dynamiques paradoxales du pentecötisme en Afrique subsaharienne. IFRI. Paris, www.ifri.org/downloads/ mayrarguefinalfr.pdf
McKinsey Global Institute (2010): Lions on the move: The progress and potential of African economies. Washington, www.mckinsey.com/ insights/africa/lions_on_the_move
Oberländer, R. (1878): Westafrika vom Senegal bis Benguela. Reisen und Schilderungen aus Senegambien, Ober- und Niederguinea. Leipzig OECD (2013): http://stats.oecd.org
Söderbaum, F. und /. Taylor (Hrsg.) (2008): Afro-Regions. The Dynamics of Cross-Border Micro-Regionalism in Africa. Nordiska Afrikainstitutet, Uppsala
UNODC (2013): www.unodc.org/westandcentralafrica/en/west-africa-coast- initiative.html
Verschave. F.-X. (2002): Noir silence. Qui arretera la Francafrique? Paris
Wiese. B. (2000): Westafrikas atlantische Fassade -Geopolitik einer Krisen­ region. Geographische Rundschau 52 (11), S. 60-61 SUMMARY
