An ua r io Est a d ist ic o d e Cost a Ric a, 1966: - 1965 (San Jos£, Costa Rica). -, 1972: - 1970 (San Jose, Costa Rica).
Ba r t e ls D., 1973: "Zur Kritik der bürgerlichen Industriegeographie", Geographische Zeit­ schrift, 61, 4: 319-321.
Vgl. z. B. die Arbeiten in De mogr a f ia y Ec on omia (Mexico DF) oder vonCa r r illo Flor e s 1974.
Vgl. aber Sa n d n e r 1969, 1970 und Vor läuf e r 1970, 1973 (mit Bezug auf Dar Es
Ba t a illon C., 1972: La ciudad yelcampoen elMexicocentral (MexicoDF).
Be c k G., 1973: Zur Kritik der bürgerlichen Industriegeographie (Göttingen).
Be r n a ue r U. und E. Fr e it a g, 1974: Poder popul ärin Chile am BeispielGesundheit. Doku­ mente aus Elendsvierteln (Stein/Nürnberg).
Boe sle r K.-A., 1969: Kulturlandschaftswandeldurch raumwirksame Staatstätigkeit (Berlin).
Gedanken zum Konzept der politischen Geographie", Die Erde, 105, 1: 7—33.
Ca br e r a G., 1974: (Diskussionsbeitrag zum Thema) "Situaciön yperspectivas demogräficas de Mexico", in A. Ca r r illo Flor e s ed.: Diälogos sobre poblaciön (Mexico DF), S. 127-137.
Ca r d on a Gut ie r r e z R. ed., 1969: Urbanizacion y marginalidad (Bogota). -, 1970: Migracion ydesarrollourbano (Bogota).
Ca r r illo Flor e s A. ed., 1974: Diälogos sobre poblaciön (MexicoDF).
Ca sa sc o J. A., 1969: "The social function of the slum in Latin America: some positive aspects", Amörica Latina, 12, 3: 87-111.
Die t z A. G. H., M. N. Kot h undJ. A. Silva, 1965: Housing in Latin America (Cambridge, Mass.).
Dir e c c ion Ge n e r a l d e Est a d ist ic a, 1962: VIII. Censo general de poblaciön. 1960 (MexicoDF)
IX. Censogeneralde poblaciön. 1970 (MöxicoDF). Ge r ma n i G., 1972: "Aspectos teöricos de la marginalidad", Revista Paraguaya de Sociologia, 9, 23: 7-35.
Ha r d G., 1973: Die Geographie. Eine wissenschaftstheoretische Einführung (Berlin/ NewYork).
He r old D., 1974: ", PoliticalGeography* und, Geopolitics"", Die Erde, 105, 2: 200-213.
Hun t e r D. R., 1964: The slums; challenge and response (NewYork/Toronto).
Le e d s A., 1969: "The significant variables determining the character of squatter Settle­ ments", America Latina, 12, 3: 44-86.
Le n g G., 1973: "Zur, Münchner* Konzeption der Sozialgeographie", Geographische Zeit­ schrift, 61, 2: 121-134.
Le wis O., 1961: The children of Sänchez: autobiography of a Mexican family (New York).
La vida. A PuertoRican family in the culture of poverty (New York/San Juan).
The possessions of the poor", Scientific American, 221, 4: 114-124.
Lic ht e n be r ge r E., 1972: "Die städtische Explosion in Lateinamerika", Zeitschrift für Lateinamerika, 4: 33-55.
Ma n gin W. P., 1967: "Squatter Settlements", Scientific American, 217, 4: 21-29.
a): "Latin American squatter Settlements: a problem and a solution", Latin American Research Review, 2: 65-98.
Ma r x K., 1972 (1872): Das Kapital. Kritik der politischen Ökonomie, Band 1 (Frank­ furt/M.).
Nic k e l H. J., 1973: Unterentwicklung als Marginalität in Lateinamerika. Einführung und Bibliographie zueinem lateinamerikanischen Thema (München).
Nun J., 1969: "Superpoblaciön relativa, ejercito industrial de reserva o masa marginal", Revista Latinoamericana de Sociologia, 5, 2: 178-235.
Of ic in a Na c ion a l d e Est a d ist ic a y Ce n sos, 1972: Los pueblos jövenes en elPeru (Lima).
Pr e sc ot t J. R. V., 1972: Politicalgeography (London).
Einführungin die Politische Geographie (München).
Ra y T. F., 1969: The politics of the barriosof Venezuela (Berkeley/Los Angeles).
Ruppe r t K. und F. Sc ha f f e r, 1974: "Zu G. Leng"s Kritik der »Münchener* Konzeption der Sozialgeographie", Geographische Zeitschrift, 62, 2: 114-118.
He r be r t J. Nic k e l Sa n d n e r G., 1969: Die Hauptstädte Zentralamerikas. Wachstumsprobleme, Gestaltwandel und Sozialgefüge (Heidelberg).
Panama - Strukturmerkmale und Leitlinien der sozialräumlichen Desintegration einer lateinamerikanischen Großstadt", Die Erde, 101, 4: 265-283 1973: "Die bevölkerungsgeographische Problematik" in G. Sa n d n e r und H.-A. St e ge r eds.: Lateinamerika (Frankfurt/M.), S. 45-61.
Der Verstädterungsprozeß", a.a.O., S. 62-80. - undH.-A St e ge r eds., 1973: Lateinamerika (Frankfurt/M.).
Sc he uc h E. K., 1969: "ökologischer Fehlschluß", in W. Be r n sd or f ed.: Wörterbuch der Soziologie (Stuttgart), S. 757-758.
Sc hölle r P., 1957: "Wege und Irrwege der politischen Geographie und Geopolitik", Erd­ kunde, 11, 1: 1-20.
St e r n C., 1973: Las regiones de Mexico y sus niveles de desarrollo socioeconömico (MexicoDF).
Un it e d Na t ion s, 1971: Report onthe world socialSituation. 1970 (NewYork). -, 1971: Improvement of slums and uncontrolled settlements (NewYork).
Ur quid i V. L., 1972: "Perfilgeneral; economia ypoblaciön", in D. Iba r r a etal.: ElPerfil de Mexicoen 1980 (MexicoDF), S. 3-13, Band 1.
und Ä. Ga r c ia Roc ha, 1973: "La construccion de vivienda y el empleo en Mexico", Demografia yEconomia, 7, 1: 1-23.
Ve r e in t e Na t ion e n (Fr öbe l, F., J. He in r ic hs und O. Kr e ye eds.), 1974: Die Armut des Volkes (Reinbek bei Hamburg).
Vor la uf e r K., 1970: Koloniale und nachkoloniale Stadtplanung in Dar Es Salaam (Frank­ furt/M.)
Dar Es Salaam. Bevölkerung und Raum einer afrikanischen Großstadt unter dem Einfluß vonUrbanisierungs- undMobilitätsprozessen (Hamburg).
Heidelberg)
Mit 2 Karten und4 Abbildungen Erwin Gentz mit den besten Wünschen zum 25. September 1975 gewidmet. Mauritiusgilt mit vollem Recht als Zuckerinsel: 54% der Gesamtfläche der Insel sind mit Zuckerrohr bestanden; 94% der Anbaufläche werden von
