Lehrplanarbeit im Schulfach Geographie.- In: geographie heute, H. 200, 4-7.
Bartels, D. (1974): Schwierigkeiten mit dem Raumbegriff in der Geographie. - In: Geogra­ phica Helvetica, Beiheft 2/3, 7-21.
Bartels, D./Hard, G. (21975): Lotsenbuch für das Studium der Geographie als Lehrfach. - Bonn, Kiel.
Blotevogel, H. H. (1995): Raum.- In: Handwörterbuch der Raumordnung. Hannover, 733-739.
Bonk, Th. (Hrsg., 2013): Lexikon der Erkenntnistheorie.- Darmstadt.
Carol, H. (1956): Zur Diskussion um
Landschaft und Geographie. - In: Geographica Helvetica, 2, 111-132.
Carol, H. (1963): Zur Theorie der Geogra­ phie. - In: Mitteilungen der Österreichischen Geographischen Gesellschaft, Bd. 105, H. 1/2, 23-38.
Daum, E. (2006): Raumaneignung - Grund­ konzeption und unterrichtspraktische
Relevanz. - In: GW-Unterricht, H. 103, 7-16.
Dickel, M. (2006): TatOrte - Zur Implemen­ tation neuer Raumkonzepte im Geographieun­
terricht.- In: Dickel, M./Kanwischer, D. (Hrsg.): TatOrte. Neue Raumkonzepte didaktisch inszeniert. Berlin, Münster, 7-19.
Dickel, M./Scharvogel, M. (2013): Räumli­ ches Denken im Geographieunterricht.—In:
Kanwischer, D. (Hrsg.): Geographiedidaktik. Ein Arbeitsbuch zur Gestaltung des Geographie­ unterrichts. Stuttgart, 57-68.
Dürr, H. (1979): Für eine offene Geographie,
Egner, H. (2010): Theoretische Geographie. - Darmstadt.
Glückler, J. (1999): Neue Wege geographi-
gramme in der Geographie. - Frankfurt.
Gosztonyi, A. (1976): Der Raum. Geschichte seiner Probleme in Philosophie und Wissen­ schaften. 2 Bde. -Ereiburg u. a.
Günzel, St. (Hrsg., 2012): Lexikon der Raumphilosophie. - Darmstadt.
Hantschel, R./Koch, R. (1986): Raum- Konzeptionen in der Geographie. - In: Interna­ tionale Schulbuchforschung, 129-144.
Hard, G. (1973): Die Geographie. Eine wissenschaftstheoretische Einführung. - Berlin, New York.
Hard, G (1977): Zu den Landschaftsbegriffen der Geographie. - In: Wallthor, A. H. v./Quirin,
H. (Hrsg. 1977): "Landschaft" als interdiszipli­ näres Forschungsproblem. Münster, 13-23.
Hard, G./Bartels, D. (1977): Eine "Raum"- Klärung für aufgeweckte Studenten. - In: Hard, G. (2003): Dimensionen geographischen Denkens. Bd. 2.- Göttingen, 15-28.
Holzkamp, K. (1968): Wissenschaft als Handlung. - Berlin.
Jammer, M. (21980): Das Problem des Raumes. Die Entwicklung der Raumtheorien. - Darmstadt.
Köck, H. (1986): Axiomatische Leitsätze für
den Geographieunterricht. - In: Köck, H. (Hrsg.): Theoriegeleiteter Geographieunterricht.
Lüneburg, 165-181.
Köck, H. (1987): Chorische Logik-die Grundperspektive geographischer Welt­
betrachtung. - In: Bahrenberg, G. etal. (Hrsg.): Geographie des Menschen. Dietrich Bartels zum Gedenken. Bremen, 179-194.
Köck, H. (1997): Die Rolle des Raumes als zu
Köck, H. (2004): Der Raum - die Mitte der
Geographie. - In: Köck, H./Rempfler, A.: Erkenntnisleitende Ansätze - Schlüssel zur Profilierung des Geographieunterrichts. Köln, 12-18.
Köck, H. (2005): Der chorologische Raum- Die Mitte der Geographie. - In: Horst, U.f Kanwischer, D./Strathenwerth, D. (Hrsg.): Die
Rhode-Jüchtern. Berlin, 45-56.
Köck, H. (2008): Thesen zur innergeographi­
tion. -In: geographische revue, H. 1, 31-39.
Maier, J./Paesler, R. etal. (1977): Sozialgeo­ graphie.-Braunschweig.
Mayer,). (Hrsg., 1993): Die aufgeräumte
Loccum.
Miggelbrink,). (2002): Der gezähmte Blick.
Jahrhunderts. - Leipzig.
Neef, F. (1956): Die axiomatischen Grundlagen der Geographie. - In: Geographi­ sche Berichte, 85-91.
Neef, E. (1967): Die theoretischen Grundla­ gen der Landschaftslehre. - Gotha.
Rau, S. (2013): Räume. Konzepte, Wahrneh­ mungen, Nutzungen. - Frankfurt/NewYork.
Sack, R. (1980): Conceptions ofgeographie space. - In: Progress in Human Geography. H. 3, 313-345.
Schmitz, H. (1967/1969/1973): Der Raum. 3 Bde.-Bonn.
Schultz, H.-D. (2007): Das war/ist geogra­ phisches Denken... (Textauszüge von 1728 bis heute). 5 Bde. - Berlin.
Seebacher, M. M. (2012): Raumkonstruktio­ nen in der Geographie. - Wien.
Seiffert, H. (101983): Einführung in die Wissenschaftstheorie. Bd. 1. - München.
Thomale, E. (1972): Sozialgeographie. Eine
burg.
Wardenga, U. (2002): Alte und neue Raumkonzepte für den Geographieunterricht. - In: geographie heute, H. 200, 8-11.
Wardenga, U. (2006): Raum- und Kulturbe­ griffe in der Geographie. - In: Dickel, M./ Kanwischer, D. (Hrsg.): TatOrte. Neue Raumkonzepte didaktisch inszeniert. - Berlin, Münster, 21-47.
Weichhart, P. (1999): Die Räume zwischen
Geographie.- In: Meusburger, P. (Hrsg.): Handlungszentrierte Sozialgeographie. Benno Werlens Entwurf in kritischer Diskussion. Stuttgart, 67-94.
Weichhart, P. (2010): Raumkonstruktionen,
Turns" und Paradigmen. - In: Wähler, K./Pott, A./Denzer, V. (Hrsg.): Tourismusräume. Bielefeld, 21-39.
Anschrift des Verfassers Prof. Dr. Dr. Helmuth Köck, p.: Albert-Schweit- zer-Straße 14, 76877 Offenbach, d.: Universität
Koblenz-Landau, Campus Landau 3 iS. HER209/36. JAHRGANG/2014
Theoretische Grundlagen 2.1 Raumkonzepte
Obwohl in der Geographie eine Vielzahl unterschiedlicher Raumkonzepte (siehe Einleitungsbeitrag; Köck 2006; Weichhart 2008, 75 ff.) diskutiert werden, wurde der
Fokus dieser Studie angesichts des Stel­ lenwertes für den Geographieunterricht auf die Raumkonzepte nach Wardenga (2002.1; 2002.2) begrenzt. Demnach wird
zwischen folgenden vier Raumkonzepten unterschieden: Raum als Container, Raum als System von Lagebeziehungen, Raum als Kategorie der Sinneswahrnehmung und Raum als Konstrukt (ausführlich siehe Beitrag von Köck in diesem Heft). Mit den Raumkonzepten verbunden sind Aussagen über das Wesen des jeweiligen
können jedoch auch typische Frage- be­ ziehungsweise Aufgabenstellungen so­
konzept korrespondierenden typischen Auswahl von Materialien in Kombina­ tion passender Arbeitsaufträge respektive
Fachmethoden wider, mit denen diese erschlossen werden können (z. B. Ana­ lyse des Bodens mittels pH-Meter oder Analyse der subjektiven Raumwahrneh­ mungen mittels Auswertung von Mental- Maps, siehe Beitrag Bette in diesem Heft). 2.2 Einstellungen
Einstellungen sind "(...) eine psychische Tendenz, die dadurch zum Ausdruck kommt, dass man ein bestimmtes Ob­ jekt mit einem gewissen Grad an Zunei­ gung oder Abneigung bewertet" (Eagly und Chaiken 1993, 1, eig. Übersetzung). Ein­ stellungen können sich zum einen in ih­ rer Valenz (oder Richtung) unterschei­ den, das heißt, sie sind positiv, negativ
oder neutral, zum anderen können sie in Bezug auf ihre Stärke unterschieden wer­ den. Da sich jeder Stimulus begrifflich grundsätzlich als Einstellungsgegenstand erfassen lässt, können Einstellungsob­ jekte sehr heterogen sein (z. B. konkrete, materielle Gegenstände, abstrakte Be­ griffe oder Personen; vgl. Haddock und Maio
In der Einstellungsforschung wird zwischen verschiedenen Ansätzen zur Modellierung der Einstellung unter­ schieden. Am weitesten verbreitet ist der
sogenannte Drei-Komponenten-Ansatz nach Rosenberg und Hovland (1966), bei dem zwischen einer affektiven, einer kogni­ tiven und einer Verhaltenskomponente unterschieden wird. "Einstellung wird in diesem Modell als hypothetisches Kons­ trukt verstanden, das zwischen beobacht­ baren vorangegangenen Reizen (dass of
Stimuli) und nachfolgendem Verhalten (certain classes of response) vermittelt. Hierbei unterscheiden sie die folgenden
