Erde ihren Anteil an der Weltausfuhr bis 1971 auf 81 °/o steigern.
Vgl. Lothar Julitz: Der Welthandel ändert seine Struktur, Frank­ furterAllgemeine Zeitung vom 24. 4. 1972.
Buchholz, H. E.: Perspektiven des Welthandels mit Agrarprodukten. Handelspolitische Empfehlungen im Weltleitplan derFAO, in: Agrarwirtschaft, Jg. 19, 1970, Heft 7.
Fa hrns chon, He lmut: Zur Förderung des deutschen Agrarexports; in Mitteilungen der DLG, 58. Jg., 1970, Heft 51, S. 1568.
Fa hrns chon, He lmut: Wettbewerb um Auslands­ märkte; in: Marktwirtschaft, Heft 6, 1972. Fehlerbei derGetreidehilfe; in: FrankfurterAllgemeine Zeitungvom 1. 3. 1971.
Food and Agriculture Organization: Trade in Agri­ cultural Commodities in the United Nations Develop­ ment Decade; Volume 1, Rome 1964, S. I—30.
Ha ns me y e r, Ka rl-He inrich: Finanzielle Staatshilfen fürdie Landwirtschaft; Tübingen 1963, S. 132 f.
Krus e -Rode na cke r, A.: Die Organisation der Welt­ agrarmärkte; Veröffentlichung der Europäischen Wirt­ schaftsgemeinschaft, Reihe Landwirtschaft, Bd. 15; Brüs­ sel 1964, S. 25.
Ot z e n, Ha ns: Dänen importieren auch. Verschiebun­ gen des Agraraußenhandels durch den Beitritt Däne­ marks zur EWG; in: Bauernblatt/Landpost vom 4.3. 1972.
Zure k, Erns t: Die Wirtschafts- undagrarpolitische Be­
Forschungsgesellschaft für Agrarpolitik und Agrar­ soziologie e. V.; Bonn 1971. Summaries
Central Wales. Structure and Renewal of a Rural Development Area inthe West of Great Britain By Jürge n Da hlke The employment structure of the six counties of Central Wales — Merioneth, Montgomery, Cardigan, Radnor, Carmarthen and Brecon — reveals the predominance of
