Anschriften der Mitarbeiter: Prof. Dr. W. Ahrens, Krefeld, Westwall 124 / Dr. Ernst Barners, Bonn, Blücherstrafle 15 / Stud.-Rat Dr. Karl Mathias, Wiebelskirchen (Saar), Kirchhof­
straße 28c / Stud.-Ass. B. Sdiiel, Trier, Friedridi-Wilhelm-Str. 48 / Stud.-Ass. F.-J. Faas, Stud.-Ass.
A. Backes, Trier, Studienseminar am Friedrich-Wilhelm-Gymnasium / Stud.-Ref. Willi Blum. Karls­ mühle, Post Ruwer bei Trier / Stud.-Rat P. Schemitz, Ruwer b. Trier, Trierstr. la / Weinbau­ oberlehrer H. Wolf, Trier, Kurfürstenstr. 23.
Anschriften der Herausgeber: Prof. Dr. Julius Wagner, Frankfurt/Main, Garten­
straße 66 / Oberstudiendirektor Dr. Max Unterhorst, Peine, Becthoveustraße 15.
Bild nach weis: Stud.-Ass. B. Schiel, Trier, Friedrich-Wilhelm-Str. 48 (1, 2, 3, 6, 7, 8); Stud.-Ass.
F.-J. Faas, Trier, Studienseminar am Friedr.-Wilhelm-Gymnasium (4); Foto Marburg, Marburg/Lahn (5).
Druck: Georg Westermann, Braunsdiweig.
Verband Deutscher Schulgeograph cn. Geschäftsstelle: Frankfurt/Main, Gartenstr. 66.
Kassenführung: Dr. Pfaff, Darmstadt, Küchlerstrafle 4. Postsdieckkonto: Frankfurt/Main Nr. 115 699.
