Afrikanische Gegenwartsfragen. (Deutsche Außenpolitik, Sonderheft, Berlin 1960.)
Blij, H. J. de: Dar-es-Salaam, a Study in Urban Geography. Northwestern University Press 1963.
Bürger, K., u. B. Zuckermann: Beiträge zur ökonomischen Geographie Afrikas. (Lehrbrief f. d. Fernstud. d. Lehrer, Potsdam 1964.)
Buech-Zantner, R.: Zur Kenntnis der osmanischen Stadt. (Geographische Zeitschrift, 1932.)
Dar-es-Salaam, A guide to. Tanganyika Standard 1964.
Fröhlich, W.: Das afrikanische Marktwesen. (Zeitschr. f.
Ethnologie, 1940, S. 234 ff.)
Gillman, C.: Population Problems of Tanganyika Territory (EastAfrican Agricultural Journal, 11, 1945.)
Haak, M.: Bilder von Sansibar. (Zeitschr. f. d. Erdkunde­ unterricht, 1, 1965.)
Beiträge zur Geographie der Inseln Sansibar und Pemba. (Wiss. Zeitschr. d. P. H. Potsdam, 3, 1967.) —: Die StadtSansibar — Eine ökonomisch-geographische Untersuchung. (Diss. Jena 1969.)
Harrison Church, R. J.: Africa and the Islands. London 1964.
Hickman, G. M., u. W. H. G. Dickins: The Lands and Peoples of EastAfrica. London 1961.
Jürgens, H. W.: Untersuchungen zur Binnenwanderung in Tanzania. München 1968.
Klute, F.: Afrika. Handbuch der geographischen Wissen­ schaft. Potsdam 1930.
Kramer, H., u. a.: Die Länder Afrikas. Berlin 1969.
Loth, H. : Griff nach Ostafrika. Berlin 1968.
Marsh, Z. A., u. G. W. Kingsnorth: An Introduction to the History of EastAfrica. Cambridge 1965.
Mecking, L.: Bau und Bild afrikanischer Küstenstädte.
Zeitschr. f. Erdkunde, 22/23, 1938.)
Nairobi. Master Plan for a Colonial Capital. London 1948.
Olderogge, D. A., u. J. Potechin: Die Völker Afrikas. Bd. II. Berlin 1961.
Pritchard, J. M. : A Geography of EastAfrica. London 1962.
Reitemeyer, E.: Die Städtegründung der Araber im Islam. (Diss. München 1912.)
Republic of Tanganyika: Statistical Abstract 1963. Dar-es- Salaam 1964.
Schädler, K.: Crafts, Small-scale Industries and Industrial Education in Tanzania. München 1968.
Schmidt-Renner, Q.: Standort, Stadt und Territorium.
Geogr. Berichte, 1958, S. 106 ff.) —: Elementare Theorie der Ökonomischen Geographie.
Gotha und Leipzig 1966.
Schneider, K. G.: Dar-es-Salaam, Stadtentwicklung unter dem Einfluß der Araber und Inder. Wiesbaden 1965.
Schultze, J. H.: Evolution und Revolution in der Land­ schaftsentwicklung Ostafrikas. (Geogr. Zeitschr., Beiheft 14, 1966.)
Schwarz, G.: Allgemeine Siedlungsgeographie. [West-] Berlin 1966.
The United Republic of Tanganyika and Zanzibar: Tan­ ganyika five year plan for economic and social develop­ ment. Dar-es-Salaam 1964.
Thole, G.: Der nichtkapitalistische Entwicklungsweg afrika­ nischer Staaten. (Zeitschr. f. Erdkundeunterricht, 11, 1969 a)
Einführung in die politische Situation Afrikas. (Zeit­ schr. f. Erdkundeunterricht, 10, 1969 b)
Thole, G., u. R. König: Der Industrialisierungsprozeß in den Entwicklungsländern Afrikas. (Zeitschr. f. Erdkunde­ unterricht, 12, 1969 c)
Trewartha, G. T.: Population Patterns in Tropical Africa.
Annual of the Assoc. of Americ. Geographers, 44, 1954.)
Ullerich, K.: Tansania. (Geogr. Berichte, 2, 1967.) Unesco: Social implications of industrialization and urbani- zation in Africa south of the Sahara. Paris 1956.
Walmsley, R. JF.: Nairobi — The Geography of a New City. The Eagle Press, Nairobi 1957.
Woddis, J.: Afrika — Der Weg nach vorn. Berlin 1964.
