Altmann, F.-L. (1990): Wirtschaftsreformen und System­ veränderungen in den Planwirtschaften Osteuropas. Wirt­ schaftspolitische Blätter, 5/90: 426 — 436.
Csefalvay, Z., u. W. Rohn (1991): DerWeg des ungarischen Arbeitsmarktes in die duale Ökonomie. ISR-Forschungsbe- richte, 1, Wien.
Fassmann, H.: Ökonomische Voraussetzungen undReformen. In: Lichtenberger, E. [Hrsg.]: Vom Plan zum Markt. Forschungsbericht Nr. 3 des Instituts für Stadt- und Regionalforschung, 9—15.
Fiejka, Z., & A. Joz efowicz (1991): Human Resources Development in the 1990s: The Polish Dilemma. Paper presentedattheInternationalConference"HumanResources in Europe atthe Dawn of the 2Ist Century". Luxemburg. 27.-29. Nov. 1991.
Fischer, G. (1991): Labour Market and Social Development in Centraland Eastem Europe: ImpactonWestern Europe. Paper presented at the Conference on Medium Term
Economic Assessment. Wien, 14. —16. Okt. 1991.
Holz mann, R. (1991): Migrationspotential derpostsozialisti­ schen Reformländer Europas: Hintergründe, Daten und Einschätzungen. In: Fassmann, H., Findl, P., u. R. Münz: Die Auswirkungen der internationalen Wanderungen auf Petermanns Geographische Mitteilungen, 136, 1992/1 Transformation in Ost-Mitteleuropa
Österreich. Szenarien zur regionalen Bevölkerungsentwick­ lung 1991—2031 des Instituts fürDemographie derÖAW.
Schriftenreihe derÖROK 89, Wien, 18 — 31.
Kä dä r, B. (1990): WirtschaftsreformeninUngarn. Wirtschafts­ politische Blätter, 5/90: 458 — 463.
Kapl, M., Sojka, M., & T. Tepper (1991): Unemploymentand market-oriented reform in Czechoslovakia. International LabourReview, 130: 199 — 210.
Klaus, V. (1990): Argumente füreine Strategie der Radikal­ reform der tschechoslowakischen Wirtschaft und gegen den Gradualismus. Wirtschaftspolitische Blätter, 5/90: 476-481.
Laski, K. (1990): ThestabilizationplanforPoland. Wirtschafts­ politische Blätter, 5/90: 444—457.
Stankovsky, J. (1990): Österreich, Osteuropa unddie EG. Wirtschaftspolitische Blätter, 5/90: 513 — 519.
Vintrova, R. (1991): DerÜbergangderehemaligenOstblocklän­ der zur Marktwirtschaft. Wirtschaft undGesellschaft, 17: 55-68.
WienerInstitutfürinternationale Wirtschaftsvergleiche (1991): Stabilisierung undRezession. Die Wirtschaft der früheren RGW-Länder undJugoslawiens 1990/91. WIFO-Monats- berichte, 5/91: 257-272.
Witkowski, J. (1991): Labour Market in Poland: Recent Changes and Prospects. Paperpresented atthe International Conference "Human Resources in Europe at the Dawn of
the 2IstCentury”. Luxemburg, 27.-29. Nov. 1991.
Zwass, A. (1991): Strategien des Wandels im Osten. Zukunft, 3/91: 21-27.
Manuskripteingang: 30. 1. 1992
Manuskriptannahme: 4. 3. 1992
Univ.-Doz. Dr. Heinz Fassmann, Österreichische Akademie der Wissenschaften, Institut für Stadt- undRegionalforschung, Postgasse 7, A-1010 Wien © 1992 Justus Perthes Gotha
