Albrecht, V.: Unterrichtspraktische Erprobung eines physisch-geographischen Modells. Die Wetterkarte im Geographieunterricht der Sek. I.
Hefte zur Fachdidaktik der Geographie 2/1979, S. 59-75.
Blüthgen, J.: Allgemeine Klimageographie. Ber­ lin 1966.
Breuer, G.: Wetter nach Wunsch? Perspektiven und Gefahren künstlicher Wetterbeeinflussung. Stuttgart 1976.
Federer, B.: Hagelabwehr: Schuß in die Wolken. Umschau in Wissenschaft und Technik. H. 15 (1979), S. 463-468.
Fedorov, E. K.: Können wir das Wetter ändern? Umschau in Wissenschaft und Technik. H. 1 (1968), S. 9-12.
Geibert, H.: Unterrichtsskizze I: "Tropischer Wirbelsturm." Geographie im Unterricht. 5. Jg. (Juni 1980), S. 199-215.
Geiger, M.: Schulrelevante Arbeitsweisen der physischen Geographie - dargestellt an Bei­ spielen der Klimageographie. Hefte zur Fachdi­
daktik der Geographie, H. 1 (1978), S. 60-80.
Gentry, C.: Hurricane Modification. Hess (Hrsg.). Weather and Climate Modification, S. 497-521. New York 1974.
GEO-Magazin Nr. 5, Mai 1979: "Peitschen vom Himmel", S. 37-62.
Hendrick, R. L., und D. G. Friedman: Potential Impacts of Storm Modification on the Insurance Industry; Sewell (Hrsg.). Human Dimensions of Weather Modification. Chicago 1966.
Hess, W. N. (Hrsg.): Weather and Climate Modification. New York 1974.
Jackson, I. J.: Climate, weather and agriculture in the tropics. London/New York 1977.
MacDonald, G.: Weather Modification. Science
Journal. Jg. 4 (January 1968), S. 39-44.
Oliver, J. E.: Climate and Man"s Environment: An Introduction to Applied Climatology. New York 1973.
Panzram, H.: Gegenwärtiger Stand der Erkenntnisse über die Möglichkeiten der Wet­ terbeeinflussung. Naturwissenschaftliche Rund­
schau. 29. Jg., H. 2 (1976), S. 48-49.
Richter, D.: Das Lernfeld "Naturbedingungen" im lernzielorientierten Geographieunterricht der Sek. I. HFG. H. 1 (1978), S. 81-103.
Riehl, H.: Der tropische Wirbelsturm. Umschau in Wissenschaft und Technik. H. 5 (1980), S. 131-137.
Ruland, H.: Unternehmen Sturmwut. Wie zähmt man einen Hurrikan? DIE ZEIT vom 12.
Juli 1974, S. 41.
Science vom 7. Juni 1974, S. 1059-1061.
Sewell, D. (Hrsg.): Human Dimensions of Wea­ ther Modification. Chicago 1966.
Smith, K.: Principles of Applied Climatology. New York 1975.
Weischet, W.: Einführung in die Allgemeine Klimatologie. Stuttgart 1977. O In eigener Sache:
