Die Bundesregierung (Hrsg.): Die Kartoffel: Erfolgsgeschichte einer "ärmlichen Knolle". Magazin zur Entwicklungspolitik Nr. 69/2008 (www.bundesregierung.de)
Corves, C.: Biologische Vielfalt in der Landwirtschaft. Ihre Bedeutung für die Ernährungssicherung in Zeiten des Klimawandels.
Geographische Rundschau 61 (2009) H.4, S. 38-45
Devaux, A. u. a.: Anälisis comparativo del sector papa en Bolivia, Ecuador y Peru. In: Devaux, A. u. a. (Hrsg.): El sector papa en la regiön andina. Diagnöstico y elementos para una vision estrategica
Bolivia, Ecuador y Peru). Lima 2010, S. 8-22
Kotschi, J.: Agricultural Biodiversity is Essential for Adapting to Climate Change. GAIA 16 (2007) H.2, S. 98-101
Melissis, A.: Die Kraft der Knolle. Die Kartoffel und ihre Bedeutung als Kulturpflanze, die zeitung - terre des hommes 4/2007, S. 3
Mayo, R.: Las papas nativas conquistan el mundo. El Comercio vom 11.01. 2010
Schmidt-Wulffen, W.-D.: Zweimal "Höhenstufen der Anden" - Ein neuer didaktischer und inhaltlicher Zugang zu einem "alten" Thema des Geographieunterrichts. In: Materialien zur Didaktik der
Geographie und Wirtschaftskunde (1999) Bd. 15, S. 99-106
Spooner, D. M. u.a.: A single domestication for potato based on multilocus amplified fragment length polymorphism genotyping.
PNAS 102 (2005) H.41 Filme Bundesministerium für wirtschaftliche Zusammenarbeit und Entwick­ lung (BMZ) (Hrsg.): Das grüne Gold der Inkas. Wie die Kartoffel in Zeiten des Klimawandels die Ernährung sichern kann. Bonn/Berlin 2008 (BMZ Filmservice 017)
