Agard, S. (1974): Neoglacial chronology in the Fourth of July Cirque. - Unpublished term- paper, Boulder.
Benedict, J. B. (1967): Recent glacial history of an alpine area in the Colorado Front Range, U.S.A. I. Establishing a lichengrowth curve. - J. Glaciol., 6: 817-832.
Recent glacial history of an alpine area in the Colorado FrontRange, U.S.A. II. Dating the glacial deposits. - J. Glaciol., 7: 77-87.
Chronology of cirque glaciation, Colorado FrontRange. - Quaternary Research, 3: 584-599.
Birkeland, P. W. (1973): Use of relative age dating methods in a Stratigraphie study of rode glacierdeposits, Mt. Sopris, Colorado. - Arct. Alp. Res., 5: 401-416.
Pedology, Weathering, and Geomorphological Research. - Oxford Univ. Press, New York.
Birkeland, P. W. & C. D. Miller (1973): Re-interpretation of the type Temple Lake moraine and other Neoglacial deposits, Southern Wind River Mountains, Wyoming. - Geol. Soc. Am. Abs. 5: 465-466.
Bonnett, R. B. (1970): Glacialsequence ofthe UpperBoulderCreek drainage basin in the Colo­ rado Front Range. - Unpublished dissertation, Ohio State Univ.
Carroll, T. (1974): Relative age dating techniques and a late Quaternary chronology, Arikaree Cirque, Colorado. - Geology 2: 321-325.
Currey, D. R. (1974): Probable pre-Neoglacialage of the type Temple Lake moraine, Wyoming. - Arct. Alp. Res. 6: 293-300.
Madole, R. F. (1969): Pinedale and Bull Lake glaciation in upper St. Vrain drainage basin, BoulderCounty, Colorado. - Arct. Alp. Res. 1: 279-287.
Neoglacialfacies in the Colorado FrontRange. - Arct. Alp. Res. 4: 119-130. 344
M. Gabriel Mahaney, W. (1972): Audubon: New name forColorado FrontRange NeoglacialDeposits for- merly called "Arikaree". - Arct. Alp. Res. 4: 355-357.
Neoglacialchronologyinthe Fourth ofJuly Cirque, CentralColorado FrontRange. - Geol. Soc. Am. Bull., 84: 161-170.
Millett, M. T. (1956): Glaciation in the headwaters ofMiddle BoulderCreek, Colorado. - M. S. thesis, Univ. of Colo.
Richmond, G. M. (1960): Glaciation of the eastslope of Rocky Mountain NationalPark, Colo­ rado. - Geol. Soc. Am. Bull., 71: 1371-1382.
Glaciation ofthe Rocky Mountains. - In Wright, H. E. & D. G. Frey (ed.), The Quaternary of the United Staets. - Princeton, N. J.
Schäfer, I. (1950): Die diluviale Erosion undAkkumulation. Erkenntnisse aus Untersuchungen über die Talbildung im Alpenvorland. - Forschungnezurdeutschen Landeskunde, 49.
Schneebeli, W. (1976): Untersuchungen vonGletscherschwankungen im Val de Bagnes. - Die Alpen 52: 5-57.
Williams, J. (1973): Neoglacialchronology ofthe Fourth of July Cirque, CentralColorado Front Range: Discussion. - Geol. Soc. Am. Bull., 84: 3761-3765.
AnschriftdesAutors: Manfred Gabriel, LehrstuhlfürGeographie I, Postfach 1549, 8600 Bamberg. Z. Geomorph. N. F.
