Leitner, Wilhelm: Morphographische Karte der Steiermark. (Manuskr. 1953). 1: 300 000. Leitner,
Wilh.: Die Flurformen der Steiermark (Steiermark-
Atlas, 1: 300 000, 1953). Leitner, Wilh.: Die Vertei­ lung der Bevölkerung nach natürlichen Landschaf­ ten in der Steiermark. Mitt. d. Gg. Ges. Wien, Bd. 101, 1959). Leitner, Wilhelm: Die Landbau­ zonen der Steiermark (Steiermark-Atlas 1: 500 000, 1963). Leitner, Wilhelm: Die vorherrschende Ge­ treideart der Steiermark. (Steiermark-Atlas, 1: 500 000, 1963).
Wellerdölförderung im Jahre 1962 Die Kurve der Welterdölförderung ist im­ mer noch im Anstieg begriffen, und es hat den Anschein, als ob diese Aufwärtsentwick­ lung auch im Laufe der kommenden Jahr­
Tabelle kann die Entwicklung der Erdöl­ förderung auf der Erde ersehen werden:
Die Welterdölförderung betrug also im Jahre 1962: 1 211 Mill. Tonnen, d.s. 92 Mill.
Tonnen oder 8 v. H. mehr als im Vorjahr
Mill. Tonnen). Knapp ein Drittel der Mehrförderung stammt aus den "Ölfel­
Der junge Ölkontinent Afrika steigerte seine Förderung um 70 v. H. Die afrikanische Wirtschaft basiert heute nicht mehr aus­ schließlich auf der Ernte von Bananen, Kaf­ fee oder anderen typischen Produkten die­ ses Kontinentes. In den letzten Jahren wur­ den auch zahlreiche Erdöl- und Naturgas­ vorkommen erschlossen, die für einige der jungen Nationen so etwas wie ein Grund­ kapital, ja in einzelnen Fällen sogar einen gewissen Wohlstand darstellen beziehungs­
die Rohölförderung in Afrika jährlich nur
schließlich auf Ägypten entfielen. Der "große
selbständige Algerien mit einer Jahresförde­ rung von 8, 4 Millionen Tonnen an die 14.
Stelle in der Liste der Erdölländer rückte. Im Jahre 1962 waren es bereits 20, 4 Millionen
spielsweise im gesamten westlichen Europa
gefördert wurde. Daneben entdeckte man in der algerischen Sahara große und ausge­ dehnte Erdgasfelder, mit deren wirtschaft­ licher Auswertung erst begonnen wurde. Außer in Algerien wurde die Erdölförderung inzwischen in folgenden afrikanischen Län­ dern mit unterschiedlichem Erfolg aufgenom­
men: Angola, Gabun, Libyen, Marokko und Nigeria. Zusammen mit Ägypten förderten diese Länder des afrikanischen Erdteils: 38, 83 Millionen Tonnen. Afrikas Anteil an der Weltförderung des Jahres 1962 erreicht
günstigen Lage vieler afrikanischer Fund­ stätten die Bedeutung der dortigen Öl­
produktion erheblich höher eingeschätzt werden. Denn von den Endpunkten der algerischen und libyschen Pipelines an der nordafrikanischen Mittelmeerküste sind es nur wenige Stunden Tankerfahrt etwa zur Kopfstation der südeuropäischen Pipeline bei Marseille. Libyen steht bereits unter den Erdölländern Afrikas hinsichtlich der Förde­ rung an zweiter Stelle,- es hofft im Laufe der nächsten Jahre seine Förderungszahlen
auf der Welterdöl-Rangliste mit zu den gro­
ßen Erdölländern gehören wird. Auch Nige- rien weist große Erfolge auf, wenn auch die vermuteten Ölreserven (55 Mill. Tonnen) hinter denen von Algerien (846), Libyen (598) und Ägypten (104 Millionen Tonnen) weit Zurückbleiben. Inzwischen ist das Land be­ reits zum Ölexporteur ") geworden. Man glaubt im Jahre 1970 bereits zehn Millionen Tonnen Erdöl fördern zu können, während man in Libyen auf ein Mehrfaches dieses Be­
Kontinente und Großräume hinsichtlich ihrer Erdölförderung einer Betrachtung unter­ ziehen, so ergibt sich folgendes Bild für das Jahr 1962: Kontinente Förderung
Großräume) in Mil). In v. H.
Tonnen
Nordamerika 409 ~ 33, 8
Naher Osten 306 25, 3 UdSSR, China, Osteuropa 206 17, 0 Südamerika 204 16, 8
Afrika 39 3, 2
Ferner Osten, Australien 29 2, 4 Westeuropa 18 1, 5 Wenn wir die Kontinente bzw. Großräume aber hinsichtlich der Erdölreserven ordnen, ergibt sich eine etwas andere Reihenfolge: Vorhandene
Reserven ln v. H.
Kontinente_______________ in Mill. Tonnen____
