So beziffert Bar-On (1996, S. 162 f.) die Zahl
der "visitor arrivals" in Israel für das Jahr 1970 mit 441.000, für 1994 mit 2.170.000 und die
Zahl der "tourists by air" für 1970 mit 382.000, für 1994 mit 1.503.000.
Seidler (2007) zeichnet die Debatte nach, die
Rassismus, Ethik und Werte geführt wurde.
Vgl. hierzu Tanja Mihalic (1996), die dies für den Fall der Wiederbelebung des slowenischen Tourismus Anfang der 1990er Jahre nach den Kriegen in Jugoslawien darstellt.
Barber, B. (1995). Jihad vs McWorld. New York: Random House
Bar-On, R. R. (1996). Measuring the Effects on Tourism of Violence and of Promo­
tion Following Violent Acts. In: Pizam, A./ Mansfeld, Y. (Hg.), Tourism, Crime and In­ ternational Security Issues. Chichester u. a.: John Wiley & Sons, S. 159-174
Heinz-Günter Vester / Tourismus und Terrorismus im Zeichen der Postmoderne
Baudrillard, J. (1982). Der symbolische Tausch
und der Tod. München: Matthes & Seitz
Baudrillard, J. (1985). Die fatalen Strategien.
München: Matthes & Seitz
Baudrillard, J. (1991). La guerre du Golfe n"a pas eu lieu. Paris: Edition Galilee
Bauman, Z. (2000). Liquid Modernity. Cam­
bridge: Polity Press (Flüchtige Moderne.
Frankfurt am Main: Suhrkamp 2003) Bauman, Z. (2005). Liquid Life. Cambridge: Polity Press (Leben in der flüchtigen Moder­ ne. Frankfurt am Main: Suhrkamp 2007)
Bergesen, A. J./ Lizado, O. (2004). Interna­ tional Terrorism and the World System. In: Sociological Theory 22 (1), S. 38-52
Best, S./ Kellner, D. (2001). The Postmodern
Adventure. Science, Technology, and Cultur- al Studies at the Third Millenium. London: Routledge
D"Amore, L. J./ Anunza, T. E. (1986). Interna­ tional Terrorism: Implications and Challenge for Global Tourism. In: Business Quarterly, November, S. 20-29
Eco, U. (1985). Über Gott und die Welt. Mün­ chen: Hanser
Freedman, L. (2007). Globalization and the War against Terrorism. In: Ankersen, C./ O"Leary, M. (Hg.), Understanding Global Terror. Cambridge: Polity Press, S. 217-229
Freyer, W./ Groß, S. (Hg.) (2004). Sicherheit in Tourismus und Verkehr. Schutz vor Risiken
und Krisen. Dresden: FIT - Forschungsin­ stitut für Tourismus Gray, C. H. (1997). Postmodern War: The New Politics of Conflict. London: Routledge
Hammond, P. (2007). Media, War and Post- modernity. London: Routledge
Hall, C. M./ O"Sullivan, V. (1996). Tourism, Political Stability and Violence. In: Pizam, A./ Mansfeld, Y. (Hg.), Tourism, Crime and International Security Issues. Chichester u. a.: John Wiley & Sons, S. 105-121
Hassani, B. (2007). Trauma and Terrorism: How
Do Humans Respond? In: Trappier, B. (Hg.), Modern Terrorism and Psychological Trauma. New York: Gordian Knot Books, S. 1-13
Hutchinson, E./ Bleiker, R. (2008). Emotions
in the War on Terror. In: Bellamy, A. J./
Bleiker, R./ Davies, S. E./ Devetak, R. (Hg.), Security and the War on Terror. London, New York: Routledge, S. 57-70
Laqueur, W. (1996). Postmodern Terrorism. In: Foreign Affairs 75, S. 24
MacCannell, D. (1992). Empty Meeting
Grounds. The Tourist Papers. London: Rout­ ledge
Mihalic, T. (1996). Tourism and Warfare - the Case of Slovenia. In: Pizam, A./ Mansfeld, Y. (Hg.), Tourism, Crime and International Security Issues. Chichester u. a.: John Wiley
Sons, S. 231-246
Pedahzur, A./ Perliger, A./ Bialsky, A. (2007). Explaining Suiciae Terrorism. In: Ankersen, C./ O"Leary, M. (Hg.), Understanding Glob­ al Terror. Cambridge: Polity Press, S. 37-56
Richter, L. K./ Waugh, W. L. Jr. (1986). Terror­ ism and Tourism as Logical Companions. In: Tourism Management 7 (4), S. 230-238
Sageman, M. (2004). Understanding Terrorist Networks. Philadelphia: University of Penn­
sylvania Press Savitch, H. V. (2008). Cities in aTime of Ter­ ror. Space, Territory, and Local Resilience. Armonk, NY: M.E. Sharpe
Seidler, V. J. (2007). Urban Fears and Global Terrors. Citizenship, Multicultures and Be- longings after 7/7. London: Routledge
Smith, V. L. (1996). War and Its Tourist At- tractions. In: Pizam, A./ Mansfeld, Y. (Hg.), Tourism, Crime and International Security Issues. Chichester u. a.: John Wiley & Sons, S. 247-264
Trappier, B. (Hg.) (2007). Modern Terrorism and Psychological Trauma. New York: Gord­ ian Knot Books
Vester, H.-G. (1993). Soziologie der Postmo­ derne. München: Quintessenz
Vester, H.-G. (1999). Tourismustheorie. Sozi­ ologische Wegweiser zum Verständnis touri­ stischer Phänomene. München, Wien: Profil
Vester, H.-G. (2004). Tourismus und Terro­ rismus in Äypten. Die Entwicklung in der letzten Dekade des 20. Jahrhunderts. In: Lu- ger, K./ Baumgartner, C./ Wöhler, K. (Hg.), Ferntourismus wohin? Der globale Touris­
mus erobert den Horizont. Innsbruck u. a.: StudienVerlag, S. 287-295
Wall, G. (1996). Terrorism and Tourism: an OverView and an Irish Example. In: Pizam, A./ Mansfeld, Y. (Hg.), Tourism, Crime and International Security Issues. Chichester u. a.: John Wiley & Sons, S. 143-158
Wallace, W. (2007). Europe and the War on Terror. In: Ankersen, C./ O"Leary, M. (Hg.), Understanding Global Terror. Cambridge: Polity Press, S. 83-94
Wernick, A. (1991). Promotional Culture. Ad- vertising, Ideology and Symbolic Expression. London: Sage Tourismus und Terrorismus aus ökonomischer Sicht
Bruno S. Frey & Simon Lüchinger Zusammenfassung:
