Lit.: Bartels, D.: Türkische Gastarbeiter aus der Re­
gion Izmir. Erdkunde, 1968, S. 313-324. - Borris, M.: Ausländische Arbeiter in einer Großstadt. Frankfurt/
Main 1973. - Geiger, F.: Zur Konzentration von Gast­ arbeitern in alten Dorfkernen. Geogr. Rundschau,
S. 61-71. - Puls, W. W.: Gastarbeiter oder Ein­
wanderer. Geogr. Rundschau, 1975, S. 49-60. - Schret- tenbrunner, H.: Gastarbeiter. Frankfurt/Main 1976. - Stadt Kiel (Hrsg.): Ausländer in Kiel. Statistische Be­
richte, Nr. 89, Kiel 1978. - dito (Hrsg.): Ausländer
Statistische Berichte, Nr. 94, Kiel 1979. - dito
Hrsg.): Statistische Informationen. Nr. 52, Kiel 1980. - Thissen, G.: Ausländer in Schleswig-Holstein. Statisti­ sche Monatshefte Schleswig-Holstein. 32. Jg., H. 6,
Kiel 1980, S. 117-124. - Toepfer, H. u. V. Suicmez: Sek­ torale und regionale Mobilität von Rückwanderern in die Türkei. Ein Beispiel aus der Provinz Trabzon.
Orient, 1979, S. 92-107. - Wiebe, D.: Zur angewandten Kriminalgeogr. der Ballungsgebiete. Stadtgeogr. Ana­ lyse subkultureller Phänomene. 41. Deutscher Geo­
graphentag Mainz, Tagungsbericht und wiss. Abhand­ lungen, 1978, S. 207-227.
chen Erdhügeln aus Kleiboden, den sogenann­ ten "Warften” (von dem Wort "aufwerfen”) ange­ legt. Die Warften erheben sich rund 5 m über NN, sind aber nach den Erfahrungen der Sturm­ fluten 1953, 1962 und 1976 nicht alle fest und hoch genug; sie müssen noch verstärkt werden.
Die Wirtschaftsweise der Einwohner ist diffe­ renziert. Sylt, Amrun und Föhr leben heute weitgehend vom Fremdenverkehr. Die Land­ wirtschaft (meist Weidewirtschaft wegen des re­ lativ unfruchtbaren Geestbodens) hat nur eine
ßige Salzwasserüberflutungen keinen Anbau von Getreide oder Feldfrüchten zulassen (z.B. wird Hallig Gröde etwa 20 mal, Langeneß ca. 7 - 8 mal im Jahr überflutet). Versuchsfelder mit
Hafer, Gerste, Rüben und Kartoffeln auf de Hal­ lig Hooge 1933 - 41 scheiterten.
Eine Zwischenstellung nimmt die Insel Pell­ worm ein. Der Hauptanteil der Erwerbstätigen lebt von der Landwirtschaft (rd. 50%), während 40% im tertiären Wirtschaftssektor (vorwiegend Fremdenverkehr und Versorgungsbetriebe) be­ schäftigt sind.
Allen Inseln bzw. Halligen ist gemeinsam, daß der geringste Teil der Erwerbstätigen im sekun­ dären Wirtschaftssektor (Handwerk, Industrie) arbeitet; dies hängt u.a. mit der speziellen Pro­ blematik der Insellage (erhöhte Betriebskosten!) zusammen.
c) Schließlich sind Inseln Anziehungspunkte für den Tourismus. Neben dem Abwechs­ lungsreichtum der Landschaft spielt das günsti­
kraft bei vielerlei Erkrankungen nachgewiesen ist. Auch ist die Zahl der Sonnentage hier we­ sentlich höher als auf dem Festland. Sylt, Amrun und Föhr entwickelten sich zu
viele Arbeitsplätze für die einheimische Bevöl-
