de la Sect. scientif. de la Academie Rou- maine, XIX/8, Bucuresti 1938.
CREDNER, G. R.: Die Deltas. Pet. Ergh. 56, 1878, Gotha.
CZAJKA, W.: Schwemmfächer md Schwemm­ ebene in der Piedmontzone. Die Erde, Bd. II, 1950/51, 155—166.
Schwemmfächerbildung undSchwemmfächer­ formen. Mitt. Geogr. Ges. Wien, Bd. 100, 1958, 18—36.
GULLIVER, F. H.: Shoreline Topography.
USA Proceedings Amer. of Arts and Scien­ ces, Vol. XXXIV, 1899.
KAUFMANN, H.: Rhythmische Phänomene der Erdoberfläche. Braunschweig 1929.
LEPSI, I.: Das Gefälle der Talwege im Donau­
delta. Pet. Mitt., Bd. 87, 1941, 267—270.
MARINELLI, Ö.: L"increscimente del delta del Po nel secolo. Rivista Geogr. Ital., XIX, 1898.
Süll etä dei delta dei fiumi italiani. La Geo­ graphie, XIV, Fase. 1—2, 1926.
MARTONNE de E.: Traite de Geographie Phy- sique. Tome second, 971—996, Paris 1926.
PESCHEL, O.: Neue Probleme der vergleichen­ den Erdkunde. Leipzig 1870, 110—129.
PFANNENSTIEL, M.: Die Quartärgeschichte des Donaudeltas. Bonner Geogr. Abhand­
lungen, H. 6, Bonn 1950.
RÜSSEL, R. J.: Morphologie des Mississippi­ deltas. Geogr. Zeitschr., 45. Bd., 1939, 28i_ 293.
SAMOJLOV, I. V.: Die Flußmündungen. Gotha 1956.
SLANAR, H.: Zur Kartographie und Morpho­ logie des Donaudeltas. Wiener Geogr. Stu­ dien, H. 12, Wien 1945.
WILHELMY, H.: Umlaufseen und Dammufer­ seen tropischer Tieflandflüsse. Zeitschrift
f. Geomorphologie, Neue Folge, Bd. 2, H. 1/2, 1958, 27—64.
Manuskript eingelangt im Herbst 1959
