<title>Rechtsverordnung vom 31. Oktober 1940 unter Naturschutz gestellt; im Landschaftsplan "Vulkaneifel" von 1968 ist es wie folgt beschrieben</title> " ..:
<title>mit bedeutendem Erholungswert: Gebiet enthält vielfältige Biozönosen (oli­ gotrophes Gewässer, Verlandungsufer, Wiesen und Wald), Brut- und Rast­ platz für Wassergeflügel, besonders Enten und Taucher</title>. <other>Vorkommen seltener</other>
<editor>Pflanzen</editor> (folgt <title>Aufzählung) . Als Bemerkung ist angefügt</title> " ..: <other>Ausbau</other>
<author><surname>Ahrens</surname>, <given-names>W</given-names></author> (<year>1932</year>): <title>Die Basaltvulkane des südöstlichen Laacher-See-Gebiets und ihre Lavaströme</title> —. In <source>Jb. preuß. Geol</source> L.A. <volume>53</volume>, S. <fpage>851</fpage> - <lpage>878</lpage>.
<author><surname>Bosselmann</surname>, <given-names>J</given-names></author> u. <editor>K. - H. Christmann</editor> (<year>1974</year>): <title>Die Vogelwelt im Raum Andernach—Mayen—Cochem</title> —. <source>Beiträge zur Avifauna des Rhein­ landes</source> H. <issue>3</issue>.
<author><surname>Fischer</surname>, <given-names>H</given-names></author> (<year>1979</year>): <title>Grenzen der Belastung der Laacher Landschaft</title> —. <editor>In: Die Laacher Vulkaneifel</editor> — <title>Erholungslandschaft oder Rohstofflieferant? Tagungsbericht d</title>. <source>Schutzgemeinschaft Deutscher Wald über die Herbst­ tagung in Maria Laach vom 26.-29. Oktober</source> <year>1978</year>, S. <fpage>48</fpage> - <lpage>62</lpage>.
<author><surname>Fischer</surname>, <given-names>H</given-names></author> u. <given-names>R</given-names> <author><surname>Graafen</surname></author> (<year>1974</year>): <title>Die naturräumlichen Einheiten auf Blatt 136/137</title> Cochem —. <editor>Bonn-Bad Godesberg</editor> = <source>Geographische Landes­ aufnahme</source> <volume>1: 200</volume> <issue>000</issue>, <other>Naturräumliche</other> <publisher>Gliederung Deutschlands</publisher>
<author><surname>Frechen</surname>, <given-names>J., M</given-names></author> <author><surname>Hopmann</surname> u. <given-names>G</given-names></author> <author><surname>Knetsch</surname></author> (<year>1976</year>): <title>Die vulka­ nische Eifel</title> —. <editor>Bonn</editor> (= <source>Geologische Reihe</source> Bd. <volume>2</volume>.)
<title>H a l b f a</title> s s <author><surname>W</surname></author>. (<year>1907</year>): <title>Der heutige Stand der Seichesforschung</title> —. In <source>Ztschr. d. Ges. f. Erdkunde zu</source> <other>Berlin</other>, S. <fpage>5</fpage> - <lpage>24</lpage>.
<author><surname>Henning</surname>, <given-names>I</given-names></author> (<year>1965</year>): <title>Das Laacher-See-Gebiet. Eine Stunde zur Hydrologie und Klimatologie</title> —. <editor>Bonn</editor> (=. <source>Arbeiten zur Rheinischen Landeskunde</source> <volume>22</volume>.)
<author><surname>Mattem e</surname> <given-names>M</given-names></author> u. <given-names>B. W</given-names> <author><surname>Scharf</surname></author> (<year>1977</year>): <title>Zur Eutrophierung und Restau­ rierung des Laacher Sees</title> —. In <source>Arch. Hydrobiol</source> <volume>80</volume>, <issue>4</issue>, S. <fpage>506</fpage> - <lpage>518</lpage>.
<author><surname>Meyer</surname>, <given-names>E</given-names></author> (<year>1979</year>): <title>Geologie des Laacher Vulkangebietes</title> —. <editor>In: Die Laacher</editor> <title>Vulkaneifel - Erholungslandschaft oder Rohstofflieferant? Tagungsbe­ richt d</title>. <source>Schutzgemeinschaft Deutscher Wald über die Herbsttagung in Maria Laach vom 26.-29. Oktober</source> <year>1978</year>, S. <fpage>40</fpage> - <lpage>47</lpage>.
<author><surname>Fischer</surname>: <given-names>Naturschutzgebiet</given-names></author>, <title>Laacher See</title>" <volume>101</volume>
<author><surname>Müller-Miny</surname>, <given-names>H</given-names></author> (<year>1959</year>): <title>Die naturräumliche Gliederung am Mittelrhein. — Remagen</title>, <volume>74</volume> Seiten =. <title>Zusammendruck einer Beitragsfolge in den Ber</title>. <other>z</other>. <source>dt. Landeskunde</source> Bd. <volume>21</volume>, <issue>2</issue>.
<author><surname>Nüchel</surname>, <given-names>G</given-names></author> (<year>1972</year>): <title>Vegetationskundliche Untersuchungen im Naturschutz­ gebiet des Laacher Sees. — Masch. Ms</title>. <source>Prüfungsarbeit f. d. Lehramt an Realschulen</source>
<author><surname>Wilhelmy</surname>, <given-names>H</given-names></author> (<year>1977</year>): <title>Geomorphologie</title> — <editor>Kiel</editor> (= <source>Hirts Stichwortbücher</source> <other>H.2</other>.)
