<author><surname>Altmann</surname>, <given-names>F</given-names></author>., <author><surname>Keck</surname>, <given-names>J</given-names></author> <author><surname>undKeese</surname>, <given-names>D</given-names></author>.: <title>Die Wirtschaftder Tschechoslowakei undPolens</title>. <other>München/Wien 1968</other>
<editor>Atlas Wojewodztwa</editor> <other>katowickiego</other>: <publisher>Warszawa1971</publisher>.
<author><surname>Barbag</surname>, <given-names>J</given-names></author> <author><surname>undBerezowski</surname>, <given-names>S</given-names></author>.: <title>ökonomische Geographie derVolksrepublikPolen</title>. <other>Berlin</other> <year>1956</year>.
<editor>Fisher, J</editor> (ed.): <title>City and RegionalPlanning in Poland</title>. <other>Ithaka, NewYork</other> <year>1966</year>.
<author><surname>Herman</surname>, <given-names>St.: Industrielle</given-names></author> <title>Konzentrationsgebiete in der Volksrepublik Polen</title>. In: <source>PM 1972/1</source> S. <fpage>11</fpage> - <lpage>15</lpage>, <year>1972</year>.
<author><surname>Iwanicka-Lyra</surname>, <given-names>E</given-names></author>.: <title>Großstadtballungen — methodische Probleme ihrerUntersuchung</title>. In: <source>PM 1972/1</source> S. <fpage>16</fpage> - <lpage>18</lpage> <year>1972</year>.
<author><surname>Kossmann</surname>, <given-names>O</given-names></author>.: <title>Lodz. Eine historisch-geographische Analy</title>­ se. <other>Würzburg 1966</other>
<author><surname>Koter</surname>, <given-names>M</given-names></author>.: <title>Geneza ukladu przestrzennego Lodzi przemy- slowej</title>. <other>IGPAN, Prace geograf. 79, Warszawa1969</other>
<author><surname>Kortus</surname>, <given-names>B.: Some</given-names></author> <title>Selected Problems of the Development and Structure of Cracow Industry</title>. In: <source>Geographia Po- lonica</source> <volume>16</volume>, <issue>1969</issue>, S. <fpage>41</fpage> - <lpage>49</lpage>, <year>1969</year>.
<editor>Donbas</editor> and <title>UpperSilesia- a comparative Analysis of the IndustrialRegions</title>. In: <source>GeographiaPolonica</source>, <volume>2</volume>, <issue>1964</issue>, S. <fpage>183</fpage> - <lpage>192</lpage>, <year>1964</year>.
<author><surname>Leszczycki</surname>, <given-names>S</given-names></author>., <author><surname>Kuklinski</surname>, <given-names>A</given-names></author>., <author><surname>Najgrakowski</surname>, <given-names>M. und</given-names></author> <author><surname>Grzescza</surname>, <given-names>J</given-names></author>.: <title>Spatial Structure of Polish Industry in 1956</title>. In: <source>Przeglad Geograficzny</source> Vol. <volume>XXXII</volume>, Supl., S <fpage>139</fpage> - <lpage>147</lpage>, <year>1960</year>.
<editor>Markert, W</editor> (ed.): <source>Osteuropa-Handbuch</source> <other>Polen. Köln/Graz 1959</other>
<author><surname>Misztal</surname>, <given-names>S</given-names></author>.: <title>Die Entwicklung der polnischen Ballungsge</title>­
biete. In <source>PM 1972</source> <volume>1</volume>, S. <fpage>22</fpage> - <lpage>24</lpage>, <year>1972</year> — . <title>Przemiany w strukturze przestrzennej przemyslu na ziemiach polskich w latach 1860-1965</title>. <other>Warszawa 1970</other>
<title>Changes in the Distribution of Industry in the Area of Poland in the Years 1860-1965</title>. In: <publisher>Studia Historiae</publisher>
<author><surname>Oeconomicae</surname></author>, Vol. <volume>5</volume>, <issue>1970</issue>, S. <fpage>231</fpage> - <lpage>241</lpage>. <other>Poznan 1970</other>
<author><surname>Pakula</surname>, <given-names>L</given-names></author>.: <publisher>Die Agglomerationsprozesse am Rand des</publisher>
<editor>Oberschlesischen Industriebezirkes</editor> (<other>Man.) Krakow 1968</other>
<editor>Plan Generalny</editor> <other>Warszawy</other>: <publisher>Warszawa1965</publisher>.
<author><surname>Pounds</surname>, <given-names>N</given-names></author>.: <title>The IndustrialGeography of Modern Poland</title>.
In: <source>Econo mic Geography</source> Vol. <volume>36</volume>, <issue>1960</issue>, S. <fpage>231</fpage> - <lpage>253</lpage>, <year>1960</year>.
<author><surname>Rajman</surname>, <given-names>J</given-names></author>.: <title>Urbanisierungsprozesse undBevölkerungsent­ wicklung im Ballungsgebiet von Gorny Sl^sk</title>. In: <source>PM 1970</source> <volume>4</volume>, S. <fpage>267</fpage> - <lpage>273</lpage>, <year>1970</year>.
<author><surname>Rocznik</surname> <given-names>Statystyczny</given-names></author>: <year>Warszawa1971</year>. <title>Rocznik Statystyczny</title> <other>Powiatow</other>: <publisher>Warszawa1971</publisher>.
<author><surname>Wöhlke</surname>, <given-names>W.: Das</given-names></author> <title>Potentialdes polnischen Wirtschaftsrau­ mes unddie Probleme seiner Inwertsetzung</title>. In: <source>Geo­ graphische Rundschau</source> S. <fpage>170</fpage> - <lpage>184</lpage>, <year>1967</year>.
<author><surname>WrÓbel</surname>, <given-names>A</given-names></author>.: <title>Methoden der Abgrenzung von Großstadt</title>­
ballungen. In <source>PM 1972</source> <volume>1</volume>, S. <fpage>19</fpage> - <lpage>21</lpage>, <year>1972</year>.
<author><surname>Wrzosek</surname>, <given-names>A</given-names></author>.: <title>Veränderungen der räumlichen Struktur der Industrie Polens im Zeitraum 1946—1962</title>. In: <source>Scheidl- Festschrift</source> S. <fpage>382</fpage> - <lpage>384</lpage>, <other>Wien</other> <year>1965</year>. <editor>Wunderlich, E</editor> (ed.): <source>HandbuhcvonPolen. Berlin</source> <year>1918</year>.
<author><surname>Zielinski</surname>, <given-names>T</given-names></author>.: <title>Planrozwoju regionu katowickiego w okresie perspektywicznym</title>. In : <url>Gospodarka planowa4 2/1969</url>
zit. n. WD <volume>5/1969</volume>, S. <fpage>281</fpage> - <lpage>287</lpage>, <year>1969</year>.
<author><surname>Zietek</surname>, <given-names>L</given-names></author>.: <title>Nadrodze przeobrazen</title>. In: <other>TrybunaLudu, Nr</other>
deutsch: <url>Auf</url> <title>dem Wege derUmwandlung</title>. In:
<author><surname>Wiss</surname>. <given-names>DienstfürOstmitteleuropa</given-names></author>, <year>6/1971</year>, S. <fpage>346</fpage> - <lpage>347</lpage>, <year>1971</year>. <editor>Wissenschaftlicher Dienst für Ostmitteleuropa (WD)</editor> Hrsg.: <other>J.-G.-Herder-InstitutMarburg/Lahn</other>, <publisher>Monatsschrift</publisher>.
W. <author><surname>E</surname>. <given-names>Johnston</given-names></author> and <author><surname>D. E</surname> <given-names>Hansen</given-names></author>: <title>Behavioral characteristics of purchasers of remote recreational subdivision parcels</title>
