tiön in <title>the Continental Islands of Melanesia</title>. <other>Ninth</other>
<editor>Pacific Science Congress</editor> <year>1957</year>, <other>Bangkok/Thailand</other>.
<author><surname>Bartlett</surname>, <given-names>H. H.</given-names></author> <title>Possible Separate Origin and Evolution of the Ladang and Sawah Types of Tropical Agricul- ture</title>. <source>Ninth Pacific Science Congress</source> <year>1957</year>, <other>Bangkok Thailand</other>
<author><surname>Bergeroo-Campagne</surname>: <given-names>L"Agriculture</given-names></author> <title>Nomade de la Tri- bu des N"Dranouas en Cote-DTvoire</title>. <other>FAO-Publ. on</other>
<editor>Shifting Cultivation</editor> Vol. <volume>I</volume>, <year>1950</year>.
<author><surname>Bourke-Borrowes</surname>, <given-names>D.R.S</given-names></author>.: <title>The Teak Industry of Siam</title>. <other>Bangkok</other> <year>1927</year>.
<author><surname>Conklin</surname>, <given-names>H</given-names></author>.: <title>Hanunoo Agriculture in the Philippines</title>.
<editor>FAO-Publ. on Shifting Cultivation</editor> Vol. <volume>II</volume>, <year>1957</year>.
a. <author><surname>Credner</surname>, <given-names>W</given-names></author>.: <title>Siam, das Land der Thais. (Eine Landes­ kunde auf Grund eigener Reisen und Forschungen</title>).
<publisher>Verlag: Engelhorn</publisher> <other>Stuttgart</other>, <year>1935</year>.
<author><surname>Fosberg</surname>, <given-names>F. R.</given-names></author> <title>Tropical Pacific Grasslands and Savan- nas</title>. s. o <editor>Research Council</editor> <other>Washington, D. C., USA</other>
<editor>Ninth Pacific Science Congress</editor> <year>1957</year>, <other>Bangkok/Thai­ land</other>
<author><surname>Freeman</surname>, <given-names>J. D.</given-names></author> <title>The Methods of Land Usage Employed by the Iban of Sarawak in the Shifting Cultivation of Hill Rice</title>. <source>Department of Anthropology and Sociology</source>
<editor>The Australian National University, Canberra, A. C</editor>
<editor>T., Australia</editor> <year>1957</year>. <title>Ninth Pacific Science Congress</title>, <year>1957</year>, <other>Bangkok/Thailand</other>.
<author><surname>Garland</surname>, <given-names>E. A.</given-names></author> <title>The Methods of Management in the Mixed Deciduous Teak Bearing Forests of Kanara</title>,
<author><surname>Bombay</surname> <given-names>Presidency</given-names></author>. <author><surname>The</surname> <given-names>Indian</given-names></author> <author><surname>Forester</surname></author>, <year>1934</year>, S. <fpage>819</fpage> ff.
<author><surname>Kerr</surname>, <given-names>A. F. G.</given-names></author> <title>Sketch of the Vegetation of Chiengmai (Siam). Royal Botanic Gardens</title>, <other>KEW</other>. <publisher>Bull, of Miscel- laneous Information</publisher> <year>1911</year>.
<author><surname>Krit Samapuddhi,</surname> <given-names>The</given-names></author> <title>Forests of Thailand and Fores- try Programs. Mitt</title>. <publisher>des Royal Forest</publisher> <other>Department, Bangkok/Thailand</other> <year>1957</year>.
<author><surname>Lafont</surname>, <given-names>P. B.</given-names></author> <title>Slash and Burn Culture Methods among the Mountain Peoples of Central Viet-Nam</title>. <other>Ninth</other>
<editor>Pacific Science Congress</editor> <year>1957</year>, <other>Bangkok/Thailand</other>.
<author><surname>Leach</surname>, <given-names>E. R.</given-names></author> <title>Some Economic Advantages of Shifting Cultivation</title>. <other>University of Cambridge, England. Ninth</other>
<editor>Pacific Science Congress</editor> <year>1957</year>, <other>Bangkok/Thailand</other>.
<author><surname>Letourneux</surname>, <given-names>Ch</given-names></author>.: <title>Report to the Government of Thai­ land on "Reforestation in Thailand</title>". <source>FAO-Report</source> No. <volume>47</volume>, <fpage>1952</fpage>.
<author><surname>Loetsch</surname>, <given-names>F</given-names></author>.: <title>Inventory Methods for Tropical Forests</title>. <source>FAO-Report</source> No. <volume>545</volume>, <fpage>1956</fpage>.
<author><surname>Loetsch</surname>, <given-names>F.: A</given-names></author> <title>Forest Inventory in Thailand</title>. <source>Unasylva</source>, Vol. <volume>11</volume>, No. <issue>4</issue>, <year>1957</year>.
<author><surname>Loetsch</surname>, <given-names>F.: Forest</given-names></author> <title>Inventory of the Northern</title> <other>Teak</other>
<editor>Bearing Provinces</editor> <title>of Thailand</title>. <other>FAO-Report</other>, <year>1958</year>.
<author><surname>Loetsch</surname>, <given-names>F</given-names></author>.: <title>The Teak Forests of Northern Thailand</title>.
<editor>World Crops</editor> Vol. <volume>10</volume>, No. <issue>4</issue>, <year>1957</year>.
<author><surname>Glenn</surname> <given-names>Trewartha</given-names></author>: <title>Climate as Related to the Jet Stream in the Orient</title> <volume>205</volume>
<author><surname>Marshall</surname>, <given-names>C</given-names></author>.: <title>Land Utilization in the Humid Tropics. Forest Service Malaya</title>. <source>Ninth Pacific Science Congress</source> <year>1957</year>, <other>Bangkok/Thailand</other>.
<author><surname>Pit</surname> <given-names>Hampananda</given-names></author>: <title>Reforestation of Imperata and other Wast Lands</title>. <publisher>Royal Forest Department, Thailand</publisher>
<editor>Ninth Pacific Science Congress</editor> <year>1957</year>, <other>Bangkok/Thai­ land</other>
<author><surname>Pelzer</surname>, <given-names>K</given-names></author> <title>].: Agriculture in the Humid Tropics</title>. <other>Yale University, New Haven, Comm., USA</other> <publisher>Ninth Pacific</publisher>
<editor>Science Congress</editor> <year>1957</year>, <other>Bangkok/Thailand</other>.
<author><surname>Pendleton</surname>, <given-names>R. L.</given-names></author> <title>Soils of Thailand. Soil Technology Advisor, Ministry of Agriculture</title>, <other>Thailand. Ninth</other>
<editor>Pacific Science Congress</editor> <year>1957</year>, <other>Bangkok/Thailand</other>.
<author><surname>Prasiddhi</surname> <given-names>Phumxusri</given-names></author>: <title>Tea in Thailand. Me-Malai Farm</title>, <other>Chiengmai, Thailand. Ninth</other> <publisher>Pacific Science</publisher>
<author><surname>Congress</surname></author>, <year>1957</year>, <other>Bangkok/Thailand</other>.
<author><surname>Rue de la</surname> <given-names>F. A.</given-names></author> <title>Man"s Influence on Tropical Vegeta­ tion</title>. <other>Paris, Frankreich</other> <publisher>Ninth Pacific Science Congress</publisher> <year>1957</year>, <other>Bangkok/Thailand</other>.
<author><surname>Tondeur</surname>: <given-names>L"Agriculture</given-names></author> <title>Nomade au Congo Beige</title>. <source>FAO- Publ. on Shifting Cultivation</source> Vol. <volume>I</volume>, <year>1950</year>.
<author><surname>Troup</surname>, <given-names>R. S.</given-names></author> <title>Teak Forests of Birma</title>. <other>The Indian</other>
<author><surname>Forest Records</surname></author> <year>1911</year>, S. <issue>11</issue>. 26 — . <title>General Situation of Floods and Draughts expe- rienced in the Rivers of Thailand</title>. <source>Veröffentl. aus dem</source>
<author><surname>Royal</surname> <given-names>Thai</given-names></author> <author><surname>Irrigation Deparment</surname></author> <year>1956</year>. <title>CLIMATE AS RELATED TO THE JET STREAM</title> IN
