<title>Anschriften der Mitarbeiter: Prof</title>. Dr. <editor>W. Ahrens</editor> <other>Krefeld, Westwall</other> <volume>124</volume> / <editor>Dr. Ernst Barners</editor> <other>Bonn, Blücherstrafle</other> <volume>15</volume> / <editor>Stud.-Rat Dr. Karl Mathias</editor> <other>Wiebelskirchen (Saar), Kirchhof­</other>
<url>straße</url> <other>28c</other> / <editor>Stud.-Ass. B. Sdiiel</editor> <other>Trier, Friedridi-Wilhelm-Str</other> <volume>48</volume> / <editor>Stud.-Ass. F.-J. Faas</editor> <other>Stud.-Ass</other>.
<author><surname>A</surname>. <given-names>Backes</given-names></author>, <author><surname>Trier, Studienseminar</surname></author> am <editor>Friedrich-Wilhelm-Gymnasium</editor> / <editor>Stud.-Ref. Willi Blum. Karls­ mühle, Post Ruwer bei Trier</editor> / <editor>Stud.-Rat P. Schemitz</editor> <other>Ruwer b. Trier, Trierstr. la</other> / <editor>Weinbau­ oberlehrer H. Wolf</editor> <other>Trier, Kurfürstenstr. 23</other>
<title>Anschriften der Herausgeber: Prof. Dr</title>. <other>Julius Wagner, Frankfurt/Main, Garten­</other>
<editor>straße 66</editor> / <editor>Oberstudiendirektor Dr. Max Unterhorst</editor> <other>Peine, Becthoveustraße</other> <volume>15</volume>.
<title>Bild nach weis: Stud.-Ass. B. Schiel, Trier, Friedrich-Wilhelm-Str</title>. <volume>48 (1</volume> <issue>2, 3, 6, 7, 8)</issue> <other>Stud.-Ass</other>.
<author><surname>F.-J</surname>. <given-names>Faas, Trier</given-names></author> <author><surname>Studienseminar</surname></author> am Friedr.-Wilhelm-Gymnasium (4); Foto <other>Marburg, Marburg/Lahn (5)</other>
<editor>Druck: Georg Westermann</editor> <other>Braunsdiweig</other>.
<editor>Verband Deutscher</editor> <title>Schulgeograph cn. Geschäftsstelle: Frankfurt/Main, Gartenstr</title>. <volume>66</volume>.
<editor>Kassenführung: Dr. Pfaff, Darmstadt</editor> Küchlerstrafle <volume>4</volume>. <source>Postsdieckkonto: Frankfurt/Main</source> Nr. <volume>115</volume> <issue>699</issue>.
