<title>ihre jetzige und künftige persönliche Einstellung zum Thema Rei­ sen hinterfragen</title>.
<title>also vielmehr als Reisetypen aufzufassen</title>,
<author><surname>Baratta</surname>, <given-names>M</given-names></author> u. a.: Der <title>Fischer Weltalamanach 2005</title>. <other>Frankfurt/Main</other> <year>2004</year>.
<author><surname>Junck</surname>, <given-names>R</given-names></author>.: <author><surname>Wieviel</surname></author> <title>Touristen pro Hektar und Strand</title>? In: <source>GEO</source>, H. <issue>10</issue>, <year>1980</year>, S. <fpage>154</fpage> - <lpage>156</lpage>.
<author><surname>Köck</surname>, <given-names>H</given-names></author>.: <title>Raumbezogene Schlüsselqualifika­ tionen - der fachimmanente Beitrag des Geo­ graphieunterrichts zum Lebensalltag des Ein­ zelnen und Funktionieren der Gesellschaft</title>. In:
<source>Geographie und Schule</source> H. <volume>84</volume>, <year>1993</year>, S. <fpage>14</fpage> - <lpage>22</lpage>.
<author><surname>Mäder</surname>, <given-names>U.: Sanfter</given-names></author> <author><surname>Tourismus</surname></author>: <title>Alibi oder Chance, die Schweiz ein Vorbild für die Entwicklungsländer? Arbeitskreis Tourismus und Entwicklung</title>. <other>Zürich</other> <year>1985</year>.
<author><surname>Mose</surname>, <given-names>I</given-names></author>.: <author><surname>Sanfter</surname></author> <title>Tourismus - Schlagwort, Chance, Utopie</title>? In: <source>geographie heute</source> H. <volume>143</volume>, <year>1996</year>, S. <fpage>4</fpage> - <lpage>9</lpage>.
<author><surname>Dr</surname>. <given-names>David</given-names></author> <title>Golay ist Lehrer für Geographie und Mathematik an der Sekundarschule Gelterkinden</title>. <other>Dr. rer. nat. David Golay, Im Grund</other> <volume>54</volume>, <other>CH-4464 Anwil, E-Mail</other> <publisher>golay- bacci@bluewin.ch</publisher>
