<author><surname>Bleck</surname>, <given-names>J</given-names></author> und <given-names>N</given-names> <author><surname>van de Walle</surname></author> (<year>2010</year>): <title>Parties and Issues in Francophone West Africa: Towards a Theory of Non-Mobilization</title>. <source>Ithaka, NYC Mario Einaudi Center for International Studies. Working Paper Series</source> <fpage>1</fpage> - <lpage>10</lpage>.
<author><surname>Bröning</surname>, <given-names>M</given-names></author> (<year>2006</year>): <title>Den Blick weiten: Politischer Islam in Westafrika. Friedrich-Ebert-Stiftung. IPG 3/2006</title>. <url>http://library.fes.de/pdf-files/id/ ipg/03902.pdf</url>
<author><surname>Elischer</surname>, <given-names>S</given-names></author> und <given-names>G</given-names> <author><surname>Erdmann</surname></author> (<year>2012</year>): <title>Regionalorganisationen in Afrika - eine Bilanz GIGA Focus Afrika 3/2012</title>. <source>GIGA German Institute of Global and Area Studies</source> <other>Hamburg</other>
<author><surname>Erdmann</surname>. <given-names>G</given-names></author> (<year>2004</year>): <title>Party Research: Western European Bias and the African Labyrinth</title>". <source>Democratization</source> <volume>11</volume>. S. <fpage>63</fpage> - <lpage>87</lpage>
<author><surname>Jaspert</surname>. <given-names>J</given-names></author> (<year>2010</year>): <title>Regionalismus im südlichen Afrika. Die Handels- und Sicherheitspolitik der SADC</title>. <other>Wiesbaden</other>
<author><surname>Julien</surname>. <given-names>S</given-names></author> (<year>2011</year>): <title>Le Sahel comme espace de transit des stupefiants. Acteurs et consequences politiques</title>. <source>Herodote</source> <volume>142</volume>, S. <fpage>139</fpage> - <lpage>140</lpage>
<author><surname>Moseley</surname>. <given-names>W.G</given-names></author>. und <given-names>L.C</given-names>. <author><surname>Gray</surname></author> (<year>2008</year>): <title>Introduction. Cotton, Globalization, and Poverty in Africa</title>. In: <editor>W.G. Mosely</editor> und <editor>L.C. Gray</editor> (Hrsg.): <source>Hanging by</source> <title>a thread, cotton, globalization, and poverty in Africa</title>. <other>Athens. Ohio</other> S. <fpage>1</fpage> - <lpage>31</lpage>
<author><surname>Mayrargue</surname>. <given-names>C</given-names></author> (<year>2008</year>): <title>Les dynamiques paradoxales du pentecötisme en Afrique subsaharienne. IFRI</title>. <other>Paris</other>, <url>www.ifri.org/downloads/ mayrarguefinalfr.pdf</url>
<editor>McKinsey Global Institute</editor> (<year>2010</year>): <title>Lions on the move: The progress and potential of African economies</title>. <publisher>Washington</publisher>, <url>www.mckinsey.com/ insights/africa/lions_on_the_move</url>
<author><surname>Oberländer</surname>, <given-names>R</given-names></author> (<year>1878</year>): <title>Westafrika vom Senegal bis Benguela. Reisen und Schilderungen aus Senegambien, Ober- und Niederguinea</title>. <other>Leipzig</other> <publisher>OECD</publisher> (<year>2013</year>): <url>http://stats.oecd.org</url>
<author><surname>Söderbaum</surname>, <given-names>F</given-names></author> und / <editor>Taylor</editor> (Hrsg.) (<year>2008</year>): <title>Afro-Regions. The Dynamics of Cross-Border Micro-Regionalism in Africa. Nordiska Afrikainstitutet</title>, <other>Uppsala</other>
UNODC (<year>2013</year>): <url>www.unodc.org/westandcentralafrica/en/west-africa-coast-</url> <other>initiative.html</other>
<author><surname>Verschave</surname>. <given-names>F.-X</given-names></author>. (<year>2002</year>): <title>Noir silence. Qui arretera la Francafrique</title>? <other>Paris</other>
<author><surname>Wiese</surname>. <given-names>B</given-names></author> (<year>2000</year>): <title>Westafrikas atlantische Fassade -Geopolitik einer Krisen­ region</title>. <source>Geographische Rundschau</source> <volume>52</volume> (<issue>11</issue>), S. <fpage>60</fpage> - <lpage>61</lpage> <source>SUMMARY</source>
