<author><surname>berliner</surname> <given-names>Wirtschaftsgespräche</given-names></author> <year>12011</year>): <title>Berlin im Aufwind</title>. <other>Berlin</other>
<author><surname>Bose</surname>, <given-names>M</given-names></author> (<year>2001</year>): <title>Raumstrukturelle Konzepte für Stadtregionen</title>. In: <editor>C. Brake, J. Dangschat</editor> und <editor>G. Herfert</editor> (Hrsg.): <source>Suburbanisierung in Deutschland</source> <other>Opladen</other>, S. <fpage>247</fpage> - <lpage>260</lpage>
<author><surname>Brune</surname>, <given-names>IV, R</given-names></author> <author><surname>Junker</surname></author> und <editor>H. Pump-Uhlmann</editor> (Hrsg.) (<year>2006</year>): <title>Angriff auf die City</title>. <other>Düsseldorf</other>
<editor>EHI</editor> (<year>2008</year>): <title>Shopping-Center 2009. Fakten. Hintergründe und Perspektiven in Deutschland</title>. <other>Köln</other>
<author><surname>Fromhold-Eisebith</surname>, <given-names>M</given-names></author> und <given-names>G</given-names> <author><surname>Eisebith</surname></author> (<year>2005</year>): <title>Howto institutionalize innova­ tive clusters? Comparing explicit top-down and bottom-up approaches</title>.
<source>Research Policy</source> <volume>34</volume>, S. <fpage>1250</fpage> - <lpage>1268</lpage>
<editor>IHK</editor> (<year>2010</year>): <title>Statistischer Handelsreport für Berlin der Industrie- und Han­ delskammer Berlin</title>. <other>Berlin</other>
<author><surname>Kästner</surname>, <given-names>B</given-names></author> (<year>2010</year>): <title>Wie viele Shopping Center verträgt eine Einkaufsstraße? Auswirkungen der Shopping Center in der Berliner Schlossstraße auf die umgebende Einzelhandelsstruktur</title>. <source>Diplomarbeit am Geographischen Institut der Humboldt-Universität zu</source> <other>Berlin</other>
<author><surname>Kemper</surname>, <given-names>F.-J., E</given-names></author> <author><surname>Kulke</surname></author> und <editor>M. Schulz</editor> (Hrsg.) (<year>2012</year>): <title>Die Stadt der kurzen Wege</title>. <other>Wiesbaden</other>
<author><surname>Kulke</surname>, <given-names>E</given-names></author> (<year>2003</year>): <title>Berlin - German Capital and Global City</title>? <source>Die Erde</source> <volume>134</volume> (<issue>3</issue>), S. <fpage>219</fpage> - <lpage>233</lpage>
<author><surname>Kulke</surname>, <given-names>E</given-names></author> (<year>2008</year>): <title>The technology park Berlin-Adlershof as an example of spatial proximity in regional economic policy</title>. <source>Zeitschrift für Wirtschafts­ geographie</source> <volume>52</volume> (<issue>4</issue>), S. <fpage>193</fpage> - <lpage>208</lpage>
<author><surname>Kulke</surname>, <given-names>E</given-names></author> (<year>2009</year>): <title>Wirtschaftsgeographie</title> <other>Paderborn</other>
<editor>Kulke, E</editor> (Hrsg.) (<year>2010</year>): <title>Wirtschaftsgeographie Deutschlands</title>. <other>Heidelberg</other> <author><surname>Kulke</surname>, <given-names>E</given-names></author> (<year>2011</year>): <title>Wandeider Einzelhandelslandschaften Berlins</title>. In: <editor>W. Matznetter</editor> und <editor>R. Musil</editor> (Hrsg.): <source>Europa: Metropolen im Wandel</source> <other>Wien</other>. S. <fpage>121</fpage> - <lpage>138</lpage>
<author><surname>Kulke</surname>, <given-names>E</given-names></author> (<year>2012</year>): <title>Nur "arm, aber sexy" oder neue Metropole</title>, <source>geographie heute</source> <volume>301</volume>, S. <fpage>20</fpage> - <lpage>27</lpage>
<author><surname>Kulke</surname>, <given-names>E</given-names></author> und <given-names>R</given-names> <author><surname>Kitzmann</surname></author> (<year>2012</year>): <title>Der Standort Adlershof aus Sicht der Beschäftigten</title>. <other>Berlin</other> (<source>Arbeitsberichte des Geographischen Instituts der Humboldt-Universitätzu Berlin</source> H. <volume>171</volume>)
<author><surname>Lademann</surname>, <given-names>R</given-names></author> (<year>2011</year>): <title>Innerstädtische Einkaufszentren. Eine absatzwirt­ schaftliche Analyse</title>. <other>Göttingen</other> (<source>Göttinger Handelswissenschaftliche Schriften</source> Band <volume>77</volume>)
<author><surname>Martin</surname>, <given-names>N</given-names></author> (<year>2006</year>): <title>Einkäufen in der Stadt der kurzen Wege? Mannheim (Studien zur</title> <source>Mobilitäts- und Verkehrsforschung</source> Band <volume>16</volume>)
<author><surname>Porter</surname>, <given-names>M</given-names></author> (<year>1993</year>): <title>Nationale Wettbewerbsvorteile. Wien SenStadt, Senatsverwaltung für Stadtentwicklung</title> (<year>2005</year>): <title>Stadtentwick­ lungsplan Zentren 2020. Edition StadtWirtschaft</title>. <other>Berlin</other>
<editor>SenStadt, Senatsverwaltung für Stadtentwicklung</editor> (<year>2011</year>): <title>Umweltatlas</title> <other>Berlin</other>
<author><surname>Stein</surname>. <given-names>R</given-names></author> (<year>2009</year>): <title>Besondere und allgemeine metropolitane Spezialisierun­ gen in Berlin: Kultur und Wissenschaft, Koordination und Transaktion</title>. <source>Raumforschung und Raumordnung</source> <volume>67</volume> (<issue>4</issue>), S. <fpage>287</fpage> - <lpage>299</lpage>
<author><surname>Suwala</surname>, <given-names>L</given-names></author> und <given-names>P</given-names> <author><surname>Dannenberg</surname></author> (<year>2009</year>). <title>Cluster und Innovationspolitik maßgeschneidert</title>. <source>Standort</source> <volume>33</volume>, S. <fpage>104</fpage> - <lpage>112</lpage>
<source>Geographische Rundschau</source> <volume>2</volume> I <other>2013</other>
Foto <volume>7</volume>: <title>Berlin-Adlershof mit Gebäude der</title> <source>WISTA</source>
<author><surname>Wiegandt</surname>, <given-names>C.-C</given-names></author>. (<year>2009</year>): <title>Leitbilder der Stadtentwicklung in Deutschland</title>. <source>Geographie und Schule</source> <volume>31</volume> (<issue>182</issue>), S. <fpage>4</fpage> - <lpage>12</lpage>
<author><surname>Wiegandt</surname>, <given-names>C.-C</given-names></author>. (<year>2012</year>): <title>Stadtentwicklung in Deutschland. Trends zur Polarisierung</title>. <source>Geographische Rundschau</source> <volume>64</volume> (<issue>7-8</issue>), S. <fpage>44</fpage> - <lpage>53</lpage>
<editor>WISTA</editor> (<year>2008</year>): <title>Bericht über Adlershof 2007</title>. <other>Berlin</other>
<editor>WISTA</editor> (<year>2012</year>): <title>Bericht über Adlershof 2011</title>. <other>Berlin SUMMARY</other>
<author><surname>New</surname> <given-names>Economic</given-names></author> <title>Clusters in Berlin by Elmar</title> <other>Kulke</other>
<title>nomic change withde-industrialisation and subur- banisation opens possibilities for re-use of spaces in central areas of the cities. Due to the economic transformation during the last two decades Ber­ lin offers many of these spaces for re-use; there spatial concentrations of new expanding activities - like cultural economy, Offices activities, Consult­ ing firms, technology enterprises or retailing - can be observed. The article explains first the impor­ tant factors for spatial concentration of activities from the perspective of the enterprises and from the side of urban planning</title>. <source>Then two striking ex- amples - the development of a technology park in Adlershof and the development of shopping cen-</source>
<title>tres - are described and</title> analysed.
<publisher>AUTOR</publisher>
<title>Professor Dr. ELMAR KULKE, geb. 1958 Geographisches Institut der Humboldt Universität zu Berlin</title>, Unter den <other>Linden</other> <volume>6</volume>, <fpage>10099</fpage> <other>Berlin</other> <source>elmar.kulkeßgeo.hu-berlin.de Arbeitsgebiet/Forschungsschwerpunkte: Wirtschaftsgeographie (vor allem Dienstleistungen); Mitteleuropa</source> <other>Südostasien</other>
