<title>Lehrplanarbeit im Schulfach Geographie.-</title> In: <source>geographie heute</source> H. <issue>200</issue>, <fpage>4</fpage> - <lpage>7</lpage>.
<author><surname>Bartels</surname>, <given-names>D</given-names></author> (<year>1974</year>): <title>Schwierigkeiten mit dem Raumbegriff in der Geographie</title>. - In <source>Geogra­ phica Helvetica, Beiheft</source> <volume>2/3</volume>, <fpage>7</fpage> - <lpage>21</lpage>.
<author><surname>Bartels</surname>, <given-names>D./Hard, G</given-names></author> (<year>21975</year>): <title>Lotsenbuch für das Studium der Geographie als Lehrfach</title>. - <other>Bonn, Kiel</other>
<author><surname>Blotevogel</surname>, <given-names>H. H</given-names></author> (<year>1995</year>): <title>Raum.-</title> In: <source>Handwörterbuch der Raumordnung</source> <other>Hannover</other>, <fpage>733</fpage> - <lpage>739</lpage>.
<editor>Bonk, Th</editor> (Hrsg., <year>2013</year>): <title>Lexikon der Erkenntnistheorie.-</title> <other>Darmstadt</other>.
<author><surname>Carol</surname>, <given-names>H</given-names></author> (<year>1956</year>): <title>Zur Diskussion</title> <other>um</other>
<title>Landschaft und Geographie</title>. - In <source>Geographica Helvetica</source> <volume>2</volume>, <fpage>111</fpage> - <lpage>132</lpage>.
<author><surname>Carol</surname>, <given-names>H</given-names></author> (<year>1963</year>): <title>Zur Theorie der Geogra­ phie</title>. - In <source>Mitteilungen der Österreichischen Geographischen Gesellschaft</source> Bd. <volume>105</volume>, H. <issue>1/2</issue>, <fpage>23</fpage> - <lpage>38</lpage>.
<author><surname>Daum</surname>, <given-names>E</given-names></author> (<year>2006</year>): <title>Raumaneignung - Grund­ konzeption und</title> <other>unterrichtspraktische</other>
<title>Relevanz</title> - In <source>GW-Unterricht</source>, H. <issue>103</issue>, <fpage>7</fpage> - <lpage>16</lpage>.
<author><surname>Dickel</surname>, <given-names>M</given-names></author> (<year>2006</year>): <title>TatOrte - Zur Implemen­ tation neuer Raumkonzepte im</title> <other>Geographieun</other>­
terricht.- In <editor>Dickel, M./Kanwischer, D</editor> (Hrsg.): <source>TatOrte. Neue Raumkonzepte didaktisch inszeniert</source> <other>Berlin, Münster</other> <fpage>7</fpage> - <lpage>19</lpage>.
<author><surname>Dickel</surname>, <given-names>M./Scharvogel, M</given-names></author> (<year>2013</year>): <title>Räumli­ ches Denken im</title> <other>Geographieunterricht.—In</other>:
<editor>Kanwischer, D</editor> (Hrsg.): <source>Geographiedidaktik. Ein Arbeitsbuch zur Gestaltung des Geographie­ unterrichts</source> <other>Stuttgart</other>, <fpage>57</fpage> - <lpage>68</lpage>.
<author><surname>Dürr</surname>, <given-names>H</given-names></author> (<year>1979</year>): <title>Für eine offene</title> <author><surname>Geographie</surname></author>,
<author><surname>Egner</surname>, <given-names>H</given-names></author> (<year>2010</year>): <title>Theoretische Geographie</title>. - <other>Darmstadt</other>.
<author><surname>Glückler</surname>, <given-names>J</given-names></author> (<year>1999</year>): <title>Neue Wege</title> <other>geographi-</other>
<title>gramme in der Geographie</title>. - <other>Frankfurt</other>.
<author><surname>Gosztonyi</surname>, <given-names>A</given-names></author> (<year>1976</year>): <title>Der Raum. Geschichte seiner Probleme in Philosophie und Wissen­ schaften</title>. <volume>2</volume> <other>Bde. -Ereiburg u. a</other>
<editor>Günzel, St</editor> (Hrsg., <year>2012</year>): <title>Lexikon der Raumphilosophie</title>. - <other>Darmstadt</other>.
<author><surname>Hantschel</surname>, <given-names>R./Koch, R</given-names></author> (<year>1986</year>): <title>Raum- Konzeptionen in der Geographie</title>. - In <source>Interna­ tionale Schulbuchforschung</source> <fpage>129</fpage> - <lpage>144</lpage>.
<author><surname>Hard</surname>, <given-names>G</given-names></author> (<year>1973</year>): <title>Die Geographie. Eine wissenschaftstheoretische Einführung</title>. - <other>Berlin, New York</other>
<author><surname>Hard</surname>, <given-names>G</given-names></author> (<year>1977</year>): <title>Zu den Landschaftsbegriffen der Geographie</title>. - In <editor>Wallthor, A. H</editor> v./Quirin,
<editor>H</editor>. (Hrsg. <year>1977</year>): "<title>Landschaft" als interdiszipli­ näres Forschungsproblem</title>. <other>Münster</other>, <fpage>13</fpage> - <lpage>23</lpage>.
<author><surname>Hard</surname>, <given-names>G./Bartels, D</given-names></author> (<year>1977</year>): <title>Eine "Raum"- Klärung für aufgeweckte Studenten</title>. - In <editor>Hard, G</editor> (<year>2003</year>): <source>Dimensionen geographischen Denkens</source> Bd. <volume>2.-</volume> <other>Göttingen</other>, <fpage>15</fpage> - <lpage>28</lpage>.
<author><surname>Holzkamp</surname>, <given-names>K</given-names></author> (<year>1968</year>): <title>Wissenschaft als Handlung</title>. - <other>Berlin</other>.
<author><surname>Jammer</surname>, <given-names>M</given-names></author> (<year>21980</year>): <title>Das Problem des Raumes. Die Entwicklung der Raumtheorien</title>. - <other>Darmstadt</other>.
<author><surname>Köck</surname>, <given-names>H</given-names></author> (<year>1986</year>): <title>Axiomatische Leitsätze</title> <other>für</other>
<title>den Geographieunterricht</title>. - <editor>In: Köck, H</editor> (Hrsg.): <source>Theoriegeleiteter Geographieunterricht</source>
<author><surname>Lüneburg</surname></author>, <fpage>165</fpage> - <lpage>181</lpage>.
<author><surname>Köck</surname>, <given-names>H</given-names></author> (<year>1987</year>): <title>Chorische Logik-die Grundperspektive geographischer</title> <other>Welt</other>­
<title>betrachtung</title> - In <editor>Bahrenberg, G. etal</editor> (Hrsg.): <source>Geographie des Menschen. Dietrich Bartels zum Gedenken</source> <other>Bremen</other>, <fpage>179</fpage> - <lpage>194</lpage>.
<author><surname>Köck</surname>, <given-names>H</given-names></author> (<year>1997</year>): <title>Die Rolle des Raumes</title> <other>als zu</other>
<author><surname>Köck</surname>, <given-names>H</given-names></author> (<year>2004</year>): <title>Der Raum - die Mitte</title> <other>der</other>
<title>Geographie</title> - In <editor>Köck, H./Rempfler, A.</editor> <source>Erkenntnisleitende Ansätze - Schlüssel zur Profilierung des Geographieunterrichts</source> <other>Köln</other>, <fpage>12</fpage> - <lpage>18</lpage>.
<author><surname>Köck</surname>, <given-names>H</given-names></author> (<year>2005</year>): <title>Der chorologische Raum- Die Mitte der Geographie</title>. - <editor>In: Horst, U.f Kanwischer, D./Strathenwerth, D</editor> (Hrsg.): <source>Die</source>
<source>Rhode-Jüchtern</source>. <other>Berlin</other>, <fpage>45</fpage> - <lpage>56</lpage>.
<author><surname>Köck</surname>, <given-names>H</given-names></author> (<year>2008</year>): <title>Thesen zur</title> <other>innergeographi</other>­
tion. -In <source>geographische revue</source> H. <issue>1</issue>, <fpage>31</fpage> - <lpage>39</lpage>.
<author><surname>Maier</surname>, <given-names>J./Paesler, R</given-names></author> <author><surname>etal</surname></author>. (<year>1977</year>): <title>Sozialgeo­ graphie.-Braunschweig</title>.
<editor>Mayer</editor>,). (Hrsg., <year>1993</year>): <source>Die aufgeräumte</source>
<other>Loccum</other>.
<author><surname>Miggelbrink</surname></author>,). (<year>2002</year>): <title>Der gezähmte Blick</title>.
<editor>Jahrhunderts</editor>. - <other>Leipzig</other>.
<author><surname>Neef</surname>, <given-names>F</given-names></author> (<year>1956</year>): <title>Die axiomatischen Grundlagen der Geographie</title>. - In <source>Geographi­ sche Berichte</source> <fpage>85</fpage> - <lpage>91</lpage>.
<author><surname>Neef</surname>, <given-names>E</given-names></author> (<year>1967</year>): <title>Die theoretischen Grundla­ gen der Landschaftslehre</title>. - <other>Gotha</other>.
<author><surname>Rau</surname>, <given-names>S</given-names></author> (<year>2013</year>): <title>Räume. Konzepte, Wahrneh­ mungen, Nutzungen</title>. - <other>Frankfurt/NewYork</other>.
<author><surname>Sack</surname>, <given-names>R</given-names></author> (<year>1980</year>): <title>Conceptions ofgeographie space</title>. - In <source>Progress in Human Geography</source> H. <issue>3</issue>, <fpage>313</fpage> - <lpage>345</lpage>.
<author><surname>Schmitz</surname>, <given-names>H</given-names></author> (<year>1967/1969/1973</year>): <title>Der Raum</title>. <volume>3</volume> <other>Bde.-Bonn</other>.
<author><surname>Schultz</surname>, <given-names>H.-D</given-names></author>. (<year>2007</year>): <title>Das war/ist geogra­ phisches Denken... (Textauszüge von 1728 bis heute</title>). <volume>5</volume> <other>Bde. - Berlin</other>
<author><surname>Seebacher</surname>, <given-names>M. M</given-names></author> (<year>2012</year>): <title>Raumkonstruktio­ nen in der Geographie</title>. - <other>Wien</other>.
<author><surname>Seiffert</surname>, <given-names>H</given-names></author> (<year>101983</year>): <title>Einführung in</title> <source>die Wissenschaftstheorie</source> Bd. <volume>1</volume>. - <other>München</other>.
<author><surname>Thomale</surname>, <given-names>E</given-names></author> (<year>1972</year>): <title>Sozialgeographie</title> <other>Eine</other>
<other>burg</other>.
<author><surname>Wardenga</surname>, <given-names>U</given-names></author> (<year>2002</year>): <title>Alte und neue Raumkonzepte für den Geographieunterricht</title>. - In <source>geographie heute</source> H. <issue>200</issue>, <fpage>8</fpage> - <lpage>11</lpage>.
<author><surname>Wardenga</surname>, <given-names>U</given-names></author> (<year>2006</year>): <title>Raum- und Kulturbe­ griffe in der Geographie</title>. - In <editor>Dickel, M./ Kanwischer, D</editor> (Hrsg.): <source>TatOrte. Neue Raumkonzepte didaktisch inszeniert</source> - <other>Berlin, Münster</other> <fpage>21</fpage> - <lpage>47</lpage>.
<author><surname>Weichhart</surname>, <given-names>P</given-names></author> (<year>1999</year>): <title>Die Räume</title> <other>zwischen</other>
<title>Geographie.-</title> In: <editor>Meusburger, P</editor> (Hrsg.): <source>Handlungszentrierte Sozialgeographie. Benno Werlens Entwurf in kritischer Diskussion</source> <other>Stuttgart</other>, <fpage>67</fpage> - <lpage>94</lpage>.
<author><surname>Weichhart</surname>, <given-names>P</given-names></author> (<year>2010</year>): <source>Raumkonstruktionen</source>,
<title>Turns" und Paradigmen</title>. - In <editor>Wähler, K./Pott, A./Denzer, V</editor> (Hrsg.): <source>Tourismusräume. Bielefeld</source> <fpage>21</fpage> - <lpage>39</lpage>.
<title>Anschrift des Verfassers Prof. Dr. Dr. Helmuth Köck, p</title>.: <source>Albert-Schweit- zer-Straße</source> <volume>14, 76877</volume> <other>Offenbach, d.: Universität</other>
<editor>Koblenz-Landau</editor>, <other>Campus Landau</other> <volume>3</volume> iS. <author><surname>HER209/36</surname></author>. <other>JAHRGANG/2014</other>
<source>Theoretische Grundlagen</source> <volume>2.1</volume> <other>Raumkonzepte</other>
<title>Obwohl in der Geographie eine Vielzahl unterschiedlicher Raumkonzepte (siehe Einleitungsbeitrag</title>; <other>Köck</other> <year>2006</year>; <other>Weichhart</other> <year>2008</year>, <fpage>75</fpage> ff.) <other>diskutiert werden, wurde der</other>
<title>Fokus dieser Studie angesichts des Stel­ lenwertes für den Geographieunterricht auf die Raumkonzepte nach Wardenga</title> (<year>2002.1; 2002.2)</year> <title>begrenzt</title> <other>Demnach wird</other>
<title>zwischen folgenden vier Raumkonzepten unterschieden: Raum als Container, Raum als System von Lagebeziehungen, Raum als Kategorie der Sinneswahrnehmung und Raum als Konstrukt (ausführlich siehe Beitrag von Köck in diesem Heft</title>). <source>Mit den Raumkonzepten verbunden sind Aussagen über das Wesen des jeweiligen</source>
<title>können jedoch auch typische Frage- be­ ziehungsweise Aufgabenstellungen</title> <other>so</other>­
<title>konzept korrespondierenden typischen Auswahl von Materialien in Kombina­ tion passender Arbeitsaufträge</title> <other>respektive</other>
<title>Fachmethoden wider, mit denen diese erschlossen werden können (z. B. Ana­ lyse des Bodens mittels pH-Meter oder Analyse der subjektiven Raumwahrneh­ mungen mittels Auswertung von Mental- Maps, siehe Beitrag Bette in</title> <source>diesem Heft)</source> <volume>2.2</volume> <other>Einstellungen</other>
<title>Einstellungen sind "(...) eine psychische Tendenz, die dadurch zum Ausdruck kommt, dass man ein bestimmtes Ob­ jekt mit einem gewissen Grad an Zunei­ gung oder Abneigung bewertet" (Eagly und Chaiken 1993</title>, <issue>1</issue>, eig. Übersetzung). Ein­ <title>stellungen können sich zum einen in ih­ rer Valenz</title> (<other>oder Richtung) unterschei­ den, das heißt, sie sind</other> <publisher>positiv, negativ</publisher>
<title>oder neutral, zum anderen können sie in Bezug auf ihre Stärke unterschieden wer­ den. Da sich jeder Stimulus begrifflich grundsätzlich als Einstellungsgegenstand erfassen lässt, können Einstellungsob­ jekte sehr heterogen sein (z. B. konkrete, materielle Gegenstände, abstrakte Be­ griffe oder Personen</title>; vgl. <other>Haddock und Maio</other>
In der <title>Einstellungsforschung wird zwischen verschiedenen Ansätzen zur Modellierung der Einstellung unter­ schieden</title>. <source>Am weitesten verbreitet</source> <other>ist der</other>
<title>sogenannte Drei-Komponenten-Ansatz nach Rosenberg und Hovland (1966), bei dem zwischen einer affektiven, einer kogni­ tiven und einer Verhaltenskomponente unterschieden wird. "Einstellung wird in diesem Modell als hypothetisches Kons­ trukt verstanden, das zwischen beobacht­ baren vorangegangenen Reizen</title> (<source>dass of</source>
<title>Stimuli) und nachfolgendem Verhalten (certain classes of response) vermittelt</title>. <source>Hierbei unterscheiden sie die folgenden</source>
