<title>An ua r io Est a d ist ic o d e Cost a Ric a, 1966: - 1965 (San Jos£, Costa Rica). -, 1972: - 1970 (San Jose</title>, <other>Costa Rica)</other>
<title>Ba r t e ls</title> <author><surname>D</surname></author>., <year>1973</year>: "<title>Zur Kritik der bürgerlichen Industriegeographie</title>", <source>Geographische Zeit­ schrift</source> <volume>61</volume>, <issue>4</issue>: <fpage>319</fpage> - <lpage>321</lpage>.
Vgl. z <author><surname>B</surname></author>. <title>die Arbeiten in De mogr a f ia y Ec on omia (Mexico DF) oder vonCa r r illo Flor e s 1974</title>.
Vgl. <author><surname>aber</surname> <given-names>Sa</given-names></author> <title>n d n e r 1969, 1970 und Vor läuf e r 1970, 1973 (mit Bezug</title> <other>auf Dar Es</other>
<title>Ba t a illon C., 1972: La ciudad yelcampoen elMexicocentral (MexicoDF</title>).
Be c k <author><surname>G</surname></author>., <year>1973</year>: <title>Zur Kritik der bürgerlichen Industriegeographie (Göttingen</title>).
<title>Be r n a ue r U. und E. Fr e it a g, 1974: Poder popul ärin Chile am BeispielGesundheit. Doku­ mente aus Elendsvierteln (Stein/Nürnberg</title>).
<author><surname>Boe</surname> <given-names>sle</given-names></author> <title>r K.-A., 1969: Kulturlandschaftswandeldurch raumwirksame Staatstätigkeit</title> (<other>Berlin</other>).
<title>Gedanken zum Konzept der politischen Geographie</title>", <source>Die Erde</source> <volume>105</volume>, <issue>1</issue>: <fpage>7</fpage> - <lpage>33</lpage>.
<title>Ca br e r a G., 1974: (Diskussionsbeitrag zum Thema) "Situaciön yperspectivas demogräficas de Mexico", in A. Ca r r illo Flor</title> e s ed. <source>Diälogos sobre poblaciön (Mexico DF)</source> S. <fpage>127</fpage> - <lpage>137</lpage>.
<title>Ca r d on a Gut ie r r e</title> z <editor>R</editor>. ed., <year>1969</year>: <title>Urbanizacion y marginalidad (Bogota</title>). -, <other>1970</other>: <publisher>Migracion ydesarrollourbano (Bogota)</publisher>
<title>Ca r r illo Flor</title> e s <editor>A</editor>. ed., <year>1974</year>: <title>Diälogos sobre poblaciön (MexicoDF</title>).
Ca sa sc o <author><surname>J. A.</surname></author> <year>1969</year>: "<title>The social function of the slum in Latin America: some positive aspects</title>", <source>Amörica Latina</source> <volume>12</volume>, <issue>3</issue>: <fpage>87</fpage> - <lpage>111</lpage>.
<source>Die</source> t z <editor>A. G. H., M. N. Kot</editor> h undJ <author><surname>A</surname>. <given-names>Silva</given-names></author>, <year>1965</year>: <title>Housing in Latin America (Cambridge</title>, <other>Mass</other>.).
<title>Dir e c c ion Ge n e r a l d e Est a d ist ic a, 1962: VIII. Censo general de poblaciön</title>. <other>1960 (MexicoDF)</other>
<title>IX. Censogeneralde poblaciön. 1970 (MöxicoDF). Ge r ma n i G., 1972: "Aspectos teöricos de la marginalidad</title>", <source>Revista Paraguaya de Sociologia</source> <volume>9</volume>, <issue>23</issue>: <fpage>7</fpage> - <lpage>35</lpage>.
Ha r d <author><surname>G</surname></author>., <year>1973</year>: <title>Die Geographie. Eine wissenschaftstheoretische Einführung</title> (<other>Berlin/ NewYork)</other>
He r <author><surname>old D.</surname></author> <year>1974</year> <title>",: PoliticalGeography* und, Geopolitics</title>"", <source>Die Erde</source> <volume>105</volume>, <issue>2</issue>: <fpage>200</fpage> - <lpage>213</lpage>.
<author><surname>Hun</surname> <given-names>t</given-names></author> e r <author><surname>D. R.</surname></author> <year>1964</year>: <title>The slums; challenge and response (NewYork/Toronto</title>).
<author><surname>Le e</surname> d s <given-names>A</given-names></author>., <year>1969</year>: "<title>The significant variables determining the character of squatter Settle­ ments</title>", <source>America Latina</source> <volume>12</volume>, <issue>3</issue>: <fpage>44</fpage> - <lpage>86</lpage>.
<author><surname>Le</surname> n g <given-names>G</given-names></author>., <year>1973</year>: "<title>Zur, Münchner* Konzeption der Sozialgeographie</title>", <source>Geographische Zeit­ schrift</source> <volume>61</volume>, <issue>2</issue>: <fpage>121</fpage> - <lpage>134</lpage>.
<author><surname>Le wis</surname> <given-names>O</given-names></author>., <year>1961</year>: <title>The children of Sänchez: autobiography of a Mexican family</title> (<other>New York)</other>
<title>La vida. A PuertoRican family in the culture of poverty (New York/San</title> <other>Juan</other>).
<title>The possessions of the poor</title>", <source>Scientific American</source> <volume>221</volume>, <issue>4</issue>: <fpage>114</fpage> - <lpage>124</lpage>.
<title>Lic ht e n be r ge r E., 1972: "Die städtische Explosion in Lateinamerika</title>", <source>Zeitschrift für Lateinamerika</source> <volume>4</volume>: <fpage>33</fpage> - <lpage>55</lpage>.
Ma n gin <author><surname>W. P.</surname></author> <year>1967</year>: "<title>Squatter Settlements</title>", <source>Scientific American</source> <volume>217</volume>, <issue>4</issue>: <fpage>21</fpage> - <lpage>29</lpage>.
a): "Latin <title>American squatter Settlements: a problem and a solution", Latin</title> <source>American Research Review</source> <volume>2</volume>: <fpage>65</fpage> - <lpage>98</lpage>.
Ma r x <author><surname>K</surname></author>., <year>1972 (1872)</year> <title>Das Kapital</title>. <source>Kritik der politischen Ökonomie</source> Band <volume>1</volume> (<other>Frank­ furt/M.)</other>
<other>Nic k</other> e l <author><surname>H. J.</surname></author> <year>1973</year>: <title>Unterentwicklung als Marginalität in Lateinamerika. Einführung und Bibliographie zueinem lateinamerikanischen Thema</title> (<other>München</other>).
<author><surname>Nun</surname> <given-names>J</given-names></author>., <year>1969</year>: "<title>Superpoblaciön relativa, ejercito industrial de reserva o masa marginal</title>", <source>Revista Latinoamericana de Sociologia</source> <volume>5</volume>, <issue>2</issue>: <fpage>178</fpage> - <lpage>235</lpage>.
<title>Of ic in a Na c ion a l d e Est a d ist ic a y Ce n sos, 1972: Los pueblos jövenes en elPeru</title> (<other>Lima</other>).
<title>Pr e sc ot</title> t <editor>J. R. V.</editor> <year>1972</year>: <publisher>Politicalgeography (London)</publisher>
<title>Einführungin die Politische Geographie (München</title>).
Ra y <author><surname>T. F.</surname></author> <year>1969</year>: <title>The politics of the barriosof Venezuela (Berkeley/Los Angeles</title>).
<author><surname>Ruppe</surname> r t <editor>K</editor>. und <given-names>F</given-names></author> <author><surname>Sc</surname></author> <title>ha f f e r, 1974: "Zu G. Leng"s Kritik der »Münchener* Konzeption der Sozialgeographie</title>", <source>Geographische Zeitschrift</source> <volume>62</volume>, <issue>2</issue>: <fpage>114</fpage> - <lpage>118</lpage>.
<title>He r be r t J. Nic k e l Sa n d n e r G., 1969: Die Hauptstädte Zentralamerikas</title>. <source>Wachstumsprobleme, Gestaltwandel und Sozialgefüge</source> (<other>Heidelberg</other>).
<editor>Panama</editor> - <title>Strukturmerkmale und Leitlinien der sozialräumlichen Desintegration einer lateinamerikanischen Großstadt", Die Erde</title>, <volume>101</volume>, <issue>4: 265-283</issue> <year>1973</year>: "<title>Die bevölkerungsgeographische Problematik" in G. Sa n d n e r und H.-A</title>. <source>St e ge r eds.: Lateinamerika (Frankfurt/M.)</source> S. <fpage>45</fpage> - <lpage>61</lpage>.
<author><surname>Der Verstädterungsprozeß"</surname> <given-names>a.a.O</given-names></author>., S. <fpage>62</fpage> - <lpage>80</lpage>. - <other>undH.-A St e ge</other> r eds. <year>1973</year>: <publisher>Lateinamerika (Frankfurt/M.)</publisher>
<title>Sc he uc</title> h <author><surname>E. K.</surname></author> <year>1969</year>: "<title>ökologischer Fehlschluß", in W. Be r n sd or</title> f ed. <source>Wörterbuch der Soziologie</source> (<other>Stuttgart</other>), S. <fpage>757</fpage> - <lpage>758</lpage>.
<source>Sc hölle</source> r <author><surname>P</surname></author>., <year>1957</year>: "<title>Wege und Irrwege der politischen Geographie und Geopolitik</title>", <source>Erd­ kunde</source> <volume>11</volume>, <issue>1</issue>: <fpage>1</fpage> - <lpage>20</lpage>.
<title>St e r n C., 1973: Las regiones de Mexico y sus niveles de desarrollo socioeconömico</title> (MexicoDF).
<title>Un it e d Na t ion s, 1971: Report onthe world socialSituation. 1970 (NewYork). -, 1971: Improvement of slums and uncontrolled settlements</title> (<other>NewYork</other>).
<source>Ur quid</source> i <author><surname>V. L.</surname></author> <year>1972</year>: "<title>Perfilgeneral; economia ypoblaciön", in D. Iba r r a etal.: ElPerfil de Mexicoen 1980 (MexicoDF</title>), S. <fpage>3</fpage> - <lpage>13</lpage>, Band <issue>1</issue>.
und <author><surname>Ä</surname>. <given-names>Ga</given-names></author> <title>r c ia Roc ha</title>, <year>1973</year>: "<title>La construccion de vivienda y el empleo en Mexico</title>", <source>Demografia yEconomia</source> <volume>7</volume>, <issue>1</issue>: <fpage>1</fpage> - <lpage>23</lpage>.
<title>Ve r e in t e Na t ion e n (Fr öbe l, F., J. He in r ic hs und O</title>. <source>Kr e ye eds.), 1974: Die Armut des Volkes</source> (<other>Reinbek bei Hamburg)</other>
<title>Vor la uf e r K., 1970: Koloniale und nachkoloniale Stadtplanung in Dar Es Salaam</title> (<other>Frank­ furt/M.)</other>
<author><surname>Dar</surname> <given-names>Es</given-names></author> <title>Salaam. Bevölkerung und Raum einer afrikanischen Großstadt unter dem Einfluß vonUrbanisierungs- undMobilitätsprozessen</title> (<other>Hamburg</other>).
<other>Heidelberg</other>)
<title>Mit 2 Karten und4 Abbildungen Erwin Gentz mit den besten Wünschen zum 25. September 1975 gewidmet. Mauritiusgilt mit vollem Recht als Zuckerinsel: 54% der Gesamtfläche der Insel sind</title> <source>mit Zuckerrohr bestanden; 94% der Anbaufläche werden von</source>
