<title>Erde ihren Anteil an der Weltausfuhr bis 1971 auf 81</title> °/<other>o steigern</other>
Vgl. <author><surname>Lothar</surname> <given-names>Julitz</given-names></author>: <title>Der Welthandel ändert seine Struktur, Frank­ furterAllgemeine</title> <source>Zeitung vom 24</source> <other>4. 1972</other>
<author><surname>Buchholz</surname>, <given-names>H. E.</given-names></author> <title>Perspektiven des Welthandels mit Agrarprodukten. Handelspolitische Empfehlungen im Weltleitplan derFAO</title>, in: <source>Agrarwirtschaft</source>, <other>Jg</other>. <volume>19</volume>, <year>1970</year>, Heft <issue>7</issue>.
<title>Fa hrns chon, He lmut: Zur Förderung des deutschen Agrarexports</title>; in <source>Mitteilungen der DLG</source> <volume>58</volume>. <other>Jg</other>., <year>1970</year>, Heft <issue>51</issue>, S. <fpage>1568</fpage>.
<title>Fa hrns chon, He lmut: Wettbewerb um Auslands­ märkte</title>; in: <editor>Marktwirtschaft</editor>, Heft <issue>6</issue>, <year>1972</year>. <title>Fehlerbei derGetreidehilfe</title>; in: <source>FrankfurterAllgemeine Zeitungvom 1. 3</source> <year>1971</year>.
<title>Food and Agriculture Organization: Trade in Agri­ cultural Commodities in the United Nations Develop­ ment Decade</title>; Volume <volume>1</volume>, <other>Rome</other> <year>1964</year>, S. <fpage>I</fpage> - <lpage>30</lpage>.
<title>Ha ns me y e r, Ka rl-He inrich: Finanzielle Staatshilfen fürdie Landwirtschaft</title>; <other>Tübingen</other> <year>1963</year>, S. <fpage>132</fpage> <other>f</other>.
<author><surname>Krus</surname> <given-names>e</given-names></author> <title>-Rode na cke r, A.: Die Organisation der Welt­ agrarmärkte; Veröffentlichung der Europäischen Wirt­ schaftsgemeinschaft</title>, <source>Reihe Landwirtschaft</source> Bd. <volume>15</volume>; <other>Brüs­ sel</other> <year>1964</year>, S. <fpage>25</fpage>.
<title>Ot z e n, Ha ns: Dänen importieren auch. Verschiebun­ gen des Agraraußenhandels durch den Beitritt Däne­ marks zur EWG</title>; in: <source>Bauernblatt/Landpost vom 4.3</source> <year>1972</year>.
<author><surname>Zure</surname> <given-names>k</given-names></author> Erns t <title>Die Wirtschafts- undagrarpolitische</title> <other>Be</other>­
<title>Forschungsgesellschaft für Agrarpolitik und Agrar­ soziologie e. V</title>.; <other>Bonn</other> <year>1971</year>. <other>Summaries</other>
<author><surname>Central</surname> <given-names>Wales</given-names></author>. <title>Structure and Renewal of a Rural Development Area inthe West of Great Britain By Jürge n Da hlke The employment structure of the six counties of Central Wales — Merioneth</title>, <other>Montgomery, Cardigan, Radnor, Carmarthen</other> <source>and Brecon — reveals the predominance of</source>
