<title>Afrikanische Gegenwartsfragen. (Deutsche Außenpolitik, Sonderheft</title>, <other>Berlin</other> <year>1960</year>.)
<author><surname>Blij</surname>, <given-names>H. J</given-names></author> <author><surname>de</surname></author>: <title>Dar-es-Salaam, a Study in Urban Geography</title>. <publisher>Northwestern University Press</publisher> <year>1963</year>.
<author><surname>Bürger</surname>, <given-names>K</given-names></author>., u. <given-names>B</given-names> <author><surname>Zuckermann</surname></author>: <title>Beiträge zur ökonomischen Geographie Afrikas</title>. (<source>Lehrbrief f. d. Fernstud. d. Lehrer</source> <other>Potsdam</other> <year>1964</year>.)
<author><surname>Buech-Zantner</surname>, <given-names>R</given-names></author>.: <title>Zur Kenntnis der osmanischen Stadt. (Geographische Zeitschrift</title>, <other>1932</other>.)
<title>Dar-es-Salaam, A guide to</title>. <other>Tanganyika</other> <publisher>Standard</publisher> <year>1964</year>.
<author><surname>Fröhlich</surname>, <given-names>W</given-names></author>.: <title>Das afrikanische Marktwesen</title>. (<other>Zeitschr. f</other>
<author><surname>Ethnologie</surname></author>, <year>1940</year>, S. <fpage>234</fpage> <other>ff</other>.)
<author><surname>Gillman</surname>, <given-names>C</given-names></author>.: <title>Population Problems of Tanganyika Territory (EastAfrican</title> <source>Agricultural Journal</source> <volume>11</volume>, <year>1945</year>.)
<author><surname>Haak</surname>, <given-names>M</given-names></author>.: <title>Bilder von Sansibar</title>. (<other>Zeitschr. f. d</other> <source>Erdkunde­ unterricht</source> <volume>1</volume>, <year>1965</year>.)
<title>Beiträge zur Geographie der Inseln Sansibar und Pemba</title>. (Wiss. Zeitschr. d <editor>P. H. Potsdam</editor> <volume>3</volume>, <year>1967</year> —.) <title>Die StadtSansibar — Eine ökonomisch-geographische Untersuchung</title>. (<other>Diss. Jena 1969.)</other>
<author><surname>Harrison Church</surname> <given-names>R. J.</given-names></author> <author><surname>Africa</surname></author> <title>and the Islands</title>. <other>London</other> <year>1964</year>.
<author><surname>Hickman</surname>, <given-names>G. M.</given-names></author> u. <given-names>W. H. G</given-names> <author><surname>Dickins</surname></author>: <title>The Lands and Peoples of EastAfrica</title>. <other>London</other> <year>1961</year>.
<author><surname>Jürgens</surname>, <given-names>H. W.</given-names></author> <title>Untersuchungen zur Binnenwanderung in Tanzania</title>. <other>München</other> <year>1968</year>.
<author><surname>Klute</surname>, <given-names>F</given-names></author>.: <title>Afrika. Handbuch der geographischen Wissen­ schaft</title>. <other>Potsdam</other> <year>1930</year>.
<author><surname>Kramer</surname>, <given-names>H</given-names></author>., u. a.: Die <title>Länder Afrikas</title>. <other>Berlin</other> <year>1969</year>.
<author><surname>Loth</surname>, <given-names>H</given-names></author>  <title>Griff nach Ostafrika</title>. <other>Berlin</other> <year>1968</year>.
<author><surname>Marsh</surname>, <given-names>Z</given-names></author> <author><surname>A</surname>., u. <given-names>G. W</given-names></author> <author><surname>Kingsnorth</surname></author>: <title>An Introduction to the History of EastAfrica</title>. <other>Cambridge</other> <year>1965</year>.
<author><surname>Mecking</surname>, <given-names>L</given-names></author>.: <author><surname>Bau</surname></author> <title>und Bild afrikanischer Küstenstädte</title>.
<source>Zeitschr. f. Erdkunde</source> <volume>22/23</volume>, <year>1938</year>.)
<author><surname>Nairobi</surname>. <given-names>Master</given-names></author> <title>Plan for a Colonial Capital</title>. <other>London</other> <year>1948</year>.
<author><surname>Olderogge</surname>, <given-names>D. A.</given-names></author> u. <given-names>J</given-names> <author><surname>Potechin</surname></author>: <title>Die Völker Afrikas. Bd. II</title>. <other>Berlin</other> <year>1961</year>.
<author><surname>Pritchard</surname>, <given-names>J. M</given-names></author> <title>: A Geography of EastAfrica</title>. <other>London</other> <year>1962</year>.
<author><surname>Reitemeyer</surname>, <given-names>E</given-names></author>.: <title>Die Städtegründung der Araber im Islam</title>. (Diss. <other>München 1912.)</other>
<title>Republic of Tanganyika: Statistical Abstract 1963</title>. <other>Dar-es- Salaam</other> <year>1964</year>.
<author><surname>Schädler</surname>, <given-names>K</given-names></author>.: <author><surname>Crafts</surname></author>, <title>Small-scale Industries and Industrial Education in Tanzania</title>. <other>München</other> <year>1968</year>.
<author><surname>Schmidt-Renner</surname>, <given-names>Q</given-names></author>.: <author><surname>Standort</surname></author>, <title>Stadt und Territorium</title>.
<source>Geogr. Berichte</source> <volume>1958</volume>, S. <fpage>106</fpage> ff —.) <title>Elementare Theorie der Ökonomischen Geographie</title>.
<editor>Gotha</editor> und <other>Leipzig</other> <year>1966</year>.
<author><surname>Schneider</surname>, <given-names>K. G.</given-names></author> <author><surname>Dar-es-Salaam</surname></author>, <title>Stadtentwicklung unter dem Einfluß der Araber und Inder</title>. <other>Wiesbaden</other> <year>1965</year>.
<author><surname>Schultze</surname>, <given-names>J. H.</given-names></author> <title>Evolution und Revolution in der Land­ schaftsentwicklung Ostafrikas</title>. (<source>Geogr. Zeitschr., Beiheft</source> <volume>14</volume>, <year>1966</year>.)
<author><surname>Schwarz</surname>, <given-names>G</given-names></author>.: <author><surname>Allgemeine</surname></author> <title>Siedlungsgeographie</title> [<other>West-] Berlin</other> <year>1966</year>.
<title>The United Republic of Tanganyika and Zanzibar: Tan­ ganyika five year plan for economic and social develop­ ment</title>. <other>Dar-es-Salaam</other> <year>1964</year>.
<author><surname>Thole</surname>, <given-names>G</given-names></author>.: <title>Der nichtkapitalistische Entwicklungsweg afrika­ nischer Staaten</title>. (<source>Zeitschr. f. Erdkundeunterricht</source> <volume>11</volume>, <year>1969</year> <other>a</other>)
<title>Einführung in die politische Situation Afrikas</title>. (<source>Zeit­ schr. f. Erdkundeunterricht</source> <volume>10</volume>, <year>1969</year> <other>b</other>)
<author><surname>Thole</surname>, <given-names>G</given-names></author>., u. <given-names>R</given-names> <author><surname>König</surname></author>: <title>Der Industrialisierungsprozeß in den Entwicklungsländern Afrikas</title>. (<other>Zeitschr. f</other> <source>Erdkunde­ unterricht</source> <volume>12</volume>, <other>1969 c)</other>
<author><surname>Trewartha</surname>, <given-names>G. T.</given-names></author> <title>Population Patterns in Tropical Africa</title>.
<title>Annual of the Assoc. of Americ. Geographers</title>, <volume>44</volume>, <year>1954</year>.)
<author><surname>Ullerich</surname>, <given-names>K</given-names></author>.: <author><surname>Tansania</surname></author>. (Geogr. Berichte <volume>2</volume>, <year>1967</year>.) <other>Unesco</other>: <title>Social implications of industrialization and urbani- zation in Africa south of the Sahara</title>. <other>Paris</other> <year>1956</year>.
<author><surname>Walmsley</surname>, <given-names>R</given-names></author> <author><surname>JF</surname>.: <given-names>Nairobi</given-names></author> — <title>The Geography of a New City</title>. <source>The Eagle Press</source> <other>Nairobi</other> <year>1957</year>.
<author><surname>Woddis</surname>, <given-names>J</given-names></author>.: Afrika — <title>Der Weg nach vorn</title>. <other>Berlin</other> <year>1964</year>.
