<author><surname>Altmann</surname>, <given-names>F.-L</given-names></author>. (<year>1990</year>): <title>Wirtschaftsreformen und System­ veränderungen in den Planwirtschaften Osteuropas</title>. <source>Wirt­ schaftspolitische Blätter</source> <volume>5/90</volume>: <fpage>426</fpage> — <issue>436</issue>.
<author><surname>Csefalvay</surname>, <given-names>Z</given-names></author>., u. <author><given-names>W. Rohn</given-names></author> (<year>1991</year>): <title>DerWeg des ungarischen Arbeitsmarktes in die duale Ökonomie</title>. <source>ISR-Forschungsbe-</source> <volume>richte</volume>, <issue>1</issue>, <other>Wien</other>.
<author><surname>Fassmann</surname>, <given-names>H</given-names></author>.: <title>Ökonomische Voraussetzungen undReformen</title>. In: <editor>Lichtenberger, E</editor> [Hrsg.]: <source>Vom Plan zum Markt. Forschungsbericht</source> Nr. <volume>3</volume> <publisher>des Instituts für Stadt- und Regionalforschung</publisher> <fpage>9</fpage> - <lpage>15</lpage>.
<author><surname>Fiejka</surname>, <given-names>Z</given-names></author> &., <given-names>A. Joz</given-names> <author><surname>efowicz</surname></author> (<year>1991</year>): <title>Human Resources Development in the 1990s: The Polish Dilemma</title>. <source>Paper presentedattheInternationalConference"HumanResources in Europe atthe Dawn of the 2Ist Century"</source> <other>Luxemburg. 27.-29. Nov. 1991</other>
<author><surname>Fischer</surname>, <given-names>G</given-names></author> (<year>1991</year>): <title>Labour Market and Social Development in Centraland Eastem Europe: ImpactonWestern Europe</title>. <other>Paper presented at the Conference on Medium Term</other>
<editor>Economic Assessment. Wien</editor> <fpage>14</fpage>. —<issue>16</issue>. <other>Okt</other>. <year>1991</year>.
<author><surname>Holz mann</surname> <given-names>R</given-names></author> (<year>1991</year>): <title>Migrationspotential derpostsozialisti­ schen Reformländer Europas: Hintergründe, Daten und Einschätzungen</title>. In: <editor>Fassmann, H., Findl, P.</editor> u. R. Münz <source>Die Auswirkungen der internationalen Wanderungen auf Petermanns Geographische Mitteilungen</source> <volume>136</volume>, <fpage>1992</fpage> - <lpage>1</lpage> <other>Transformation in Ost-Mitteleuropa</other>
<author><surname>Österreich</surname>. <given-names>Szenarien</given-names></author> <title>zur regionalen Bevölkerungsentwick­ lung 1991—2031 des Instituts fürDemographie derÖAW</title>.
<source>Schriftenreihe derÖROK</source> <volume>89</volume>, Wien, <fpage>18</fpage> — <issue>31</issue>.
Kä dä <author><surname>r</surname>, <given-names>B</given-names></author> (<year>1990</year>): <title>WirtschaftsreformeninUngarn. Wirtschafts</title>­ <source>politische Blätter</source> <volume>5/90</volume>: <fpage>458</fpage> — <issue>463</issue>.
<author><surname>Kapl</surname>, <given-names>M</given-names></author>., <author><surname>Sojka</surname>, <given-names>M</given-names></author> &., <given-names>T</given-names> <author><surname>Tepper</surname></author> (<year>1991</year>): <title>Unemploymentand market-oriented reform in Czechoslovakia</title>. <source>International LabourReview</source> <volume>130</volume>: <fpage>199</fpage> — <issue>210</issue>.
<author><surname>Klaus</surname>, <given-names>V</given-names></author> (<year>1990</year>): <title>Argumente füreine Strategie der Radikal­ reform der tschechoslowakischen Wirtschaft und gegen den Gradualismus</title>. <source>Wirtschaftspolitische Blätter</source> <volume>5/90</volume>: <fpage>476</fpage> - <lpage>481</lpage>.
<author><surname>Laski</surname>, <given-names>K</given-names></author> (<year>1990</year>): <title>ThestabilizationplanforPoland. Wirtschafts</title>­ <source>politische Blätter</source> <volume>5/90</volume>: <fpage>444</fpage> - <lpage>457</lpage>.
<author><surname>Stankovsky</surname>, <given-names>J</given-names></author> (<year>1990</year>): <title>Österreich, Osteuropa unddie EG</title>. <source>Wirtschaftspolitische Blätter</source> <volume>5/90</volume>: <fpage>513</fpage> — <issue>519</issue>.
<author><surname>Vintrova</surname>, <given-names>R</given-names></author> (<year>1991</year>): <title>DerÜbergangderehemaligenOstblocklän­ der zur Marktwirtschaft</title>. <source>Wirtschaft undGesellschaft</source> <volume>17</volume>: <fpage>55</fpage> - <lpage>68</lpage>.
<author><surname>WienerInstitutfürinternationale</surname> <given-names>Wirtschaftsvergleiche</given-names></author> (<year>1991</year>): <title>Stabilisierung undRezession. Die Wirtschaft der früheren RGW-Länder undJugoslawiens 1990/91</title>. <source>WIFO-Monats- berichte</source> <volume>5/91</volume>: <fpage>257</fpage> - <lpage>272</lpage>.
<author><surname>Witkowski</surname>, <given-names>J</given-names></author> (<year>1991</year>): <title>Labour Market in Poland: Recent Changes and Prospects</title>. <source>Paperpresented atthe International Conference "Human Resources in Europe at the</source> <other>Dawn of</other>
the <volume>2IstCentury</volume>”. <other>Luxemburg, 27.-29. Nov. 1991</other>
<author><surname>Zwass</surname>, <given-names>A</given-names></author> (<year>1991</year>): <title>Strategien des Wandels im Osten</title>. <source>Zukunft</source>, <volume>3/91</volume>: <fpage>21</fpage> - <lpage>27</lpage>.
Manuskripteingang: <volume>30</volume>. <issue>1</issue>. <fpage>1992</fpage>
Manuskriptannahme: 4. 3 <url>1992</url>
<editor>Univ.-Doz. Dr. Heinz Fassmann, Österreichische Akademie der Wissenschaften, Institut für Stadt-</editor> <other>undRegionalforschung, Postgasse 7, A-1010 Wien</other> © <year>1992</year> <other>Justus</other> <publisher>Perthes Gotha</publisher>
