<editor>Die Bundesregierung</editor> (Hrsg.): <source>Die Kartoffel: Erfolgsgeschichte einer "ärmlichen Knolle". Magazin zur Entwicklungspolitik</source> Nr. <url>69/2008 (www.bundesregierung.de)</url>
<author><surname>Corves</surname>, <given-names>C</given-names></author>.: <author><surname>Biologische</surname></author> <title>Vielfalt in der Landwirtschaft. Ihre Bedeutung für die Ernährungssicherung in Zeiten des Klimawandels</title>.
<source>Geographische Rundschau</source> <volume>61</volume> (<year>2009</year>) <issue>H.4</issue>, S. <fpage>38</fpage> - <lpage>45</lpage>
<author><surname>Devaux</surname>, <given-names>A</given-names></author> u. a.: Anälisis <title>comparativo del sector papa en Bolivia, Ecuador y Peru</title>. In: <editor>Devaux, A</editor> u. a. (Hrsg.) <source>El sector</source> <other>papa</other> <title>en la regiön andina</title>. <other>Diagnöstico y elementos para</other> <publisher>una vision estrategica</publisher>
<title>Bolivia, Ecuador y Peru</title>). <other>Lima</other> <year>2010</year>, S. <fpage>8</fpage> - <lpage>22</lpage>
<author><surname>Kotschi</surname>, <given-names>J</given-names></author>.: <author><surname>Agricultural</surname></author> <title>Biodiversity is Essential for Adapting to Climate Change</title>. <source>GAIA</source> <volume>16</volume> (<year>2007</year>) <issue>H.2</issue>, S. <fpage>98</fpage> - <lpage>101</lpage>
<author><surname>Melissis</surname>, <given-names>A</given-names></author>.: <year>Die</year> <title>Kraft der Knolle. Die Kartoffel und ihre Bedeutung als Kulturpflanze, die zeitung - terre des hommes 4/2007</title>, S. <fpage>3</fpage>
<author><surname>Mayo</surname>, <given-names>R</given-names></author>.: <author><surname>Las</surname></author> <title>papas nativas conquistan el mundo. El Comercio vom 11.01</title>. <year>2010</year>
<author><surname>Schmidt-Wulffen</surname>, <given-names>W.-D</given-names></author>.: <year>Zweimal</year> "<title>Höhenstufen der Anden" - Ein neuer didaktischer und inhaltlicher Zugang zu einem "alten" Thema des Geographieunterrichts</title>. In: <source>Materialien zur Didaktik der</source>
<editor>Geographie</editor> und <author><surname>Wirtschaftskunde</surname></author> (<year>1999</year>) Bd. <volume>15</volume>, S. <fpage>99</fpage> - <lpage>106</lpage>
<author><surname>Spooner</surname>, <given-names>D. M</given-names></author> <author><surname>u.a</surname></author>.: <title>A single domestication for potato based on multilocus amplified fragment length polymorphism genotyping</title>.
<author><surname>PNAS</surname> <given-names>102</given-names></author> (<year>2005</year>) <title>H.41 Filme Bundesministerium für wirtschaftliche Zusammenarbeit und</title> <editor>Entwick­ lung (BMZ)</editor> (Hrsg.): <source>Das grüne</source> <title>Gold der Inkas. Wie die Kartoffel in Zeiten des Klimawandels die Ernährung sichern kann</title>. <source>Bonn/Berlin 2008 (BMZ Filmservice</source> <volume>017</volume>)
