<author><surname>Albrecht</surname>, <given-names>V</given-names></author>.: <author><surname>Unterrichtspraktische</surname></author> <title>Erprobung eines physisch-geographischen Modells. Die Wetterkarte im Geographieunterricht der Sek</title>. <other>I</other>.
<title>Hefte zur Fachdidaktik der Geographie 2/1979</title>, S. <fpage>59</fpage> - <lpage>75</lpage>.
<author><surname>Blüthgen</surname>, <given-names>J</given-names></author>.: <title>Allgemeine Klimageographie</title>. <other>Ber­ lin 1966</other>
<author><surname>Breuer</surname>, <given-names>G</given-names></author>.: <author><surname>Wetter</surname></author> <title>nach Wunsch? Perspektiven und Gefahren künstlicher Wetterbeeinflussung</title>. <other>Stuttgart</other> <year>1976</year>.
<author><surname>Federer</surname>, <given-names>B</given-names></author>.: <author><surname>Hagelabwehr</surname></author>: <title>Schuß in die Wolken. Umschau in Wissenschaft und Technik</title>. H. <volume>15</volume> (<year>1979</year>), S. <fpage>463</fpage> - <lpage>468</lpage>.
<author><surname>Fedorov</surname>, <given-names>E. K.</given-names></author> <author><surname>Können</surname></author> <title>wir das Wetter ändern? Umschau in Wissenschaft und Technik</title>. H. <volume>1</volume> (<year>1968</year>), S. <fpage>9</fpage> - <lpage>12</lpage>.
<author><surname>Geibert</surname>, <given-names>H</given-names></author>.: <title>Unterrichtsskizze I: "Tropischer Wirbelsturm." Geographie im Unterricht</title>. <volume>5</volume>. Jg. (Juni <year>1980</year>), S. <fpage>199</fpage> - <lpage>215</lpage>.
<author><surname>Geiger</surname>, <given-names>M</given-names></author>.: <author><surname>Schulrelevante</surname></author> <title>Arbeitsweisen der physischen Geographie - dargestellt an Bei­ spielen der Klimageographie</title>. <source>Hefte zur Fachdi­</source>
daktik <author><surname>der</surname> <given-names>Geographie</given-names></author>, <author><surname>H</surname></author>. <volume>1</volume> (<year>1978</year>), S. <fpage>60</fpage> - <lpage>80</lpage>.
<author><surname>Gentry</surname>, <given-names>C.: Hurricane</given-names></author> <author><surname>Modification</surname>. <given-names>Hess</given-names></author> (Hrsg.). <source>Weather and Climate Modification</source> S. <fpage>497</fpage> - <lpage>521</lpage>. <other>New York 1974</other>
<source>GEO-Magazin</source> Nr. <volume>5</volume>, <author><surname>Mai</surname></author> <year>1979</year>: "<title>Peitschen vom Himmel</title>", S. <fpage>37</fpage> - <lpage>62</lpage>.
<author><surname>Hendrick</surname>, <given-names>R. L.</given-names></author> und <given-names>D. G</given-names> <author><surname>Friedman</surname></author>: <title>Potential Impacts of Storm Modification on the Insurance Industry</title>; <other>Sewell</other> (Hrsg.). <source>Human Dimensions of Weather Modification</source> <other>Chicago</other> <year>1966</year>.
<editor>Hess, W. N</editor> (Hrsg.): <source>Weather and Climate Modification</source> <other>New York 1974</other>
<author><surname>Jackson</surname>, <given-names>I. J.</given-names></author> <author><surname>Climate</surname></author>, <title>weather and agriculture in the tropics</title>. <other>London/New York 1977</other>
<author><surname>MacDonald</surname>, <given-names>G</given-names></author>.: <publisher>Weather Modification. Science</publisher>
<source>Journal</source>. Jg. <volume>4</volume> (January <year>1968</year>), S. <fpage>39</fpage> - <lpage>44</lpage>.
<author><surname>Oliver</surname>, <given-names>J. E.</given-names></author> <author><surname>Climate</surname></author> <title>and Man"s Environment: An Introduction to Applied Climatology</title>. <other>New York 1973</other>
<author><surname>Panzram</surname>, <given-names>H</given-names></author>.: <title>Gegenwärtiger Stand der Erkenntnisse über die Möglichkeiten der Wet­ terbeeinflussung</title>. <other>Naturwissenschaftliche Rund­</other>
<author><surname>schau. 29</surname> <given-names>Jg</given-names></author>., <author><surname>H</surname></author>. <volume>2</volume> (<year>1976</year>), S. <fpage>48</fpage> - <lpage>49</lpage>.
<author><surname>Richter</surname>, <given-names>D</given-names></author>.: <author><surname>Das</surname></author> <title>Lernfeld "Naturbedingungen" im lernzielorientierten Geographieunterricht der Sek. I</title>. <source>HFG</source>. <volume>H. 1</volume> (<year>1978</year>), S. <fpage>81</fpage> - <lpage>103</lpage>.
<author><surname>Riehl</surname>, <given-names>H</given-names></author>.: <title>Der tropische Wirbelsturm. Umschau in Wissenschaft und Technik</title>. H. <volume>5</volume> (<year>1980</year>), S. <fpage>131</fpage> - <lpage>137</lpage>.
<author><surname>Ruland</surname>, <given-names>H</given-names></author>.: <author><surname>Unternehmen</surname></author> <title>Sturmwut. Wie zähmt man einen Hurrikan</title>? <source>DIE ZEIT vom 12</source>
<author><surname>Juli</surname></author> <year>1974</year>, S. <fpage>41</fpage>.
<source>Science vom 7. Juni</source> <year>1974</year>, S. <fpage>1059</fpage> - <lpage>1061</lpage>.
<editor>Sewell, D</editor> (Hrsg.): <source>Human Dimensions</source> of <title>Wea­ ther Modification</title>. <other>Chicago</other> <year>1966</year>.
<author><surname>Smith</surname>, <given-names>K</given-names></author>.: <title>Principles of Applied Climatology</title>. <other>New York 1975</other>
<author><surname>Weischet</surname>, <given-names>W</given-names></author>.: <title>Einführung in die Allgemeine Klimatologie</title>. <other>Stuttgart</other> <year>1977</year>. <title>O In eigener</title> <other>Sache</other>:
