<author><surname>Agard</surname>, <given-names>S</given-names></author> (<year>1974</year>): <title>Neoglacial chronology in the Fourth of July Cirque</title>. - <source>Unpublished term- paper</source> <other>Boulder</other>.
<author><surname>Benedict</surname>, <given-names>J. B</given-names></author> (<year>1967</year>): <title>Recent glacial history of an alpine area in the Colorado Front Range, U.S.A. I. Establishing a lichengrowth curve</title>. - <source>J. Glaciol.</source> <volume>6</volume>: <fpage>817</fpage> - <lpage>832</lpage>.
<title>Recent glacial history of an alpine area in the Colorado FrontRange, U.S.A. II. Dating the glacial deposits</title>. - <source>J. Glaciol.</source> <volume>7</volume>: <fpage>77</fpage> - <lpage>87</lpage>.
<title>Chronology of cirque glaciation, Colorado FrontRange</title>. - <source>Quaternary Research</source> <volume>3</volume>: <fpage>584</fpage> - <lpage>599</lpage>.
<author><surname>Birkeland</surname>, <given-names>P. W</given-names></author> (<year>1973</year>): <title>Use of relative age dating methods in a Stratigraphie study of rode glacierdeposits, Mt</title>. <source>Sopris, Colorado. - Arct. Alp. Res.</source> <volume>5</volume>: <fpage>401</fpage> - <lpage>416</lpage>.
<editor>Pedology, Weathering</editor> and <title>Geomorphological Research</title>. - <other>Oxford</other> <publisher>Univ. Press</publisher> <other>New York</other>
<author><surname>Birkeland</surname>, <given-names>P. W</given-names></author> & <given-names>C. D</given-names> <author><surname>Miller</surname></author> (<year>1973</year>): <title>Re-interpretation of the type Temple Lake moraine and other Neoglacial deposits, Southern Wind River Mountains, Wyoming</title>. <source>- Geol. Soc. Am. Abs</source> <volume>5</volume>: <fpage>465</fpage> - <lpage>466</lpage>.
<author><surname>Bonnett</surname>, <given-names>R. B</given-names></author> (<year>1970</year>): <title>Glacialsequence ofthe UpperBoulderCreek drainage basin in the Colo­ rado Front Range</title>. - <source>Unpublished dissertation, Ohio State Univ</source>
<author><surname>Carroll</surname>, <given-names>T</given-names></author> (<year>1974</year>): <title>Relative age dating techniques and a late Quaternary chronology, Arikaree Cirque, Colorado</title>. <source>- Geology</source> <volume>2</volume>: <fpage>321</fpage> - <lpage>325</lpage>.
<author><surname>Currey</surname>, <given-names>D. R</given-names></author> (<year>1974</year>): <title>Probable pre-Neoglacialage of the type Temple Lake moraine, Wyoming</title>. - <other>Arct. Alp. Res</other> <volume>6</volume>: <fpage>293</fpage> - <lpage>300</lpage>.
<author><surname>Madole</surname>, <given-names>R. F</given-names></author> (<year>1969</year>): <title>Pinedale and Bull Lake glaciation in upper St. Vrain drainage basin, BoulderCounty, Colorado</title>. <source>- Arct. Alp. Res</source> <volume>1</volume>: <fpage>279</fpage> - <lpage>287</lpage>.
<title>Neoglacialfacies in the Colorado FrontRange. - Arct</title>. <other>Alp. Res</other> <volume>4</volume>: <fpage>119</fpage> - <lpage>130</lpage>. <other>344</other>
<author><surname>M</surname>. <given-names>Gabriel Mahaney</given-names></author> <author><surname>W</surname></author>. (<year>1972</year>): <title>Audubon: New name forColorado FrontRange NeoglacialDeposits for- merly called "Arikaree</title>". <source>- Arct. Alp. Res</source> <volume>4</volume>: <fpage>355</fpage> - <lpage>357</lpage>.
<title>Neoglacialchronologyinthe Fourth ofJuly Cirque, CentralColorado FrontRange. - Geol</title>. <source>Soc. Am. Bull.</source> <volume>84</volume>: <fpage>161</fpage> - <lpage>170</lpage>.
<author><surname>Millett</surname>, <given-names>M. T</given-names></author> (<year>1956</year>): <title>Glaciation in the headwaters ofMiddle BoulderCreek</title>, <other>Colorado</other>. - <editor>M. S</editor> <source>thesis, Univ. of Colo</source>
<author><surname>Richmond</surname>, <given-names>G. M</given-names></author> (<year>1960</year>): <title>Glaciation of the eastslope of Rocky Mountain NationalPark, Colo­ rado. - Geol</title>. <source>Soc. Am. Bull.</source> <volume>71</volume>: <fpage>1371</fpage> - <lpage>1382</lpage>.
<title>Glaciation ofthe Rocky Mountains. - In</title> <author><surname>Wright</surname>, <given-names>H. E</given-names></author> & <editor>D. G. Frey</editor> (ed.), <source>The Quaternary of the United Staets</source> - <other>Princeton, N</other> <publisher>J</publisher>.
<author><surname>Schäfer</surname>, <given-names>I</given-names></author> (<year>1950</year>): <title>Die diluviale Erosion undAkkumulation. Erkenntnisse aus Untersuchungen über die Talbildung im Alpenvorland</title>. - <source>Forschungnezurdeutschen Landeskunde</source> <volume>49</volume>.
<author><surname>Schneebeli</surname>, <given-names>W</given-names></author> (<year>1976</year>): <title>Untersuchungen vonGletscherschwankungen im Val de Bagnes</title>. - <source>Die Alpen</source> <volume>52</volume>: <fpage>5</fpage> - <lpage>57</lpage>.
<author><surname>Williams</surname>, <given-names>J</given-names></author> (<year>1973</year>): <title>Neoglacialchronology ofthe Fourth of July Cirque, CentralColorado Front Range: Discussion. - Geol</title>. <source>Soc. Am. Bull.</source> <volume>84</volume>: <fpage>3761</fpage> - <lpage>3765</lpage>.
<author><surname>AnschriftdesAutors</surname>: <given-names>Manfred</given-names></author> <author><surname>Gabriel</surname>, <given-names>LehrstuhlfürGeographie</given-names></author> <author><surname>I</surname></author>, <other>Postfach</other> <volume>1549</volume>, <fpage>8600</fpage> <other>Bamberg. Z. Geomorph. N</other> <publisher>F</publisher>.
