<author><surname>Lit.: Bartels</surname> <given-names>D</given-names></author>.: <source>Türkische Gastarbeiter aus der</source> Re­
<author><surname>gion</surname> <given-names>Izmir. Erdkunde</given-names></author> <year>1968</year>, S. <fpage>313</fpage> - <lpage>324</lpage>. - <given-names>Borris</given-names>, <author><surname>M</surname></author>.: <year>Ausländische</year> <title>Arbeiter in einer Großstadt</title>. <other>Frankfurt</other>/
<author><surname>Main</surname> <year>1973</year>. - <given-names>Geiger</given-names></author>, <author><surname>F</surname>.: <given-names>Zur</given-names></author> <title>Konzentration von Gast­ arbeitern in alten Dorfkernen</title>. <other>Geogr. Rundschau</other>
S. <fpage>61</fpage> - <lpage>71</lpage>. - <author><surname>Puls</surname>, <given-names>W. W.</given-names></author> <source>Gastarbeiter</source> <other>oder Ein­</other>
<author><surname>wanderer</surname>. <given-names>Geogr</given-names></author>. <author><surname>Rundschau</surname></author>, <year>1975</year>, S. <fpage>49</fpage> - <lpage>60</lpage>. - <editor>Schret- tenbrunner, H.: Gastarbeiter</editor> <other>Frankfurt/Main</other> <year>1976</year>. - <editor>Stadt Kiel</editor> (Hrsg.): <source>Ausländer in Kiel. Statistische Be­</source>
<source>richte</source>, Nr. <volume>89</volume>, <other>Kiel</other> <year>1978</year>. - <editor>dito</editor> (Hrsg.): <source>Ausländer</source>
<source>Statistische Berichte</source> Nr. <volume>94</volume>, <other>Kiel</other> <year>1979</year>. - <other>dito</other>
<editor>Hrsg</editor>.): <source>Statistische Informationen</source> Nr. <volume>52</volume>, <author><surname>Kiel</surname> <year>1980</year>. - <given-names>Thissen</given-names></author>, <author><surname>G</surname></author>.: <source>Ausländer in Schleswig-Holstein. Statisti­ sche Monatshefte Schleswig-Holstein</source> <volume>32</volume>. <other>Jg</other>., H. <issue>6</issue>,
<author><surname>Kiel</surname> <year>1980</year>, S. <fpage>117</fpage> - <lpage>124</lpage>. - <given-names>Toepfer</given-names></author>, <author><surname>H</surname>. u. <surname>V</surname>. <given-names>Suicmez</given-names></author>: <title>Sek­ torale und regionale Mobilität von Rückwanderern in die Türkei. Ein Beispiel aus der Provinz Trabzon</title>.
<author><surname>Orient</surname>, <year>1979</year>, S. <fpage>92</fpage> - <lpage>107</lpage>. - <surname>Wiebe</surname>, <given-names>D</given-names></author>.: <title>Zur angewandten Kriminalgeogr. der Ballungsgebiete. Stadtgeogr. Ana­ lyse subkultureller Phänomene</title>. <volume>41</volume>. <other>Deutscher Geo­</other>
<author><surname>graphentag</surname> <given-names>Mainz</given-names></author>, <title>Tagungsbericht und wiss. Abhand­ lungen</title>, <year>1978</year>, S. <fpage>207</fpage> - <lpage>227</lpage>.
<author><surname>chen</surname> <given-names>Erdhügeln</given-names></author> <title>aus Kleiboden, den sogenann­ ten "Warften” (von dem Wort "aufwerfen”) ange­ legt. Die Warften erheben sich rund 5 m über NN, sind aber nach den Erfahrungen der Sturm­ fluten 1953, 1962 und 1976 nicht alle fest und</title> <other>hoch genug</other> <publisher>sie müssen noch verstärkt</publisher> <other>werden</other>.
<title>Die Wirtschaftsweise der Einwohner ist diffe­ renziert. Sylt, Amrun und Föhr leben heute weitgehend vom Fremdenverkehr</title>. <source>Die Land­ wirtschaft (meist Weidewirtschaft wegen des re­ lativ unfruchtbaren Geestbodens) hat nur</source> <other>eine</other>
<title>ßige Salzwasserüberflutungen keinen Anbau von Getreide oder Feldfrüchten zulassen (z.B. wird Hallig Gröde etwa 20 mal, Langeneß ca. 7 - 8 mal im Jahr überflutet</title>). <source>Versuchsfelder mit</source>
<author><surname>Hafer, Gerste</surname></author> <title>Rüben und Kartoffeln auf de Hal­ lig Hooge 1933 - 41</title> <url>scheiterten</url>
<title>Eine Zwischenstellung nimmt die Insel Pell­ worm ein. Der Hauptanteil der Erwerbstätigen lebt von der Landwirtschaft (rd</title>. <source>50%), während 40% im tertiären Wirtschaftssektor (vorwiegend Fremdenverkehr und Versorgungsbetriebe) be­ schäftigt</source> <other>sind</other>.
<author><surname>Allen</surname> <given-names>Inseln</given-names></author> <title>bzw. Halligen ist gemeinsam, daß der geringste Teil der Erwerbstätigen im sekun­ dären Wirtschaftssektor (Handwerk</title>, <other>Industrie) arbeitet; dies hängt u.a</other> <source>mit der speziellen Pro­ blematik der Insellage (erhöhte Betriebskosten!) zusammen</source>
c) <title>Schließlich sind Inseln Anziehungspunkte für den Tourismus. Neben dem Abwechs­ lungsreichtum der Landschaft spielt das</title> <other>günsti</other>­
<title>kraft bei vielerlei Erkrankungen nachgewiesen ist. Auch ist die Zahl der Sonnentage hier we­ sentlich höher als auf dem Festland</title>. <source>Sylt, Amrun und Föhr entwickelten</source> <other>sich zu</other>
<author><surname>viele</surname> <given-names>Arbeitsplätze</given-names></author> <title>für die einheimische</title> <other>Bevöl-</other>
