<author><surname>Leitner</surname>, <given-names>Wilhelm</given-names></author>: <title>Morphographische Karte der Steiermark</title>. (Manuskr. <year>1953</year>). <volume>1</volume>: <fpage>300</fpage> <issue>000</issue>. <other>Leitner</other>,
<title>Wilh.: Die Flurformen der Steiermark</title> (<other>Steiermark-</other>
<source>Atlas</source>, <volume>1</volume>: 300 <issue>000</issue>, <year>1953</year>). <author><surname>Leitner</surname></author>, <title>Wilh.: Die Vertei­ lung der Bevölkerung nach natürlichen Landschaf­ ten in der Steiermark. Mitt</title>. d. Gg <source>Ges. Wien</source> Bd. <volume>101</volume>, <year>1959</year>). <other>Leitner, Wilhelm</other> <source>Die Landbau­ zonen der Steiermark (Steiermark-Atlas</source> <volume>1</volume>: 500 <issue>000</issue>, <year>1963</year>). <other>Leitner, Wilhelm</other> <source>Die vorherrschende Ge­ treideart der Steiermark. (Steiermark-Atlas</source> <volume>1</volume>: <fpage>500</fpage> <issue>000</issue>, <other>1963</other>).
<title>Wellerdölförderung im Jahre 1962 Die Kurve der Welterdölförderung ist im­ mer noch im Anstieg begriffen, und es hat den Anschein, als ob diese Aufwärtsentwick­ lung auch im Laufe der kommenden</title> <author><surname>Jahr</surname></author>­
<title>Tabelle kann die Entwicklung der Erdöl­ förderung auf der Erde ersehen</title> <other>werden</other>:
<title>Die Welterdölförderung betrug also im Jahre 1962: 1 211 Mill</title>. <other>Tonnen, d.s</other> <volume>92</volume> <other>Mill</other>.
<source>Tonnen oder</source> 8 v <editor>H. mehr</editor> <other>als im Vorjahr</other>
<author><surname>Mill</surname>. <given-names>Tonnen). Knapp</given-names></author> <title>ein Drittel der Mehrförderung stammt aus den</title> "Ölfel­
<title>Der junge Ölkontinent Afrika steigerte seine Förderung um 70</title> v. <author><surname>H</surname></author>. <title>Die afrikanische Wirtschaft basiert heute nicht mehr aus­ schließlich auf der Ernte von Bananen, Kaf­ fee oder anderen typischen Produkten die­ ses Kontinentes. In den letzten Jahren wur­ den auch zahlreiche Erdöl- und Naturgas­ vorkommen erschlossen, die für einige der jungen Nationen so etwas wie ein Grund­ kapital, ja in einzelnen Fällen sogar einen gewissen Wohlstand darstellen</title> <other>beziehungs</other>­
<title>die Rohölförderung in Afrika jährlich</title> <other>nur</other>
<title>schließlich auf Ägypten entfielen</title>. <source>Der "große</source>
<title>selbständige Algerien mit einer Jahresförde­ rung von 8</title>, 4 Millionen <other>Tonnen an die 14</other>
<title>Stelle in der Liste der Erdölländer rückte. Im Jahre 1962 waren es</title> <source>bereits</source> <volume>20</volume>, 4 Millionen
<title>spielsweise im gesamten westlichen</title> <source>Europa</source>
<title>gefördert wurde. Daneben entdeckte man in der algerischen Sahara große und ausge­ dehnte Erdgasfelder, mit deren wirtschaft­ licher Auswertung erst begonnen wurde. Außer in Algerien wurde die Erdölförderung inzwischen in folgenden afrikanischen Län­ dern mit unterschiedlichem Erfolg</title> <other>aufgenom</other>­
<author><surname>men</surname>: <given-names>Angola</given-names></author>, <title>Gabun, Libyen, Marokko und Nigeria. Zusammen mit Ägypten förderten diese Länder des afrikanischen Erdteils: 38, 83</title> <source>Millionen Tonnen. Afrikas Anteil an der Weltförderung des Jahres</source> <year>1962</year> <url>erreicht</url>
<title>günstigen Lage vieler afrikanischer Fund­ stätten die Bedeutung der dortigen</title> Öl­
<title>produktion erheblich höher eingeschätzt werden. Denn von den Endpunkten der algerischen und libyschen Pipelines an der nordafrikanischen Mittelmeerküste sind es nur wenige Stunden Tankerfahrt etwa zur Kopfstation der südeuropäischen Pipeline bei Marseille. Libyen steht bereits unter den Erdölländern Afrikas hinsichtlich der Förde­ rung an zweiter Stelle,-</title> <source>es hofft im Laufe der nächsten Jahre seine Förderungszahlen</source>
<title>auf der Welterdöl-Rangliste mit zu den</title> <other>gro</other>­
<title>ßen Erdölländern gehören wird. Auch Nige- rien weist große Erfolge auf, wenn auch die vermuteten Ölreserven (55 Mill. Tonnen) hinter denen von Algerien</title> (<volume>846</volume>), Libyen (<issue>598</issue>) und Ägypten (<volume>104</volume> <title>Millionen Tonnen) weit Zurückbleiben. Inzwischen ist das Land be­ reits zum Ölexporteur ") geworden. Man glaubt im Jahre 1970 bereits zehn Millionen Tonnen Erdöl fördern zu können</title>, <source>während man in Libyen auf ein Mehrfaches</source> dieses Be­
<title>Kontinente und Großräume hinsichtlich ihrer Erdölförderung einer Betrachtung unter­ ziehen, so ergibt sich folgendes</title> <source>Bild für das Jahr</source> <year>1962</year>: <publisher>Kontinente Förderung</publisher>
<title>Großräume) in Mil</title>). In v. H
<other>Tonnen</other>
Nordamerika <volume>409</volume> ~ <issue>33</issue>, <fpage>8</fpage>
<source>Naher Osten</source> <volume>306 25</volume> <issue>3</issue> UdSSR, <other>China</other>, Osteuropa <volume>206 17</volume> <issue>0</issue> <other>Südamerika 204</other> <volume>16</volume>, <issue>8</issue>
<source>Afrika 39</source> <volume>3</volume>, <fpage>2</fpage>
<author><surname>Ferner</surname> <given-names>Osten</given-names></author>, Australien <volume>29</volume> <issue>2</issue>, 4 Westeuropa <volume>18</volume> <issue>1</issue>, <fpage>5</fpage> Wenn <title>wir die Kontinente bzw. Großräume aber hinsichtlich der Erdölreserven ordnen, ergibt sich eine etwas andere Reihenfolge</title>: <publisher>Vorhandene</publisher>
<source>Reserven ln</source> v. H
<title>Kontinente_______________ in Mill</title>. <other>Tonnen</other>____
