<author><surname>So</surname> <given-names>beziffert</given-names></author> <author><surname>Bar-On</surname></author> (<year>1996</year>, S. <fpage>162</fpage> <other>f.) die</other> <publisher>Zahl</publisher>
<title>der "visitor arrivals" in Israel für das Jahr 1970 mit 441.000</title>, <source>für 1994 mit 2.170.000</source> und <other>die</other>
<author><surname>Zahl</surname> <given-names>der</given-names></author> "<title>tourists by air" für 1970 mit 382.000</title>, <other>für</other> <year>1994</year> mit <volume>1.503.000</volume>.
<editor>Seidler</editor> (<year>2007</year>) <title>zeichnet die Debatte nach</title>, <other>die</other>
<author><surname>Rassismus</surname>, <given-names>Ethik</given-names></author> <title>und Werte geführt wurde</title>.
Vgl. hierzu <author><surname>Tanja</surname> <given-names>Mihalic</given-names></author> (<year>1996</year>), <title>die dies für den Fall der Wiederbelebung des slowenischen Tourismus Anfang der 1990er Jahre nach den Kriegen in Jugoslawien darstellt</title>.
<author><surname>Barber</surname>, <given-names>B</given-names></author> (<year>1995</year>). <title>Jihad vs McWorld</title>. <other>New York</other> <publisher>Random House</publisher>
<author><surname>Bar-On</surname>, <given-names>R. R</given-names></author> (<year>1996</year>). <title>Measuring the Effects on Tourism of Violence and of</title> <publisher>Promo</publisher>­
<title>tion Following Violent Acts</title>. In: <editor>Pizam, A./ Mansfeld, Y</editor> (Hg.), <source>Tourism, Crime</source> and <title>In­ ternational Security Issues</title>. <other>Chichester u. a.</other> <publisher>John Wiley & Sons</publisher> S. <fpage>159</fpage> - <lpage>174</lpage>
<editor>Heinz-Günter Vester</editor> / <title>Tourismus und Terrorismus im Zeichen der</title> <source>Postmoderne</source>
<author><surname>Baudrillard</surname>, <given-names>J</given-names></author> (<year>1982</year>). <title>Der symbolische</title> <other>Tausch</other>
<title>und der Tod</title>. <other>München</other>: <publisher>Matthes & Seitz</publisher>
<author><surname>Baudrillard</surname>, <given-names>J</given-names></author> (<year>1985</year>). <title>Die fatalen Strategien</title>.
<other>München</other>: <publisher>Matthes & Seitz</publisher>
<author><surname>Baudrillard</surname>, <given-names>J</given-names></author> (<year>1991</year>). <title>La guerre du Golfe n"a pas eu lieu</title>. <other>Paris</other>: <publisher>Edition Galilee</publisher>
<author><surname>Bauman</surname>, <given-names>Z</given-names></author> (<year>2000</year>). <title>Liquid Modernity</title>. <other>Cam</other>­
<other>bridge</other>: <publisher>Polity Press (Flüchtige Moderne</publisher>
<other>Frankfurt am Main</other> <publisher>Suhrkamp</publisher> <year>2003</year>) <author><surname>Bauman</surname>, <given-names>Z</given-names></author> (<year>2005</year>). <title>Liquid Life</title>. <other>Cambridge</other>: <publisher>Polity Press</publisher> (<title>Leben in der flüchtigen Moder­ ne</title>. <other>Frankfurt am Main</other> <publisher>Suhrkamp</publisher> <year>2007</year>)
<author><surname>Bergesen</surname>, <given-names>A. J./</given-names></author> <author><surname>Lizado</surname>, <given-names>O</given-names></author> (<year>2004</year>). <title>Interna­ tional Terrorism and the World System</title>. In: <source>Sociological Theory</source> <volume>22</volume> (<issue>1</issue>), S. <fpage>38</fpage> - <lpage>52</lpage>
<author><surname>Best</surname>, <given-names>S</given-names></author>./ <author><surname>Kellner</surname>, <given-names>D</given-names></author> (<year>2001</year>). <source>The Postmodern</source>
<title>Adventure. Science, Technology, and Cultur- al Studies at the Third Millenium</title>. <other>London</other>: <publisher>Routledge</publisher>
<author><surname>D"Amore</surname>, <given-names>L. J./</given-names></author> <author><surname>Anunza</surname>, <given-names>T. E</given-names></author> (<year>1986</year>). <title>Interna­ tional Terrorism: Implications and Challenge for Global Tourism</title>. In: <source>Business Quarterly</source> <other>November</other>, S. <fpage>20</fpage> - <lpage>29</lpage>
<author><surname>Eco</surname>, <given-names>U</given-names></author> (<year>1985</year>). <title>Über Gott und die Welt</title>. <other>Mün­ chen</other> <publisher>Hanser</publisher>
<author><surname>Freedman</surname>, <given-names>L</given-names></author> (<year>2007</year>). <title>Globalization and the War against Terrorism</title>. In: <editor>Ankersen, C./ O"Leary, M</editor> (Hg.), <source>Understanding Global Terror</source> <other>Cambridge</other>: <publisher>Polity Press</publisher> S. <fpage>217</fpage> - <lpage>229</lpage>
<editor>Freyer, W./ Groß, S</editor> (Hg.) (<year>2004</year>). <title>Sicherheit in Tourismus und Verkehr</title>. <other>Schutz vor Risiken</other>
und <author><surname>Krisen</surname>. <given-names>Dresden</given-names></author>: <title>FIT - Forschungsin­ stitut für Tourismus</title> <given-names>Gray</given-names>, <author><surname>C. H</surname></author> (<year>1997</year>). <source>Postmodern War: The New Politics of Conflict</source> <other>London</other>: <publisher>Routledge</publisher>
<author><surname>Hammond</surname>, <given-names>P</given-names></author> (<year>2007</year>). <title>Media, War and Post- modernity</title>. <other>London</other>: <publisher>Routledge</publisher>
<author><surname>Hall</surname>, <given-names>C. M./</given-names></author> <author><surname>O"Sullivan</surname>, <given-names>V</given-names></author> (<year>1996</year>). <title>Tourism, Political Stability and Violence</title>. In: <editor>Pizam, A./ Mansfeld, Y</editor> (Hg.), <source>Tourism, Crime and International Security Issues</source> <other>Chichester u. a.</other> <publisher>John Wiley & Sons</publisher> S. <fpage>105</fpage> - <lpage>121</lpage>
<author><surname>Hassani</surname>, <given-names>B</given-names></author> (<year>2007</year>). <title>Trauma and Terrorism</title>: <publisher>How</publisher>
<title>Do Humans Respond</title>? In: <editor>Trappier, B</editor> (Hg.), <source>Modern Terrorism and Psychological Trauma</source> <other>New York</other> <publisher>Gordian Knot Books</publisher> S. <fpage>1</fpage> - <lpage>13</lpage>
<author><surname>Hutchinson</surname>, <given-names>E</given-names></author>./ <author><surname>Bleiker</surname>, <given-names>R</given-names></author> (<year>2008</year>). <other>Emotions</other>
<title>in the War on Terror</title>. In: <editor>Bellamy, A. J./</editor>
<author><surname>Bleiker</surname>, <given-names>R</given-names></author>./ <author><surname>Davies</surname></author>, S. <editor>E./ Devetak, R</editor> (Hg.), <title>Security and the War on Terror</title>. <other>London, New York</other> <publisher>Routledge</publisher>, S. <fpage>57</fpage> - <lpage>70</lpage>
<author><surname>Laqueur</surname>, <given-names>W</given-names></author> (<year>1996</year>). <title>Postmodern Terrorism</title>. In: <source>Foreign Affairs</source> <volume>75</volume>, S. <fpage>24</fpage>
<author><surname>MacCannell</surname>, <given-names>D</given-names></author> (<year>1992</year>). <source>Empty Meeting</source>
<title>Grounds. The Tourist Papers</title>. <other>London</other>: <publisher>Rout­ ledge</publisher>
<author><surname>Mihalic</surname>, <given-names>T</given-names></author> (<year>1996</year>). <title>Tourism and Warfare - the Case of Slovenia</title>. In: <editor>Pizam, A./ Mansfeld, Y</editor> (Hg.), <source>Tourism, Crime and International Security Issues</source> <other>Chichester u. a.</other> <publisher>John Wiley</publisher>
<author><surname>Sons</surname>, <given-names>S</given-names></author> <fpage>231</fpage> - <lpage>246</lpage>
<author><surname>Pedahzur</surname>, <given-names>A</given-names></author>./ <author><surname>Perliger</surname>, <given-names>A</given-names></author>./ <author><surname>Bialsky</surname>, <given-names>A</given-names></author> (<year>2007</year>). <title>Explaining Suiciae Terrorism</title>. In: <editor>Ankersen, C./ O"Leary, M</editor> (Hg.), <source>Understanding Glob­ al Terror</source> <other>Cambridge</other>: <publisher>Polity Press</publisher> S. <fpage>37</fpage> - <lpage>56</lpage>
<author><surname>Richter</surname>, <given-names>L. K./</given-names></author> <author><surname>Waugh</surname>, <given-names>W. L</given-names></author> <author><surname>Jr</surname></author>. (<year>1986</year>). <title>Terror­ ism and Tourism as Logical Companions</title>. In: <source>Tourism Management</source> <volume>7</volume> (<issue>4</issue>), S. <fpage>230</fpage> - <lpage>238</lpage>
<author><surname>Sageman</surname>, <given-names>M</given-names></author> (<year>2004</year>). <title>Understanding Terrorist Networks</title>. <other>Philadelphia</other>: <publisher>University of Penn­</publisher>
sylvania <author><surname>Press</surname> <given-names>Savitch</given-names></author>, <author><surname>H. V</surname></author> (<year>2008</year>). <title>Cities in aTime of Ter­ ror. Space, Territory, and Local Resilience</title>. <other>Armonk, NY</other> <publisher>M.E. Sharpe</publisher>
<author><surname>Seidler</surname>, <given-names>V. J</given-names></author> (<year>2007</year>). <title>Urban Fears and Global Terrors. Citizenship, Multicultures and Be- longings after 7/7</title>. <other>London</other>: <publisher>Routledge</publisher>
<author><surname>Smith</surname>, <given-names>V. L</given-names></author> (<year>1996</year>). <title>War and Its Tourist At- tractions</title>. In: <editor>Pizam, A./ Mansfeld, Y</editor> (Hg.), <source>Tourism, Crime and International Security Issues</source> <other>Chichester u. a.</other> <publisher>John Wiley & Sons</publisher> S. <fpage>247</fpage> - <lpage>264</lpage>
<editor>Trappier, B</editor> (Hg.) (<year>2007</year>). <title>Modern Terrorism and Psychological Trauma</title>. <other>New York</other> <publisher>Gord­ ian Knot Books</publisher>
<author><surname>Vester</surname>, <given-names>H.-G</given-names></author>. (<year>1993</year>). <title>Soziologie der Postmo­ derne</title>. <other>München</other>: <publisher>Quintessenz</publisher>
<author><surname>Vester</surname>, <given-names>H.-G</given-names></author>. (<year>1999</year>). <title>Tourismustheorie. Sozi­ ologische Wegweiser zum Verständnis touri­ stischer Phänomene</title>. <other>München, Wien</other> <publisher>Profil</publisher>
<author><surname>Vester</surname>, <given-names>H.-G</given-names></author>. (<year>2004</year>). <title>Tourismus und Terro­ rismus in Äypten. Die Entwicklung in der letzten Dekade des 20. Jahrhunderts</title>. In: <editor>Lu- ger, K./ Baumgartner, C./ Wöhler, K</editor> (Hg.), <source>Ferntourismus wohin? Der globale Touris­</source>
<title>mus erobert den Horizont</title>. <other>Innsbruck u. a.</other> <publisher>StudienVerlag</publisher>, S. <fpage>287</fpage> - <lpage>295</lpage>
<author><surname>Wall</surname>, <given-names>G</given-names></author> (<year>1996</year>). <title>Terrorism and Tourism: an OverView and an Irish Example</title>. In: <editor>Pizam, A./ Mansfeld, Y</editor> (Hg.), <source>Tourism, Crime and International Security Issues</source> <other>Chichester u. a.</other> <publisher>John Wiley & Sons</publisher> S. <fpage>143</fpage> - <lpage>158</lpage>
<author><surname>Wallace</surname>, <given-names>W</given-names></author> (<year>2007</year>). <title>Europe and the War on Terror</title>. In: <editor>Ankersen, C./ O"Leary, M</editor> (Hg.), <source>Understanding Global Terror</source> <other>Cambridge</other>: <publisher>Polity Press</publisher> S. <fpage>83</fpage> - <lpage>94</lpage>
<author><surname>Wernick</surname>, <given-names>A</given-names></author> (<year>1991</year>). <title>Promotional Culture. Ad- vertising, Ideology and Symbolic Expression</title>. <other>London</other>: <publisher>Sage Tourismus und Terrorismus aus ökonomischer Sicht</publisher>
<editor>Bruno S. Frey</editor> & <other>Simon Lüchinger Zusammenfassung</other>
