<title>de la Sect. scientif. de la Academie Rou- maine</title>, <other>XIX/8, Bucuresti</other> <year>1938</year>.
<author><surname>CREDNER</surname>, <given-names>G. R.</given-names></author> <source>Die Deltas. Pet. Ergh</source> <volume>56</volume>, <year>1878</year>, <other>Gotha</other>.
<author><surname>CZAJKA</surname>, <given-names>W</given-names></author>.: <author><surname>Schwemmfächer</surname></author> <title>md Schwemm­ ebene in der Piedmontzone</title>. <source>Die Erde</source> Bd. <volume>II, 1950/51</volume> <fpage>155</fpage> - <lpage>166</lpage>.
<title>Schwemmfächerbildung undSchwemmfächer­ formen. Mitt. Geogr</title>. <source>Ges. Wien</source> Bd. <volume>100</volume>, <issue>1958</issue>, <fpage>18</fpage> - <lpage>36</lpage>.
<author><surname>GULLIVER</surname>, <given-names>F. H.</given-names></author> <other>Shoreline Topography</other>
<title>USA Proceedings Amer. of Arts and Scien­ ces</title>, Vol. <volume>XXXIV, 1899</volume>
<author><surname>KAUFMANN</surname>, <given-names>H</given-names></author>.: <title>Rhythmische Phänomene der Erdoberfläche</title>. <other>Braunschweig</other> <year>1929</year>.
<author><surname>LEPSI</surname>, <given-names>I</given-names></author>.: <author><surname>Das</surname></author> <title>Gefälle der Talwege im</title> <other>Donau</other>­
<source>delta. Pet. Mitt.</source> Bd. <volume>87</volume>, <issue>1941</issue>, <fpage>267</fpage> - <lpage>270</lpage>.
<author><surname>MARINELLI</surname>, <given-names>Ö</given-names></author>.: <title>L"increscimente del delta del Po nel secolo</title>. <source>Rivista Geogr. Ital., XIX</source> <year>1898</year>.
<title>Süll etä dei delta dei fiumi italiani. La Geo­ graphie</title>, <source>XIV, Fase</source> <volume>1—2</volume>, <year>1926</year>.
<title>MARTONNE de E.: Traite de Geographie Phy- sique</title>. <other>Tome</other> <author><surname>second</surname></author>, <fpage>971</fpage> - <lpage>996</lpage>, <other>Paris 1926</other>
<author><surname>PESCHEL</surname>, <given-names>O</given-names></author>.: <author><surname>Neue</surname></author> <title>Probleme der vergleichen­ den Erdkunde</title>. <other>Leipzig</other> <year>1870</year>, <fpage>110</fpage> - <lpage>129</lpage>.
<author><surname>PFANNENSTIEL</surname>, <given-names>M</given-names></author>.: <year>Die</year> <title>Quartärgeschichte des Donaudeltas. Bonner Geogr</title>. <other>Abhand</other>­
<author><surname>lungen</surname>, <given-names>H</given-names></author> <issue>6</issue>, <other>Bonn</other> <year>1950</year>.
<author><surname>RÜSSEL</surname>, <given-names>R. J.</given-names></author> <title>Morphologie des Mississippi­ deltas. Geogr</title>. <source>Zeitschr</source>., <volume>45</volume>. Bd., <volume>1939</volume>, <other>28i</other>_ <fpage>293</fpage>.
<author><surname>SAMOJLOV</surname>, <given-names>I. V.</given-names></author> <source>Die Flußmündungen</source> <other>Gotha</other> <year>1956</year>.
<author><surname>SLANAR</surname>, <given-names>H</given-names></author>.: <author><surname>Zur</surname></author> <title>Kartographie und Morpho­ logie des Donaudeltas. Wiener Geogr</title>. <source>Stu­ dien</source> H. <volume>12</volume>, <other>Wien</other> <year>1945</year>.
<author><surname>WILHELMY</surname>, <given-names>H</given-names></author>.: <title>Umlaufseen und Dammufer­ seen tropischer Tieflandflüsse</title>. <other>Zeitschrift</other>
f. <source>Geomorphologie, Neue Folge</source> Bd. <volume>2</volume>, H. <issue>1/2</issue>, <year>1958</year>, <fpage>27</fpage> - <lpage>64</lpage>.
<title>Manuskript eingelangt im Herbst</title> <other>1959</other>
